; generated by PrusaSlicer 2.9.6 on 2026-07-21 at 13:12:46 UTC

; 

; external perimeters extrusion width = 0.45mm
; perimeters extrusion width = 0.45mm
; infill extrusion width = 0.45mm
; solid infill extrusion width = 0.45mm
; top infill extrusion width = 0.40mm
; first layer extrusion width = 0.40mm

M190 S85 ; set bed temperature and wait for it to be reached
M104 S240 ; set temperature
;TYPE:Custom
G28 ; home all axes
G1 Z5 F5000 ; lift nozzle
M109 S240 ; set temperature and wait for it to be reached
G21 ; set units to millimeters
G90 ; use absolute coordinates
M82 ; use absolute distances for extrusion
G92 E0
; Filament gcode
M107
;LAYER_CHANGE
;Z:0.2
;HEIGHT:0.2
G1 E-.8 F2100
G92 E0
G1 Z.2 F9000
G1 X98.078 Y97.635
G1 E.8 F2100
;TYPE:Skirt/Brim
;WIDTH:0.4
G1 F1200
G1 X99.347 Y96.526 E.85004
G1 X100.505 Y95.687 E.8925
G1 X102.252 Y94.67 E.95252
G1 X103.792 Y93.984 E1.00258
G1 X105.748 Y93.358 E1.06356
G1 X107.115 Y93.067 E1.10506
G1 X108.788 Y92.866 E1.15509
G1 X110.218 Y92.825 E1.19757
G1 X112.234 Y92.969 E1.25758
G1 X113.892 Y93.27 E1.30761
G1 X115.862 Y93.854 E1.36862
G1 X117.155 Y94.384 E1.41011
G1 X118.651 Y95.161 E1.46016
G1 X120.361 Y96.3 E1.52116
G1 X121.44 Y97.187 E1.56263
G1 X122.64 Y98.37 E1.61266
G1 X123.564 Y99.462 E1.65513
G1 X124.708 Y101.128 E1.71514
G1 X125.507 Y102.612 E1.76518
G1 X126.056 Y103.897 E1.80667
G1 X126.577 Y105.5 E1.85672
G1 X126.888 Y106.862 E1.8982
G1 X127.114 Y108.532 E1.94824
G1 X127.167 Y110.586 E2.00925
G1 X127.062 Y111.979 E2.05073
G1 X126.786 Y113.642 E2.10078
G1 X126.425 Y115.025 E2.14322
G1 X125.721 Y116.92 E2.20324
G1 X124.967 Y118.428 E2.2533
G1 X124.233 Y119.616 E2.29476
G1 X123.222 Y120.965 E2.34481
G1 X121.818 Y122.465 E2.40581
G1 X120.766 Y123.384 E2.44729
G1 X119.091 Y124.574 E2.5083
G1 X117.619 Y125.395 E2.55834
G1 X116.342 Y125.963 E2.59984
G1 X114.748 Y126.508 E2.64986
G1 X112.743 Y126.956 E2.71086
G1 X111.355 Y127.123 E2.75237
G1 X109.671 Y127.174 E2.80239
G1 X108.276 Y127.09 E2.84388
G1 X106.61 Y126.839 E2.8939
G1 X104.624 Y126.314 E2.95489
G1 X103.315 Y125.823 E2.9964
G1 X101.797 Y125.091 E3.04644
G1 X100.598 Y124.375 E3.0879
G1 X98.949 Y123.149 E3.14891
G1 X97.713 Y122.003 E3.19896
G1 X96.368 Y120.45 E3.25996
G1 X95.564 Y119.308 E3.30143
G1 X94.721 Y117.848 E3.35149
G1 X94.122 Y116.55 E3.39394
G1 X93.462 Y114.639 E3.45397
G1 X93.087 Y112.996 E3.50401
G1 X92.897 Y111.579 E3.54646
G1 X92.829 Y109.558 E3.6065
G1 X92.955 Y107.878 E3.65652
G1 X93.191 Y106.468 E3.69897
G1 X93.722 Y104.517 E3.759
G1 X94.338 Y102.948 E3.80905
G1 X94.963 Y101.698 E3.85054
G1 X96.061 Y99.962 E3.91153
G1 X97.112 Y98.644 E3.96158
G1 X98.036 Y97.678 E4.00127
G1 E3.20127 F2100
G92 E0
G92 E0
G1 X107.747 Y116.515 F9000
G1 E.8 F2100
;TYPE:Perimeter
;WIDTH:0.399999
G1 F1200
G1 X107.727 Y116.509 E.80062
G1 X107.329 Y116.376 E.81308
G1 X106.681 Y116.064 E.83443
G1 X105.973 Y115.619 E.85926
G1 X105.337 Y115.103 E.88358
G1 X104.762 Y114.511 E.90808
G1 X104.26 Y113.852 E.93268
G1 X103.841 Y113.14 E.95721
G1 X103.511 Y112.382 E.98176
G1 X103.273 Y111.59 E1.00631
G1 X103.138 Y110.673 E1.03383
G1 X103.093 Y110.23 E1.04705
G1 X103.141 Y109.151 E1.07912
G1 X103.445 Y107.806 E1.12006
G1 X103.705 Y107.142 E1.14123
G1 X104.383 Y105.971 E1.18141
G1 X104.827 Y105.414 E1.20256
G1 X105.412 Y104.829 E1.22712
G1 X106.062 Y104.319 E1.25165
G1 X106.768 Y103.889 E1.27619
G1 X107.529 Y103.544 E1.301
G1 X108.31 Y103.297 E1.32532
G1 X109.223 Y103.15 E1.35278
G1 X109.648 Y103.096 E1.3655
G1 X110.36 Y103.097 E1.38664
G1 X111.691 Y103.297 E1.4266
G1 X112.379 Y103.509 E1.44798
G1 X113.137 Y103.84 E1.47254
G1 X114.277 Y104.569 E1.51272
G1 X114.813 Y105.038 E1.53387
G1 X115.371 Y105.648 E1.55842
G1 X115.852 Y106.321 E1.58298
G1 X116.25 Y107.046 E1.60754
G1 X116.56 Y107.821 E1.63232
G1 X116.772 Y108.612 E1.65663
G1 X116.889 Y109.43 E1.68116
G1 X116.908 Y110.257 E1.70572
G1 X116.828 Y111.08 E1.73027
G1 X116.489 Y112.382 E1.77022
G1 X116.206 Y113.044 E1.7916
G1 X115.798 Y113.764 E1.81617
G1 X115.228 Y114.494 E1.84367
G1 X114.939 Y114.834 E1.85692
G1 X114.126 Y115.544 E1.88897
G1 X113.413 Y116.012 E1.91429
G1 X112.183 Y116.559 E1.95426
G1 X111.489 Y116.75 E1.97563
G1 X110.571 Y116.871 E2.00312
G1 X110.153 Y116.911 E2.01559
G1 X109.434 Y116.89 E2.03695
G1 X108.615 Y116.773 E2.06151
G1 X107.804 Y116.532 E2.08663
G1 X107.872 Y116.18 F9000
G1 F1200
G1 X107.832 Y116.168 E2.08787
G1 X107.484 Y116.054 E2.09874
G1 X106.835 Y115.742 E2.12012
G1 X106.166 Y115.318 E2.14364
G1 X105.564 Y114.828 E2.16669
G1 X105.02 Y114.264 E2.18996
G1 X104.546 Y113.638 E2.21327
G1 X104.151 Y112.961 E2.23654
G1 X103.839 Y112.242 E2.25981
G1 X103.615 Y111.49 E2.28311
G1 X103.449 Y110.246 E2.32037
G1 X103.498 Y109.167 E2.35244
G1 X103.777 Y107.936 E2.38992
G1 X104.038 Y107.273 E2.41108
G1 X104.662 Y106.194 E2.44809
G1 X105.106 Y105.637 E2.46924
G1 X105.662 Y105.084 E2.49252
G1 X106.28 Y104.601 E2.51581
G1 X106.951 Y104.196 E2.53908
G1 X107.674 Y103.871 E2.56262
G1 X108.415 Y103.638 E2.58568
G1 X109.276 Y103.503 E2.61156
G1 X109.648 Y103.453 E2.6227
G1 X110.36 Y103.454 E2.64384
G1 X111.586 Y103.638 E2.68065
G1 X112.274 Y103.851 E2.70203
G1 X112.992 Y104.166 E2.72531
G1 X114.042 Y104.838 E2.76232
G1 X114.578 Y105.307 E2.78347
G1 X115.106 Y105.887 E2.80676
G1 X115.56 Y106.526 E2.83003
G1 X115.935 Y107.215 E2.85332
G1 X116.228 Y107.951 E2.87684
G1 X116.426 Y108.702 E2.8999
G1 X116.535 Y109.478 E2.92317
G1 X116.551 Y110.262 E2.94645
G1 X116.473 Y111.042 E2.96972
G1 X116.161 Y112.242 E3.00653
G1 X115.878 Y112.904 E3.02791
G1 X115.489 Y113.585 E3.0512
G1 X114.704 Y114.565 E3.08848
G1 X113.891 Y115.275 E3.12053
G1 X113.221 Y115.711 E3.14426
G1 X112.088 Y116.215 E3.18108
G1 X111.394 Y116.406 E3.20245
G1 X110.528 Y116.516 E3.22837
G1 X110.164 Y116.554 E3.23924
G1 X109.444 Y116.533 E3.26063
G1 X108.668 Y116.42 E3.28391
G1 X107.93 Y116.197 E3.3068
G1 X107.998 Y115.845 F9000
;TYPE:External perimeter
G1 F1200
G1 X107.664 Y115.742 E3.31718
G1 X106.99 Y115.42 E3.33936
G1 X106.358 Y115.017 E3.36162
G1 X105.791 Y114.552 E3.38339
G1 X105.278 Y114.017 E3.4054
G1 X104.832 Y113.424 E3.42743
G1 X104.46 Y112.783 E3.44943
G1 X104.167 Y112.101 E3.47147
G1 X103.958 Y111.39 E3.49347
G1 X103.806 Y110.262 E3.52726
G1 X103.855 Y109.183 E3.55933
G1 X104.036 Y108.38 E3.58377
G1 X104.238 Y107.739 E3.60372
G1 X104.522 Y107.137 E3.62348
G1 X104.926 Y106.439 E3.64743
G1 X105.386 Y105.859 E3.66941
G1 X105.913 Y105.338 E3.69141
G1 X106.499 Y104.884 E3.71342
G1 X107.134 Y104.502 E3.73542
G1 X107.819 Y104.197 E3.75768
G1 X108.52 Y103.98 E3.77947
G1 X109.329 Y103.856 E3.80377
G1 X109.647 Y103.811 E3.81331
G1 X110.36 Y103.811 E3.83448
G1 X111.171 Y103.931 E3.85882
G1 X111.824 Y104.086 E3.87875
G1 X112.517 Y104.346 E3.90073
G1 X113.109 Y104.658 E3.9206
G1 X113.786 Y105.091 E3.94446
G1 X114.343 Y105.576 E3.96639
G1 X114.84 Y106.126 E3.9884
G1 X115.268 Y106.732 E4.01043
G1 X115.621 Y107.384 E4.03244
G1 X115.895 Y108.081 E4.05468
G1 X116.081 Y108.791 E4.07647
G1 X116.182 Y109.526 E4.0985
G1 X116.194 Y110.268 E4.12053
G1 X116.118 Y111.005 E4.14253
G1 X115.913 Y111.799 E4.16688
G1 X115.691 Y112.433 E4.18682
G1 X115.36 Y113.095 E4.2088
G1 X114.987 Y113.652 E4.2287
G1 X114.492 Y114.273 E4.25228
G1 X113.872 Y114.818 E4.27679
G1 X113.332 Y115.216 E4.29671
G1 X112.744 Y115.539 E4.31663
G1 X112.018 Y115.862 E4.34022
G1 X111.299 Y116.062 E4.36238
G1 X110.485 Y116.162 E4.38673
G1 X109.815 Y116.186 E4.40664
G1 X109.078 Y116.12 E4.42861
G1 X108.422 Y115.976 E4.44855
G1 X108.055 Y115.863 E4.45995
G1 X107.675 Y115.739 F9000
G1 E3.65995 F2100
G92 E0
G1 X102.293 Y116.497 F9000
G1 E.8 F2100
;TYPE:Perimeter
G1 F1200
G1 X102.231 Y116.426 E.8028
G1 X101.903 Y116.011 E.81851
G1 X101.519 Y115.452 E.83865
G1 X101.243 Y115.001 E.85435
G1 X100.924 Y114.39 E.87482
G1 X100.698 Y113.892 E.89106
G1 X100.468 Y113.287 E.91028
G1 X100.307 Y112.782 E.92602
G1 X100.144 Y112.125 E.94612
G1 X100.044 Y111.605 E.96184
G1 X99.966 Y111.007 E.97975
G1 X99.923 Y110.331 E.99986
G1 X99.918 Y109.801 E1.0156
G1 X99.948 Y109.199 E1.0335
G1 X100.026 Y108.526 E1.05362
G1 X100.115 Y108.004 E1.06934
G1 X100.252 Y107.417 E1.08724
G1 X100.452 Y106.762 E1.10757
G1 X100.63 Y106.272 E1.12305
G1 X100.903 Y105.652 E1.14316
G1 X101.143 Y105.179 E1.15891
G1 X101.463 Y104.634 E1.17767
G1 X101.83 Y104.091 E1.19713
G1 X102.146 Y103.676 E1.21262
G1 X102.589 Y103.164 E1.23272
G1 X102.957 Y102.783 E1.24845
G1 X103.458 Y102.328 E1.26854
G1 X103.869 Y101.994 E1.28426
G1 X104.421 Y101.602 E1.30436
G1 X104.869 Y101.319 E1.32009
G1 X105.463 Y100.996 E1.34017
G1 X105.942 Y100.768 E1.35592
G1 X106.578 Y100.516 E1.37623
G1 X107.073 Y100.35 E1.39173
G1 X107.728 Y100.177 E1.41184
G1 X108.246 Y100.07 E1.42754
G1 X108.843 Y99.982 E1.44546
G1 X109.537 Y99.929 E1.46613
G1 X110.077 Y99.917 E1.48217
G1 X110.724 Y99.944 E1.5014
G1 X111.251 Y99.994 E1.51712
G1 X111.848 Y100.087 E1.53506
G1 X112.509 Y100.235 E1.55517
G1 X113.018 Y100.378 E1.57087
G1 X113.656 Y100.604 E1.59097
G1 X114.145 Y100.807 E1.60669
G1 X114.752 Y101.108 E1.62681
G1 X115.213 Y101.368 E1.64252
G1 X115.72 Y101.695 E1.66043
G1 X116.269 Y102.104 E1.68076
G1 X116.67 Y102.437 E1.69624
G1 X117.162 Y102.903 E1.71636
G1 X117.526 Y103.288 E1.73209
G1 X117.958 Y103.809 E1.75219
G1 X118.273 Y104.234 E1.7679
G1 X118.64 Y104.804 E1.78803
G1 X118.902 Y105.263 E1.80372
G1 X119.199 Y105.872 E1.82384
G1 X119.404 Y106.36 E1.83956
G1 X119.628 Y107.007 E1.85989
G1 X119.772 Y107.509 E1.8754
G1 X119.915 Y108.171 E1.89551
G1 X119.999 Y108.694 E1.91124
G1 X120.063 Y109.367 E1.93131
G1 X120.084 Y109.897 E1.94706
G1 X120.066 Y110.574 E1.96717
G1 X120.024 Y111.101 E1.98287
G1 X119.926 Y111.771 E2.00297
G1 X119.821 Y112.29 E2.01869
G1 X119.666 Y112.874 E2.03663
G1 X119.45 Y113.516 E2.05674
G1 X119.254 Y114.007 E2.07244
G1 X118.963 Y114.618 E2.09253
G1 X118.709 Y115.083 E2.10826
G1 X118.347 Y115.655 E2.12836
G1 X118.04 Y116.087 E2.1441
G1 X117.662 Y116.557 E2.16201
G1 X117.203 Y117.055 E2.18212
G1 X116.824 Y117.425 E2.19785
G1 X116.368 Y117.819 E2.21574
G1 X115.827 Y118.228 E2.23588
G1 X115.389 Y118.524 E2.25158
G1 X114.804 Y118.865 E2.27168
G1 X114.332 Y119.106 E2.28742
G1 X113.78 Y119.349 E2.30533
G1 X113.143 Y119.58 E2.32545
G1 X112.637 Y119.733 E2.34115
G1 X111.977 Y119.887 E2.36127
G1 X111.456 Y119.978 E2.37697
G1 X110.856 Y120.048 E2.39491
G1 X110.18 Y120.081 E2.41501
G1 X109.651 Y120.078 E2.43072
G1 X108.975 Y120.03 E2.45084
G1 X108.45 Y119.964 E2.46655
G1 X107.785 Y119.836 E2.48666
G1 X107.271 Y119.708 E2.50239
G1 X106.696 Y119.527 E2.52029
G1 X106.064 Y119.283 E2.5404
G1 X105.582 Y119.065 E2.55611
G1 X104.984 Y118.747 E2.57622
G1 X104.531 Y118.472 E2.59195
G1 X103.97 Y118.08 E2.61227
G1 X103.559 Y117.759 E2.62775
G1 X103.054 Y117.308 E2.64785
G1 X102.678 Y116.934 E2.6636
G1 X102.333 Y116.542 E2.6791
G1 X102.028 Y116.735 F9000
G1 F1200
G1 X101.952 Y116.649 E2.68251
G1 X101.611 Y116.216 E2.69887
G1 X101.215 Y115.64 E2.71962
G1 X100.929 Y115.17 E2.73596
G1 X100.572 Y114.479 E2.75905
G1 X100.366 Y114.023 E2.77391
G1 X100.129 Y113.397 E2.79378
G1 X99.962 Y112.872 E2.81014
G1 X99.794 Y112.194 E2.83088
G1 X99.691 Y111.653 E2.84723
G1 X99.61 Y111.033 E2.8658
G1 X99.566 Y110.336 E2.88654
G1 X99.561 Y109.785 E2.9029
G1 X99.593 Y109.162 E2.92142
G1 X99.674 Y108.467 E2.9422
G1 X99.767 Y107.925 E2.95853
G1 X99.91 Y107.317 E2.97707
G1 X100.116 Y106.641 E2.99805
G1 X100.302 Y106.131 E3.01417
G1 X100.584 Y105.492 E3.03491
G1 X100.835 Y104.999 E3.05134
G1 X101.165 Y104.437 E3.07069
G1 X101.545 Y103.877 E3.09078
G1 X101.873 Y103.445 E3.10688
G1 X102.331 Y102.917 E3.12763
G1 X102.714 Y102.521 E3.14399
G1 X103.232 Y102.052 E3.16474
G1 X103.659 Y101.705 E3.18108
G1 X104.229 Y101.301 E3.20182
G1 X104.695 Y101.007 E3.21818
G1 X105.309 Y100.674 E3.23892
G1 X105.807 Y100.438 E3.25528
G1 X106.463 Y100.178 E3.27623
G1 X106.978 Y100.006 E3.29235
G1 X107.654 Y99.828 E3.31311
G1 X108.193 Y99.716 E3.32946
G1 X108.811 Y99.627 E3.348
G1 X109.528 Y99.572 E3.36935
G1 X110.088 Y99.56 E3.38598
G1 X110.756 Y99.588 E3.40583
G1 X111.305 Y99.641 E3.42221
G1 X111.922 Y99.737 E3.44075
G1 X112.604 Y99.89 E3.4615
G1 X113.133 Y100.04 E3.47783
G1 X113.792 Y100.273 E3.49858
G1 X114.3 Y100.485 E3.51492
G1 X114.926 Y100.796 E3.53567
G1 X115.405 Y101.067 E3.55201
G1 X115.93 Y101.406 E3.57057
G1 X116.496 Y101.828 E3.59153
G1 X116.913 Y102.176 E3.60766
G1 X117.42 Y102.656 E3.62839
G1 X117.798 Y103.057 E3.64475
G1 X118.244 Y103.595 E3.6655
G1 X118.571 Y104.038 E3.68185
G1 X118.95 Y104.625 E3.7026
G1 X119.222 Y105.104 E3.71896
G1 X119.527 Y105.732 E3.73969
G1 X119.74 Y106.24 E3.75605
G1 X119.971 Y106.907 E3.77701
G1 X120.12 Y107.43 E3.79316
G1 X120.267 Y108.112 E3.81387
G1 X120.354 Y108.656 E3.83023
G1 X120.419 Y109.351 E3.85096
G1 X120.441 Y109.902 E3.86733
G1 X120.422 Y110.601 E3.88809
G1 X120.378 Y111.149 E3.90441
G1 X120.276 Y111.84 E3.92515
G1 X120.166 Y112.38 E3.94151
G1 X120.006 Y112.984 E3.96006
G1 X119.782 Y113.646 E3.98081
G1 X119.578 Y114.157 E3.99715
G1 X119.277 Y114.788 E4.01791
G1 X119.013 Y115.271 E4.03425
G1 X118.639 Y115.861 E4.05499
G1 X118.319 Y116.309 E4.07134
G1 X117.927 Y116.796 E4.0899
G1 X117.453 Y117.31 E4.11066
G1 X117.059 Y117.693 E4.12697
G1 X116.586 Y118.102 E4.14554
G1 X116.029 Y118.523 E4.16627
G1 X115.572 Y118.83 E4.18262
G1 X114.968 Y119.182 E4.20338
G1 X114.478 Y119.432 E4.21971
G1 X113.905 Y119.683 E4.23828
G1 X113.248 Y119.921 E4.25903
G1 X112.722 Y120.08 E4.27535
G1 X112.041 Y120.238 E4.29611
G1 X111.498 Y120.333 E4.31248
G1 X110.878 Y120.404 E4.33101
G1 X110.18 Y120.438 E4.35176
G1 X109.629 Y120.435 E4.36812
G1 X108.933 Y120.385 E4.38884
G1 X108.386 Y120.316 E4.40521
G1 X107.7 Y120.183 E4.42596
G1 X107.166 Y120.049 E4.44231
G1 X106.57 Y119.862 E4.46086
G1 X105.919 Y119.609 E4.4816
G1 X105.417 Y119.382 E4.49796
G1 X104.801 Y119.053 E4.51869
G1 X104.33 Y118.767 E4.53505
G1 X103.751 Y118.363 E4.55601
G1 X103.324 Y118.028 E4.57212
G1 X102.803 Y117.562 E4.59287
G1 X102.413 Y117.173 E4.60923
G1 X102.067 Y116.78 E4.62478
G1 X101.763 Y116.974 F9000
;TYPE:External perimeter
G1 F1200
G1 X101.673 Y116.872 E4.62882
G1 X101.319 Y116.422 E4.64582
G1 X100.911 Y115.828 E4.66722
G1 X100.614 Y115.339 E4.68421
G1 X100.247 Y114.628 E4.70797
G1 X100.033 Y114.153 E4.72344
G1 X99.789 Y113.507 E4.74394
G1 X99.616 Y112.962 E4.76092
G1 X99.443 Y112.263 E4.7823
G1 X99.337 Y111.701 E4.79928
G1 X99.254 Y111.06 E4.81847
G1 X99.209 Y110.341 E4.83986
G1 X99.204 Y109.769 E4.85684
G1 X99.238 Y109.124 E4.87602
G1 X99.321 Y108.409 E4.89739
G1 X99.419 Y107.845 E4.91439
G1 X99.567 Y107.217 E4.93355
G1 X99.779 Y106.521 E4.95515
G1 X99.974 Y105.991 E4.97192
G1 X100.265 Y105.332 E4.99331
G1 X100.526 Y104.82 E5.01037
G1 X100.867 Y104.24 E5.03035
G1 X101.259 Y103.663 E5.05106
G1 X101.601 Y103.214 E5.06782
G1 X102.073 Y102.67 E5.0892
G1 X102.471 Y102.259 E5.10619
G1 X103.005 Y101.776 E5.12757
G1 X103.449 Y101.416 E5.14454
G1 X104.037 Y101 E5.16593
G1 X104.521 Y100.695 E5.18292
G1 X105.154 Y100.352 E5.2043
G1 X105.671 Y100.108 E5.22127
G1 X106.348 Y99.84 E5.24289
G1 X106.883 Y99.662 E5.25963
G1 X107.579 Y99.478 E5.28101
G1 X108.14 Y99.363 E5.29801
G1 X109.074 Y99.245 E5.32596
G1 X110.098 Y99.203 E5.35639
G1 X110.788 Y99.232 E5.3769
G1 X111.358 Y99.288 E5.39391
G1 X111.996 Y99.388 E5.41308
G1 X112.699 Y99.546 E5.43447
G1 X113.249 Y99.702 E5.45144
G1 X113.927 Y99.943 E5.4728
G1 X114.455 Y100.164 E5.48979
G1 X115.1 Y100.484 E5.51117
G1 X115.598 Y100.766 E5.52816
G1 X116.14 Y101.117 E5.54733
G1 X116.723 Y101.552 E5.56893
G1 X117.156 Y101.914 E5.58569
G1 X117.678 Y102.41 E5.60707
G1 X118.071 Y102.826 E5.62406
G1 X118.529 Y103.381 E5.64543
G1 X118.869 Y103.841 E5.66241
G1 X119.259 Y104.446 E5.68378
G1 X119.541 Y104.944 E5.70077
G1 X119.855 Y105.591 E5.72212
G1 X120.077 Y106.119 E5.73913
G1 X120.314 Y106.807 E5.76074
G1 X120.468 Y107.35 E5.7775
G1 X120.62 Y108.054 E5.79888
G1 X120.709 Y108.619 E5.81586
G1 X120.776 Y109.335 E5.83721
G1 X120.798 Y109.907 E5.85421
G1 X120.778 Y110.627 E5.8756
G1 X120.731 Y111.197 E5.89258
G1 X120.626 Y111.909 E5.91395
G1 X120.512 Y112.47 E5.93095
G1 X120.345 Y113.094 E5.95013
G1 X120.115 Y113.777 E5.97153
G1 X119.902 Y114.307 E5.98849
G1 X119.591 Y114.957 E6.00988
G1 X119.317 Y115.459 E6.02686
G1 X118.931 Y116.067 E6.04824
G1 X118.598 Y116.532 E6.06522
G1 X118.192 Y117.035 E6.08441
G1 X117.704 Y117.564 E6.10578
G1 X117.294 Y117.962 E6.12275
G1 X116.805 Y118.384 E6.14193
G1 X116.23 Y118.818 E6.16332
G1 X115.755 Y119.137 E6.18031
G1 X115.133 Y119.499 E6.20168
G1 X114.623 Y119.759 E6.21868
G1 X114.031 Y120.017 E6.23785
G1 X113.354 Y120.262 E6.25923
G1 X112.806 Y120.427 E6.27622
G1 X112.105 Y120.589 E6.29758
G1 X111.541 Y120.688 E6.31458
G1 X110.899 Y120.761 E6.33376
G1 X110.18 Y120.795 E6.35513
G1 X109.608 Y120.791 E6.37211
G1 X108.89 Y120.739 E6.39348
G1 X108.322 Y120.667 E6.41048
G1 X107.616 Y120.53 E6.43183
G1 X107.061 Y120.39 E6.44882
G1 X106.445 Y120.196 E6.468
G1 X105.773 Y119.935 E6.4894
G1 X105.253 Y119.699 E6.50636
G1 X104.618 Y119.36 E6.52773
G1 X104.129 Y119.062 E6.54473
G1 X103.533 Y118.645 E6.56633
G1 X103.089 Y118.297 E6.58308
G1 X102.552 Y117.817 E6.60447
G1 X102.148 Y117.412 E6.62145
G1 X101.802 Y117.019 E6.637
G1 X101.548 Y116.711 F9000
G1 E5.837 F2100
G92 E0
G1 X118.206 Y104.327 F9000
G1 E.8 F2100
;TYPE:Solid infill
;WIDTH:0.406364
G1 F1200
G1 X116.828 Y102.949 E.85889
G1 X116.46 Y102.607 E.87407
G1 X115.918 Y102.17 E.89511
G1 X115.53 Y101.888 E.90961
G1 X114.814 Y101.449 E.93499
G1 X118.553 Y105.188 E1.09479
G1 X118.908 Y105.873 E1.11811
G1 X119.045 Y106.194 E1.12866
G1 X113.811 Y100.96 E1.35235
G1 X112.988 Y100.651 E1.37892
G1 X119.351 Y107.014 E1.65086
G1 X119.544 Y107.72 E1.67298
G1 X112.274 Y100.451 E1.98367
G1 X111.631 Y100.322 E2.00349
G1 X119.676 Y108.367 E2.34732
G1 X119.758 Y108.963 E2.3655
G1 X111.036 Y100.24 E2.73828
G1 X110.478 Y100.197 E2.75519
G1 X119.801 Y109.52 E3.15364
G1 X119.814 Y110.046 E3.16954
G1 X116.247 Y106.48 E3.32197
G1 X116.11 Y106.225 E3.33072
G1 X115.654 Y105.573 E3.35476
G1 X114.994 Y104.84 E3.38457
G1 X114.373 Y104.303 E3.40938
G1 X113.528 Y103.76 E3.43973
G1 X109.955 Y100.187 E3.59243
G1 X109.453 Y100.199 E3.60761
G1 X112.534 Y103.28 E3.73929
G1 X111.8 Y103.061 E3.76244
G1 X108.978 Y100.239 E3.88305
G1 X108.524 Y100.299 E3.89689
G1 X111.163 Y102.937 E4.00965
G1 X110.559 Y102.847 E4.0281
G1 X108.086 Y100.375 E4.13377
G1 X107.664 Y100.467 E4.14682
G1 X110.028 Y102.831 E4.24785
G1 X109.525 Y102.842 E4.26305
G1 X107.26 Y100.576 E4.35987
G1 X106.869 Y100.7 E4.37227
G1 X109.078 Y102.909 E4.46668
G1 X108.631 Y102.976 E4.48034
G1 X106.489 Y100.834 E4.57189
G1 X106.124 Y100.983 E4.5838
G1 X108.194 Y103.053 E4.67227
G1 X107.802 Y103.175 E4.68468
G1 X105.772 Y101.144 E4.77146
G1 X105.428 Y101.314 E4.78306
G1 X107.416 Y103.303 E4.86804
G1 X107.06 Y103.461 E4.87981
G1 X105.098 Y101.498 E4.96368
G1 X104.965 Y101.572 E4.96828
G1 X104.777 Y101.692 E4.97502
G1 X106.705 Y103.62 E5.05742
G1 X106.385 Y103.813 E5.06871
G1 X104.464 Y101.893 E5.15079
G1 X104.166 Y102.109 E5.16191
G1 X106.064 Y104.006 E5.24301
G1 X105.759 Y104.215 E5.25418
G1 X103.875 Y102.332 E5.33468
G1 X103.593 Y102.564 E5.34572
G1 X105.469 Y104.44 E5.4259
G1 X105.19 Y104.675 E5.43692
G1 X103.324 Y102.808 E5.51669
G1 X103.06 Y103.059 E5.5277
G1 X104.931 Y104.93 E5.60766
G1 X104.672 Y105.185 E5.61864
G1 X102.809 Y103.321 E5.69828
G1 X102.567 Y103.593 E5.70928
G1 X104.446 Y105.472 E5.78959
G1 X104.22 Y105.761 E5.80068
G1 X102.331 Y103.871 E5.88143
G1 X102.11 Y104.165 E5.89255
G1 X104.009 Y106.063 E5.97369
G1 X103.821 Y106.389 E5.98506
G1 X101.896 Y104.464 E6.06733
G1 X101.691 Y104.774 E6.07856
G1 X103.633 Y106.716 E6.16156
G1 X103.457 Y107.053 E6.17305
G1 X101.501 Y105.097 E6.25665
G1 X101.316 Y105.426 E6.26806
G1 X103.311 Y107.421 E6.35332
G1 X103.17 Y107.795 E6.3654
G1 X101.144 Y105.769 E6.45199
G1 X100.985 Y106.123 E6.46372
G1 X103.074 Y108.212 E6.553
G1 X102.977 Y108.629 E6.56594
G1 X100.835 Y106.487 E6.65749
G1 X100.699 Y106.865 E6.66963
G1 X102.882 Y109.048 E6.76293
G1 X102.86 Y109.54 E6.77781
G1 X100.579 Y107.259 E6.8753
G1 X100.489 Y107.571 E6.88511
G1 X100.468 Y107.662 E6.88793
G1 X102.838 Y110.032 E6.98922
G1 X102.825 Y110.322 E6.99799
G1 X102.859 Y110.567 E7.00546
G1 X100.373 Y108.081 E7.11171
G1 X100.368 Y108.103 E7.11239
G1 X100.298 Y108.52 E7.12517
G1 X102.941 Y111.163 E7.23813
G1 X103.005 Y111.628 E7.25232
G1 X103.052 Y111.789 E7.25739
G1 X100.24 Y108.977 E7.37757
G1 X100.202 Y109.452 E7.39197
G1 X103.592 Y112.842 E7.53685
G1 E6.73685 F2100
G92 E0
G1 X116.415 Y107.162 F9000
G1 E.8 F2100
G1 F1200
G1 X119.8 Y110.546 E.94465
G1 X119.764 Y111.025 E.95917
G1 X116.941 Y108.202 E1.07982
G1 X117.033 Y108.55 E1.0907
G1 X117.074 Y108.849 E1.09982
G1 X119.703 Y111.477 E1.21216
G1 X119.625 Y111.913 E1.22555
G1 X117.157 Y109.446 E1.33101
G1 X117.17 Y109.973 E1.34694
G1 X119.532 Y112.335 E1.44789
G1 X119.426 Y112.743 E1.46063
G1 X117.159 Y110.476 E1.55752
G1 X117.111 Y110.942 E1.57168
G1 X119.301 Y113.131 E1.66526
G1 X119.165 Y113.509 E1.6774
G1 X117.031 Y111.375 E1.7686
G1 X116.926 Y111.784 E1.78136
G1 X119.019 Y113.877 E1.87081
G1 X118.856 Y114.229 E1.88253
G1 X116.82 Y112.193 E1.96955
G1 X116.762 Y112.422 E1.97669
G1 X116.694 Y112.58 E1.98189
G1 X118.681 Y114.568 E2.06683
G1 X118.504 Y114.905 E2.07833
G1 X116.54 Y112.94 E2.16229
G1 X116.378 Y113.292 E2.174
G1 X118.308 Y115.223 E2.25651
G1 X118.105 Y115.534 E2.26773
G1 X116.19 Y113.619 E2.34957
G1 X116.001 Y113.943 E2.36091
G1 X117.893 Y115.835 E2.44177
G1 X117.668 Y116.124 E2.45284
G1 X115.774 Y114.23 E2.53379
G1 X115.547 Y114.517 E2.54485
G1 X117.436 Y116.407 E2.6256
G1 X117.193 Y116.677 E2.63658
G1 X115.32 Y114.805 E2.71661
G1 X115.213 Y114.94 E2.72182
G1 X115.069 Y115.067 E2.72762
G1 X116.939 Y116.937 E2.80754
G1 X116.681 Y117.193 E2.81852
G1 X114.796 Y115.308 E2.89908
G1 X114.522 Y115.549 E2.91011
G1 X116.407 Y117.433 E2.99065
G1 X116.127 Y117.667 E3.00168
G1 X114.249 Y115.79 E3.08192
G1 X113.934 Y115.988 E3.09316
G1 X115.837 Y117.891 E3.17449
G1 X115.535 Y118.103 E3.18564
G1 X113.618 Y116.186 E3.26757
G1 X113.288 Y116.371 E3.279
G1 X115.226 Y118.309 E3.36183
G1 X114.905 Y118.501 E3.37313
G1 X112.932 Y116.529 E3.45743
G1 X112.576 Y116.686 E3.46919
G1 X114.573 Y118.683 E3.55454
G1 X114.233 Y118.857 E3.56608
G1 X112.203 Y116.828 E3.65282
G1 X111.802 Y116.941 E3.66541
G1 X113.877 Y119.016 E3.75409
G1 X113.511 Y119.164 E3.76602
G1 X111.38 Y117.032 E3.85712
G1 X110.924 Y117.09 E3.87101
G1 X113.136 Y119.302 E3.96555
G1 X112.743 Y119.423 E3.97798
G1 X110.467 Y117.147 E4.07525
G1 X110.216 Y117.179 E4.0829
G1 X109.978 Y117.172 E4.0901
G1 X112.337 Y119.531 E4.19092
G1 X111.917 Y119.625 E4.20393
G1 X109.448 Y117.156 E4.30945
G1 X108.857 Y117.079 E4.32746
G1 X111.481 Y119.703 E4.43961
G1 X111.024 Y119.76 E4.45353
G1 X108.189 Y116.926 E4.57467
G1 X107.451 Y116.702 E4.59798
G1 X110.548 Y119.798 E4.73032
G1 X110.049 Y119.813 E4.74541
G1 X106.503 Y116.267 E4.89696
G1 X105.775 Y115.808 E4.92297
G1 X105.115 Y115.265 E4.9488
G1 X104.521 Y114.644 E4.97477
G1 X104.043 Y114.009 E4.99879
G1 X103.762 Y113.526 E5.01568
G1 X100.185 Y109.949 E5.16855
G1 X100.195 Y110.473 E5.18439
G1 X109.524 Y119.802 E5.58309
G1 X108.967 Y119.76 E5.59997
G1 X100.237 Y111.029 E5.9731
G1 X100.318 Y111.625 E5.99128
G1 X108.372 Y119.678 E6.33547
G1 X107.726 Y119.546 E6.3554
G1 X100.451 Y112.271 E6.66632
G1 X100.652 Y112.986 E6.68877
G1 X107.014 Y119.348 E6.96067
G1 X106.203 Y119.051 E6.98677
G1 X100.948 Y113.796 E7.21136
G1 X101.22 Y114.393 E7.23119
G1 X101.441 Y114.803 E7.24527
G1 X105.197 Y118.559 E7.40579
G1 X104.715 Y118.273 E7.42273
G1 X104.229 Y117.943 E7.44048
G1 X103.765 Y117.583 E7.45823
G1 X103.322 Y117.197 E7.47599
G1 X101.795 Y115.671 E7.54123
;LAYER_CHANGE
;Z:0.4
;HEIGHT:0.2
G1 E6.74123 F2100
G92 E0
G1 Z.4 F9000
M140 S90 ; set bed temperature
G1 X107.703 Y116.632
G1 E.8 F2100
;TYPE:Perimeter
;WIDTH:0.449999
G1 F2700
G1 X107.416 Y116.544 E.81016
G1 X106.518 Y116.116 E.84383
G1 X105.893 Y115.714 E.86898
G1 X104.871 Y114.819 E.91496
G1 X104.406 Y114.27 E.93931
G1 X103.936 Y113.571 E.96782
G1 X103.491 Y112.638 E1.00281
G1 X103.254 Y111.971 E1.02677
G1 X103.121 Y111.476 E1.04412
G1 X102.976 Y110.406 E1.08067
G1 X102.972 Y109.895 E1.09797
G1 X103.035 Y109.057 E1.12642
G1 X103.115 Y108.551 E1.14376
G1 X103.418 Y107.514 E1.18033
G1 X103.833 Y106.61 E1.214
G1 X104.225 Y105.979 E1.23914
G1 X104.769 Y105.29 E1.26885
G1 X105.324 Y104.74 E1.2953
G1 X106.08 Y104.179 E1.32717
G1 X106.492 Y103.902 E1.34397
G1 X107.467 Y103.437 E1.38053
G1 X108.273 Y103.177 E1.4092
G1 X109.663 Y102.971 E1.45676
G1 X110.361 Y102.972 E1.48039
G1 X111.197 Y103.065 E1.50886
G1 X112.53 Y103.433 E1.55567
G1 X113.188 Y103.726 E1.58005
G1 X113.99 Y104.225 E1.61202
G1 X114.353 Y104.47 E1.62684
G1 X114.895 Y104.944 E1.65121
G1 X115.464 Y105.565 E1.67972
G1 X115.955 Y106.249 E1.70822
G1 X116.36 Y106.986 E1.73669
G1 X116.674 Y107.768 E1.76521
G1 X116.893 Y108.58 E1.79368
G1 X117.013 Y109.413 E1.82217
G1 X117.033 Y110.255 E1.85068
G1 X116.952 Y111.093 E1.87918
G1 X116.724 Y112.007 E1.91107
G1 X116.596 Y112.452 E1.92674
G1 X116.321 Y113.094 E1.95038
G1 X115.907 Y113.826 E1.97885
G1 X115.326 Y114.572 E2.01086
G1 X115.022 Y114.928 E2.02671
G1 X114.209 Y115.638 E2.06325
G1 X113.784 Y115.923 E2.08057
G1 X113.346 Y116.189 E2.09792
G1 X112.36 Y116.628 E2.13445
G1 X111.373 Y116.9 E2.1691
G1 X110.301 Y117.029 E2.20565
G1 X109.79 Y117.025 E2.22295
G1 X108.952 Y116.95 E2.25143
G1 X108.448 Y116.862 E2.26875
G1 X107.76 Y116.65 E2.29312
G1 X107.848 Y116.244 F9000
G1 F2700
G1 X107.451 Y116.122 E2.30718
G1 X106.803 Y115.81 E2.33152
G1 X106.113 Y115.372 E2.35918
G1 X105.182 Y114.556 E2.40108
G1 X104.716 Y114.007 E2.42545
G1 X104.276 Y113.347 E2.4523
G1 X103.86 Y112.467 E2.48525
G1 X103.644 Y111.857 E2.50715
G1 X103.524 Y111.422 E2.52242
G1 X103.379 Y110.352 E2.55897
G1 X103.385 Y109.541 E2.58642
G1 X103.487 Y108.754 E2.61328
G1 X103.841 Y107.543 E2.65599
G1 X104.143 Y106.89 E2.68034
G1 X104.571 Y106.194 E2.708
G1 X105.048 Y105.59 E2.73405
G1 X105.61 Y105.03 E2.7609
G1 X106.668 Y104.269 E2.80501
G1 X107.642 Y103.804 E2.84154
G1 X108.393 Y103.567 E2.8682
G1 X109.662 Y103.378 E2.91163
G1 X110.361 Y103.379 E2.93529
G1 X111.148 Y103.469 E2.9621
G1 X112.364 Y103.805 E3.0048
G1 X113.022 Y104.098 E3.02918
G1 X113.771 Y104.568 E3.05911
G1 X114.085 Y104.777 E3.07188
G1 X114.628 Y105.251 E3.09628
G1 X115.162 Y105.837 E3.12312
G1 X115.622 Y106.483 E3.14996
G1 X116.001 Y107.179 E3.17679
G1 X116.295 Y107.916 E3.20365
G1 X116.499 Y108.683 E3.23051
G1 X116.61 Y109.468 E3.25735
G1 X116.626 Y110.261 E3.2842
G1 X116.547 Y111.05 E3.31104
G1 X116.331 Y111.903 E3.34082
G1 X116.222 Y112.292 E3.35449
G1 X115.947 Y112.934 E3.37813
G1 X115.554 Y113.623 E3.40498
G1 X114.754 Y114.621 E3.44827
G1 X113.941 Y115.332 E3.48483
G1 X113.261 Y115.774 E3.51228
G1 X112.375 Y116.176 E3.54521
G1 X111.762 Y116.383 E3.56711
G1 X111.325 Y116.496 E3.58239
G1 X110.253 Y116.625 E3.61894
G1 X109.442 Y116.608 E3.6464
G1 X108.657 Y116.494 E3.67325
G1 X107.905 Y116.262 E3.69989
G1 X107.989 Y115.869 F9000
;TYPE:External perimeter
G1 F1500
G1 X107.93 Y115.85 E3.70199
G1 X107.304 Y115.599 E3.72482
G1 X106.66 Y115.239 E3.74979
G1 X106.113 Y114.839 E3.77273
G1 X105.513 Y114.314 E3.79972
G1 X105.027 Y113.743 E3.8251
G1 X104.615 Y113.123 E3.8503
G1 X104.23 Y112.296 E3.88118
G1 X104.035 Y111.743 E3.90103
G1 X103.891 Y111.094 E3.92353
G1 X103.783 Y110.297 E3.95075
G1 X103.792 Y109.547 E3.97614
G1 X103.89 Y108.809 E4.00134
G1 X104.21 Y107.714 E4.03995
G1 X104.513 Y107.061 E4.06432
G1 X104.916 Y106.409 E4.09026
G1 X105.366 Y105.844 E4.11471
G1 X105.895 Y105.32 E4.13991
G1 X106.843 Y104.636 E4.17948
G1 X107.817 Y104.172 E4.216
G1 X108.513 Y103.956 E4.24067
G1 X109.662 Y103.785 E4.27999
G1 X110.36 Y103.786 E4.30362
G1 X111.099 Y103.873 E4.32881
G1 X111.894 Y104.09 E4.3567
G1 X112.528 Y104.323 E4.37956
G1 X113.124 Y104.638 E4.40238
G1 X113.793 Y105.065 E4.42924
G1 X114.36 Y105.557 E4.45465
G1 X114.859 Y106.109 E4.47984
G1 X115.289 Y106.717 E4.50505
G1 X115.643 Y107.372 E4.53025
G1 X115.916 Y108.065 E4.55546
G1 X116.105 Y108.785 E4.58066
G1 X116.206 Y109.522 E4.60584
G1 X116.219 Y110.267 E4.63106
G1 X116.143 Y111.008 E4.65627
G1 X115.848 Y112.132 E4.6956
G1 X115.573 Y112.774 E4.71924
G1 X115.202 Y113.419 E4.74443
G1 X114.486 Y114.315 E4.78325
G1 X113.673 Y115.025 E4.81979
G1 X113.042 Y115.431 E4.84519
G1 X112.209 Y115.804 E4.87608
G1 X111.653 Y115.99 E4.89593
G1 X110.993 Y116.126 E4.91874
G1 X110.204 Y116.221 E4.94564
G1 X109.454 Y116.201 E4.97104
G1 X108.718 Y116.091 E4.99623
G1 X108.047 Y115.886 E5.01998
G1 X107.672 Y115.745 F9000
G1 E4.21998 F2100
G92 E0
G1 X102.427 Y116.46 F9000
G1 E.8 F2100
;TYPE:Perimeter
G1 F2700
G1 X102.319 Y116.337 E.80554
G1 X101.963 Y115.878 E.8252
G1 X101.664 Y115.45 E.84287
G1 X101.318 Y114.876 E.86556
G1 X101.073 Y114.414 E.88326
G1 X100.793 Y113.791 E.90638
G1 X100.587 Y113.248 E.92604
G1 X100.428 Y112.751 E.9437
G1 X100.267 Y112.101 E.96637
G1 X100.169 Y111.586 E.98411
G1 X100.084 Y110.909 E1.00721
G1 X100.048 Y110.329 E1.02688
G1 X100.043 Y109.807 E1.04455
G1 X100.08 Y109.138 E1.06723
G1 X100.137 Y108.62 E1.08487
G1 X100.254 Y107.96 E1.10756
G1 X100.372 Y107.452 E1.12521
G1 X100.543 Y106.879 E1.14545
G1 X100.78 Y106.239 E1.16855
G1 X100.982 Y105.774 E1.18571
G1 X101.288 Y105.178 E1.20839
G1 X101.551 Y104.727 E1.22606
G1 X101.993 Y104.086 E1.25242
G1 X102.299 Y103.689 E1.26939
G1 X102.679 Y103.25 E1.28904
G1 X103.042 Y102.875 E1.30671
G1 X103.538 Y102.424 E1.3294
G1 X103.943 Y102.095 E1.34706
G1 X104.426 Y101.747 E1.36721
G1 X105.013 Y101.381 E1.39063
G1 X105.452 Y101.14 E1.40758
G1 X105.989 Y100.884 E1.42772
G1 X106.542 Y100.661 E1.4479
G1 X107.106 Y100.47 E1.46806
G1 X107.754 Y100.299 E1.49074
G1 X108.265 Y100.193 E1.5084
G1 X108.855 Y100.107 E1.52858
G1 X109.632 Y100.053 E1.55494
G1 X110.133 Y100.044 E1.5719
G1 X110.713 Y100.068 E1.59155
G1 X111.233 Y100.117 E1.60923
G1 X111.894 Y100.224 E1.6319
G1 X112.404 Y100.335 E1.64957
G1 X112.978 Y100.496 E1.66975
G1 X113.609 Y100.72 E1.69241
G1 X114.091 Y100.92 E1.71007
G1 X114.691 Y101.217 E1.73273
G1 X115.146 Y101.473 E1.7504
G1 X115.646 Y101.796 E1.77055
G1 X116.184 Y102.196 E1.79324
G1 X116.585 Y102.529 E1.81088
G1 X117.072 Y102.99 E1.83358
G1 X117.43 Y103.369 E1.85123
G1 X117.858 Y103.884 E1.8739
G1 X118.169 Y104.303 E1.89156
G1 X118.532 Y104.866 E1.91423
G1 X118.791 Y105.319 E1.93189
G1 X119.084 Y105.921 E1.95455
G1 X119.287 Y106.402 E1.97222
G1 X119.506 Y107.035 E1.99489
G1 X119.65 Y107.537 E2.01257
G1 X119.792 Y108.191 E2.03522
G1 X119.875 Y108.707 E2.05291
G1 X119.938 Y109.373 E2.07555
G1 X119.959 Y109.895 E2.09323
G1 X119.942 Y110.565 E2.11592
G1 X119.9 Y111.085 E2.13358
G1 X119.803 Y111.747 E2.15623
G1 X119.7 Y112.259 E2.17391
G1 X119.547 Y112.835 E2.19408
G1 X119.292 Y113.571 E2.22045
G1 X119.103 Y114.035 E2.23741
G1 X118.852 Y114.559 E2.25708
G1 X118.603 Y115.017 E2.27473
G1 X118.245 Y115.583 E2.2974
G1 X117.942 Y116.009 E2.3151
G1 X117.569 Y116.473 E2.33525
G1 X117.115 Y116.966 E2.35794
G1 X116.742 Y117.33 E2.37558
G1 X116.291 Y117.72 E2.39576
G1 X115.757 Y118.125 E2.41845
G1 X115.325 Y118.416 E2.43608
G1 X114.746 Y118.754 E2.45877
G1 X114.28 Y118.992 E2.47648
G1 X113.653 Y119.263 E2.4996
G1 X113.106 Y119.461 E2.51929
G1 X112.607 Y119.612 E2.53694
G1 X111.955 Y119.764 E2.5596
G1 X111.441 Y119.854 E2.57726
G1 X110.849 Y119.923 E2.59743
G1 X110.18 Y119.956 E2.6201
G1 X109.658 Y119.953 E2.63777
G1 X108.99 Y119.906 E2.66044
G1 X108.472 Y119.841 E2.67811
G1 X107.815 Y119.715 E2.70075
G1 X107.308 Y119.588 E2.71844
G1 X106.739 Y119.41 E2.73862
G1 X106.115 Y119.168 E2.76127
G1 X105.639 Y118.954 E2.77894
G1 X105.049 Y118.639 E2.80158
G1 X104.602 Y118.369 E2.81926
G1 X104.035 Y117.973 E2.84267
G1 X103.641 Y117.665 E2.8596
G1 X103.194 Y117.271 E2.87977
G1 X102.666 Y116.731 E2.90533
G1 X102.467 Y116.505 E2.91552
G1 X102.109 Y116.714 F9000
G1 F2700
G1 X102.001 Y116.59 E2.92109
G1 X101.63 Y116.112 E2.94157
G1 X101.318 Y115.664 E2.96005
G1 X100.96 Y115.069 E2.98355
G1 X100.702 Y114.582 E3.0022
G1 X100.414 Y113.94 E3.02602
G1 X100.2 Y113.373 E3.04653
G1 X100.034 Y112.853 E3.06501
G1 X99.867 Y112.179 E3.08851
G1 X99.765 Y111.638 E3.10714
G1 X99.678 Y110.939 E3.13098
G1 X99.641 Y110.335 E3.15146
G1 X99.636 Y109.789 E3.16994
G1 X99.675 Y109.096 E3.19343
G1 X99.735 Y108.553 E3.21192
G1 X99.857 Y107.87 E3.2354
G1 X99.982 Y107.338 E3.2539
G1 X100.161 Y106.739 E3.27506
G1 X100.406 Y106.079 E3.29889
G1 X100.618 Y105.592 E3.31687
G1 X100.935 Y104.975 E3.34035
G1 X101.211 Y104.503 E3.35886
G1 X101.67 Y103.839 E3.38618
G1 X101.988 Y103.425 E3.40385
G1 X102.385 Y102.969 E3.42432
G1 X102.765 Y102.576 E3.44282
G1 X103.279 Y102.11 E3.4663
G1 X103.703 Y101.765 E3.4848
G1 X104.207 Y101.404 E3.50578
G1 X104.815 Y101.026 E3.53001
G1 X105.275 Y100.773 E3.54778
G1 X105.835 Y100.507 E3.56877
G1 X106.501 Y100.244 E3.59301
G1 X106.998 Y100.078 E3.61075
G1 X107.669 Y99.901 E3.63424
G1 X108.204 Y99.791 E3.65273
G1 X108.818 Y99.701 E3.67374
G1 X109.623 Y99.646 E3.70105
G1 X110.145 Y99.637 E3.71872
G1 X110.75 Y99.663 E3.73922
G1 X111.293 Y99.715 E3.75768
G1 X111.978 Y99.826 E3.78117
G1 X112.512 Y99.943 E3.79967
G1 X113.109 Y100.111 E3.82066
G1 X113.764 Y100.343 E3.84418
G1 X114.267 Y100.553 E3.86263
G1 X114.889 Y100.861 E3.88612
G1 X115.365 Y101.13 E3.90463
G1 X115.886 Y101.467 E3.92563
G1 X116.443 Y101.881 E3.94912
G1 X116.862 Y102.231 E3.9676
G1 X117.366 Y102.708 E3.99109
G1 X117.741 Y103.105 E4.00958
G1 X118.184 Y103.64 E4.03309
G1 X118.509 Y104.079 E4.05158
G1 X118.885 Y104.662 E4.07506
G1 X119.155 Y105.137 E4.09355
G1 X119.458 Y105.761 E4.11703
G1 X119.67 Y106.265 E4.13554
G1 X119.897 Y106.921 E4.15904
G1 X120.047 Y107.446 E4.17752
G1 X120.193 Y108.125 E4.20103
G1 X120.28 Y108.664 E4.21951
G1 X120.344 Y109.355 E4.243
G1 X120.366 Y109.901 E4.2615
G1 X120.347 Y110.595 E4.285
G1 X120.303 Y111.139 E4.30347
G1 X120.202 Y111.826 E4.32697
G1 X120.094 Y112.361 E4.34544
G1 X119.934 Y112.961 E4.36646
G1 X119.669 Y113.723 E4.39377
G1 X119.472 Y114.206 E4.41143
G1 X119.211 Y114.752 E4.43191
G1 X118.949 Y115.231 E4.45039
G1 X118.578 Y115.818 E4.4739
G1 X118.26 Y116.263 E4.49241
G1 X117.871 Y116.745 E4.51338
G1 X117.401 Y117.256 E4.53688
G1 X117.009 Y117.637 E4.55538
G1 X116.54 Y118.043 E4.57638
G1 X115.986 Y118.461 E4.59987
G1 X115.533 Y118.766 E4.61836
G1 X114.934 Y119.115 E4.64183
G1 X114.442 Y119.365 E4.66051
G1 X113.796 Y119.644 E4.68433
G1 X113.226 Y119.85 E4.70485
G1 X112.704 Y120.007 E4.7233
G1 X112.028 Y120.164 E4.74679
G1 X111.489 Y120.259 E4.76532
G1 X110.873 Y120.329 E4.78631
G1 X110.18 Y120.363 E4.8098
G1 X109.634 Y120.36 E4.82828
G1 X108.942 Y120.31 E4.85176
G1 X108.4 Y120.242 E4.87025
G1 X107.718 Y120.11 E4.89376
G1 X107.188 Y119.977 E4.91226
G1 X106.596 Y119.791 E4.93326
G1 X105.949 Y119.54 E4.95675
G1 X105.452 Y119.315 E4.97522
G1 X104.84 Y118.989 E4.99869
G1 X104.372 Y118.705 E5.01722
G1 X103.786 Y118.295 E5.04143
G1 X103.373 Y117.971 E5.0592
G1 X102.908 Y117.561 E5.08018
G1 X102.361 Y117.001 E5.10668
G1 X102.149 Y116.759 E5.11757
G1 X101.793 Y116.965 F9000
;TYPE:External perimeter
G1 F1800
G1 X101.683 Y116.844 E5.12311
G1 X101.297 Y116.347 E5.14441
G1 X100.972 Y115.878 E5.16372
G1 X100.601 Y115.262 E5.18806
G1 X100.332 Y114.75 E5.20764
G1 X100.035 Y114.088 E5.2322
G1 X99.813 Y113.499 E5.25351
G1 X99.64 Y112.956 E5.2728
G1 X99.468 Y112.258 E5.29713
G1 X99.361 Y111.689 E5.31673
G1 X99.272 Y110.969 E5.34129
G1 X99.234 Y110.341 E5.36259
G1 X99.229 Y109.771 E5.38188
G1 X99.27 Y109.053 E5.40622
G1 X99.334 Y108.486 E5.42553
G1 X99.46 Y107.779 E5.44984
G1 X99.591 Y107.224 E5.46914
G1 X99.779 Y106.599 E5.49123
G1 X100.032 Y105.919 E5.51579
G1 X100.254 Y105.41 E5.53459
G1 X100.583 Y104.771 E5.55892
G1 X100.872 Y104.279 E5.57823
G1 X101.346 Y103.592 E5.60648
G1 X101.677 Y103.162 E5.62485
G1 X102.091 Y102.687 E5.64618
G1 X102.488 Y102.278 E5.66547
G1 X103.021 Y101.795 E5.68982
G1 X103.464 Y101.436 E5.70912
G1 X103.988 Y101.061 E5.73093
G1 X104.617 Y100.67 E5.756
G1 X105.098 Y100.407 E5.77456
G1 X105.681 Y100.131 E5.79639
G1 X106.369 Y99.859 E5.82143
G1 X106.89 Y99.686 E5.84001
G1 X107.585 Y99.503 E5.86434
G1 X108.144 Y99.388 E5.88366
G1 X109.094 Y99.268 E5.91607
G1 X110.157 Y99.23 E5.95207
G1 X110.786 Y99.257 E5.97338
G1 X111.354 Y99.312 E5.9927
G1 X112.063 Y99.428 E6.01702
G1 X112.62 Y99.55 E6.03632
G1 X113.241 Y99.726 E6.05817
G1 X113.918 Y99.966 E6.08248
G1 X114.444 Y100.186 E6.10178
G1 X115.088 Y100.506 E6.12612
G1 X115.584 Y100.787 E6.14542
G1 X116.125 Y101.138 E6.16725
G1 X116.701 Y101.567 E6.19156
G1 X117.139 Y101.932 E6.21086
G1 X117.66 Y102.427 E6.23519
G1 X118.051 Y102.842 E6.25449
G1 X118.509 Y103.396 E6.27882
G1 X118.848 Y103.855 E6.29813
G1 X119.237 Y104.459 E6.32245
G1 X119.519 Y104.955 E6.34176
G1 X119.832 Y105.601 E6.36606
G1 X120.053 Y106.128 E6.3854
G1 X120.288 Y106.807 E6.40972
G1 X120.443 Y107.356 E6.42903
G1 X120.595 Y108.058 E6.45334
G1 X120.685 Y108.621 E6.47264
G1 X120.751 Y109.337 E6.49698
G1 X120.773 Y109.907 E6.51629
G1 X120.753 Y110.626 E6.54064
G1 X120.707 Y111.194 E6.55993
G1 X120.602 Y111.905 E6.58426
G1 X120.488 Y112.464 E6.60357
G1 X120.225 Y113.385 E6.63599
G1 X120.047 Y113.874 E6.6536
G1 X119.842 Y114.377 E6.67199
G1 X119.569 Y114.945 E6.69332
G1 X119.295 Y115.445 E6.71262
G1 X118.911 Y116.052 E6.73693
G1 X118.579 Y116.517 E6.75627
G1 X118.174 Y117.018 E6.77808
G1 X117.687 Y117.546 E6.80239
G1 X117.277 Y117.944 E6.82173
G1 X116.789 Y118.365 E6.84355
G1 X116.216 Y118.797 E6.86784
G1 X115.742 Y119.115 E6.88716
G1 X115.121 Y119.476 E6.91147
G1 X114.605 Y119.738 E6.93106
G1 X113.939 Y120.025 E6.95561
G1 X113.346 Y120.239 E6.97695
G1 X112.8 Y120.403 E6.99625
G1 X112.1 Y120.565 E7.02057
G1 X111.538 Y120.663 E7.03988
G1 X110.898 Y120.736 E7.06168
G1 X110.18 Y120.77 E7.08601
G1 X109.61 Y120.766 E7.1053
G1 X108.893 Y120.715 E7.12963
G1 X108.327 Y120.642 E7.14895
G1 X107.622 Y120.506 E7.17325
G1 X107.068 Y120.366 E7.19259
G1 X106.453 Y120.173 E7.21441
G1 X105.784 Y119.912 E7.23872
G1 X105.264 Y119.676 E7.25805
G1 X104.631 Y119.338 E7.28234
G1 X104.143 Y119.042 E7.30166
G1 X103.537 Y118.617 E7.32671
G1 X103.105 Y118.278 E7.3453
G1 X102.416 Y117.648 E7.3769
G1 X101.834 Y117.01 E7.40613
G1 X101.576 Y116.703 F9000
G1 E6.60613 F2100
G92 E0
G1 X103.573 Y102.644 F9000
G1 E.8 F2100
;TYPE:Solid infill
;WIDTH:0.38292
G1 F2400
G1 X103.154 Y103.049 E.81647
G1 X103.427 Y102.785 E.82721
G1 X104.7 Y101.934 F9000
;WIDTH:0.449999
G1 F2400
G1 X101.937 Y104.697 E.95947
G1 X101.842 Y104.835 E.96514
;WIDTH:0.41646
G1 X101.747 Y104.974 E.97037
;WIDTH:0.38292
G1 X101.676 Y104.955 E.97245
G1 X101.695 Y105.026 E.97453
G1 X101.736 Y105.015 E.97573
G1 X101.064 Y106.268 F9000
G1 F2400
G1 X100.993 Y106.249 E.97781
G1 X101.012 Y106.32 E.97989
G1 X101.053 Y106.309 E.98109
;WIDTH:0.41646
G1 X101.136 Y106.151 E.98663
;WIDTH:0.449999
G1 X101.218 Y105.992 E.99269
G1 X105.99 Y101.22 E1.22112
G1 X106.148 Y101.137 E1.22716
;WIDTH:0.41646
G1 X106.305 Y101.054 E1.23268
;WIDTH:0.38292
G1 X106.264 Y101.065 E1.23388
G1 X106.245 Y100.994 E1.23596
G1 X106.316 Y101.013 E1.23804
;WIDTH:0.449999
G1 X106.937 Y100.848 E1.25979
G1 X100.846 Y106.939 E1.55136
G1 X100.777 Y107.098 E1.55723
;WIDTH:0.41646
G1 X100.707 Y107.257 E1.56263
;WIDTH:0.38292
G1 X100.666 Y107.268 E1.56383
G1 X100.647 Y107.197 E1.56591
G1 X100.718 Y107.216 E1.56799
;WIDTH:0.449999
G1 X100.616 Y107.745 E1.58623
G1 X107.742 Y100.619 E1.92735
G1 X108.465 Y100.472 E1.95232
G1 X100.474 Y108.463 E2.33484
G1 X100.291 Y109.442 F9000
;WIDTH:0.38292
G1 F2400
G1 X100.25 Y109.453 E2.33604
G1 X100.231 Y109.382 E2.33812
G1 X100.302 Y109.401 E2.3402
;WIDTH:0.41646
G1 X100.345 Y109.263 E2.34469
;WIDTH:0.449999
G1 X100.388 Y109.124 E2.34961
G1 X109.123 Y100.389 E2.76775
G1 X109.732 Y100.357 E2.78839
G1 X106.554 Y103.534 E2.94049
G1 X106.41 Y103.64 E2.94654
;WIDTH:0.41646
G1 X106.266 Y103.746 E2.95209
;WIDTH:0.38292
G1 X106.19 Y103.804 E2.95479
G1 X107.326 Y103.302 F9000
G1 F2400
G1 X107.285 Y103.313 E2.95599
G1 X107.266 Y103.242 E2.95807
G1 X107.337 Y103.261 E2.96015
;WIDTH:0.41646
G1 X107.459 Y103.172 E2.96484
;WIDTH:0.449999
G1 X107.582 Y103.082 E2.97
G1 X110.31 Y100.354 E3.10059
G1 X110.852 Y100.387 E3.11897
G1 X108.398 Y102.841 E3.23644
G1 X108.276 Y102.919 E3.24134
;WIDTH:0.41646
G1 X108.154 Y102.996 E3.24582
;WIDTH:0.38292
G1 X108.083 Y102.977 E3.2479
G1 X108.102 Y103.048 E3.24998
G1 X108.143 Y103.037 E3.25118
G1 E2.45118 F2100
G92 E0
G1 X111.209 Y100.606 F9000
G1 E.8 F2100
;WIDTH:0.449999
G1 F2400
G1 X109.07 Y102.746 E.90242
G1 X109.613 Y102.668 E.92099
G1 X110.428 Y102.668 E.94858
G1 X111.262 Y102.766 E.977
G1 X112.595 Y103.13 E1.02377
G1 X113.467 Y103.531 E1.05626
G1 X114.474 Y104.176 E1.09674
G1 X115.091 Y104.71 E1.12436
G1 X115.778 Y105.47 E1.15904
G1 X116.241 Y106.129 E1.1863
G1 X116.658 Y106.902 E1.21603
G1 X116.981 Y107.719 E1.24577
G1 X117.187 Y108.497 E1.27301
G1 X117.326 Y109.5 E1.30728
G1 X117.337 Y110.318 E1.33497
G1 X117.252 Y111.153 E1.36338
G1 X117.019 Y112.067 E1.39531
G1 X119.508 Y109.579 E1.51443
G1 X119.641 Y109.576 E1.51893
G1 X119.587 Y108.89 E1.54222
G1 X119.479 Y108.172 E1.5668
G1 X119.352 Y107.605 E1.58647
G1 X119.204 Y107.089 E1.60464
G1 X119.006 Y106.524 E1.6249
G1 X118.501 Y105.422 E1.66593
G1 X118.213 Y104.925 E1.68537
G1 X117.895 Y104.442 E1.70494
G1 X117.571 Y104.01 E1.72322
G1 X117.175 Y103.539 E1.74405
G1 X116.776 Y103.122 E1.76359
G1 X116.352 Y102.729 E1.78316
G1 X115.906 Y102.362 E1.80271
G1 X115.439 Y102.023 E1.82224
G1 X114.952 Y101.712 E1.8418
G1 X114.447 Y101.43 E1.86138
G1 X113.927 Y101.18 E1.88091
G1 X113.392 Y100.961 E1.90048
G1 X112.882 Y100.786 E1.91873
G1 X112.289 Y100.62 E1.93957
G1 X111.724 Y100.5 E1.95912
G1 X111.284 Y100.434 E1.97418
G1 X111.511 Y100.88 E1.99112
G1 X112.192 Y101.016 E2.01463
G1 X112.761 Y101.175 E2.03463
G1 X113.249 Y101.342 E2.05209
G1 X113.761 Y101.552 E2.07082
G1 X114.26 Y101.792 E2.08956
G1 X114.743 Y102.061 E2.10827
G1 X115.209 Y102.359 E2.12699
G1 X115.657 Y102.684 E2.14572
G1 X116.084 Y103.036 E2.16445
G1 X116.49 Y103.412 E2.18318
G1 X116.872 Y103.811 E2.20188
G1 X117.252 Y104.264 E2.22189
G1 X117.562 Y104.677 E2.23937
G1 X117.867 Y105.139 E2.25811
G1 X118.139 Y105.61 E2.27652
G1 X118.409 Y106.193 E2.29827
G1 X118.623 Y106.661 E2.31569
G1 X118.813 Y107.203 E2.33513
G1 X118.955 Y107.695 E2.35246
G1 X119.078 Y108.238 E2.37131
G1 X119.166 Y108.781 E2.38993
G1 X119.22 Y109.29 E2.40726
G1 X117.697 Y110.814 E2.48019
G1 X117.744 Y110.313 E2.49722
G1 X117.734 Y109.495 E2.52491
G1 X117.581 Y108.394 E2.56254
G1 X117.382 Y107.638 E2.589
G1 X117.017 Y106.709 E2.62279
G1 X116.575 Y105.896 E2.65411
G1 X116.08 Y105.198 E2.68307
G1 X115.357 Y104.401 E2.71949
G1 X114.74 Y103.868 E2.74709
G1 X113.637 Y103.161 E2.79144
G1 X112.671 Y102.726 E2.8273
G1 X111.309 Y102.361 E2.87503
G1 X110.499 Y102.266 E2.90264
G1 X110.131 Y102.26 E2.9151
G1 X111.367 Y101.024 E2.97427
G1 X111.673 Y101.395 E2.99055
;WIDTH:0.60116
G1 X112.076 Y101.485 E3.00972
G1 X112.61 Y101.633 E3.03544
;WIDTH:0.599392
G1 X113.09 Y101.791 E3.05882
;WIDTH:0.59624
G1 X114.047 Y102.22 E3.10707
;WIDTH:0.597748
G1 X114.503 Y102.479 E3.13126
;WIDTH:0.598237
G1 X114.945 Y102.762 E3.15549
G1 X115.377 Y103.07 E3.17999
;WIDTH:0.593697
G1 X115.775 Y103.402 E3.20373
G1 X116.167 Y103.764 E3.22817
;WIDTH:0.596973
G1 X116.874 Y104.554 E3.27701
;WIDTH:0.593134
G1 X117.175 Y104.959 E3.3001
G1 X117.466 Y105.396 E3.32412
;WIDTH:0.593432
G1 X117.719 Y105.842 E3.34759
G1 X117.947 Y106.318 E3.37175
G1 X118.172 Y106.823 E3.39706
G1 X118.345 Y107.297 E3.42016
;WIDTH:0.593136
G1 X118.489 Y107.802 E3.44419
G1 X118.607 Y108.316 E3.46832
;WIDTH:0.593432
G1 X118.72 Y109.113 E3.50517
G1 X118.214 Y109.619 E3.53793
G1 X118.212 Y109.488 E3.54393
;WIDTH:0.596011
G1 X118.041 Y108.273 E3.60036
;WIDTH:0.587405
G1 X117.834 Y107.489 E3.63707
;WIDTH:0.593454
G1 X117.461 Y106.543 E3.68362
G1 X116.965 Y105.623 E3.73147
;WIDTH:0.588555
G1 X116.434 Y104.879 E3.77294
;WIDTH:0.596973
G1 X115.668 Y104.041 E3.82524
;WIDTH:0.588065
G1 X115.051 Y103.508 E3.8622
;WIDTH:0.598237
G1 X114.632 Y103.22 E3.88568
G1 X113.799 Y102.709 E3.9308
;WIDTH:0.591619
G1 X112.964 Y102.328 E3.97267
;WIDTH:0.599392
G1 X112.462 Y102.17 E3.99702
;WIDTH:0.60116
G1 X111.936 Y102.025 E4.02235
G1 X111.202 Y101.866 E4.05721
;WIDTH:0.593905
G1 X111.529 Y101.539 E4.0784
G1 E3.2784 F2100
G92 E0
G1 X104.096 Y105.83 F9000
G1 E.8 F2100
;WIDTH:0.38292
G1 F2400
G1 X103.732 Y106.286 E.8165
;WIDTH:0.41646
G1 X103.623 Y106.43 E.82211
;WIDTH:0.449999
G1 X103.514 Y106.574 E.82822
G1 X100.351 Y109.737 E.97963
G1 X100.353 Y110.311 E.99906
G1 X103.085 Y107.579 E1.12984
G1 X103.189 Y107.45 E1.13545
;WIDTH:0.41646
G1 X103.292 Y107.321 E1.14058
;WIDTH:0.38292
G1 X103.251 Y107.332 E1.14178
G1 X103.232 Y107.261 E1.14386
G1 X103.303 Y107.28 E1.14594
G1 X103.06 Y108.088 F9000
G1 F2400
G1 X102.989 Y108.068 E1.14803
G1 X103.008 Y108.14 E1.15014
G1 X103.049 Y108.129 E1.15134
;WIDTH:0.41646
G1 X102.951 Y108.257 E1.15635
;WIDTH:0.449999
G1 X102.853 Y108.386 E1.16183
G1 X100.386 Y110.853 E1.27992
G1 E.47992 F2100
G92 E0
G1 X102.581 Y109.235 F9000
G1 E.8 F2100
G1 F2400
G1 X100.53 Y111.285 E.89816
G1 X100.438 Y111.285 E.90127
G1 X100.555 Y111.984 E.92526
G1 X100.719 Y112.656 E.94867
G1 X101.11 Y113.755 E.98815
G1 X101.367 Y114.323 E1.00925
G1 X101.639 Y114.827 E1.02864
G1 X101.941 Y115.317 E1.04812
G1 X102.579 Y116.172 E1.08423
G1 X103.025 Y116.676 E1.10701
G1 X103.433 Y117.078 E1.1264
G1 X103.868 Y117.458 E1.14595
G1 X104.325 Y117.811 E1.1655
G1 X104.802 Y118.136 E1.18504
G1 X105.331 Y118.45 E1.20586
G1 X105.811 Y118.699 E1.22416
G1 X106.339 Y118.934 E1.24372
G1 X106.879 Y119.137 E1.26325
G1 X107.431 Y119.307 E1.2828
G1 X107.993 Y119.444 E1.30238
G1 X108.561 Y119.547 E1.32192
G1 X109.135 Y119.616 E1.34149
G1 X109.579 Y119.643 E1.35655
G1 X109.579 Y119.507 E1.36115
G1 X112.046 Y117.041 E1.47922
G1 X111.582 Y117.169 E1.49551
G1 X110.237 Y117.339 E1.5414
G1 X109.354 Y117.315 E1.5713
G1 X108.523 Y117.193 E1.59973
G1 X107.202 Y116.79 E1.64648
G1 X106.434 Y116.42 E1.67534
G1 X105.707 Y115.957 E1.70451
G1 X104.742 Y115.118 E1.74779
G1 X104.132 Y114.416 E1.77927
G1 X103.666 Y113.715 E1.80776
G1 X103.221 Y112.778 E1.84287
G1 X102.961 Y112.027 E1.86977
G1 X102.829 Y111.581 E1.88551
G1 X102.665 Y110.346 E1.92768
G1 X102.676 Y109.463 E1.95757
G1 X102.725 Y109.091 E1.97027
G1 X102.259 Y110.132 F9000
G1 F2400
G1 X102.261 Y110.399 E1.97931
G1 X102.427 Y111.646 E2.02189
G1 X102.766 Y112.768 E2.06156
G1 X103.283 Y113.863 E2.10255
G1 X103.825 Y114.683 E2.13582
G1 X104.434 Y115.385 E2.16728
G1 X104.722 Y115.648 E2.18048
G1 X105.487 Y116.3 E2.2145
G1 X106.194 Y116.751 E2.24289
G1 X107.112 Y117.191 E2.27735
G1 X108.374 Y117.576 E2.32201
G1 X109.342 Y117.722 E2.35515
G1 X110.288 Y117.743 E2.38718
G1 X110.837 Y117.674 E2.40591
G1 X109.293 Y119.218 E2.47982
G1 X108.622 Y119.144 E2.50267
G1 X108.077 Y119.046 E2.52141
G1 X107.54 Y118.914 E2.54013
G1 X107.011 Y118.751 E2.55887
G1 X106.493 Y118.557 E2.57759
G1 X105.988 Y118.332 E2.5963
G1 X105.529 Y118.094 E2.6138
G1 X105.021 Y117.793 E2.63379
G1 X104.564 Y117.482 E2.6525
G1 X104.127 Y117.143 E2.67122
G1 X103.71 Y116.779 E2.68996
G1 X103.321 Y116.396 E2.70844
G1 X102.895 Y115.915 E2.73019
G1 X102.26 Y115.059 E2.76627
G1 X101.979 Y114.601 E2.78446
G1 X101.722 Y114.119 E2.80295
G1 X101.321 Y113.148 E2.83851
G1 X101.113 Y112.553 E2.85985
G1 X100.98 Y112.036 E2.87792
G1 X100.878 Y111.513 E2.89596
G1 X102.115 Y110.276 E2.95517
G1 X101.885 Y111.179 F9000
;WIDTH:0.587456
G1 F2400
G1 X101.965 Y111.764 E2.9819
;WIDTH:0.596741
G1 X102.111 Y112.283 E3.00673
G1 X102.419 Y113.157 E3.0494
;WIDTH:0.595684
G1 X102.852 Y114.067 E3.09572
;WIDTH:0.593008
G1 X103.131 Y114.511 E3.11971
;WIDTH:0.594228
G1 X103.689 Y115.258 E3.16245
G1 X104.073 Y115.698 E3.18922
;WIDTH:0.598365
G1 X104.408 Y116.012 E3.21043
G1 X105.152 Y116.645 E3.25555
;WIDTH:0.593794
G1 X106.051 Y117.216 E3.30433
;WIDTH:0.587352
G1 X106.849 Y117.599 E3.3444
;WIDTH:0.600506
G1 X107.339 Y117.764 E3.36837
;WIDTH:0.601226
G1 X108.393 Y118.066 E3.41927
;WIDTH:0.589367
G1 X109.054 Y118.166 E3.44965
G1 X109.628 Y118.208 E3.4758
G1 X109.113 Y118.723 E3.50889
;WIDTH:0.593305
G1 X108.166 Y118.577 E3.55274
;WIDTH:0.601226
G1 X107.159 Y118.292 E3.60132
;WIDTH:0.600506
G1 X106.666 Y118.113 E3.62564
;WIDTH:0.593738
G1 X105.753 Y117.674 E3.67204
G1 X105.271 Y117.383 E3.69783
G1 X104.818 Y117.076 E3.72289
;WIDTH:0.599921
G1 X104.032 Y116.42 E3.77031
;WIDTH:0.598365
G1 X103.661 Y116.06 E3.79419
;WIDTH:0.591133
G1 X102.988 Y115.25 E3.84219
;WIDTH:0.593008
G1 X102.668 Y114.808 E3.86715
G1 X102.398 Y114.376 E3.89045
;WIDTH:0.600037
G1 X102.161 Y113.92 E3.91426
G1 X101.767 Y112.989 E3.96109
;WIDTH:0.596741
G1 X101.578 Y112.432 E3.98818
G1 X101.393 Y111.671 E4.02425
;WIDTH:0.587456
G1 X101.741 Y111.323 E4.04653
G1 E3.24653 F2100
G92 E0
G1 X110.011 Y119.651 F9000
G1 E.8 F2100
;WIDTH:0.449999
G1 F2400
G1 X112.974 Y116.688 E.94184
G1 E.14184 F2100
G92 E0
G1 X116.548 Y113.267 F9000
G1 E.8 F2100
;WIDTH:0.38292
G1 F2400
G1 X116.507 Y113.278 E.8012
G1 X116.488 Y113.207 E.80328
G1 X116.559 Y113.226 E.80536
;WIDTH:0.41646
G1 X116.636 Y113.088 E.81027
;WIDTH:0.449999
G1 X116.712 Y112.95 E.8156
G1 X119.652 Y110.01 E.95634
G1 X119.632 Y110.605 E.97649
G1 X115.878 Y114.36 E1.15622
G1 X115.622 Y114.648 E1.16926
;WIDTH:0.404868
G1 X115.286 Y115.023 E1.18441
;WIDTH:0.410782
G1 X114.557 Y115.709 E1.21503
;WIDTH:0.449999
G1 X114.269 Y115.969 E1.22816
G1 X110.606 Y119.632 E1.40351
G1 X110.801 Y119.666 E1.41021
;WIDTH:0.41646
G1 X110.996 Y119.7 E1.41636
;WIDTH:0.38292
G1 X110.925 Y119.681 E1.41844
G1 X110.944 Y119.752 E1.42052
G1 X110.985 Y119.741 E1.42172
;WIDTH:0.449999
G1 X111.243 Y119.571 E1.43218
G1 X119.57 Y111.243 E1.83081
G1 X119.455 Y111.934 E1.85452
G1 X111.931 Y119.458 E2.21469
G1 X111.962 Y119.53 E2.21734
;WIDTH:0.41646
G1 X111.993 Y119.602 E2.21977
;WIDTH:0.38292
G1 X112.537 Y119.47 E2.2356
G1 E1.4356 F2100
G92 E0
G1 X119.471 Y112.534 F9000
G1 E.8 F2100
G1 F2400
G1 X119.592 Y112.031 E.81463
;WIDTH:0.449999
G1 X119.271 Y112.693 E.83953
G1 X112.697 Y119.267 E1.15422
G1 X113.319 Y119.179 E1.17548
;WIDTH:0.38292
G1 X113.277 Y119.19 E1.17671
G1 X113.258 Y119.119 E1.17879
G1 X113.33 Y119.138 E1.1809
;WIDTH:0.41646
G1 X113.452 Y119.052 E1.18554
;WIDTH:0.449999
G1 X113.574 Y118.967 E1.19057
G1 X118.958 Y113.582 E1.44832
G1 X119.068 Y113.453 E1.45406
;WIDTH:0.41646
G1 X119.178 Y113.325 E1.4593
;WIDTH:0.38292
G1 X119.137 Y113.336 E1.4605
G1 X119.118 Y113.264 E1.46261
G1 X119.189 Y113.284 E1.4647
G1 X118.701 Y114.371 F9000
G1 F2400
G1 X118.63 Y114.352 E1.46678
G1 X118.649 Y114.423 E1.46886
G1 X118.69 Y114.412 E1.47006
;WIDTH:0.41646
G1 X118.568 Y114.541 E1.47557
;WIDTH:0.449999
G1 X114.663 Y118.453 E1.66267
G1 X114.541 Y118.55 E1.66795
;WIDTH:0.41646
G1 X114.419 Y118.648 E1.67281
;WIDTH:0.38292
G1 X114.348 Y118.629 E1.67489
G1 X114.367 Y118.7 E1.67697
G1 X114.408 Y118.689 E1.67817
G1 X115.718 Y117.87 F9000
G1 F2400
G1 X116.155 Y117.486 E1.69462
;WIDTH:0.416652
G1 X116.578 Y117.09 E1.71263
;WIDTH:0.42098
G1 X117.388 Y116.262 E1.74904
;WIDTH:0.390658
G1 X117.775 Y115.829 E1.76583
;WIDTH:0.38292
G1 X118.151 Y115.382 E1.78234
;LAYER_CHANGE
;Z:0.6
;HEIGHT:0.2
G1 E.98234 F2100
G92 E0
G1 Z.6 F9000
G1 X107.703 Y116.632
G1 E.8 F2100
;TYPE:Perimeter
;WIDTH:0.449999
G1 F2700
G1 X107.69 Y116.628 E.80046
G1 X107.247 Y116.475 E.81632
G1 X106.289 Y115.978 E.85285
G1 X105.481 Y115.394 E.8866
G1 X104.928 Y114.877 E.91222
G1 X104.405 Y114.269 E.93937
G1 X103.936 Y113.571 E.96783
G1 X103.483 Y112.621 E1.00346
G1 X103.245 Y111.94 E1.02788
G1 X103.121 Y111.476 E1.04414
G1 X103.014 Y110.69 E1.07099
G1 X102.967 Y110.255 E1.0858
G1 X102.978 Y109.535 E1.11017
G1 X103.084 Y108.699 E1.13869
G1 X103.225 Y108.128 E1.1586
G1 X103.464 Y107.417 E1.18399
G1 X103.655 Y106.96 E1.20076
G1 X104.195 Y106.025 E1.23731
G1 X104.505 Y105.618 E1.25463
G1 X105.067 Y104.993 E1.28308
G1 X105.443 Y104.64 E1.30054
G1 X106.348 Y103.988 E1.3383
G1 X107.178 Y103.576 E1.36967
G1 X107.62 Y103.378 E1.38606
G1 X108.274 Y103.177 E1.40922
G1 X109.678 Y102.971 E1.45725
G1 X110.362 Y102.972 E1.4804
G1 X111.346 Y103.094 E1.51396
G1 X112.387 Y103.382 E1.55052
G1 X113.322 Y103.798 E1.58516
G1 X114.232 Y104.379 E1.62171
G1 X114.624 Y104.707 E1.63901
G1 X115.223 Y105.297 E1.66747
G1 X115.747 Y105.954 E1.69592
G1 X116.189 Y106.669 E1.72437
G1 X116.543 Y107.432 E1.75284
G1 X116.802 Y108.232 E1.7813
G1 X116.965 Y109.057 E1.80977
G1 X117.028 Y109.895 E1.83822
G1 X116.99 Y110.735 E1.86668
G1 X116.852 Y111.564 E1.89513
G1 X116.737 Y112.036 E1.91157
G1 X116.478 Y112.747 E1.93718
G1 X116.124 Y113.467 E1.96434
G1 X115.667 Y114.172 E1.99278
G1 X115.129 Y114.819 E2.02126
G1 X114.424 Y115.45 E2.05329
G1 X114.087 Y115.729 E2.0681
G1 X113.48 Y116.117 E2.09249
G1 X112.217 Y116.679 E2.13928
G1 X111.523 Y116.871 E2.16365
G1 X110.585 Y116.995 E2.19568
G1 X110.149 Y117.036 E2.2105
G1 X109.43 Y117.015 E2.23485
G1 X108.596 Y116.896 E2.26337
G1 X107.76 Y116.649 E2.29288
G1 X107.849 Y116.242 F9000
G1 F2700
G1 X107.435 Y116.114 E2.30755
G1 X106.477 Y115.616 E2.3441
G1 X105.817 Y115.145 E2.37155
G1 X105.206 Y114.58 E2.39972
G1 X104.716 Y114.006 E2.42527
G1 X104.276 Y113.347 E2.45209
G1 X103.853 Y112.45 E2.48566
G1 X103.635 Y111.826 E2.50803
G1 X103.524 Y111.422 E2.52221
G1 X103.418 Y110.635 E2.54909
G1 X103.374 Y110.261 E2.56184
G1 X103.385 Y109.541 E2.58621
G1 X103.487 Y108.754 E2.61307
G1 X103.619 Y108.231 E2.63133
G1 X103.843 Y107.565 E2.65511
G1 X104.008 Y107.163 E2.66982
G1 X104.548 Y106.228 E2.70637
G1 X105.048 Y105.59 E2.73381
G1 X105.61 Y105.03 E2.76066
G1 X106.682 Y104.261 E2.80532
G1 X107.657 Y103.799 E2.84184
G1 X108.393 Y103.566 E2.86797
G1 X109.677 Y103.378 E2.9119
G1 X110.361 Y103.379 E2.93505
G1 X111.148 Y103.469 E2.96186
G1 X112.364 Y103.805 E3.00456
G1 X113.022 Y104.098 E3.02894
G1 X113.771 Y104.568 E3.05887
G1 X114.085 Y104.777 E3.07164
G1 X114.628 Y105.251 E3.09604
G1 X115.162 Y105.837 E3.12288
G1 X115.622 Y106.483 E3.14972
G1 X116.001 Y107.179 E3.17655
G1 X116.295 Y107.916 E3.20341
G1 X116.499 Y108.683 E3.23027
G1 X116.61 Y109.468 E3.25711
G1 X116.626 Y110.261 E3.28396
G1 X116.547 Y111.05 E3.3108
G1 X116.375 Y111.824 E3.33764
G1 X116.096 Y112.608 E3.36581
G1 X115.76 Y113.285 E3.39139
G1 X115.328 Y113.948 E3.41818
G1 X114.818 Y114.556 E3.44504
G1 X113.868 Y115.386 E3.48774
G1 X113.261 Y115.774 E3.51213
G1 X112.456 Y116.14 E3.54206
G1 X112.108 Y116.287 E3.55485
G1 X111.414 Y116.479 E3.57922
G1 X110.162 Y116.629 E3.6219
G1 X109.442 Y116.608 E3.64628
G1 X108.657 Y116.494 E3.67313
G1 X107.906 Y116.26 E3.69976
G1 X107.989 Y115.869 F9000
;TYPE:External perimeter
G1 F1500
G1 X107.656 Y115.766 E3.71156
G1 X106.918 Y115.387 E3.73964
G1 X106.347 Y115.027 E3.76249
G1 X105.781 Y114.561 E3.78731
G1 X105.261 Y114.021 E3.81269
G1 X104.814 Y113.423 E3.83796
G1 X104.487 Y112.851 E3.86026
G1 X104.147 Y112.117 E3.88764
G1 X103.934 Y111.397 E3.91306
G1 X103.821 Y110.581 E3.94094
G1 X103.786 Y109.922 E3.96328
G1 X103.794 Y109.523 E3.97679
G1 X103.891 Y108.808 E4.00121
G1 X104.076 Y108.088 E4.02637
G1 X104.347 Y107.394 E4.05159
G1 X104.773 Y106.652 E4.08055
G1 X105.141 Y106.125 E4.10231
G1 X105.639 Y105.573 E4.12747
G1 X105.919 Y105.3 E4.14071
G1 X106.824 Y104.648 E4.17847
G1 X107.527 Y104.311 E4.20486
G1 X108.165 Y104.062 E4.22804
G1 X108.543 Y103.949 E4.24139
G1 X109.647 Y103.787 E4.27916
G1 X110.36 Y103.786 E4.30329
G1 X111.099 Y103.873 E4.32848
G1 X111.894 Y104.09 E4.35637
G1 X112.528 Y104.323 E4.37923
G1 X113.124 Y104.638 E4.40205
G1 X113.793 Y105.065 E4.42891
G1 X114.36 Y105.557 E4.45432
G1 X114.859 Y106.109 E4.47951
G1 X115.289 Y106.717 E4.50472
G1 X115.643 Y107.372 E4.52992
G1 X115.916 Y108.065 E4.55513
G1 X116.105 Y108.785 E4.58033
G1 X116.206 Y109.522 E4.60551
G1 X116.219 Y110.267 E4.63073
G1 X116.143 Y111.008 E4.65594
G1 X115.978 Y111.734 E4.68114
G1 X115.713 Y112.469 E4.70759
G1 X115.397 Y113.102 E4.73154
G1 X114.988 Y113.724 E4.75674
G1 X114.508 Y114.293 E4.78194
G1 X113.889 Y114.837 E4.80983
G1 X113.345 Y115.237 E4.83269
G1 X112.754 Y115.561 E4.8555
G1 X112.029 Y115.884 E4.88237
G1 X111.306 Y116.086 E4.90778
G1 X110.488 Y116.187 E4.93568
G1 X109.814 Y116.211 E4.95851
G1 X109.074 Y116.145 E4.98366
G1 X108.415 Y116 E5.0065
G1 X108.046 Y115.886 E5.01957
G1 X107.667 Y115.761 F9000
G1 E4.21957 F2100
G92 E0
G1 X102.423 Y116.463 F9000
G1 E.8 F2100
;TYPE:Perimeter
G1 F2700
G1 X102.402 Y116.44 E.80105
G1 X102.03 Y115.974 E.82123
G1 X101.687 Y115.487 E.84139
G1 X101.374 Y114.98 E.86156
G1 X101.095 Y114.461 E.8815
G1 X100.79 Y113.783 E.90666
G1 X100.436 Y112.781 E.94263
G1 X100.289 Y112.216 E.96239
G1 X100.174 Y111.632 E.98254
G1 X100.094 Y111.041 E1.00273
G1 X100.05 Y110.447 E1.02289
G1 X100.041 Y109.857 E1.04286
G1 X100.083 Y109.116 E1.06798
G1 X100.229 Y108.069 E1.10376
G1 X100.4 Y107.359 E1.12848
G1 X100.731 Y106.355 E1.16426
G1 X101.026 Y105.687 E1.18898
G1 X101.534 Y104.753 E1.22497
G1 X101.855 Y104.267 E1.24468
G1 X102.213 Y103.79 E1.26487
G1 X102.598 Y103.335 E1.28504
G1 X103.01 Y102.904 E1.30522
G1 X103.447 Y102.499 E1.32539
G1 X103.907 Y102.121 E1.34554
G1 X104.389 Y101.77 E1.36572
G1 X104.891 Y101.45 E1.38587
G1 X105.412 Y101.159 E1.40607
G1 X105.949 Y100.901 E1.42624
G1 X106.5 Y100.675 E1.4464
G1 X107.064 Y100.482 E1.46658
G1 X107.639 Y100.324 E1.48676
G1 X108.222 Y100.2 E1.50694
G1 X108.811 Y100.111 E1.5271
G1 X109.398 Y100.058 E1.54705
G1 X110.141 Y100.045 E1.5722
G1 X111.264 Y100.122 E1.6103
G1 X111.894 Y100.224 E1.6319
G1 X112.404 Y100.335 E1.64957
G1 X112.978 Y100.496 E1.66975
G1 X113.609 Y100.72 E1.69241
G1 X114.091 Y100.92 E1.71007
G1 X114.691 Y101.217 E1.73273
G1 X115.146 Y101.473 E1.7504
G1 X115.646 Y101.796 E1.77055
G1 X116.184 Y102.196 E1.79324
G1 X116.585 Y102.529 E1.81088
G1 X117.072 Y102.99 E1.83358
G1 X117.43 Y103.369 E1.85123
G1 X117.858 Y103.884 E1.8739
G1 X118.169 Y104.303 E1.89156
G1 X118.532 Y104.866 E1.91423
G1 X118.791 Y105.319 E1.93189
G1 X119.084 Y105.921 E1.95455
G1 X119.287 Y106.402 E1.97222
G1 X119.506 Y107.036 E1.99492
G1 X119.65 Y107.537 E2.01256
G1 X119.792 Y108.191 E2.03521
G1 X119.875 Y108.707 E2.0529
G1 X119.938 Y109.373 E2.07554
G1 X119.959 Y109.895 E2.09322
G1 X119.95 Y110.447 E2.11191
G1 X119.906 Y111.041 E2.13207
G1 X119.826 Y111.632 E2.15226
G1 X119.711 Y112.216 E2.17241
G1 X119.561 Y112.793 E2.19259
G1 X119.377 Y113.36 E2.21277
G1 X119.159 Y113.915 E2.23295
G1 X118.908 Y114.455 E2.25311
G1 X118.626 Y114.98 E2.27328
G1 X118.313 Y115.487 E2.29345
G1 X117.97 Y115.974 E2.31361
G1 X117.598 Y116.44 E2.33379
G1 X117.199 Y116.883 E2.35397
G1 X116.775 Y117.301 E2.37412
G1 X116.326 Y117.694 E2.39432
G1 X115.855 Y118.058 E2.41447
G1 X115.362 Y118.394 E2.43466
G1 X114.851 Y118.699 E2.4548
G1 X114.322 Y118.974 E2.47498
G1 X113.777 Y119.216 E2.49516
G1 X113.219 Y119.426 E2.51534
G1 X112.65 Y119.601 E2.53549
G1 X112.071 Y119.743 E2.55567
G1 X111.485 Y119.849 E2.57583
G1 X110.893 Y119.92 E2.59601
G1 X110.298 Y119.956 E2.61619
G1 X109.702 Y119.956 E2.63636
G1 X109.107 Y119.92 E2.65654
G1 X108.515 Y119.849 E2.67672
G1 X107.929 Y119.743 E2.69688
G1 X107.35 Y119.601 E2.71706
G1 X106.781 Y119.426 E2.73721
G1 X106.223 Y119.216 E2.75739
G1 X105.678 Y118.974 E2.77757
G1 X105.149 Y118.699 E2.79775
G1 X104.638 Y118.394 E2.81789
G1 X104.145 Y118.058 E2.83808
G1 X103.674 Y117.694 E2.85823
G1 X103.225 Y117.301 E2.87843
G1 X102.801 Y116.883 E2.89858
G1 X102.463 Y116.508 E2.91567
G1 X102.104 Y116.718 F9000
G1 F2700
G1 X102.091 Y116.704 E2.91632
G1 X101.705 Y116.219 E2.9373
G1 X101.347 Y115.712 E2.95831
G1 X101.021 Y115.184 E2.97931
G1 X100.729 Y114.641 E3.00018
G1 X100.412 Y113.935 E3.02638
G1 X100.046 Y112.9 E3.06354
G1 X99.892 Y112.307 E3.08428
G1 X99.772 Y111.698 E3.10529
G1 X99.689 Y111.084 E3.12626
G1 X99.643 Y110.465 E3.14727
G1 X99.634 Y109.849 E3.16812
G1 X99.678 Y109.076 E3.19433
G1 X99.829 Y107.992 E3.23138
G1 X100.008 Y107.247 E3.25731
G1 X100.351 Y106.209 E3.29431
G1 X100.661 Y105.508 E3.32025
G1 X101.185 Y104.543 E3.35742
G1 X101.522 Y104.032 E3.37814
G1 X101.894 Y103.536 E3.39913
G1 X102.295 Y103.063 E3.42012
G1 X102.724 Y102.614 E3.44114
G1 X103.179 Y102.192 E3.46215
G1 X103.658 Y101.798 E3.48314
G1 X104.16 Y101.434 E3.50413
G1 X104.682 Y101.1 E3.52511
G1 X105.224 Y100.798 E3.54611
G1 X105.783 Y100.529 E3.56711
G1 X106.357 Y100.293 E3.58812
G1 X106.944 Y100.093 E3.60911
G1 X107.542 Y99.928 E3.63011
G1 X108.149 Y99.799 E3.65112
G1 X108.762 Y99.707 E3.6721
G1 X109.376 Y99.651 E3.69297
G1 X110.15 Y99.637 E3.71917
G1 X111.325 Y99.72 E3.75904
G1 X111.978 Y99.826 E3.78143
G1 X112.512 Y99.943 E3.79993
G1 X113.109 Y100.111 E3.82092
G1 X113.764 Y100.343 E3.84444
G1 X114.267 Y100.553 E3.86289
G1 X114.889 Y100.861 E3.88638
G1 X115.365 Y101.13 E3.90489
G1 X115.886 Y101.467 E3.92589
G1 X116.443 Y101.881 E3.94938
G1 X116.862 Y102.231 E3.96786
G1 X117.366 Y102.708 E3.99135
G1 X117.741 Y103.105 E4.00984
G1 X118.184 Y103.64 E4.03335
G1 X118.509 Y104.079 E4.05184
G1 X118.885 Y104.662 E4.07532
G1 X119.155 Y105.137 E4.09381
G1 X119.458 Y105.761 E4.11729
G1 X119.67 Y106.265 E4.1358
G1 X119.897 Y106.921 E4.1593
G1 X120.047 Y107.446 E4.17778
G1 X120.193 Y108.125 E4.20129
G1 X120.28 Y108.664 E4.21977
G1 X120.344 Y109.355 E4.24326
G1 X120.366 Y109.901 E4.26176
G1 X120.357 Y110.465 E4.28085
G1 X120.311 Y111.084 E4.30186
G1 X120.228 Y111.698 E4.32283
G1 X120.108 Y112.307 E4.34384
G1 X119.952 Y112.907 E4.36482
G1 X119.76 Y113.497 E4.38582
G1 X119.533 Y114.075 E4.40684
G1 X119.273 Y114.638 E4.42783
G1 X118.979 Y115.184 E4.44882
G1 X118.653 Y115.712 E4.46982
G1 X118.295 Y116.219 E4.49083
G1 X117.909 Y116.704 E4.51181
G1 X117.494 Y117.165 E4.53281
G1 X117.052 Y117.6 E4.5538
G1 X116.585 Y118.008 E4.57479
G1 X116.094 Y118.388 E4.59581
G1 X115.581 Y118.737 E4.61681
G1 X115.049 Y119.055 E4.63779
G1 X114.498 Y119.341 E4.6588
G1 X113.932 Y119.593 E4.67977
G1 X113.351 Y119.811 E4.70077
G1 X112.758 Y119.994 E4.72178
G1 X112.156 Y120.141 E4.74276
G1 X111.545 Y120.252 E4.76378
G1 X110.929 Y120.326 E4.78478
G1 X110.31 Y120.363 E4.80577
G1 X109.69 Y120.363 E4.82676
G1 X109.071 Y120.326 E4.84775
G1 X108.455 Y120.252 E4.86875
G1 X107.844 Y120.141 E4.88977
G1 X107.242 Y119.994 E4.91075
G1 X106.649 Y119.811 E4.93176
G1 X106.068 Y119.593 E4.95276
G1 X105.502 Y119.341 E4.97373
G1 X104.951 Y119.055 E4.99474
G1 X104.419 Y118.737 E5.01572
G1 X103.906 Y118.388 E5.03672
G1 X103.415 Y118.008 E5.05774
G1 X102.948 Y117.6 E5.07873
G1 X102.506 Y117.165 E5.09972
G1 X102.144 Y116.762 E5.11806
G1 X101.785 Y116.972 F9000
;TYPE:External perimeter
G1 F1800
G1 X101.781 Y116.967 E5.11828
G1 X101.379 Y116.463 E5.1401
G1 X101.008 Y115.936 E5.16192
G1 X100.669 Y115.387 E5.18376
G1 X100.364 Y114.821 E5.20552
G1 X100.034 Y114.086 E5.23279
G1 X99.657 Y113.019 E5.27109
G1 X99.495 Y112.398 E5.29281
G1 X99.371 Y111.765 E5.31464
G1 X99.284 Y111.126 E5.33647
G1 X99.236 Y110.483 E5.3583
G1 X99.226 Y109.84 E5.38007
G1 X99.272 Y109.036 E5.40733
G1 X99.429 Y107.916 E5.44561
G1 X99.617 Y107.136 E5.47277
G1 X99.971 Y106.062 E5.51105
G1 X100.295 Y105.328 E5.53821
G1 X100.835 Y104.334 E5.5765
G1 X101.189 Y103.798 E5.59824
G1 X101.576 Y103.282 E5.62007
G1 X101.993 Y102.79 E5.6419
G1 X102.438 Y102.324 E5.66371
G1 X102.911 Y101.886 E5.68553
G1 X103.409 Y101.476 E5.70736
G1 X103.93 Y101.097 E5.72917
G1 X104.474 Y100.75 E5.75101
G1 X105.037 Y100.436 E5.77283
G1 X105.617 Y100.157 E5.79462
G1 X106.214 Y99.912 E5.81646
G1 X106.824 Y99.704 E5.83828
G1 X107.445 Y99.532 E5.86009
G1 X108.076 Y99.398 E5.88192
G1 X108.714 Y99.302 E5.90376
G1 X109.354 Y99.245 E5.92551
G1 X110.16 Y99.23 E5.9528
G1 X111.385 Y99.317 E5.99437
G1 X112.063 Y99.428 E6.01762
G1 X112.62 Y99.55 E6.03692
G1 X113.241 Y99.726 E6.05877
G1 X113.918 Y99.966 E6.08308
G1 X114.444 Y100.186 E6.10238
G1 X115.088 Y100.506 E6.12672
G1 X115.584 Y100.787 E6.14602
G1 X116.125 Y101.138 E6.16785
G1 X116.701 Y101.567 E6.19216
G1 X117.139 Y101.932 E6.21146
G1 X117.66 Y102.427 E6.23579
G1 X118.051 Y102.842 E6.25509
G1 X118.509 Y103.396 E6.27942
G1 X118.848 Y103.855 E6.29873
G1 X119.237 Y104.459 E6.32305
G1 X119.519 Y104.955 E6.34236
G1 X119.832 Y105.601 E6.36666
G1 X120.053 Y106.128 E6.386
G1 X120.288 Y106.807 E6.41032
G1 X120.443 Y107.356 E6.42963
G1 X120.595 Y108.058 E6.45394
G1 X120.685 Y108.621 E6.47324
G1 X120.751 Y109.337 E6.49758
G1 X120.773 Y109.907 E6.51689
G1 X120.764 Y110.483 E6.53639
G1 X120.716 Y111.126 E6.55822
G1 X120.629 Y111.765 E6.58005
G1 X120.505 Y112.398 E6.60188
G1 X120.343 Y113.022 E6.6237
G1 X120.143 Y113.635 E6.64553
G1 X119.908 Y114.235 E6.66734
G1 X119.637 Y114.82 E6.68916
G1 X119.331 Y115.387 E6.71097
G1 X118.992 Y115.936 E6.73281
G1 X118.621 Y116.463 E6.75463
G1 X118.219 Y116.967 E6.77645
G1 X117.788 Y117.446 E6.79826
G1 X117.329 Y117.899 E6.82009
G1 X116.843 Y118.323 E6.84192
G1 X116.333 Y118.717 E6.86373
G1 X115.801 Y119.08 E6.88553
G1 X115.247 Y119.411 E6.90737
G1 X114.675 Y119.708 E6.92919
G1 X114.086 Y119.97 E6.95101
G1 X113.483 Y120.197 E6.97282
G1 X112.867 Y120.387 E6.99464
G1 X112.24 Y120.539 E7.01648
G1 X111.606 Y120.655 E7.0383
G1 X110.966 Y120.732 E7.06012
G1 X110.322 Y120.77 E7.08196
G1 X109.678 Y120.77 E7.10376
G1 X109.034 Y120.732 E7.1256
G1 X108.394 Y120.655 E7.14742
G1 X107.76 Y120.539 E7.16924
G1 X107.133 Y120.387 E7.19108
G1 X106.517 Y120.197 E7.2129
G1 X105.914 Y119.97 E7.23471
G1 X105.325 Y119.708 E7.25653
G1 X104.753 Y119.411 E7.27835
G1 X104.199 Y119.08 E7.30019
G1 X103.667 Y118.717 E7.32199
G1 X103.157 Y118.323 E7.3438
G1 X102.671 Y117.899 E7.36563
G1 X102.212 Y117.446 E7.38746
G1 X101.825 Y117.017 E7.40702
G1 X101.573 Y116.706 F9000
G1 X102.948 Y116.743
;TYPE:Solid infill
;WIDTH:0.38292
G1 F2400
G1 X103.362 Y117.154 E7.42351
G1 X103.092 Y116.886 E7.43427
G1 X101.92 Y115.283 F9000
;WIDTH:0.449999
G1 F2400
G1 X104.712 Y118.075 E7.56792
G1 X104.85 Y118.168 E7.57355
;WIDTH:0.41646
G1 X104.989 Y118.262 E7.57876
;WIDTH:0.38292
G1 X104.97 Y118.333 E7.58084
G1 X105.041 Y118.314 E7.58292
G1 X105.03 Y118.273 E7.58412
G1 X106.269 Y118.936 F9000
G1 F2400
G1 X106.25 Y119.008 E7.58623
G1 X106.321 Y118.988 E7.58832
G1 X106.31 Y118.947 E7.58952
;WIDTH:0.41646
G1 X106.151 Y118.864 E7.59509
;WIDTH:0.449999
G1 X105.992 Y118.78 E7.60118
G1 X101.23 Y114.017 E7.82916
G1 X101.149 Y113.86 E7.83514
;WIDTH:0.41646
G1 X101.068 Y113.702 E7.84065
;WIDTH:0.38292
G1 X101.079 Y113.743 E7.84185
G1 X101.008 Y113.762 E7.84393
G1 X101.027 Y113.691 E7.84601
;WIDTH:0.449999
G1 X100.864 Y113.076 E7.86755
G1 X106.946 Y119.157 E8.15867
G1 X107.105 Y119.229 E8.16458
;WIDTH:0.41646
G1 X107.264 Y119.301 E8.17
;WIDTH:0.38292
G1 X107.275 Y119.342 E8.1712
G1 X107.203 Y119.361 E8.17331
G1 X107.222 Y119.29 E8.17539
;WIDTH:0.449999
G1 X107.749 Y119.384 E8.19351
G1 X100.613 Y112.249 E8.53508
G1 X100.468 Y111.528 E8.55997
G1 X108.471 Y119.531 E8.94307
G1 X109.449 Y119.715 F9000
;WIDTH:0.38292
G1 F2400
G1 X109.46 Y119.756 E8.94427
G1 X109.389 Y119.775 E8.94635
G1 X109.408 Y119.704 E8.94843
;WIDTH:0.41646
G1 X109.27 Y119.66 E8.95293
;WIDTH:0.449999
G1 X109.131 Y119.616 E8.95787
G1 X100.388 Y110.872 E9.37642
G1 X100.352 Y110.261 E9.39714
G1 X103.523 Y113.432 E9.54893
G1 X103.632 Y113.575 E9.55502
;WIDTH:0.41646
G1 X103.741 Y113.719 E9.56063
;WIDTH:0.38292
G1 X104.28 Y114.382 E9.58479
G1 X103.284 Y112.649 F9000
G1 F2400
G1 X103.295 Y112.69 E9.58599
G1 X103.224 Y112.709 E9.58807
G1 X103.243 Y112.638 E9.59015
;WIDTH:0.41646
G1 X103.152 Y112.516 E9.59488
;WIDTH:0.449999
G1 X103.061 Y112.394 E9.60003
G1 X100.356 Y109.689 E9.72952
G1 X100.387 Y109.145 E9.74796
G1 X102.843 Y111.6 E9.8655
G1 X102.919 Y111.722 E9.87037
;WIDTH:0.41646
G1 X102.994 Y111.844 E9.87482
;WIDTH:0.38292
G1 X102.975 Y111.915 E9.8769
G1 X103.046 Y111.896 E9.87898
G1 X103.035 Y111.855 E9.88018
G1 E9.08018 F2100
G92 E0
G1 X100.616 Y108.798 F9000
G1 E.8 F2100
;WIDTH:0.449999
G1 F2400
G1 X102.748 Y110.929 E.90203
G1 X102.665 Y110.347 E.92193
G1 X102.674 Y109.485 E.95111
G1 X102.78 Y108.665 E.9791
G1 X102.935 Y108.045 E1.00073
G1 X103.181 Y107.312 E1.0269
G1 X103.367 Y106.851 E1.04373
G1 X103.927 Y105.878 E1.08173
G1 X104.551 Y105.076 E1.11613
G1 X105.186 Y104.455 E1.14619
G1 X105.903 Y103.933 E1.17621
G1 X106.364 Y103.624 E1.195
G1 X107.371 Y103.148 E1.2327
G1 X108.28 Y102.861 E1.26497
G1 X109.662 Y102.665 E1.31222
G1 X110.433 Y102.669 E1.33832
G1 X111.262 Y102.766 E1.36657
G1 X112.075 Y102.985 E1.39507
G1 X109.589 Y100.499 E1.51407
G1 X109.549 Y100.443 E1.5164
G1 X109.563 Y100.361 E1.51922
G1 X108.904 Y100.409 E1.54159
G1 X108.311 Y100.495 E1.56187
G1 X107.819 Y100.597 E1.57888
G1 X107.188 Y100.765 E1.60098
G1 X106.648 Y100.947 E1.62027
G1 X106.105 Y101.167 E1.6401
G1 X105.584 Y101.415 E1.65963
G1 X105.078 Y101.695 E1.6792
G1 X104.591 Y102.004 E1.69872
G1 X104.122 Y102.342 E1.71829
G1 X103.733 Y102.659 E1.73528
G1 X103.25 Y103.098 E1.75737
G1 X102.877 Y103.485 E1.77556
G1 X102.474 Y103.954 E1.79649
G1 X102.126 Y104.415 E1.81604
G1 X101.824 Y104.869 E1.8345
G1 X101.354 Y105.724 E1.86753
G1 X101.04 Y106.413 E1.89316
G1 X100.694 Y107.443 E1.92994
G1 X100.53 Y108.126 E1.95372
G1 X100.448 Y108.713 E1.97378
G1 X100.889 Y108.495 E1.99043
G1 X100.93 Y108.202 E2.00044
G1 X101.086 Y107.554 E2.023
G1 X101.412 Y106.577 E2.05786
G1 X101.711 Y105.919 E2.08232
G1 X102.163 Y105.093 E2.11419
G1 X102.452 Y104.659 E2.13184
G1 X102.785 Y104.217 E2.15057
G1 X103.171 Y103.766 E2.17066
G1 X103.527 Y103.397 E2.18802
G1 X103.933 Y103.022 E2.20673
G1 X104.361 Y102.671 E2.22547
G1 X104.81 Y102.347 E2.24421
G1 X105.277 Y102.05 E2.26294
G1 X105.761 Y101.782 E2.28167
G1 X106.26 Y101.543 E2.3004
G1 X106.779 Y101.332 E2.31936
G1 X107.296 Y101.157 E2.33784
G1 X107.829 Y101.011 E2.35655
G1 X108.371 Y100.898 E2.37529
G1 X109.301 Y100.787 E2.40699
G1 X110.817 Y102.303 E2.47956
G1 X110.435 Y102.262 E2.49256
G1 X109.664 Y102.258 E2.51866
G1 X108.157 Y102.473 E2.57019
G1 X107.249 Y102.76 E2.60242
G1 X106.157 Y103.274 E2.64327
G1 X105.664 Y103.603 E2.66333
G1 X104.941 Y104.128 E2.69357
G1 X104.212 Y104.847 E2.72823
G1 X103.647 Y105.572 E2.75934
G1 X102.976 Y106.727 E2.80455
G1 X102.643 Y107.562 E2.83498
G1 X102.377 Y108.612 E2.87164
G1 X102.272 Y109.409 E2.89885
G1 X102.262 Y109.868 E2.91439
G1 X101.033 Y108.639 E2.97322
G1 X101.394 Y108.326 E2.98939
;WIDTH:0.589566
G1 X101.673 Y107.281 E3.03855
;WIDTH:0.593804
G1 X101.85 Y106.771 E3.06328
G1 X102.113 Y106.175 E3.09312
;WIDTH:0.596684
G1 X102.558 Y105.368 E3.13555
G1 X102.834 Y104.946 E3.15877
;WIDTH:0.596234
G1 X103.487 Y104.125 E3.20703
;WIDTH:0.594387
G1 X104.235 Y103.389 E3.25515
;WIDTH:0.598889
G1 X104.644 Y103.061 E3.27939
;WIDTH:0.599349
G1 X105.069 Y102.753 E3.30367
G1 X105.509 Y102.467 E3.32795
;WIDTH:0.597122
G1 X105.969 Y102.215 E3.35212
;WIDTH:0.598652
G1 X106.442 Y101.989 E3.37634
G1 X106.934 Y101.784 E3.40097
;WIDTH:0.596679
G1 X107.928 Y101.477 E3.44887
;WIDTH:0.60023
G1 X108.443 Y101.374 E3.47321
;WIDTH:0.602068
G1 X109.114 Y101.284 E3.50469
G1 X109.609 Y101.779 E3.53724
;WIDTH:0.602625
G1 X108.115 Y101.993 E3.60748
;WIDTH:0.596679
G1 X107.105 Y102.305 E3.65615
;WIDTH:0.598652
G1 X105.915 Y102.864 E3.7169
;WIDTH:0.599349
G1 X105.382 Y103.213 E3.74638
G1 X104.971 Y103.511 E3.76987
;WIDTH:0.598889
G1 X104.568 Y103.824 E3.79346
;WIDTH:0.588124
G1 X103.909 Y104.471 E3.83533
;WIDTH:0.596234
G1 X103.27 Y105.279 E3.88272
;WIDTH:0.596684
G1 X103.035 Y105.648 E3.90286
G1 X102.551 Y106.514 E3.94854
;WIDTH:0.593804
G1 X102.16 Y107.523 E3.99811
;WIDTH:0.589566
G1 X101.958 Y108.305 E4.03482
G1 X101.871 Y108.802 E4.05775
G1 X101.538 Y108.47 E4.07912
G1 E3.27912 F2100
G92 E0
G1 X106.113 Y116.135 F9000
G1 E.8 F2100
;WIDTH:0.38292
G1 F2400
G1 X106.247 Y116.234 E.80471
;WIDTH:0.41646
G1 X106.391 Y116.339 E.81025
;WIDTH:0.449999
G1 X106.535 Y116.444 E.81628
G1 X109.742 Y119.651 E.9698
G1 X110.316 Y119.649 E.98923
G1 X107.576 Y116.909 E1.12039
G1 X107.447 Y116.807 E1.12596
;WIDTH:0.41646
G1 X107.318 Y116.706 E1.13105
;WIDTH:0.38292
G1 X107.329 Y116.747 E1.13225
G1 X107.258 Y116.766 E1.13433
G1 X107.277 Y116.695 E1.13641
G1 X108.103 Y116.949 F9000
G1 F2400
G1 X108.084 Y117.02 E1.13849
G1 X108.155 Y117.001 E1.14057
G1 X108.144 Y116.96 E1.14177
;WIDTH:0.41646
G1 X108.273 Y117.059 E1.14682
;WIDTH:0.449999
G1 X108.402 Y117.159 E1.15234
G1 X110.859 Y119.616 E1.26996
G1 E.46996 F2100
G92 E0
G1 X109.247 Y117.428 F9000
G1 E.8 F2100
G1 F2400
G1 X111.291 Y119.473 E.89787
G1 X111.305 Y119.563 E.90095
G1 X111.973 Y119.45 E.92388
G1 X112.535 Y119.315 E.94344
G1 X113.05 Y119.158 E.96166
G1 X113.629 Y118.946 E.98253
G1 X114.157 Y118.713 E1.00206
G1 X114.638 Y118.466 E1.02036
G1 X115.168 Y118.154 E1.04118
G1 X115.598 Y117.863 E1.05875
G1 X116.104 Y117.479 E1.08025
G1 X116.541 Y117.101 E1.09981
G1 X116.899 Y116.751 E1.11676
G1 X117.342 Y116.269 E1.13892
G1 X117.678 Y115.85 E1.1571
G1 X118.038 Y115.347 E1.17804
G1 X118.322 Y114.891 E1.19622
G1 X118.636 Y114.313 E1.21849
G1 X118.863 Y113.826 E1.23668
G1 X119.076 Y113.289 E1.25623
G1 X119.257 Y112.74 E1.2758
G1 X119.404 Y112.182 E1.29533
G1 X119.516 Y111.625 E1.31456
G1 X119.598 Y111.037 E1.33466
G1 X119.643 Y110.46 E1.35425
G1 X119.508 Y110.419 E1.35903
G1 X117.044 Y107.955 E1.47698
G1 X117.187 Y108.497 E1.49595
G1 X117.325 Y109.475 E1.52938
G1 X117.337 Y110.318 E1.55792
G1 X117.282 Y110.868 E1.57663
G1 X117.141 Y111.629 E1.60283
G1 X117.028 Y112.122 E1.61995
G1 X116.749 Y112.892 E1.64767
G1 X116.366 Y113.661 E1.67675
G1 X115.883 Y114.395 E1.70649
G1 X115.342 Y115.038 E1.73493
G1 X114.333 Y115.928 E1.78047
G1 X113.489 Y116.457 E1.81419
G1 X112.396 Y116.942 E1.85467
G1 X111.597 Y117.167 E1.88277
G1 X110.237 Y117.339 E1.92917
G1 X109.354 Y117.315 E1.95907
G1 X109.103 Y117.284 E1.96763
G1 X110.14 Y117.746 F9000
G1 F2400
G1 X110.288 Y117.743 E1.97264
G1 X111.679 Y117.567 E2.0201
G1 X112.506 Y117.333 E2.04919
G1 X112.912 Y117.161 E2.06411
G1 X113.705 Y116.802 E2.09357
G1 X114.629 Y116.214 E2.13064
G1 X115.654 Y115.301 E2.1771
G1 X116.18 Y114.677 E2.20472
G1 X116.73 Y113.843 E2.23854
G1 X117.132 Y113.032 E2.26918
G1 X117.425 Y112.214 E2.29859
G1 X117.538 Y111.72 E2.31574
G1 X117.687 Y110.909 E2.34365
G1 X117.744 Y110.313 E2.36392
G1 X117.734 Y109.495 E2.39161
G1 X117.695 Y109.181 E2.40232
G1 X119.217 Y110.703 E2.47518
G1 X119.117 Y111.546 E2.50391
G1 X119.01 Y112.08 E2.52234
G1 X118.87 Y112.615 E2.54106
G1 X118.697 Y113.141 E2.5598
G1 X118.494 Y113.655 E2.57851
G1 X118.276 Y114.122 E2.59595
G1 X117.976 Y114.677 E2.6173
G1 X117.705 Y115.113 E2.63468
G1 X117.36 Y115.596 E2.65477
G1 X117.039 Y115.996 E2.67213
G1 X116.666 Y116.409 E2.69097
G1 X116.273 Y116.794 E2.70959
G1 X115.855 Y117.157 E2.72833
G1 X115.412 Y117.497 E2.74723
G1 X114.959 Y117.805 E2.76577
G1 X114.45 Y118.105 E2.78577
G1 X113.992 Y118.341 E2.80321
G1 X113.486 Y118.565 E2.82194
G1 X112.93 Y118.769 E2.84199
G1 X112.056 Y119.013 E2.87271
G1 X111.514 Y119.12 E2.89141
G1 X110.284 Y117.89 E2.95029
G1 X111.179 Y118.111 F9000
;WIDTH:0.589495
G1 F2400
G1 X111.852 Y118.013 E2.9812
;WIDTH:0.588064
G1 X112.636 Y117.792 E3.01812
;WIDTH:0.598242
G1 X113.107 Y117.601 E3.04159
G1 X113.991 Y117.187 E3.08666
;WIDTH:0.591692
G1 X114.802 Y116.677 E3.13038
;WIDTH:0.599479
G1 X115.206 Y116.347 E3.15452
;WIDTH:0.60075
G1 X116.017 Y115.608 E3.20541
;WIDTH:0.587136
G1 X116.563 Y114.961 E3.24372
;WIDTH:0.593734
G1 X117.156 Y114.056 E3.29327
;WIDTH:0.588119
G1 X117.579 Y113.195 E3.33676
;WIDTH:0.589724
G1 X117.89 Y112.321 E3.37894
;WIDTH:0.597167
G1 X118.007 Y111.827 E3.40234
G1 X118.163 Y110.958 E3.44303
;WIDTH:0.591529
G1 X118.219 Y110.381 E3.46947
G1 X118.721 Y110.919 E3.50304
G1 X118.649 Y111.454 E3.52767
;WIDTH:0.597167
G1 X118.416 Y112.467 E3.57557
;WIDTH:0.59364
G1 X118.252 Y112.966 E3.59962
G1 X118.069 Y113.44 E3.62289
;WIDTH:0.593239
G1 X117.591 Y114.395 E3.67176
;WIDTH:0.593734
G1 X117.013 Y115.268 E3.71971
;WIDTH:0.593304
G1 X116.684 Y115.676 E3.7437
G1 X116.332 Y116.069 E3.76785
;WIDTH:0.60075
G1 X115.561 Y116.776 E3.81637
;WIDTH:0.599479
G1 X115.144 Y117.104 E3.84092
;WIDTH:0.597101
G1 X114.263 Y117.663 E3.889
;WIDTH:0.597748
G1 X113.796 Y117.902 E3.9132
;WIDTH:0.598242
G1 X113.317 Y118.114 E3.93739
G1 X112.821 Y118.305 E3.96193
;WIDTH:0.593698
G1 X112.325 Y118.454 E3.98565
G1 X111.674 Y118.606 E4.01627
;WIDTH:0.589495
G1 X111.323 Y118.255 E4.03883
G1 E3.23883 F2100
G92 E0
G1 X119.652 Y109.987 F9000
G1 E.8 F2100
;WIDTH:0.449999
G1 F2400
G1 X116.72 Y107.055 E.94035
G1 E.14035 F2100
G92 E0
G1 X113.283 Y103.47 F9000
G1 E.8 F2100
;WIDTH:0.38292
G1 F2400
G1 X113.294 Y103.511 E.8012
G1 X113.223 Y103.531 E.80329
G1 X113.242 Y103.459 E.8054
;WIDTH:0.41646
G1 X113.104 Y103.38 E.81034
;WIDTH:0.449999
G1 X112.965 Y103.3 E.81577
G1 X110.02 Y100.356 E.95672
G1 X110.622 Y100.382 E.97712
G1 X114.309 Y104.069 E1.15361
G1 X114.453 Y104.194 E1.16006
;WIDTH:0.423186
G1 X114.597 Y104.319 E1.16609
;WIDTH:0.396372
G1 X115.073 Y104.762 E1.1852
;WIDTH:0.405566
G1 X115.684 Y105.412 E1.2121
;WIDTH:0.449999
G1 X115.941 Y105.7 E1.22517
G1 X119.633 Y109.392 E1.4019
G1 X119.666 Y109.198 E1.40856
;WIDTH:0.41646
G1 X119.699 Y109.004 E1.41467
;WIDTH:0.38292
G1 X119.68 Y109.075 E1.41675
G1 X119.751 Y109.056 E1.41883
G1 X119.74 Y109.015 E1.42003
;WIDTH:0.449999
G1 X119.573 Y108.757 E1.43043
G1 X111.244 Y100.428 E1.82913
G1 X111.97 Y100.396 E1.85373
;WIDTH:0.38292
G1 X112.556 Y100.544 E1.87082
;WIDTH:0.449999
G1 X111.938 Y100.546 E1.89174
G1 X119.457 Y108.065 E2.25167
G1 X119.5 Y107.919 E2.25682
;WIDTH:0.41646
G1 X119.543 Y107.773 E2.26155
;WIDTH:0.38292
G1 X119.465 Y107.456 E2.27078
;WIDTH:0.449999
G1 X119.264 Y107.296 E2.27948
G1 X112.716 Y100.748 E2.59293
G1 X113.295 Y100.83 E2.61272
;WIDTH:0.38292
G1 X113.276 Y100.901 E2.6148
G1 X113.347 Y100.882 E2.61688
G1 X113.336 Y100.841 E2.61808
;WIDTH:0.41646
G1 X113.465 Y100.946 E2.62325
;WIDTH:0.449999
G1 X113.594 Y101.05 E2.62886
G1 X118.966 Y106.423 E2.88604
G1 X119.073 Y106.552 E2.89171
;WIDTH:0.41646
G1 X119.181 Y106.681 E2.89694
;WIDTH:0.38292
G1 X119.192 Y106.722 E2.89814
G1 X119.12 Y106.741 E2.90025
G1 X119.14 Y106.67 E2.90234
G1 X118.646 Y105.573 F9000
G1 F2400
G1 X118.627 Y105.644 E2.90442
G1 X118.698 Y105.625 E2.9065
G1 X118.687 Y105.584 E2.9077
;WIDTH:0.41646
G1 X118.566 Y105.455 E2.91319
;WIDTH:0.449999
G1 X114.549 Y101.438 E3.10548
;WIDTH:0.41646
G1 X114.42 Y101.318 E3.11095
;WIDTH:0.38292
G1 X114.431 Y101.359 E3.11215
G1 X114.36 Y101.378 E3.11423
G1 X114.379 Y101.307 E3.11631
G1 X115.497 Y101.942 F9000
G1 F2400
G1 X115.91 Y102.295 E3.13167
;WIDTH:0.399292
G1 X116.369 Y102.71 E3.15001
;WIDTH:0.420938
G1 X117.191 Y103.526 E3.18642
;WIDTH:0.407948
G1 X117.584 Y103.952 E3.20401
;WIDTH:0.38292
G1 X117.966 Y104.393 E3.2205
M106 S114.75
;LAYER_CHANGE
;Z:0.8
;HEIGHT:0.2
G1 E2.4205 F2100
G92 E0
G1 Z.8 F9000
G1 X107.706 Y116.622
G1 E.8 F2100
;TYPE:Perimeter
;WIDTH:0.449999
G1 F2700
G1 X107.275 Y116.488 E.81528
G1 X106.626 Y116.176 E.83965
G1 X105.868 Y115.695 E.87004
G1 X104.836 Y114.78 E.91672
G1 X104.404 Y114.268 E.9394
G1 X104.118 Y113.847 E.95663
G1 X103.862 Y113.439 E.97293
G1 X103.408 Y112.459 E1.00949
G1 X103.121 Y111.477 E1.04412
G1 X102.976 Y110.406 E1.0807
G1 X103.011 Y109.266 E1.11931
G1 X103.11 Y108.613 E1.14167
G1 X103.316 Y107.799 E1.17009
G1 X103.59 Y107.095 E1.19566
G1 X104.281 Y105.899 E1.24241
G1 X104.729 Y105.336 E1.26676
G1 X105.324 Y104.741 E1.29524
G1 X105.717 Y104.416 E1.3125
G1 X106.34 Y103.989 E1.33807
G1 X107.082 Y103.596 E1.36649
G1 X108.361 Y103.155 E1.41228
G1 X109.099 Y103.02 E1.43767
G1 X109.607 Y102.974 E1.45494
G1 X110.163 Y102.971 E1.47376
G1 X110.868 Y103.025 E1.49769
G1 X111.346 Y103.094 E1.51404
G1 X112.387 Y103.382 E1.5506
G1 X113.322 Y103.798 E1.58524
G1 X114.232 Y104.379 E1.62179
G1 X114.957 Y105.03 E1.65477
G1 X115.271 Y105.337 E1.66963
G1 X115.72 Y105.899 E1.69398
G1 X116.168 Y106.611 E1.72245
G1 X116.397 Y107.067 E1.73972
G1 X116.675 Y107.77 E1.76531
G1 X116.893 Y108.58 E1.7937
G1 X117.013 Y109.413 E1.82219
G1 X117.029 Y110.311 E1.85259
G1 X116.952 Y111.095 E1.87926
G1 X116.772 Y111.915 E1.90768
G1 X116.616 Y112.4 E1.92492
G1 X116.399 Y112.912 E1.94374
G1 X116.072 Y113.54 E1.96771
G1 X115.821 Y113.952 E1.98404
G1 X115.148 Y114.796 E2.02058
G1 X114.424 Y115.45 E2.0536
G1 X114.087 Y115.729 E2.06841
G1 X113.48 Y116.117 E2.0928
G1 X112.621 Y116.512 E2.1248
G1 X112.217 Y116.679 E2.1396
G1 X111.523 Y116.871 E2.16397
G1 X110.149 Y117.036 E2.21081
G1 X109.43 Y117.015 E2.23516
G1 X108.596 Y116.896 E2.26368
G1 X107.763 Y116.639 E2.29319
G1 X107.848 Y116.244 F9000
G1 F2700
G1 X107.451 Y116.122 E2.30725
G1 X106.803 Y115.81 E2.33159
G1 X106.089 Y115.353 E2.36028
G1 X105.147 Y114.517 E2.40291
G1 X104.715 Y114.006 E2.42556
G1 X104.276 Y113.347 E2.45236
G1 X103.828 Y112.397 E2.48791
G1 X103.636 Y111.829 E2.5082
G1 X103.524 Y111.422 E2.52249
G1 X103.379 Y110.352 E2.55904
G1 X103.418 Y109.284 E2.59521
G1 X103.509 Y108.692 E2.61548
G1 X103.705 Y107.916 E2.64257
G1 X103.968 Y107.244 E2.667
G1 X104.599 Y106.153 E2.70966
G1 X105.048 Y105.59 E2.73404
G1 X105.61 Y105.031 E2.76087
G1 X105.999 Y104.713 E2.77788
G1 X106.569 Y104.326 E2.8012
G1 X107.27 Y103.957 E2.82801
G1 X108.446 Y103.553 E2.8701
G1 X109.172 Y103.421 E2.89508
G1 X109.682 Y103.377 E2.91241
G1 X110.362 Y103.379 E2.93543
G1 X111.148 Y103.469 E2.96221
G1 X112.364 Y103.805 E3.00491
G1 X113.022 Y104.098 E3.02929
G1 X113.771 Y104.568 E3.05922
G1 X114.099 Y104.789 E3.07261
G1 X114.89 Y105.523 E3.10914
G1 X115.401 Y106.153 E3.1366
G1 X115.822 Y106.825 E3.16344
G1 X116.045 Y107.275 E3.18044
G1 X116.296 Y107.917 E3.20377
G1 X116.499 Y108.683 E3.23059
G1 X116.61 Y109.468 E3.25743
G1 X116.622 Y110.315 E3.2861
G1 X116.547 Y111.052 E3.31118
G1 X116.375 Y111.824 E3.33795
G1 X116.215 Y112.31 E3.35527
G1 X115.946 Y112.935 E3.3783
G1 X115.554 Y113.623 E3.4051
G1 X114.754 Y114.621 E3.44839
G1 X113.941 Y115.332 E3.48495
G1 X113.261 Y115.774 E3.5124
G1 X112.456 Y116.14 E3.54233
G1 X112.108 Y116.287 E3.55512
G1 X111.414 Y116.479 E3.57949
G1 X110.162 Y116.629 E3.62217
G1 X109.442 Y116.608 E3.64655
G1 X108.657 Y116.494 E3.6734
G1 X107.905 Y116.262 E3.70004
G1 X107.989 Y115.869 F9000
;TYPE:External perimeter
G1 F1500
G1 X107.656 Y115.766 E3.71184
G1 X106.98 Y115.443 E3.7372
G1 X106.31 Y115.011 E3.76418
G1 X105.458 Y114.255 E3.80274
G1 X105.026 Y113.743 E3.82542
G1 X104.615 Y113.123 E3.8506
G1 X104.197 Y112.226 E3.8841
G1 X104.027 Y111.715 E3.90233
G1 X103.892 Y111.103 E3.92354
G1 X103.783 Y110.297 E3.95107
G1 X103.824 Y109.303 E3.98474
G1 X103.909 Y108.77 E4.00301
G1 X104.095 Y108.033 E4.02874
G1 X104.347 Y107.394 E4.05199
G1 X104.772 Y106.654 E4.08088
G1 X105.141 Y106.125 E4.10271
G1 X105.639 Y105.573 E4.12787
G1 X106.229 Y105.049 E4.15458
G1 X106.797 Y104.662 E4.17784
G1 X107.457 Y104.318 E4.20303
G1 X108.53 Y103.951 E4.24142
G1 X109.244 Y103.821 E4.26599
G1 X110.161 Y103.785 E4.29705
G1 X110.771 Y103.834 E4.31776
G1 X111.405 Y103.955 E4.33961
G1 X112.17 Y104.166 E4.36647
G1 X112.857 Y104.469 E4.39189
G1 X113.822 Y105.088 E4.4307
G1 X114.613 Y105.822 E4.46723
G1 X115.083 Y106.407 E4.49263
G1 X115.476 Y107.039 E4.51782
G1 X115.784 Y107.725 E4.54327
G1 X116.014 Y108.437 E4.5686
G1 X116.158 Y109.166 E4.59375
G1 X116.211 Y109.894 E4.61846
G1 X116.182 Y110.645 E4.6439
G1 X116.058 Y111.383 E4.66923
G1 X115.848 Y112.129 E4.69546
G1 X115.651 Y112.59 E4.71243
G1 X115.367 Y113.132 E4.73314
G1 X115.006 Y113.668 E4.75501
G1 X114.511 Y114.288 E4.78186
G1 X113.889 Y114.837 E4.80994
G1 X113.345 Y115.237 E4.8328
G1 X112.754 Y115.561 E4.85561
G1 X112.029 Y115.884 E4.88248
G1 X111.306 Y116.086 E4.90789
G1 X110.488 Y116.187 E4.93579
G1 X109.814 Y116.211 E4.95862
G1 X109.074 Y116.145 E4.98377
G1 X108.415 Y116 E5.00661
G1 X108.046 Y115.886 E5.01968
G1 X107.666 Y115.762 F9000
G1 E4.21968 F2100
G92 E0
G1 X102.43 Y116.458 F9000
G1 E.8 F2100
;TYPE:Perimeter
G1 F2700
G1 X102.275 Y116.281 E.80796
G1 X101.681 Y115.477 E.8418
G1 X101.374 Y114.98 E.86157
G1 X101.095 Y114.462 E.88149
G1 X100.767 Y113.725 E.9088
G1 X100.436 Y112.782 E.94263
G1 X100.289 Y112.216 E.96242
G1 X100.176 Y111.64 E.98229
G1 X100.08 Y110.838 E1.00963
G1 X100.042 Y109.847 E1.0432
G1 X100.09 Y109.053 E1.07012
G1 X100.23 Y108.063 E1.10396
G1 X100.36 Y107.494 E1.12372
G1 X100.527 Y106.922 E1.14389
G1 X100.725 Y106.369 E1.16377
G1 X101.054 Y105.631 E1.19112
G1 X101.534 Y104.754 E1.22496
G1 X101.855 Y104.267 E1.2447
G1 X102.213 Y103.79 E1.26489
G1 X102.598 Y103.335 E1.28506
G1 X103.01 Y102.904 E1.30524
G1 X103.447 Y102.499 E1.32541
G1 X103.907 Y102.121 E1.34556
G1 X104.389 Y101.77 E1.36574
G1 X104.891 Y101.45 E1.38589
G1 X105.412 Y101.159 E1.40609
G1 X105.949 Y100.901 E1.42626
G1 X106.5 Y100.675 E1.44642
G1 X107.064 Y100.482 E1.4666
G1 X107.639 Y100.324 E1.48678
G1 X108.222 Y100.2 E1.50696
G1 X108.811 Y100.111 E1.52712
G1 X109.396 Y100.058 E1.547
G1 X110.204 Y100.047 E1.57435
G1 X111.262 Y100.122 E1.61025
G1 X111.894 Y100.224 E1.63192
G1 X112.404 Y100.335 E1.64959
G1 X112.978 Y100.496 E1.66977
G1 X113.609 Y100.72 E1.69243
G1 X114.091 Y100.92 E1.71009
G1 X114.691 Y101.217 E1.73275
G1 X115.146 Y101.473 E1.75042
G1 X115.646 Y101.796 E1.77057
G1 X116.184 Y102.196 E1.79326
G1 X116.586 Y102.529 E1.81093
G1 X117.021 Y102.936 E1.83109
G1 X117.478 Y103.425 E1.85375
G1 X117.814 Y103.825 E1.87143
G1 X118.21 Y104.365 E1.8941
G1 X118.495 Y104.802 E1.91176
G1 X118.832 Y105.402 E1.93505
G1 X119.055 Y105.853 E1.95208
G1 X119.287 Y106.402 E1.97225
G1 X119.506 Y107.035 E1.99492
G1 X119.65 Y107.537 E2.0126
G1 X119.792 Y108.191 E2.03525
G1 X119.875 Y108.707 E2.05294
G1 X119.938 Y109.373 E2.07558
G1 X119.959 Y109.895 E2.09326
G1 X119.95 Y110.447 E2.11195
G1 X119.906 Y111.041 E2.13211
G1 X119.826 Y111.632 E2.1523
G1 X119.711 Y112.216 E2.17245
G1 X119.561 Y112.793 E2.19263
G1 X119.379 Y113.352 E2.21253
G1 X119.072 Y114.099 E2.23987
G1 X118.62 Y114.99 E2.27369
G1 X118.313 Y115.487 E2.29346
G1 X117.97 Y115.974 E2.31362
G1 X117.598 Y116.44 E2.3338
G1 X117.199 Y116.883 E2.35398
G1 X116.775 Y117.301 E2.37413
G1 X116.326 Y117.694 E2.39433
G1 X115.855 Y118.058 E2.41448
G1 X115.362 Y118.394 E2.43467
G1 X114.851 Y118.699 E2.45481
G1 X114.322 Y118.974 E2.47499
G1 X113.777 Y119.216 E2.49517
G1 X113.219 Y119.426 E2.51535
G1 X112.65 Y119.601 E2.5355
G1 X112.071 Y119.743 E2.55568
G1 X111.485 Y119.849 E2.57584
G1 X110.893 Y119.92 E2.59602
G1 X110.298 Y119.956 E2.6162
G1 X109.702 Y119.956 E2.63637
G1 X109.107 Y119.92 E2.65655
G1 X108.515 Y119.849 E2.67673
G1 X107.929 Y119.743 E2.69689
G1 X107.35 Y119.601 E2.71707
G1 X106.781 Y119.426 E2.73722
G1 X106.223 Y119.216 E2.7574
G1 X105.678 Y118.974 E2.77758
G1 X105.149 Y118.699 E2.79776
G1 X104.638 Y118.394 E2.8179
G1 X104.145 Y118.058 E2.83809
G1 X103.674 Y117.694 E2.85824
G1 X103.225 Y117.301 E2.87844
G1 X102.806 Y116.889 E2.89833
G1 X102.47 Y116.503 E2.91565
G1 X102.112 Y116.712 F9000
G1 F2700
G1 X101.958 Y116.536 E2.92357
G1 X101.344 Y115.705 E2.95854
G1 X101.021 Y115.184 E2.97929
G1 X100.73 Y114.642 E3.00011
G1 X100.389 Y113.875 E3.02852
G1 X100.047 Y112.9 E3.06349
G1 X99.892 Y112.307 E3.08424
G1 X99.773 Y111.703 E3.10508
G1 X99.674 Y110.87 E3.13347
G1 X99.634 Y109.843 E3.16826
G1 X99.684 Y109.012 E3.19644
G1 X99.829 Y107.989 E3.23141
G1 X99.966 Y107.392 E3.25214
G1 X100.14 Y106.796 E3.27316
G1 X100.347 Y106.217 E3.29397
G1 X100.689 Y105.45 E3.3224
G1 X101.184 Y104.544 E3.35735
G1 X101.522 Y104.032 E3.37812
G1 X101.894 Y103.536 E3.39911
G1 X102.295 Y103.063 E3.4201
G1 X102.724 Y102.614 E3.44112
G1 X103.179 Y102.192 E3.46213
G1 X103.658 Y101.798 E3.48312
G1 X104.16 Y101.434 E3.50411
G1 X104.682 Y101.1 E3.52509
G1 X105.224 Y100.798 E3.54609
G1 X105.783 Y100.529 E3.56709
G1 X106.357 Y100.293 E3.5881
G1 X106.944 Y100.093 E3.60909
G1 X107.542 Y99.928 E3.63009
G1 X108.149 Y99.799 E3.6511
G1 X108.762 Y99.707 E3.67208
G1 X109.375 Y99.651 E3.69292
G1 X110.214 Y99.639 E3.72132
G1 X111.322 Y99.719 E3.75892
G1 X111.978 Y99.826 E3.78142
G1 X112.512 Y99.943 E3.79992
G1 X113.109 Y100.111 E3.82091
G1 X113.764 Y100.343 E3.84443
G1 X114.267 Y100.553 E3.86288
G1 X114.889 Y100.861 E3.88637
G1 X115.365 Y101.13 E3.90488
G1 X115.886 Y101.467 E3.92588
G1 X116.443 Y101.881 E3.94937
G1 X116.862 Y102.231 E3.96785
G1 X117.315 Y102.655 E3.98885
G1 X117.789 Y103.162 E4.01234
G1 X118.139 Y103.581 E4.03082
G1 X118.549 Y104.141 E4.05431
G1 X118.848 Y104.598 E4.0728
G1 X119.196 Y105.219 E4.0969
G1 X119.429 Y105.693 E4.11478
G1 X119.67 Y106.265 E4.13579
G1 X119.897 Y106.921 E4.15929
G1 X120.047 Y107.446 E4.17777
G1 X120.193 Y108.125 E4.20128
G1 X120.28 Y108.664 E4.21976
G1 X120.344 Y109.355 E4.24325
G1 X120.366 Y109.901 E4.26175
G1 X120.357 Y110.465 E4.28084
G1 X120.311 Y111.084 E4.30185
G1 X120.228 Y111.698 E4.32282
G1 X120.108 Y112.307 E4.34383
G1 X119.952 Y112.907 E4.36481
G1 X119.761 Y113.493 E4.38567
G1 X119.443 Y114.269 E4.41406
G1 X118.975 Y115.19 E4.44903
G1 X118.653 Y115.712 E4.46979
G1 X118.295 Y116.219 E4.4908
G1 X117.909 Y116.704 E4.51178
G1 X117.494 Y117.165 E4.53278
G1 X117.052 Y117.6 E4.55377
G1 X116.585 Y118.008 E4.57476
G1 X116.094 Y118.388 E4.59578
G1 X115.581 Y118.737 E4.61678
G1 X115.049 Y119.055 E4.63776
G1 X114.498 Y119.341 E4.65877
G1 X113.932 Y119.593 E4.67974
G1 X113.351 Y119.811 E4.70074
G1 X112.758 Y119.994 E4.72175
G1 X112.156 Y120.141 E4.74273
G1 X111.545 Y120.252 E4.76375
G1 X110.929 Y120.326 E4.78475
G1 X110.31 Y120.363 E4.80574
G1 X109.69 Y120.363 E4.82673
G1 X109.071 Y120.326 E4.84772
G1 X108.455 Y120.252 E4.86872
G1 X107.844 Y120.141 E4.88974
G1 X107.242 Y119.994 E4.91072
G1 X106.649 Y119.811 E4.93173
G1 X106.068 Y119.593 E4.95273
G1 X105.502 Y119.341 E4.9737
G1 X104.951 Y119.055 E4.99471
G1 X104.419 Y118.737 E5.01569
G1 X103.906 Y118.388 E5.03669
G1 X103.415 Y118.008 E5.05771
G1 X102.948 Y117.6 E5.0787
G1 X102.51 Y117.168 E5.09952
G1 X102.151 Y116.757 E5.11799
G1 X101.793 Y116.966 F9000
;TYPE:External perimeter
G1 F1800
G1 X101.64 Y116.791 E5.12586
G1 X101.006 Y115.934 E5.16194
G1 X100.669 Y115.387 E5.18369
G1 X100.364 Y114.821 E5.20545
G1 X100.01 Y114.025 E5.23494
G1 X99.657 Y113.019 E5.27103
G1 X99.495 Y112.398 E5.29275
G1 X99.371 Y111.767 E5.31452
G1 X99.267 Y110.902 E5.34401
G1 X99.226 Y109.838 E5.38005
G1 X99.279 Y108.971 E5.40945
G1 X99.429 Y107.915 E5.44555
G1 X99.572 Y107.289 E5.46729
G1 X99.752 Y106.67 E5.48911
G1 X99.969 Y106.065 E5.51087
G1 X100.324 Y105.27 E5.54034
G1 X100.835 Y104.334 E5.57644
G1 X101.189 Y103.798 E5.59818
G1 X101.576 Y103.282 E5.62001
G1 X101.993 Y102.79 E5.64184
G1 X102.438 Y102.324 E5.66365
G1 X102.911 Y101.886 E5.68547
G1 X103.409 Y101.476 E5.7073
G1 X103.93 Y101.097 E5.72911
G1 X104.474 Y100.75 E5.75095
G1 X105.037 Y100.436 E5.77277
G1 X105.617 Y100.157 E5.79456
G1 X106.214 Y99.912 E5.8164
G1 X106.824 Y99.704 E5.83822
G1 X107.445 Y99.532 E5.86003
G1 X108.076 Y99.398 E5.88186
G1 X108.714 Y99.302 E5.9037
G1 X109.354 Y99.245 E5.92545
G1 X110.225 Y99.232 E5.95494
G1 X111.383 Y99.317 E5.99424
G1 X112.063 Y99.428 E6.01756
G1 X112.62 Y99.55 E6.03686
G1 X113.241 Y99.726 E6.05871
G1 X113.918 Y99.966 E6.08302
G1 X114.444 Y100.186 E6.10232
G1 X115.088 Y100.506 E6.12666
G1 X115.584 Y100.787 E6.14596
G1 X116.125 Y101.138 E6.16779
G1 X116.701 Y101.567 E6.1921
G1 X117.139 Y101.932 E6.2114
G1 X117.609 Y102.374 E6.23324
G1 X118.099 Y102.899 E6.25755
G1 X118.465 Y103.337 E6.27687
G1 X118.889 Y103.916 E6.30116
G1 X119.2 Y104.395 E6.32049
G1 X119.56 Y105.037 E6.3454
G1 X119.853 Y105.648 E6.36834
G1 X120.053 Y106.128 E6.38594
G1 X120.287 Y106.807 E6.41025
G1 X120.443 Y107.356 E6.42957
G1 X120.595 Y108.058 E6.45388
G1 X120.685 Y108.621 E6.47318
G1 X120.751 Y109.337 E6.49752
G1 X120.773 Y109.907 E6.51683
G1 X120.764 Y110.483 E6.53633
G1 X120.716 Y111.126 E6.55816
G1 X120.629 Y111.765 E6.57999
G1 X120.505 Y112.398 E6.60182
G1 X120.343 Y113.022 E6.62364
G1 X120.144 Y113.633 E6.64539
G1 X119.813 Y114.439 E6.67488
G1 X119.33 Y115.389 E6.71095
G1 X118.992 Y115.936 E6.73271
G1 X118.621 Y116.463 E6.75453
G1 X118.219 Y116.967 E6.77635
G1 X117.788 Y117.446 E6.79816
G1 X117.329 Y117.899 E6.81999
G1 X116.843 Y118.323 E6.84182
G1 X116.333 Y118.717 E6.86363
G1 X115.801 Y119.08 E6.88543
G1 X115.247 Y119.411 E6.90727
G1 X114.675 Y119.708 E6.92909
G1 X114.086 Y119.97 E6.95091
G1 X113.483 Y120.197 E6.97272
G1 X112.867 Y120.387 E6.99454
G1 X112.24 Y120.539 E7.01638
G1 X111.606 Y120.655 E7.0382
G1 X110.966 Y120.732 E7.06002
G1 X110.322 Y120.77 E7.08186
G1 X109.678 Y120.77 E7.10366
G1 X109.034 Y120.732 E7.1255
G1 X108.394 Y120.655 E7.14732
G1 X107.76 Y120.539 E7.16914
G1 X107.133 Y120.387 E7.19098
G1 X106.517 Y120.197 E7.2128
G1 X105.914 Y119.97 E7.23461
G1 X105.325 Y119.708 E7.25643
G1 X104.753 Y119.411 E7.27825
G1 X104.199 Y119.08 E7.30009
G1 X103.667 Y118.717 E7.32189
G1 X103.157 Y118.323 E7.3437
G1 X102.671 Y117.899 E7.36553
G1 X102.213 Y117.447 E7.38731
G1 X101.832 Y117.011 E7.40691
G1 X101.578 Y116.702 F9000
G1 E6.60691 F2100
G92 E0
G1 X103.573 Y102.644 F9000
G1 E.8 F2100
;TYPE:Solid infill
;WIDTH:0.38292
G1 F2400
G1 X102.744 Y103.467 E.83302
G1 X103.427 Y102.785 E.86031
G1 X104.7 Y101.934 F9000
;WIDTH:0.449999
G1 F2400
G1 X101.937 Y104.697 E.99257
G1 X101.843 Y104.835 E.99822
;WIDTH:0.41646
G1 X101.749 Y104.974 E1.00343
;WIDTH:0.38292
G1 X101.678 Y104.955 E1.00551
G1 X101.697 Y105.026 E1.00759
G1 X101.738 Y105.015 E1.00879
G1 X101.079 Y106.251 F9000
G1 F2400
G1 X101.008 Y106.232 E1.01087
G1 X101.027 Y106.303 E1.01295
G1 X101.068 Y106.292 E1.01415
;WIDTH:0.41646
G1 X101.152 Y106.133 E1.01974
;WIDTH:0.449999
G1 X101.236 Y105.974 E1.02583
G1 X105.99 Y101.22 E1.2534
G1 X106.148 Y101.137 E1.25944
;WIDTH:0.41646
G1 X106.305 Y101.054 E1.26496
;WIDTH:0.38292
G1 X106.264 Y101.065 E1.26616
G1 X106.245 Y100.994 E1.26824
G1 X106.316 Y101.013 E1.27032
;WIDTH:0.449999
G1 X106.937 Y100.848 E1.29207
G1 X100.845 Y106.941 E1.58371
G1 X100.775 Y107.1 E1.58959
;WIDTH:0.41646
G1 X100.706 Y107.258 E1.59495
;WIDTH:0.38292
G1 X100.665 Y107.269 E1.59615
G1 X100.646 Y107.198 E1.59823
G1 X100.717 Y107.217 E1.60031
;WIDTH:0.449999
G1 X100.616 Y107.745 E1.61851
G1 X107.742 Y100.619 E1.95963
G1 X108.465 Y100.472 E1.9846
G1 X100.483 Y108.454 E2.36669
G1 X100.292 Y109.439 F9000
;WIDTH:0.38292
G1 F2400
G1 X100.251 Y109.45 E2.36789
G1 X100.232 Y109.379 E2.36997
G1 X100.303 Y109.398 E2.37205
;WIDTH:0.41646
G1 X100.347 Y109.26 E2.37655
;WIDTH:0.449999
G1 X100.391 Y109.121 E2.38149
G1 X109.123 Y100.389 E2.79949
G1 X109.728 Y100.36 E2.81999
G1 X106.568 Y103.52 E2.97126
G1 X106.424 Y103.632 E2.97743
;WIDTH:0.41646
G1 X106.28 Y103.743 E2.98308
;WIDTH:0.38292
G1 X105.656 Y104.245 E3.00572
G1 X107.3 Y103.316 F9000
G1 F2400
G1 X107.259 Y103.327 E3.00692
G1 X107.24 Y103.256 E3.009
G1 X107.311 Y103.275 E3.01108
;WIDTH:0.41646
G1 X107.434 Y103.191 E3.01571
;WIDTH:0.449999
G1 X107.558 Y103.106 E3.0208
G1 X110.305 Y100.359 E3.1523
G1 X110.845 Y100.395 E3.17062
G1 X108.401 Y102.839 E3.28761
G1 X108.279 Y102.918 E3.29253
;WIDTH:0.41646
G1 X108.157 Y102.997 E3.29704
;WIDTH:0.38292
G1 X108.086 Y102.977 E3.29913
G1 X108.105 Y103.049 E3.30124
G1 X108.146 Y103.038 E3.30244
G1 E2.50244 F2100
G92 E0
G1 X111.207 Y100.608 F9000
G1 E.8 F2100
;WIDTH:0.449999
G1 F2400
G1 X109.104 Y102.711 E.90067
G1 X109.66 Y102.666 E.91955
G1 X110.436 Y102.669 E.94582
G1 X111.262 Y102.766 E.97397
G1 X112.559 Y103.117 E1.01945
G1 X113.403 Y103.493 E1.05073
G1 X114.156 Y103.969 E1.08088
G1 X114.573 Y104.258 E1.09805
G1 X115.491 Y105.124 E1.14077
G1 X115.998 Y105.763 E1.16838
G1 X116.462 Y106.51 E1.19815
G1 X116.696 Y106.987 E1.21613
G1 X116.992 Y107.755 E1.24399
G1 X117.203 Y108.569 E1.27245
G1 X117.326 Y109.5 E1.30424
G1 X117.334 Y110.344 E1.33281
G1 X117.252 Y111.155 E1.3604
G1 X117.066 Y112.014 E1.39015
G1 X119.508 Y109.579 E1.50688
G1 X119.641 Y109.576 E1.51138
G1 X119.587 Y108.891 E1.53464
G1 X119.493 Y108.252 E1.5565
G1 X119.352 Y107.605 E1.57891
G1 X119.214 Y107.123 E1.59588
G1 X119 Y106.508 E1.61792
G1 X118.793 Y106.022 E1.6358
G1 X118.542 Y105.504 E1.65528
G1 X118.231 Y104.955 E1.67664
G1 X117.936 Y104.505 E1.69485
G1 X117.569 Y104.008 E1.71576
G1 X117.199 Y103.568 E1.73522
G1 X116.771 Y103.12 E1.75619
G1 X116.378 Y102.753 E1.77439
G1 X115.933 Y102.384 E1.79396
G1 X115.467 Y102.043 E1.81351
G1 X114.981 Y101.731 E1.83306
G1 X114.544 Y101.484 E1.85005
G1 X113.96 Y101.196 E1.87209
G1 X113.463 Y100.992 E1.89027
G1 X112.879 Y100.785 E1.91124
G1 X112.323 Y100.63 E1.93078
G1 X111.744 Y100.504 E1.95084
G1 X111.276 Y100.433 E1.96686
G1 X111.511 Y100.88 E1.98395
G1 X112.214 Y101.022 E2.00823
G1 X112.747 Y101.171 E2.02696
G1 X113.31 Y101.369 E2.04716
G1 X113.784 Y101.563 E2.0645
G1 X114.279 Y101.803 E2.08312
G1 X114.762 Y102.074 E2.10187
G1 X115.228 Y102.373 E2.12061
G1 X115.674 Y102.699 E2.13931
G1 X116.101 Y103.051 E2.15804
G1 X116.478 Y103.402 E2.17548
G1 X116.888 Y103.831 E2.19557
G1 X117.244 Y104.252 E2.21423
G1 X117.597 Y104.729 E2.23432
G1 X117.878 Y105.158 E2.25168
G1 X118.178 Y105.686 E2.27224
G1 X118.419 Y106.183 E2.29094
G1 X118.617 Y106.645 E2.30795
G1 X118.801 Y107.164 E2.32659
G1 X118.955 Y107.695 E2.3453
G1 X119.084 Y108.275 E2.36541
G1 X119.166 Y108.781 E2.38276
G1 X119.22 Y109.29 E2.40009
G1 X117.696 Y110.814 E2.47304
G1 X117.741 Y110.34 E2.48916
G1 X117.734 Y109.496 E2.51773
G1 X117.597 Y108.467 E2.55287
G1 X117.372 Y107.609 E2.58289
G1 X117.062 Y106.808 E2.61196
G1 X116.808 Y106.296 E2.63131
G1 X116.317 Y105.51 E2.66268
G1 X115.774 Y104.83 E2.69214
G1 X114.822 Y103.936 E2.73635
G1 X114.375 Y103.626 E2.75476
G1 X113.618 Y103.145 E2.78512
G1 X112.636 Y102.714 E2.82142
G1 X111.31 Y102.361 E2.86787
G1 X110.507 Y102.266 E2.89524
G1 X110.131 Y102.26 E2.90797
G1 X111.367 Y101.024 E2.96714
G1 X111.673 Y101.395 E2.98342
;WIDTH:0.600753
G1 X112.592 Y101.626 E3.02737
;WIDTH:0.59948
G1 X113.089 Y101.792 E3.05162
;WIDTH:0.595068
G1 X113.576 Y101.995 E3.07584
G1 X114.048 Y102.219 E3.09983
;WIDTH:0.598231
G1 X114.503 Y102.479 E3.12403
G1 X114.945 Y102.762 E3.14826
;WIDTH:0.597759
G1 X115.371 Y103.067 E3.17243
;WIDTH:0.598474
G1 X115.761 Y103.393 E3.19591
;WIDTH:0.600168
G1 X116.525 Y104.139 E3.24539
;WIDTH:0.593304
G1 X116.861 Y104.539 E3.2693
G1 X117.177 Y104.958 E3.29332
;WIDTH:0.593738
G1 X117.72 Y105.836 E3.3406
;WIDTH:0.588908
G1 X117.945 Y106.288 E3.36352
;WIDTH:0.593366
G1 X118.166 Y106.806 E3.3893
G1 X118.344 Y107.297 E3.4132
G1 X118.488 Y107.802 E3.43724
G1 X118.622 Y108.397 E3.46516
;WIDTH:0.592327
G1 X118.72 Y109.114 E3.49822
G1 X118.213 Y109.621 E3.53098
G1 X118.161 Y109.048 E3.55726
G1 X118.078 Y108.442 E3.5852
;WIDTH:0.593304
G1 X117.816 Y107.438 E3.63269
;WIDTH:0.588021
G1 X117.489 Y106.599 E3.6735
;WIDTH:0.587003
G1 X117.26 Y106.131 E3.69707
;WIDTH:0.593738
G1 X116.69 Y105.214 E3.74652
;WIDTH:0.587844
G1 X116.114 Y104.497 E3.78819
;WIDTH:0.600168
G1 X115.113 Y103.559 E3.85175
;WIDTH:0.597759
G1 X114.633 Y103.22 E3.87886
;WIDTH:0.598231
G1 X113.762 Y102.686 E3.92603
;WIDTH:0.588187
G1 X112.918 Y102.311 E3.9679
;WIDTH:0.59948
G1 X112.429 Y102.158 E3.99161
;WIDTH:0.600753
G1 X111.939 Y102.025 E4.01516
G1 X111.202 Y101.866 E4.05013
;WIDTH:0.593707
G1 X111.529 Y101.539 E4.07131
G1 E3.27131 F2100
G92 E0
G1 X104.024 Y105.918 F9000
G1 E.8 F2100
;WIDTH:0.38292
G1 F2400
G1 X103.762 Y106.259 E.81216
;WIDTH:0.41646
G1 X103.652 Y106.403 E.81779
;WIDTH:0.449999
G1 X103.541 Y106.547 E.82394
G1 X100.354 Y109.734 E.9765
G1 X100.365 Y110.299 E.99563
G1 X103.174 Y107.472 E1.13053
;WIDTH:0.41646
G1 X103.285 Y107.343 E1.13582
;WIDTH:0.38292
G1 X103.244 Y107.354 E1.13702
G1 X103.225 Y107.283 E1.1391
G1 X103.296 Y107.302 E1.14118
G1 X103.04 Y108.099 F9000
G1 F2400
G1 X102.969 Y108.08 E1.14326
G1 X102.988 Y108.151 E1.14534
G1 X103.029 Y108.14 E1.14654
;WIDTH:0.41646
G1 X102.935 Y108.269 E1.1515
;WIDTH:0.449999
G1 X102.842 Y108.398 E1.15688
G1 X100.389 Y110.851 E1.2743
G1 E.4743 F2100
G92 E0
G1 X102.575 Y109.241 F9000
G1 E.8 F2100
G1 F2400
G1 X100.533 Y111.283 E.89775
G1 X100.44 Y111.283 E.9009
G1 X100.555 Y111.984 E.92495
G1 X100.716 Y112.645 E.94798
G1 X100.935 Y113.28 E.97072
G1 X101.352 Y114.288 E1.00764
G1 X101.587 Y114.731 E1.02461
G1 X101.909 Y115.264 E1.04569
G1 X102.544 Y116.124 E1.08188
G1 X103.029 Y116.679 E1.10683
G1 X103.433 Y117.078 E1.12605
G1 X103.868 Y117.458 E1.1456
G1 X104.325 Y117.811 E1.16515
G1 X104.802 Y118.136 E1.18469
G1 X105.298 Y118.433 E1.20426
G1 X105.811 Y118.699 E1.22382
G1 X106.339 Y118.934 E1.24338
G1 X106.879 Y119.137 E1.26291
G1 X107.431 Y119.307 E1.28246
G1 X107.993 Y119.444 E1.30204
G1 X108.561 Y119.547 E1.32158
G1 X109.135 Y119.616 E1.34115
G1 X109.579 Y119.643 E1.35621
G1 X109.579 Y119.507 E1.36081
G1 X112.046 Y117.041 E1.47888
G1 X111.582 Y117.169 E1.49517
G1 X110.237 Y117.339 E1.54106
G1 X109.354 Y117.315 E1.57096
G1 X108.523 Y117.193 E1.59939
G1 X107.202 Y116.79 E1.64614
G1 X106.435 Y116.42 E1.67496
G1 X105.684 Y115.939 E1.70515
G1 X104.721 Y115.097 E1.74845
G1 X104.127 Y114.409 E1.77922
G1 X103.666 Y113.715 E1.80742
G1 X103.179 Y112.689 E1.84586
G1 X102.829 Y111.581 E1.88519
G1 X102.662 Y110.321 E1.92821
G1 X102.719 Y109.097 E1.96969
G1 X102.264 Y110.127 F9000
G1 F2400
G1 X102.261 Y110.393 E1.97869
G1 X102.427 Y111.646 E2.02147
G1 X102.766 Y112.768 E2.06114
G1 X103.283 Y113.863 E2.10213
G1 X103.819 Y114.675 E2.13506
G1 X104.413 Y115.363 E2.16583
G1 X104.729 Y115.648 E2.18023
G1 X105.464 Y116.281 E2.21306
G1 X106.192 Y116.75 E2.24237
G1 X107.112 Y117.191 E2.2769
G1 X108.374 Y117.576 E2.32156
G1 X109.342 Y117.722 E2.3547
G1 X110.288 Y117.743 E2.38673
G1 X110.837 Y117.674 E2.40546
G1 X109.293 Y119.218 E2.47937
G1 X108.6 Y119.14 E2.50298
G1 X108.053 Y119.04 E2.5218
G1 X107.518 Y118.908 E2.54045
G1 X106.99 Y118.743 E2.55917
G1 X106.434 Y118.531 E2.57931
G1 X105.968 Y118.321 E2.59661
G1 X105.443 Y118.045 E2.61669
G1 X105.003 Y117.78 E2.63408
G1 X104.505 Y117.435 E2.65459
G1 X104.11 Y117.128 E2.67152
G1 X103.694 Y116.763 E2.69025
G1 X103.279 Y116.347 E2.71014
G1 X102.558 Y115.464 E2.74873
G1 X102.255 Y115.05 E2.7661
G1 X101.979 Y114.601 E2.78394
G1 X101.724 Y114.122 E2.80231
G1 X101.319 Y113.145 E2.83811
G1 X101.11 Y112.543 E2.85968
G1 X100.98 Y112.036 E2.8774
G1 X100.878 Y111.513 E2.89544
G1 X102.12 Y110.271 E2.95489
G1 X101.885 Y111.179 F9000
;WIDTH:0.587457
G1 F2400
G1 X101.965 Y111.764 E2.98162
;WIDTH:0.596535
G1 X102.108 Y112.273 E3.00596
G1 X102.378 Y113.066 E3.04452
;WIDTH:0.591947
G1 X102.852 Y114.067 E3.09508
;WIDTH:0.592744
G1 X103.125 Y114.503 E3.1186
G1 X103.626 Y115.183 E3.15721
;WIDTH:0.591668
G1 X104.051 Y115.675 E3.18688
;WIDTH:0.600469
G1 X104.411 Y116.011 E3.20971
G1 X105.129 Y116.628 E3.2536
;WIDTH:0.594455
G1 X106.051 Y117.216 E3.30375
;WIDTH:0.587355
G1 X106.849 Y117.599 E3.34382
;WIDTH:0.600507
G1 X107.339 Y117.764 E3.36779
;WIDTH:0.601227
G1 X108.393 Y118.066 E3.41869
;WIDTH:0.589367
G1 X109.054 Y118.166 E3.44907
G1 X109.628 Y118.208 E3.47522
G1 X109.113 Y118.723 E3.50831
;WIDTH:0.593306
G1 X108.166 Y118.577 E3.55216
;WIDTH:0.601227
G1 X107.159 Y118.292 E3.60074
;WIDTH:0.600507
G1 X106.666 Y118.113 E3.62506
;WIDTH:0.593739
G1 X106.188 Y117.896 E3.6491
G1 X105.721 Y117.657 E3.67313
;WIDTH:0.594455
G1 X104.838 Y117.091 E3.72123
;WIDTH:0.600388
G1 X104.427 Y116.765 E3.74555
G1 X104.032 Y116.419 E3.76989
G1 X103.638 Y116.033 E3.79546
;WIDTH:0.58979
G1 X102.979 Y115.24 E3.84235
;WIDTH:0.592744
G1 X102.668 Y114.809 E3.86665
G1 X102.398 Y114.376 E3.88998
;WIDTH:0.59978
G1 X102.164 Y113.927 E3.91342
G1 X101.766 Y112.988 E3.96064
;WIDTH:0.596535
G1 X101.575 Y112.422 E3.98814
G1 X101.393 Y111.671 E4.02371
;WIDTH:0.587457
G1 X101.741 Y111.323 E4.04599
G1 E3.24599 F2100
G92 E0
G1 X110.011 Y119.651 F9000
G1 E.8 F2100
;WIDTH:0.449999
G1 F2400
G1 X112.974 Y116.688 E.94184
G1 E.14184 F2100
G92 E0
G1 X116.547 Y113.268 F9000
G1 E.8 F2100
;WIDTH:0.38292
G1 F2400
G1 X116.506 Y113.279 E.8012
G1 X116.487 Y113.208 E.80328
G1 X116.558 Y113.227 E.80536
;WIDTH:0.41646
G1 X116.635 Y113.089 E.81027
;WIDTH:0.449999
G1 X116.712 Y112.95 E.81565
G1 X119.652 Y110.01 E.95639
G1 X119.632 Y110.605 E.97654
G1 X115.878 Y114.36 E1.15627
G1 X115.622 Y114.648 E1.16931
;WIDTH:0.404864
G1 X115.287 Y115.023 E1.18444
;WIDTH:0.410782
G1 X114.557 Y115.709 E1.21508
;WIDTH:0.449999
G1 X114.269 Y115.969 E1.22821
G1 X110.606 Y119.632 E1.40356
G1 X110.801 Y119.666 E1.41026
;WIDTH:0.41646
G1 X110.996 Y119.7 E1.41641
;WIDTH:0.38292
G1 X110.925 Y119.681 E1.41849
G1 X110.944 Y119.752 E1.42057
G1 X110.985 Y119.741 E1.42177
;WIDTH:0.449999
G1 X111.243 Y119.571 E1.43223
G1 X119.57 Y111.243 E1.83086
G1 X119.455 Y111.934 E1.85457
G1 X111.931 Y119.458 E2.21474
G1 X111.957 Y119.531 E2.21736
;WIDTH:0.41646
G1 X111.982 Y119.604 E2.21976
;WIDTH:0.38292
G1 X112.541 Y119.467 E2.23603
G1 E1.43603 F2100
G92 E0
G1 X119.471 Y112.534 F9000
G1 E.8 F2100
G1 F2400
G1 X119.592 Y112.031 E.81463
;WIDTH:0.449999
G1 X119.271 Y112.693 E.83953
G1 X112.701 Y119.263 E1.15403
G1 X113.346 Y119.125 E1.17636
;WIDTH:0.38292
G1 X113.275 Y119.106 E1.17844
G1 X113.294 Y119.177 E1.18052
G1 X113.335 Y119.166 E1.18172
;WIDTH:0.41646
G1 X113.463 Y119.058 E1.18692
;WIDTH:0.449999
G1 X113.59 Y118.95 E1.19256
G1 X118.952 Y113.588 E1.44924
G1 X119.058 Y113.459 E1.45489
;WIDTH:0.41646
G1 X119.164 Y113.33 E1.46008
;WIDTH:0.38292
G1 X119.123 Y113.341 E1.46128
G1 X119.104 Y113.27 E1.46336
G1 X119.175 Y113.289 E1.46544
G1 X118.678 Y114.383 F9000
G1 F2400
G1 X118.606 Y114.364 E1.46755
G1 X118.626 Y114.436 E1.46966
G1 X118.667 Y114.425 E1.47086
;WIDTH:0.41646
G1 X118.55 Y114.553 E1.47625
;WIDTH:0.449999
G1 X114.536 Y118.57 E1.66847
;WIDTH:0.41646
G1 X114.408 Y118.688 E1.67388
;WIDTH:0.38292
G1 X114.367 Y118.699 E1.67508
G1 X114.348 Y118.628 E1.67716
G1 X114.419 Y118.647 E1.67924
G1 X115.718 Y117.87 F9000
G1 F2400
G1 X116.155 Y117.486 E1.69569
;WIDTH:0.416652
G1 X116.578 Y117.09 E1.7137
;WIDTH:0.42098
G1 X117.388 Y116.262 E1.75011
;WIDTH:0.390658
G1 X117.775 Y115.829 E1.7669
;WIDTH:0.38292
G1 X118.15 Y115.382 E1.7834
M106 S119.85
;LAYER_CHANGE
;Z:1
;HEIGHT:0.2
G1 E.9834 F2100
G92 E0
G1 Z1 F9000
G1 X107.706 Y116.622
G1 E.8 F2100
;TYPE:Perimeter
;WIDTH:0.449999
G1 F2700
G1 X107.275 Y116.488 E.81528
G1 X106.626 Y116.176 E.83965
G1 X105.913 Y115.729 E.86813
G1 X105.258 Y115.2 E.89663
G1 X104.671 Y114.597 E.92511
G1 X104.343 Y114.186 E.94291
G1 X103.934 Y113.569 E.96797
G1 X103.553 Y112.822 E.99635
G1 X103.25 Y111.926 E1.02837
G1 X103.121 Y111.476 E1.04422
G1 X102.976 Y110.407 E1.08074
G1 X103.014 Y109.207 E1.12138
G1 X103.109 Y108.616 E1.14164
G1 X103.317 Y107.797 E1.17024
G1 X103.59 Y107.094 E1.19577
G1 X103.981 Y106.353 E1.22413
G1 X104.263 Y105.925 E1.24148
G1 X104.731 Y105.334 E1.267
G1 X105.324 Y104.74 E1.29541
G1 X105.985 Y104.22 E1.32388
G1 X106.806 Y103.749 E1.35592
G1 X107.222 Y103.536 E1.37174
G1 X108.244 Y103.187 E1.40829
G1 X108.745 Y103.085 E1.4256
G1 X109.586 Y102.976 E1.4543
G1 X110.221 Y102.971 E1.47579
G1 X110.865 Y103.025 E1.49767
G1 X111.346 Y103.094 E1.51412
G1 X112.387 Y103.382 E1.55068
G1 X112.859 Y103.579 E1.56799
G1 X113.605 Y103.966 E1.59644
G1 X114.329 Y104.452 E1.62596
G1 X114.898 Y104.946 E1.65147
G1 X115.464 Y105.565 E1.67986
G1 X115.994 Y106.347 E1.71184
G1 X116.238 Y106.747 E1.7277
G1 X116.663 Y107.74 E1.76426
G1 X116.802 Y108.232 E1.78157
G1 X116.965 Y109.057 E1.81004
G1 X117.028 Y109.895 E1.83849
G1 X117.024 Y110.407 E1.85582
G1 X116.879 Y111.477 E1.89237
G1 X116.604 Y112.431 E1.92598
G1 X116.321 Y113.093 E1.95035
G1 X115.821 Y113.952 E1.98399
G1 X115.148 Y114.796 E2.02053
G1 X114.424 Y115.45 E2.05355
G1 X114.087 Y115.729 E2.06836
G1 X113.48 Y116.117 E2.09275
G1 X112.621 Y116.512 E2.12475
G1 X112.217 Y116.679 E2.13955
G1 X111.523 Y116.871 E2.16392
G1 X110.149 Y117.036 E2.21076
G1 X109.43 Y117.015 E2.23511
G1 X108.596 Y116.896 E2.26363
G1 X107.763 Y116.639 E2.29314
G1 X107.848 Y116.244 F9000
G1 F2700
G1 X107.451 Y116.122 E2.3072
G1 X106.803 Y115.81 E2.33154
G1 X106.132 Y115.386 E2.35841
G1 X105.517 Y114.886 E2.38524
G1 X104.965 Y114.316 E2.4121
G1 X104.653 Y113.921 E2.42914
G1 X104.275 Y113.346 E2.45243
G1 X103.917 Y112.64 E2.47922
G1 X103.524 Y111.422 E2.52254
G1 X103.379 Y110.352 E2.55909
G1 X103.42 Y109.225 E2.59726
G1 X103.509 Y108.695 E2.61545
G1 X103.707 Y107.914 E2.64272
G1 X103.969 Y107.244 E2.66707
G1 X104.34 Y106.545 E2.69386
G1 X104.627 Y106.116 E2.71133
G1 X105.049 Y105.589 E2.73418
G1 X105.61 Y105.03 E2.76099
G1 X106.234 Y104.542 E2.7878
G1 X107.354 Y103.921 E2.83115
G1 X108.375 Y103.572 E2.86767
G1 X109.172 Y103.421 E2.89513
G1 X109.698 Y103.377 E2.913
G1 X110.219 Y103.378 E2.93064
G1 X110.817 Y103.429 E2.95096
G1 X111.238 Y103.487 E2.96534
G1 X112.279 Y103.774 E3.00189
G1 X113.022 Y104.098 E3.02933
G1 X113.705 Y104.5 E3.05616
G1 X114.122 Y104.806 E3.07367
G1 X114.629 Y105.252 E3.09653
G1 X115.162 Y105.837 E3.12332
G1 X115.864 Y106.907 E3.16664
G1 X116.288 Y107.9 E3.20319
G1 X116.499 Y108.683 E3.23064
G1 X116.61 Y109.468 E3.25748
G1 X116.626 Y110.261 E3.28433
G1 X116.514 Y111.139 E3.31429
G1 X116.457 Y111.511 E3.32703
G1 X116.255 Y112.202 E3.3514
G1 X116 Y112.809 E3.37369
G1 X115.721 Y113.333 E3.39378
G1 X115.503 Y113.698 E3.40817
G1 X114.829 Y114.542 E3.44473
G1 X113.868 Y115.386 E3.48802
G1 X113.261 Y115.774 E3.51241
G1 X112.456 Y116.14 E3.54234
G1 X112.108 Y116.287 E3.55513
G1 X111.414 Y116.479 E3.5795
G1 X110.162 Y116.629 E3.62218
G1 X109.442 Y116.608 E3.64656
G1 X108.657 Y116.494 E3.67341
G1 X107.905 Y116.262 E3.70005
G1 X107.989 Y115.869 F9000
;TYPE:External perimeter
G1 F1500
G1 X107.656 Y115.766 E3.71185
G1 X106.98 Y115.443 E3.73721
G1 X106.351 Y115.043 E3.76244
G1 X105.775 Y114.571 E3.78765
G1 X105.26 Y114.034 E3.81283
G1 X104.815 Y113.427 E3.83831
G1 X104.569 Y113.033 E3.85403
G1 X104.28 Y112.456 E3.87587
G1 X103.928 Y111.367 E3.91461
G1 X103.783 Y110.297 E3.95116
G1 X103.827 Y109.244 E3.98683
G1 X103.972 Y108.446 E4.01428
G1 X104.212 Y107.736 E4.03965
G1 X104.528 Y107.055 E4.06506
G1 X104.939 Y106.379 E4.09184
G1 X105.366 Y105.843 E4.11504
G1 X105.895 Y105.32 E4.14022
G1 X106.483 Y104.864 E4.16541
G1 X107.485 Y104.306 E4.20423
G1 X108.507 Y103.957 E4.24078
G1 X109.245 Y103.821 E4.26618
G1 X110.218 Y103.785 E4.29914
G1 X110.768 Y103.833 E4.31783
G1 X111.405 Y103.955 E4.33978
G1 X112.17 Y104.166 E4.36664
G1 X112.857 Y104.469 E4.39206
G1 X113.496 Y104.85 E4.41724
G1 X114.084 Y105.315 E4.44261
G1 X114.618 Y105.842 E4.46801
G1 X115.035 Y106.372 E4.49084
G1 X115.473 Y107.035 E4.51774
G1 X115.802 Y107.796 E4.5458
G1 X116.014 Y108.437 E4.56865
G1 X116.158 Y109.166 E4.5938
G1 X116.214 Y109.907 E4.61895
G1 X116.179 Y110.581 E4.64179
G1 X116.072 Y111.368 E4.66867
G1 X115.864 Y112.088 E4.69404
G1 X115.626 Y112.649 E4.71467
G1 X115.369 Y113.13 E4.73313
G1 X115.006 Y113.668 E4.7551
G1 X114.511 Y114.288 E4.78195
G1 X113.889 Y114.837 E4.81003
G1 X113.345 Y115.237 E4.83289
G1 X112.754 Y115.561 E4.8557
G1 X112.029 Y115.884 E4.88257
G1 X111.306 Y116.086 E4.90798
G1 X110.488 Y116.187 E4.93588
G1 X109.814 Y116.211 E4.95871
G1 X109.074 Y116.145 E4.98386
G1 X108.415 Y116 E5.0067
G1 X108.046 Y115.886 E5.01977
G1 X107.666 Y115.762 F9000
G1 E4.21977 F2100
G92 E0
G1 X102.432 Y116.456 F9000
G1 E.8 F2100
;TYPE:Perimeter
G1 F2700
G1 X102.236 Y116.231 E.8101
G1 X101.687 Y115.486 E.84142
G1 X101.248 Y114.745 E.87057
G1 X100.837 Y113.905 E.90222
G1 X100.623 Y113.36 E.92204
G1 X100.439 Y112.793 E.94222
G1 X100.289 Y112.216 E.9624
G1 X100.174 Y111.632 E.98255
G1 X100.094 Y111.041 E1.00274
G1 X100.05 Y110.447 E1.0229
G1 X100.041 Y109.861 E1.04274
G1 X100.096 Y108.99 E1.07228
G1 X100.23 Y108.065 E1.10392
G1 X100.36 Y107.494 E1.12374
G1 X100.527 Y106.922 E1.14391
G1 X100.728 Y106.361 E1.16408
G1 X100.962 Y105.813 E1.18425
G1 X101.229 Y105.28 E1.20443
G1 X101.527 Y104.764 E1.2246
G1 X101.855 Y104.267 E1.24476
G1 X102.213 Y103.79 E1.26495
G1 X102.598 Y103.335 E1.28512
G1 X103.01 Y102.904 E1.3053
G1 X103.447 Y102.499 E1.32547
G1 X103.907 Y102.121 E1.34562
G1 X104.389 Y101.77 E1.3658
G1 X104.891 Y101.45 E1.38595
G1 X105.412 Y101.159 E1.40615
G1 X105.949 Y100.901 E1.42632
G1 X106.5 Y100.675 E1.44648
G1 X107.064 Y100.482 E1.46666
G1 X107.639 Y100.324 E1.48684
G1 X108.222 Y100.2 E1.50702
G1 X108.811 Y100.111 E1.52718
G1 X109.395 Y100.058 E1.54703
G1 X110.208 Y100.049 E1.57455
G1 X111.259 Y100.121 E1.61021
G1 X111.894 Y100.224 E1.63198
G1 X112.404 Y100.335 E1.64965
G1 X112.978 Y100.496 E1.66983
G1 X113.609 Y100.72 E1.69249
G1 X114.091 Y100.92 E1.71015
G1 X114.691 Y101.217 E1.73281
G1 X115.146 Y101.473 E1.75048
G1 X115.724 Y101.853 E1.77389
G1 X116.137 Y102.157 E1.79125
G1 X116.585 Y102.529 E1.81096
G1 X117.072 Y102.99 E1.83366
G1 X117.43 Y103.369 E1.85131
G1 X117.858 Y103.884 E1.87398
G1 X118.169 Y104.303 E1.89164
G1 X118.495 Y104.802 E1.91182
G1 X118.824 Y105.386 E1.93451
G1 X119.055 Y105.854 E1.95218
G1 X119.287 Y106.403 E1.97235
G1 X119.506 Y107.035 E1.99499
G1 X119.65 Y107.537 E2.01267
G1 X119.792 Y108.191 E2.03532
G1 X119.875 Y108.707 E2.05301
G1 X119.938 Y109.373 E2.07565
G1 X119.959 Y109.895 E2.09333
G1 X119.95 Y110.447 E2.11202
G1 X119.906 Y111.041 E2.13218
G1 X119.826 Y111.632 E2.15237
G1 X119.711 Y112.216 E2.17252
G1 X119.561 Y112.793 E2.1927
G1 X119.38 Y113.351 E2.21256
G1 X119.046 Y114.156 E2.24206
G1 X118.62 Y114.989 E2.27373
G1 X118.313 Y115.487 E2.29353
G1 X117.97 Y115.974 E2.31369
G1 X117.598 Y116.44 E2.33387
G1 X117.199 Y116.883 E2.35405
G1 X116.775 Y117.301 E2.3742
G1 X116.326 Y117.694 E2.3944
G1 X115.855 Y118.058 E2.41455
G1 X115.362 Y118.394 E2.43474
G1 X114.851 Y118.699 E2.45488
G1 X114.322 Y118.974 E2.47506
G1 X113.777 Y119.216 E2.49524
G1 X113.219 Y119.426 E2.51542
G1 X112.65 Y119.601 E2.53557
G1 X112.071 Y119.743 E2.55575
G1 X111.485 Y119.849 E2.57591
G1 X110.893 Y119.92 E2.59609
G1 X110.298 Y119.956 E2.61627
G1 X109.702 Y119.956 E2.63644
G1 X109.107 Y119.92 E2.65662
G1 X108.515 Y119.849 E2.6768
G1 X107.929 Y119.743 E2.69696
G1 X107.35 Y119.601 E2.71714
G1 X106.781 Y119.426 E2.73729
G1 X106.223 Y119.216 E2.75747
G1 X105.678 Y118.974 E2.77765
G1 X105.149 Y118.699 E2.79783
G1 X104.638 Y118.394 E2.81797
G1 X104.145 Y118.058 E2.83816
G1 X103.674 Y117.694 E2.85831
G1 X103.225 Y117.301 E2.87851
G1 X102.808 Y116.89 E2.89833
G1 X102.471 Y116.502 E2.91573
G1 X102.113 Y116.711 F9000
G1 F2700
G1 X101.918 Y116.486 E2.92581
G1 X101.348 Y115.711 E2.95837
G1 X100.89 Y114.938 E2.98878
G1 X100.464 Y114.069 E3.02154
G1 X100.24 Y113.497 E3.04233
G1 X100.048 Y112.907 E3.06333
G1 X99.892 Y112.307 E3.08431
G1 X99.772 Y111.698 E3.10532
G1 X99.689 Y111.084 E3.12629
G1 X99.643 Y110.465 E3.1473
G1 X99.634 Y109.851 E3.16809
G1 X99.691 Y108.948 E3.19872
G1 X99.829 Y107.99 E3.23148
G1 X99.966 Y107.392 E3.25225
G1 X100.14 Y106.796 E3.27327
G1 X100.349 Y106.212 E3.29427
G1 X100.593 Y105.642 E3.31526
G1 X100.87 Y105.087 E3.33626
G1 X101.18 Y104.55 E3.35725
G1 X101.522 Y104.032 E3.37826
G1 X101.894 Y103.536 E3.39925
G1 X102.295 Y103.063 E3.42024
G1 X102.724 Y102.614 E3.44126
G1 X103.179 Y102.192 E3.46227
G1 X103.658 Y101.798 E3.48326
G1 X104.16 Y101.434 E3.50425
G1 X104.682 Y101.1 E3.52523
G1 X105.224 Y100.798 E3.54623
G1 X105.783 Y100.529 E3.56723
G1 X106.357 Y100.293 E3.58824
G1 X106.944 Y100.093 E3.60923
G1 X107.542 Y99.928 E3.63023
G1 X108.149 Y99.799 E3.65124
G1 X108.762 Y99.707 E3.67222
G1 X109.374 Y99.651 E3.69302
G1 X110.278 Y99.641 E3.72362
G1 X111.319 Y99.719 E3.75896
G1 X111.978 Y99.826 E3.78156
G1 X112.512 Y99.943 E3.80006
G1 X113.109 Y100.111 E3.82105
G1 X113.763 Y100.343 E3.84454
G1 X114.267 Y100.553 E3.86302
G1 X114.889 Y100.861 E3.88651
G1 X115.365 Y101.13 E3.90502
G1 X115.964 Y101.523 E3.92927
G1 X116.396 Y101.843 E3.94747
G1 X116.862 Y102.231 E3.968
G1 X117.366 Y102.708 E3.99149
G1 X117.741 Y103.105 E4.00998
G1 X118.184 Y103.64 E4.03349
G1 X118.509 Y104.079 E4.05198
G1 X118.848 Y104.599 E4.07299
G1 X119.188 Y105.204 E4.09648
G1 X119.429 Y105.694 E4.11496
G1 X119.67 Y106.265 E4.13594
G1 X119.897 Y106.921 E4.15944
G1 X120.047 Y107.446 E4.17792
G1 X120.193 Y108.125 E4.20143
G1 X120.28 Y108.664 E4.21991
G1 X120.344 Y109.355 E4.2434
G1 X120.366 Y109.901 E4.2619
G1 X120.357 Y110.465 E4.28099
G1 X120.311 Y111.084 E4.302
G1 X120.228 Y111.698 E4.32297
G1 X120.108 Y112.307 E4.34398
G1 X119.952 Y112.907 E4.36496
G1 X119.762 Y113.492 E4.38578
G1 X119.416 Y114.327 E4.41637
G1 X118.975 Y115.189 E4.44914
G1 X118.653 Y115.712 E4.46993
G1 X118.295 Y116.219 E4.49094
G1 X117.909 Y116.704 E4.51192
G1 X117.494 Y117.165 E4.53292
G1 X117.052 Y117.6 E4.55391
G1 X116.585 Y118.008 E4.5749
G1 X116.094 Y118.388 E4.59592
G1 X115.581 Y118.737 E4.61692
G1 X115.049 Y119.055 E4.6379
G1 X114.498 Y119.341 E4.65891
G1 X113.932 Y119.593 E4.67988
G1 X113.351 Y119.811 E4.70088
G1 X112.758 Y119.994 E4.72189
G1 X112.156 Y120.141 E4.74287
G1 X111.545 Y120.252 E4.76389
G1 X110.929 Y120.326 E4.78489
G1 X110.31 Y120.363 E4.80588
G1 X109.69 Y120.363 E4.82687
G1 X109.071 Y120.326 E4.84786
G1 X108.455 Y120.252 E4.86886
G1 X107.844 Y120.141 E4.88988
G1 X107.242 Y119.994 E4.91086
G1 X106.649 Y119.811 E4.93187
G1 X106.068 Y119.593 E4.95287
G1 X105.502 Y119.341 E4.97384
G1 X104.951 Y119.055 E4.99485
G1 X104.419 Y118.737 E5.01583
G1 X103.906 Y118.388 E5.03683
G1 X103.415 Y118.008 E5.05785
G1 X102.948 Y117.6 E5.07884
G1 X102.511 Y117.169 E5.09962
G1 X102.152 Y116.756 E5.11814
G1 X101.794 Y116.965 F9000
;TYPE:External perimeter
G1 F1800
G1 X101.6 Y116.74 E5.1282
G1 X101.008 Y115.936 E5.162
G1 X100.531 Y115.132 E5.19364
G1 X100.091 Y114.233 E5.22752
G1 X99.857 Y113.635 E5.24926
G1 X99.657 Y113.022 E5.27109
G1 X99.495 Y112.398 E5.29291
G1 X99.371 Y111.765 E5.31474
G1 X99.284 Y111.126 E5.33657
G1 X99.236 Y110.483 E5.3584
G1 X99.226 Y109.841 E5.38013
G1 X99.286 Y108.906 E5.41184
G1 X99.429 Y107.916 E5.4457
G1 X99.572 Y107.289 E5.46747
G1 X99.752 Y106.67 E5.48929
G1 X99.97 Y106.063 E5.51112
G1 X100.223 Y105.471 E5.53291
G1 X100.512 Y104.894 E5.55475
G1 X100.834 Y104.336 E5.57656
G1 X101.189 Y103.798 E5.59838
G1 X101.576 Y103.282 E5.62021
G1 X101.993 Y102.79 E5.64204
G1 X102.438 Y102.324 E5.66385
G1 X102.911 Y101.886 E5.68567
G1 X103.409 Y101.476 E5.7075
G1 X103.93 Y101.097 E5.72931
G1 X104.474 Y100.75 E5.75115
G1 X105.037 Y100.436 E5.77297
G1 X105.617 Y100.157 E5.79476
G1 X106.214 Y99.912 E5.8166
G1 X106.824 Y99.704 E5.83842
G1 X107.445 Y99.532 E5.86023
G1 X108.076 Y99.398 E5.88206
G1 X108.714 Y99.302 E5.9039
G1 X109.354 Y99.245 E5.92565
G1 X110.29 Y99.234 E5.95733
G1 X111.38 Y99.316 E5.99433
G1 X112.063 Y99.428 E6.01776
G1 X112.62 Y99.55 E6.03706
G1 X113.241 Y99.726 E6.05891
G1 X113.918 Y99.966 E6.08322
G1 X114.444 Y100.186 E6.10252
G1 X115.088 Y100.506 E6.12686
G1 X115.584 Y100.787 E6.14616
G1 X116.203 Y101.194 E6.17124
G1 X116.751 Y101.608 E6.19449
G1 X117.139 Y101.932 E6.2116
G1 X117.66 Y102.427 E6.23593
G1 X118.051 Y102.842 E6.25523
G1 X118.509 Y103.396 E6.27956
G1 X118.849 Y103.855 E6.29889
G1 X119.2 Y104.395 E6.32069
G1 X119.552 Y105.022 E6.34503
G1 X119.804 Y105.534 E6.36435
G1 X120.053 Y106.128 E6.38615
G1 X120.288 Y106.807 E6.41047
G1 X120.444 Y107.356 E6.42979
G1 X120.595 Y108.058 E6.4541
G1 X120.685 Y108.621 E6.4734
G1 X120.751 Y109.337 E6.49774
G1 X120.773 Y109.907 E6.51705
G1 X120.764 Y110.483 E6.53655
G1 X120.716 Y111.126 E6.55838
G1 X120.629 Y111.765 E6.58021
G1 X120.505 Y112.398 E6.60204
G1 X120.343 Y113.022 E6.62386
G1 X120.144 Y113.633 E6.64561
G1 X119.786 Y114.498 E6.6773
G1 X119.33 Y115.389 E6.71118
G1 X118.992 Y115.936 E6.73294
G1 X118.621 Y116.463 E6.75476
G1 X118.219 Y116.967 E6.77658
G1 X117.788 Y117.446 E6.79839
G1 X117.329 Y117.899 E6.82022
G1 X116.843 Y118.323 E6.84205
G1 X116.333 Y118.717 E6.86386
G1 X115.801 Y119.08 E6.88566
G1 X115.247 Y119.411 E6.9075
G1 X114.675 Y119.708 E6.92932
G1 X114.086 Y119.97 E6.95114
G1 X113.483 Y120.197 E6.97295
G1 X112.867 Y120.387 E6.99477
G1 X112.24 Y120.539 E7.01661
G1 X111.606 Y120.655 E7.03843
G1 X110.966 Y120.732 E7.06025
G1 X110.322 Y120.77 E7.08209
G1 X109.678 Y120.77 E7.10389
G1 X109.034 Y120.732 E7.12573
G1 X108.394 Y120.655 E7.14755
G1 X107.76 Y120.539 E7.16937
G1 X107.133 Y120.387 E7.19121
G1 X106.517 Y120.197 E7.21303
G1 X105.914 Y119.97 E7.23484
G1 X105.325 Y119.708 E7.25666
G1 X104.753 Y119.411 E7.27848
G1 X104.199 Y119.08 E7.30032
G1 X103.667 Y118.717 E7.32212
G1 X103.157 Y118.323 E7.34393
G1 X102.671 Y117.899 E7.36576
G1 X102.213 Y117.448 E7.38752
G1 X101.834 Y117.01 E7.40713
G1 X101.577 Y116.703 F9000
G1 X102.452 Y116.01
;TYPE:Internal infill
;WIDTH:0.45
G1 F3000
G1 X101.942 Y115.317 E7.43625
G1 X101.188 Y113.927 E7.48978
G1 X101.701 Y114.092 E7.50802
G1 X102.138 Y114.498 E7.52821
G1 X102.575 Y114.791 E7.54602
G1 X103.012 Y114.812 E7.56083
G1 X103.448 Y114.643 E7.57666
G1 X103.972 Y114.18 E7.60033
G1 X103.326 Y113.05 E7.64439
G1 X103.012 Y113.065 E7.65503
G1 X102.575 Y112.896 E7.67089
G1 X102.138 Y112.491 E7.69106
G1 X101.701 Y112.198 E7.70887
G1 X101.265 Y112.177 E7.72365
G1 X100.828 Y112.345 E7.7395
G1 X100.675 Y112.487 E7.74657
G1 X100.394 Y110.958 E7.79919
G1 X100.398 Y109.057 F9000
G1 F3000
G1 X100.53 Y108.12 E7.83122
G1 X100.839 Y106.956 E7.87198
G1 X101.265 Y106.935 E7.88642
G1 X101.701 Y107.104 E7.90225
G1 X102.138 Y107.509 E7.92242
G1 X102.575 Y107.802 E7.94023
G1 X102.992 Y107.822 E7.95436
G1 X102.723 Y109.005 E7.99543
G1 X102.703 Y109.451 E8.01054
G1 X101.701 Y108.703 E8.05286
G1 X101.265 Y108.682 E8.06764
G1 X100.828 Y108.851 E8.0835
G1 X100.385 Y109.26 E8.10391
G1 X100.379 Y110.755 E8.15451
G1 X100.828 Y110.451 E8.17286
G1 X101.265 Y110.43 E8.18767
G1 X101.701 Y110.598 E8.20349
G1 X102.138 Y111.003 E8.22366
G1 X102.575 Y111.297 E8.24149
G1 X102.795 Y111.307 E8.24894
G1 X102.662 Y110.329 E8.28235
G1 X102.693 Y109.654 E8.30522
G1 E7.50522 F2100
G92 E0
G1 X105.536 Y104.183 F9000
G1 E.8 F2100
G1 F3000
G1 X105.168 Y104.469 E.81578
G1 X103.885 Y105.762 E.87744
G1 X103.448 Y106.055 E.89525
G1 X103.012 Y106.076 E.91003
G1 X102.575 Y105.908 E.92588
G1 X102.138 Y105.502 E.94607
G1 X101.625 Y105.206 E.96612
G1 X102.329 Y104.143 E1.00928
G1 X102.575 Y104.308 E1.01931
G1 X103.012 Y104.329 E1.03412
G1 X103.448 Y104.16 E1.04995
G1 X103.885 Y103.755 E1.07012
G1 X104.322 Y103.462 E1.08793
G1 X104.759 Y103.441 E1.10274
G1 X105.195 Y103.61 E1.11857
G1 X105.697 Y104.058 E1.14134
G1 X106.979 Y103.305 E1.19167
G1 X107.881 Y102.995 E1.22395
G1 E.42395 F2100
G92 E0
G1 X112.82 Y100.779 F9000
G1 E.8 F2100
G1 F3000
G1 X113.928 Y101.18 E.83989
G1 X115.044 Y101.77 E.88262
G1 X114.805 Y101.863 E.8913
G1 X114.368 Y102.268 E.91147
G1 X113.931 Y102.561 E.92928
G1 X113.494 Y102.582 E.94409
G1 X113.057 Y102.413 E.95995
G1 X112.621 Y102.008 E.98009
G1 X112.184 Y101.715 E.9979
G1 X111.747 Y101.694 E1.01271
G1 X111.31 Y101.863 E1.02857
G1 X110.874 Y102.268 E1.04871
G1 X110.437 Y102.561 E1.06652
G1 X110 Y102.582 E1.08133
G1 X109.563 Y102.413 E1.09719
G1 X109.126 Y102.008 E1.11736
G1 X108.69 Y101.715 E1.13514
G1 X108.253 Y101.694 E1.14995
G1 X107.816 Y101.863 E1.16581
G1 X107.379 Y102.268 E1.18598
G1 X106.943 Y102.561 E1.20376
G1 X106.506 Y102.582 E1.21857
G1 X106.069 Y102.413 E1.23443
G1 X105.632 Y102.008 E1.2546
G1 X105.195 Y101.715 E1.27241
G1 X105.054 Y101.708 E1.27719
G1 X106.039 Y101.196 E1.31477
G1 X107.154 Y100.774 E1.35512
G1 X108.847 Y100.414 E1.41371
G1 X108.997 Y100.401 E1.41881
G1 X109.563 Y100.814 E1.44253
G1 X110 Y100.835 E1.45734
G1 X110.437 Y100.666 E1.4732
G1 X110.738 Y100.387 E1.48709
G1 X111.724 Y100.5 E1.52068
G1 X112.82 Y100.779 E1.55896
G1 E.75896 F2100
G92 E0
G1 X111.946 Y102.95 F9000
G1 E.8 F2100
G1 F3000
G1 X112.579 Y103.123 E.82221
G1 X113.383 Y103.481 E.852
G1 X114.158 Y103.95 E.88266
G1 X114.805 Y103.462 E.91009
G1 X115.241 Y103.441 E.92487
G1 X115.678 Y103.61 E.94073
G1 X116.115 Y104.015 E.9609
G1 X116.552 Y104.308 E.97871
G1 X116.988 Y104.329 E.99349
G1 X117.425 Y104.16 E1.00935
G1 X117.578 Y104.019 E1.01639
G1 X118.433 Y105.305 E1.06866
G1 X118.299 Y105.357 E1.07353
G1 X117.862 Y105.762 E1.0937
G1 X117.425 Y106.055 E1.11151
G1 X116.988 Y106.076 E1.12632
G1 X116.552 Y105.908 E1.14214
G1 X116.115 Y105.502 E1.16233
G1 X115.678 Y105.209 E1.18014
G1 X115.541 Y105.203 E1.18478
G1 X115.104 Y104.72 E1.20683
G1 X114.322 Y104.07 E1.24125
G1 E.44125 F2100
G92 E0
G1 X116.05 Y105.887 F9000
G1 E.8 F2100
G1 F3000
G1 X116.485 Y106.553 E.82693
G1 X117.009 Y107.815 E.87318
G1 X117.425 Y107.655 E.88827
G1 X117.862 Y107.25 E.90844
G1 X118.299 Y106.956 E.92627
G1 X118.736 Y106.935 E.94108
G1 X119.172 Y107.104 E.95691
G1 X119.344 Y107.571 E.97376
G1 X119.568 Y108.704 E1.01285
G1 X119.597 Y108.989 E1.02255
G1 X119.172 Y108.703 E1.03989
G1 X118.736 Y108.682 E1.05467
G1 X118.299 Y108.851 E1.07053
G1 X117.862 Y109.256 E1.0907
G1 X117.425 Y109.549 E1.10851
G1 X117.327 Y109.554 E1.11183
G1 X117.335 Y110.368 E1.13938
G1 X117.22 Y111.228 E1.16875
G1 X117.425 Y111.149 E1.17619
G1 X117.862 Y110.744 E1.19636
G1 X118.299 Y110.451 E1.21417
G1 X118.736 Y110.43 E1.22898
G1 X119.172 Y110.598 E1.2448
G1 X119.603 Y110.998 E1.2647
G1 X119.366 Y112.328 E1.31043
G1 X119.172 Y112.198 E1.31833
G1 X118.736 Y112.177 E1.33311
G1 X118.299 Y112.345 E1.34896
G1 X117.862 Y112.751 E1.36915
G1 X117.425 Y113.044 E1.38696
G1 X116.988 Y113.065 E1.40177
G1 X116.709 Y112.957 E1.4119
G1 X116.149 Y114.016 E1.45245
G1 X115.915 Y114.312 E1.46522
G1 X116.552 Y114.791 E1.4922
G1 X116.988 Y114.812 E1.50698
G1 X117.425 Y114.643 E1.52284
G1 X117.862 Y114.238 E1.54301
G1 X118.299 Y113.945 E1.56082
G1 X118.801 Y113.949 E1.57781
G1 X118.354 Y114.839 E1.61152
G1 X117.535 Y116.029 E1.66042
G1 E.86042 F2100
G92 E0
G1 X114.682 Y118.443 F9000
G1 E.8 F2100
G1 F3000
G1 X113.661 Y118.934 E.83835
G1 X112.569 Y119.307 E.87741
G1 X112.419 Y119.344 E.88264
G1 X112.184 Y119.186 E.89223
G1 X111.747 Y119.165 E.90704
G1 X111.31 Y119.334 E.9229
G1 X111.027 Y119.597 E.93598
G1 X110.289 Y119.651 E.96103
G1 X109.279 Y119.62 E.99523
G1 X108.69 Y119.186 E1.01999
G1 X108.253 Y119.165 E1.0348
G1 X107.759 Y119.387 E1.05313
G1 X106.339 Y118.934 E1.10358
G1 X105.48 Y118.527 E1.13575
G1 E.33575 F2100
G92 E0
G1 X108.19 Y117.095 F9000
G1 E.8 F2100
G1 F3000
G1 X107.25 Y116.81 E.83325
G1 X106.713 Y116.549 E.85346
G1 X106.506 Y116.559 E.86047
G1 X106.069 Y116.39 E.87633
G1 X105.632 Y115.985 E.8965
G1 X105.195 Y115.692 E.91431
G1 X104.759 Y115.671 E.92909
G1 X104.322 Y115.84 E.94495
G1 X103.885 Y116.245 E.96512
G1 X103.448 Y116.538 E.98293
G1 X103.012 Y116.559 E.99771
G1 X102.881 Y116.508 E1.00247
G1 X103.433 Y117.078 E1.02933
G1 X104.066 Y117.611 E1.05734
G1 X104.322 Y117.439 E1.06778
G1 X104.759 Y117.418 E1.08259
G1 X105.195 Y117.587 E1.09842
G1 X105.632 Y117.992 E1.11859
G1 X106.069 Y118.285 E1.1364
G1 X106.506 Y118.306 E1.15121
G1 X106.943 Y118.137 E1.16707
G1 X107.379 Y117.732 E1.18721
G1 X107.816 Y117.439 E1.20502
G1 X108.253 Y117.418 E1.21983
G1 X108.69 Y117.587 E1.23569
G1 X109.126 Y117.992 E1.25583
G1 X109.563 Y118.285 E1.27364
G1 X110 Y118.306 E1.28845
G1 X110.437 Y118.137 E1.30431
G1 X110.874 Y117.732 E1.32448
G1 X111.31 Y117.439 E1.34226
G1 X111.747 Y117.418 E1.35707
G1 X112.184 Y117.587 E1.37293
G1 X112.621 Y117.992 E1.3931
G1 X113.057 Y118.285 E1.41088
G1 X113.494 Y118.306 E1.42569
G1 X113.931 Y118.137 E1.44155
G1 X114.368 Y117.732 E1.46172
G1 X114.805 Y117.439 E1.47953
G1 X115.241 Y117.418 E1.49431
G1 X115.678 Y117.587 E1.51017
G1 X115.809 Y117.708 E1.51621
G1 X116.567 Y117.078 E1.54957
G1 X117.085 Y116.554 E1.57451
G1 X116.552 Y116.39 E1.59339
G1 X116.115 Y115.985 E1.61356
G1 X115.678 Y115.692 E1.63137
G1 X115.241 Y115.671 E1.64618
G1 X114.805 Y115.84 E1.66201
G1 X114.368 Y116.245 E1.68218
G1 X113.931 Y116.538 E1.69999
G1 X113.494 Y116.559 E1.7148
G1 X113.372 Y116.512 E1.71923
G1 X112.41 Y116.938 E1.75484
G1 X111.827 Y117.102 E1.77534
M106 S117.3
;LAYER_CHANGE
;Z:1.2
;HEIGHT:0.2
G1 E.97534 F2100
G92 E0
G1 Z1.2 F9000
G1 X107.703 Y116.632
G1 E.8 F2100
;TYPE:Perimeter
;WIDTH:0.449999
G1 F2700
G1 X107.416 Y116.544 E.81016
G1 X106.289 Y115.978 E.85285
G1 X105.508 Y115.394 E.88586
G1 X105.169 Y115.117 E.90068
G1 X104.671 Y114.597 E.92505
G1 X104.16 Y113.928 E.95354
G1 X103.506 Y112.713 E1.00025
G1 X103.287 Y112.107 E1.02206
G1 X103.148 Y111.551 E1.04146
G1 X103.048 Y111.093 E1.05733
G1 X102.972 Y110.377 E1.0817
G1 X102.978 Y109.535 E1.1102
G1 X103.102 Y108.613 E1.14169
G1 X103.289 Y107.88 E1.1673
G1 X103.589 Y107.097 E1.19568
G1 X103.829 Y106.637 E1.21324
G1 X104.263 Y105.927 E1.24141
G1 X104.732 Y105.333 E1.26703
G1 X105.324 Y104.74 E1.29539
G1 X105.985 Y104.22 E1.32386
G1 X106.704 Y103.782 E1.35236
G1 X107.554 Y103.403 E1.38386
G1 X108.276 Y103.177 E1.40947
G1 X109.099 Y103.02 E1.43783
G1 X109.607 Y102.975 E1.45509
G1 X110.364 Y102.972 E1.48071
G1 X111.297 Y103.101 E1.51259
G1 X111.728 Y103.178 E1.52741
G1 X112.416 Y103.39 E1.55178
G1 X113.188 Y103.726 E1.58028
G1 X114.353 Y104.47 E1.62707
G1 X114.895 Y104.944 E1.65144
G1 X115.248 Y105.325 E1.66902
G1 X115.747 Y105.954 E1.6962
G1 X116.189 Y106.669 E1.72465
G1 X116.414 Y107.105 E1.74126
G1 X116.7 Y107.852 E1.76833
G1 X116.894 Y108.584 E1.79396
G1 X117.013 Y109.413 E1.82231
G1 X117.027 Y110.343 E1.85379
G1 X116.952 Y111.097 E1.87944
G1 X116.725 Y112.011 E1.91132
G1 X116.592 Y112.459 E1.92714
G1 X116.138 Y113.439 E1.9637
G1 X115.866 Y113.872 E1.98101
G1 X115.361 Y114.545 E2.00949
G1 X115.022 Y114.928 E2.0268
G1 X114.209 Y115.638 E2.06334
G1 X113.346 Y116.189 E2.098
G1 X112.36 Y116.628 E2.13453
G1 X111.87 Y116.775 E2.15185
G1 X111.373 Y116.9 E2.1692
G1 X110.301 Y117.029 E2.20575
G1 X109.79 Y117.025 E2.22305
G1 X108.952 Y116.95 E2.25153
G1 X108.448 Y116.862 E2.26885
G1 X107.76 Y116.65 E2.29322
G1 X107.847 Y116.249 F9000
G1 F2700
G1 X107.536 Y116.155 E2.30422
G1 X106.477 Y115.616 E2.34444
G1 X105.463 Y114.836 E2.38774
G1 X104.965 Y114.315 E2.41214
G1 X104.486 Y113.683 E2.43898
G1 X103.889 Y112.574 E2.48161
G1 X103.67 Y111.97 E2.50336
G1 X103.544 Y111.456 E2.52127
G1 X103.415 Y110.692 E2.5475
G1 X103.377 Y110.334 E2.55969
G1 X103.385 Y109.541 E2.58653
G1 X103.505 Y108.672 E2.61622
G1 X103.683 Y107.983 E2.64031
G1 X103.968 Y107.246 E2.66706
G1 X104.34 Y106.545 E2.69392
G1 X104.618 Y106.128 E2.71088
G1 X105.049 Y105.588 E2.73427
G1 X105.61 Y105.03 E2.76105
G1 X106.234 Y104.542 E2.78786
G1 X106.913 Y104.131 E2.81473
G1 X107.716 Y103.777 E2.84443
G1 X108.395 Y103.566 E2.8685
G1 X109.172 Y103.421 E2.89525
G1 X109.671 Y103.378 E2.9122
G1 X110.362 Y103.379 E2.93559
G1 X111.236 Y103.504 E2.96547
G1 X111.608 Y103.567 E2.97824
G1 X112.296 Y103.779 E3.00261
G1 X113.022 Y104.098 E3.02945
G1 X113.771 Y104.568 E3.05938
G1 X114.085 Y104.777 E3.07215
G1 X114.628 Y105.251 E3.09655
G1 X115.162 Y105.837 E3.12339
G1 X115.622 Y106.483 E3.15023
G1 X116.001 Y107.179 E3.17706
G1 X116.319 Y107.997 E3.20677
G1 X116.5 Y108.685 E3.23085
G1 X116.61 Y109.468 E3.25761
G1 X116.62 Y110.346 E3.28733
G1 X116.547 Y111.053 E3.31139
G1 X116.222 Y112.288 E3.35462
G1 X115.769 Y113.268 E3.39116
G1 X115.328 Y113.948 E3.41859
G1 X114.818 Y114.556 E3.44545
G1 X113.868 Y115.386 E3.48815
G1 X113.261 Y115.774 E3.51254
G1 X112.456 Y116.14 E3.54247
G1 X112.108 Y116.287 E3.55526
G1 X111.414 Y116.479 E3.57963
G1 X110.162 Y116.629 E3.62231
G1 X109.442 Y116.608 E3.64669
G1 X108.657 Y116.494 E3.67354
G1 X107.904 Y116.266 E3.70017
G1 X107.989 Y115.869 F9000
;TYPE:External perimeter
G1 F1500
G1 X107.656 Y115.766 E3.71197
G1 X106.664 Y115.255 E3.74974
G1 X106.006 Y114.75 E3.77782
G1 X105.508 Y114.294 E3.80068
G1 X105.244 Y114.016 E3.81366
G1 X104.812 Y113.439 E3.83806
G1 X104.272 Y112.436 E3.87662
G1 X104.053 Y111.833 E3.89834
G1 X103.862 Y111.033 E3.92618
G1 X103.782 Y110.291 E3.95144
G1 X103.792 Y109.547 E3.97663
G1 X103.908 Y108.73 E4.00456
G1 X104.076 Y108.087 E4.02706
G1 X104.347 Y107.394 E4.05225
G1 X104.698 Y106.738 E4.07743
G1 X105.135 Y106.131 E4.10275
G1 X105.639 Y105.573 E4.1282
G1 X106.199 Y105.084 E4.15336
G1 X106.813 Y104.665 E4.17852
G1 X107.455 Y104.334 E4.20297
G1 X108.16 Y104.063 E4.22854
G1 X108.89 Y103.886 E4.25397
G1 X109.671 Y103.787 E4.28062
G1 X110.361 Y103.786 E4.30398
G1 X111.175 Y103.906 E4.33183
G1 X111.832 Y104.062 E4.35469
G1 X112.528 Y104.323 E4.37985
G1 X113.124 Y104.638 E4.40267
G1 X113.793 Y105.065 E4.42953
G1 X114.36 Y105.557 E4.45494
G1 X114.859 Y106.109 E4.48013
G1 X115.289 Y106.717 E4.50534
G1 X115.643 Y107.372 E4.53054
G1 X115.939 Y108.143 E4.55849
G1 X116.105 Y108.786 E4.58097
G1 X116.206 Y109.522 E4.60612
G1 X116.213 Y110.348 E4.63408
G1 X116.142 Y111.009 E4.65658
G1 X115.853 Y112.117 E4.69534
G1 X115.399 Y113.097 E4.7319
G1 X114.988 Y113.724 E4.75728
G1 X114.508 Y114.293 E4.78248
G1 X113.889 Y114.837 E4.81037
G1 X113.345 Y115.237 E4.83323
G1 X112.754 Y115.561 E4.85604
G1 X112.029 Y115.884 E4.88291
G1 X111.306 Y116.086 E4.90832
G1 X110.488 Y116.187 E4.93622
G1 X109.814 Y116.211 E4.95905
G1 X109.074 Y116.145 E4.9842
G1 X108.451 Y116.011 E5.00577
G1 X108.046 Y115.886 E5.02012
G1 X107.667 Y115.761 F9000
G1 E4.22012 F2100
G92 E0
G1 X102.423 Y116.463 F9000
G1 E.8 F2100
;TYPE:Perimeter
G1 F2700
G1 X102.412 Y116.452 E.80053
G1 X101.679 Y115.474 E.8419
G1 X101.374 Y114.98 E.86155
G1 X101.092 Y114.455 E.88172
G1 X100.848 Y113.929 E.90135
G1 X100.435 Y112.778 E.94274
G1 X100.289 Y112.216 E.96239
G1 X100.174 Y111.632 E.98254
G1 X100.094 Y111.041 E1.00273
G1 X100.05 Y110.447 E1.02289
G1 X100.041 Y109.851 E1.04307
G1 X100.067 Y109.271 E1.06272
G1 X100.231 Y108.06 E1.10409
G1 X100.36 Y107.494 E1.12374
G1 X100.527 Y106.922 E1.14391
G1 X100.723 Y106.375 E1.16358
G1 X101.237 Y105.267 E1.20492
G1 X101.527 Y104.764 E1.22457
G1 X101.855 Y104.267 E1.24473
G1 X102.213 Y103.79 E1.26492
G1 X102.598 Y103.335 E1.28509
G1 X103.01 Y102.904 E1.30527
G1 X103.447 Y102.499 E1.32544
G1 X103.907 Y102.121 E1.34559
G1 X104.389 Y101.77 E1.36577
G1 X104.891 Y101.45 E1.38592
G1 X105.412 Y101.159 E1.40612
G1 X105.949 Y100.901 E1.42629
G1 X106.5 Y100.675 E1.44645
G1 X107.064 Y100.482 E1.46663
G1 X107.639 Y100.324 E1.48681
G1 X108.222 Y100.2 E1.50699
G1 X108.811 Y100.111 E1.52715
G1 X109.404 Y100.057 E1.54731
G1 X109.985 Y100.04 E1.56698
G1 X111.204 Y100.113 E1.60832
G1 X111.778 Y100.2 E1.62797
G1 X112.361 Y100.324 E1.64815
G1 X112.936 Y100.482 E1.66833
G1 X113.5 Y100.675 E1.68851
G1 X114.051 Y100.901 E1.70867
G1 X114.588 Y101.159 E1.72884
G1 X115.109 Y101.45 E1.74904
G1 X115.611 Y101.77 E1.76919
G1 X116.093 Y102.121 E1.78937
G1 X116.542 Y102.489 E1.80902
G1 X117.082 Y103.022 E1.8347
G1 X117.455 Y103.397 E1.8526
G1 X117.858 Y103.884 E1.874
G1 X118.169 Y104.303 E1.89166
G1 X118.532 Y104.866 E1.91433
G1 X118.791 Y105.319 E1.93199
G1 X119.084 Y105.921 E1.95465
G1 X119.287 Y106.402 E1.97232
G1 X119.485 Y106.964 E1.99249
G1 X119.65 Y107.537 E2.01267
G1 X119.792 Y108.191 E2.03532
G1 X119.875 Y108.707 E2.05301
G1 X119.938 Y109.373 E2.07565
G1 X119.959 Y109.895 E2.09333
G1 X119.95 Y110.447 E2.11202
G1 X119.906 Y111.041 E2.13218
G1 X119.826 Y111.632 E2.15237
G1 X119.711 Y112.216 E2.17252
G1 X119.561 Y112.793 E2.1927
G1 X119.377 Y113.36 E2.21288
G1 X119.159 Y113.915 E2.23306
G1 X118.908 Y114.455 E2.25322
G1 X118.626 Y114.98 E2.27339
G1 X118.313 Y115.487 E2.29356
G1 X117.97 Y115.974 E2.31372
G1 X117.598 Y116.44 E2.3339
G1 X117.199 Y116.883 E2.35408
G1 X116.775 Y117.301 E2.37423
G1 X116.326 Y117.694 E2.39443
G1 X115.855 Y118.058 E2.41458
G1 X115.362 Y118.394 E2.43477
G1 X114.851 Y118.699 E2.45491
G1 X114.322 Y118.974 E2.47509
G1 X113.777 Y119.216 E2.49527
G1 X113.219 Y119.426 E2.51545
G1 X112.65 Y119.601 E2.5356
G1 X112.071 Y119.743 E2.55578
G1 X111.485 Y119.849 E2.57594
G1 X110.893 Y119.92 E2.59612
G1 X110.298 Y119.956 E2.6163
G1 X109.702 Y119.956 E2.63647
G1 X109.107 Y119.92 E2.65665
G1 X108.515 Y119.849 E2.67683
G1 X107.929 Y119.743 E2.69699
G1 X107.365 Y119.605 E2.71664
G1 X106.209 Y119.21 E2.75799
G1 X105.692 Y118.98 E2.77714
G1 X104.625 Y118.385 E2.81849
G1 X104.145 Y118.058 E2.83815
G1 X103.674 Y117.694 E2.8583
G1 X103.225 Y117.301 E2.8785
G1 X102.801 Y116.883 E2.89865
G1 X102.463 Y116.508 E2.91574
G1 X102.104 Y116.718 F9000
G1 F2700
G1 X102.097 Y116.711 E2.91608
G1 X101.343 Y115.704 E2.95866
G1 X101.021 Y115.184 E2.97936
G1 X100.727 Y114.638 E3.00035
G1 X100.471 Y114.083 E3.02104
G1 X100.046 Y112.898 E3.06365
G1 X99.892 Y112.307 E3.08432
G1 X99.772 Y111.698 E3.10533
G1 X99.689 Y111.084 E3.1263
G1 X99.643 Y110.465 E3.14731
G1 X99.634 Y109.845 E3.1683
G1 X99.661 Y109.234 E3.189
G1 X99.83 Y107.987 E3.2316
G1 X99.966 Y107.392 E3.25226
G1 X100.14 Y106.796 E3.27328
G1 X100.346 Y106.221 E3.29395
G1 X100.875 Y105.079 E3.33655
G1 X101.18 Y104.55 E3.35722
G1 X101.522 Y104.032 E3.37823
G1 X101.894 Y103.536 E3.39922
G1 X102.295 Y103.063 E3.42021
G1 X102.724 Y102.614 E3.44123
G1 X103.179 Y102.192 E3.46224
G1 X103.658 Y101.798 E3.48323
G1 X104.16 Y101.434 E3.50422
G1 X104.682 Y101.1 E3.5252
G1 X105.224 Y100.798 E3.5462
G1 X105.783 Y100.529 E3.5672
G1 X106.357 Y100.293 E3.58821
G1 X106.944 Y100.093 E3.6092
G1 X107.542 Y99.928 E3.6302
G1 X108.149 Y99.799 E3.65121
G1 X108.762 Y99.707 E3.67219
G1 X109.38 Y99.651 E3.69319
G1 X109.991 Y99.633 E3.71388
G1 X111.247 Y99.708 E3.75647
G1 X111.851 Y99.799 E3.77715
G1 X112.458 Y99.928 E3.79816
G1 X113.056 Y100.093 E3.81916
G1 X113.643 Y100.293 E3.84015
G1 X114.217 Y100.529 E3.86116
G1 X114.776 Y100.798 E3.88216
G1 X115.318 Y101.1 E3.90316
G1 X115.84 Y101.434 E3.92414
G1 X116.342 Y101.798 E3.94513
G1 X116.814 Y102.187 E3.96583
G1 X117.368 Y102.732 E3.99214
G1 X117.765 Y103.134 E4.01126
G1 X118.184 Y103.64 E4.0335
G1 X118.509 Y104.079 E4.05199
G1 X118.885 Y104.663 E4.0755
G1 X119.155 Y105.137 E4.09396
G1 X119.458 Y105.761 E4.11744
G1 X119.67 Y106.265 E4.13595
G1 X119.876 Y106.85 E4.15694
G1 X120.047 Y107.446 E4.17793
G1 X120.193 Y108.125 E4.20144
G1 X120.28 Y108.664 E4.21992
G1 X120.344 Y109.355 E4.24341
G1 X120.366 Y109.901 E4.26191
G1 X120.357 Y110.465 E4.281
G1 X120.311 Y111.084 E4.30201
G1 X120.228 Y111.698 E4.32298
G1 X120.108 Y112.307 E4.34399
G1 X119.952 Y112.907 E4.36497
G1 X119.76 Y113.497 E4.38597
G1 X119.533 Y114.075 E4.40699
G1 X119.273 Y114.638 E4.42798
G1 X118.979 Y115.184 E4.44897
G1 X118.653 Y115.712 E4.46997
G1 X118.295 Y116.219 E4.49098
G1 X117.909 Y116.704 E4.51196
G1 X117.494 Y117.165 E4.53296
G1 X117.052 Y117.6 E4.55395
G1 X116.585 Y118.008 E4.57494
G1 X116.094 Y118.388 E4.59596
G1 X115.581 Y118.737 E4.61696
G1 X115.049 Y119.055 E4.63794
G1 X114.498 Y119.341 E4.65895
G1 X113.932 Y119.593 E4.67992
G1 X113.351 Y119.811 E4.70092
G1 X112.758 Y119.994 E4.72193
G1 X112.156 Y120.141 E4.74291
G1 X111.545 Y120.252 E4.76393
G1 X110.929 Y120.326 E4.78493
G1 X110.31 Y120.363 E4.80592
G1 X109.69 Y120.363 E4.82691
G1 X109.071 Y120.326 E4.8479
G1 X108.455 Y120.252 E4.8689
G1 X107.844 Y120.141 E4.88992
G1 X107.251 Y119.996 E4.91058
G1 X106.06 Y119.589 E4.95318
G1 X105.51 Y119.345 E4.97355
G1 X104.411 Y118.732 E5.01615
G1 X103.906 Y118.388 E5.03683
G1 X103.415 Y118.008 E5.05785
G1 X102.948 Y117.6 E5.07884
G1 X102.506 Y117.165 E5.09983
G1 X102.144 Y116.762 E5.11817
G1 X101.785 Y116.972 F9000
;TYPE:External perimeter
G1 F1800
G1 X101.783 Y116.969 E5.11829
G1 X101.006 Y115.933 E5.16212
G1 X100.669 Y115.387 E5.18384
G1 X100.363 Y114.82 E5.20565
G1 X100.093 Y114.238 E5.22737
G1 X99.657 Y113.018 E5.27122
G1 X99.495 Y112.398 E5.29291
G1 X99.371 Y111.765 E5.31474
G1 X99.284 Y111.126 E5.33657
G1 X99.236 Y110.483 E5.3584
G1 X99.226 Y109.839 E5.3802
G1 X99.255 Y109.198 E5.40192
G1 X99.429 Y107.915 E5.44575
G1 X99.572 Y107.289 E5.46749
G1 X99.752 Y106.67 E5.48931
G1 X99.969 Y106.066 E5.51103
G1 X100.513 Y104.891 E5.55486
G1 X100.834 Y104.336 E5.57656
G1 X101.189 Y103.798 E5.59838
G1 X101.576 Y103.282 E5.62021
G1 X101.993 Y102.79 E5.64204
G1 X102.438 Y102.324 E5.66385
G1 X102.911 Y101.886 E5.68567
G1 X103.409 Y101.476 E5.7075
G1 X103.93 Y101.097 E5.72931
G1 X104.474 Y100.75 E5.75115
G1 X105.037 Y100.436 E5.77297
G1 X105.617 Y100.157 E5.79476
G1 X106.214 Y99.912 E5.8166
G1 X106.824 Y99.704 E5.83842
G1 X107.445 Y99.532 E5.86023
G1 X108.076 Y99.398 E5.88206
G1 X108.714 Y99.302 E5.9039
G1 X109.356 Y99.244 E5.92572
G1 X109.997 Y99.225 E5.94743
G1 X111.29 Y99.303 E5.99128
G1 X111.924 Y99.398 E6.01298
G1 X112.555 Y99.532 E6.03481
G1 X113.176 Y99.704 E6.05662
G1 X113.786 Y99.912 E6.07844
G1 X114.383 Y100.157 E6.10028
G1 X114.963 Y100.436 E6.12207
G1 X115.526 Y100.75 E6.14389
G1 X116.07 Y101.097 E6.16573
G1 X116.591 Y101.476 E6.18754
G1 X117.087 Y101.884 E6.20928
G1 X117.653 Y102.442 E6.23618
G1 X118.076 Y102.871 E6.25657
G1 X118.509 Y103.396 E6.2796
G1 X118.848 Y103.855 E6.29891
G1 X119.237 Y104.459 E6.32323
G1 X119.519 Y104.955 E6.34254
G1 X119.832 Y105.601 E6.36684
G1 X120.053 Y106.128 E6.38618
G1 X120.267 Y106.736 E6.408
G1 X120.443 Y107.356 E6.42982
G1 X120.595 Y108.058 E6.45413
G1 X120.685 Y108.621 E6.47343
G1 X120.751 Y109.337 E6.49777
G1 X120.773 Y109.907 E6.51708
G1 X120.764 Y110.483 E6.53658
G1 X120.716 Y111.126 E6.55841
G1 X120.629 Y111.765 E6.58024
G1 X120.505 Y112.398 E6.60207
G1 X120.343 Y113.022 E6.62389
G1 X120.143 Y113.635 E6.64572
G1 X119.908 Y114.235 E6.66753
G1 X119.637 Y114.82 E6.68935
G1 X119.331 Y115.387 E6.71116
G1 X118.992 Y115.936 E6.733
G1 X118.621 Y116.463 E6.75482
G1 X118.219 Y116.967 E6.77664
G1 X117.788 Y117.446 E6.79845
G1 X117.329 Y117.899 E6.82028
G1 X116.843 Y118.323 E6.84211
G1 X116.333 Y118.717 E6.86392
G1 X115.801 Y119.08 E6.88572
G1 X115.247 Y119.411 E6.90756
G1 X114.675 Y119.708 E6.92938
G1 X114.086 Y119.97 E6.9512
G1 X113.483 Y120.197 E6.97301
G1 X112.867 Y120.387 E6.99483
G1 X112.24 Y120.539 E7.01667
G1 X111.606 Y120.655 E7.03849
G1 X110.966 Y120.732 E7.06031
G1 X110.322 Y120.77 E7.08215
G1 X109.678 Y120.77 E7.10395
G1 X109.034 Y120.732 E7.12579
G1 X108.394 Y120.655 E7.14761
G1 X107.76 Y120.539 E7.16943
G1 X107.136 Y120.387 E7.19117
G1 X105.911 Y119.969 E7.23498
G1 X105.328 Y119.709 E7.25659
G1 X104.197 Y119.078 E7.30043
G1 X103.667 Y118.717 E7.32214
G1 X103.157 Y118.323 E7.34395
G1 X102.671 Y117.899 E7.36578
G1 X102.212 Y117.446 E7.38761
G1 X101.825 Y117.017 E7.40717
G1 X101.581 Y116.7 F9000
G1 E6.60717 F2100
G92 E0
G1 X101.094 Y112.482 F9000
G1 E.8 F2100
;TYPE:Internal infill
;WIDTH:0.45
G1 F3000
G1 X101.507 Y113.658 E.84219
G1 X101.891 Y114.437 E.87159
G1 X102.138 Y114.773 E.88571
G1 X102.575 Y114.963 E.90184
G1 X103.012 Y114.855 E.91708
G1 X103.448 Y114.555 E.93499
G1 X103.605 Y114.342 E.94395
G1 X102.87 Y113.011 E.99542
G1 X102.575 Y112.808 E1.00754
G1 X102.138 Y112.216 E1.03245
G1 X101.701 Y112.025 E1.04859
G1 X101.265 Y112.133 E1.06379
G1 X101.043 Y112.285 E1.0729
G1 X100.877 Y111.515 E1.09956
G1 X100.769 Y110.511 E1.13374
G1 X100.837 Y108.753 F9000
G1 F3000
G1 X101.05 Y107.673 E1.171
G1 X101.289 Y106.909 E1.1981
G1 X101.701 Y107.192 E1.21502
G1 X102.138 Y107.784 E1.23993
G1 X102.535 Y107.957 E1.25459
G1 X102.331 Y108.983 E1.29
G1 X102.138 Y108.722 E1.30099
G1 X101.701 Y108.531 E1.31713
G1 X101.265 Y108.639 E1.33233
G1 X100.828 Y108.939 E1.35027
G1 X100.76 Y110.308 E1.39667
G1 X100.828 Y110.278 E1.39919
G1 X101.265 Y110.386 E1.41443
G1 X101.701 Y110.686 E1.43234
G1 X102.138 Y111.278 E1.45725
G1 X102.377 Y111.383 E1.46609
G1 X102.255 Y110.346 E1.50143
G1 X102.301 Y109.185 E1.54076
G1 E.74076 F2100
G92 E0
G1 X104.783 Y104.276 F9000
G1 E.8 F2100
G1 F3000
G1 X104.218 Y104.838 E.82697
G1 X103.632 Y105.591 E.85927
G1 X103.282 Y106.187 E.88267
G1 X103.012 Y106.12 E.89209
G1 X102.575 Y105.82 E.91003
G1 X102.093 Y105.208 E.9364
G1 X102.587 Y104.478 E.96624
G1 X103.012 Y104.373 E.98106
G1 X103.448 Y104.073 E.99897
G1 X103.885 Y103.48 E1.0239
G1 X104.322 Y103.29 E1.04003
G1 X104.759 Y103.398 E1.05527
G1 X105.195 Y103.698 E1.07318
G1 X105.305 Y103.846 E1.07942
G1 X105.572 Y103.639 E1.09086
G1 X106.686 Y103.006 E1.13423
G1 E.33423 F2100
G92 E0
G1 X112.574 Y101.121 F9000
G1 E.8 F2100
G1 F3000
G1 X111.13 Y100.822 E.84991
G1 X110.166 Y100.765 E.8826
G1 X110 Y100.878 E.8894
G1 X109.563 Y100.986 E.90464
G1 X109.13 Y100.797 E.92063
G1 X108.896 Y100.818 E.92858
G1 X107.274 Y101.163 E.98471
G1 X105.694 Y101.817 E1.04259
G1 X106.069 Y102.326 E1.06399
G1 X106.506 Y102.625 E1.08191
G1 X106.943 Y102.734 E1.09716
G1 X107.379 Y102.543 E1.11327
G1 X107.816 Y101.95 E1.1382
G1 X108.253 Y101.651 E1.15612
G1 X108.69 Y101.543 E1.17136
G1 X109.126 Y101.733 E1.18746
G1 X109.522 Y102.269 E1.21002
G1 X110.465 Y102.262 E1.24194
G1 X111.022 Y102.342 E1.26099
G1 X111.31 Y101.95 E1.27745
G1 X111.747 Y101.651 E1.29537
G1 X112.184 Y101.543 E1.31061
G1 X112.621 Y101.733 E1.32674
G1 X113.057 Y102.326 E1.35165
G1 X113.494 Y102.625 E1.36957
G1 X113.931 Y102.734 E1.38482
G1 X114.368 Y102.543 E1.40096
G1 X114.743 Y102.061 E1.42163
G1 X116.085 Y103.036 E1.47778
G1 X117.215 Y104.217 E1.53311
G1 X116.988 Y104.373 E1.54243
G1 X116.552 Y104.481 E1.55763
G1 X116.115 Y104.29 E1.57377
G1 X115.678 Y103.698 E1.59868
G1 X115.241 Y103.398 E1.61662
G1 X114.805 Y103.29 E1.63182
G1 X114.368 Y103.48 E1.64795
G1 X114.297 Y103.577 E1.65202
G1 X114.783 Y103.906 E1.67189
G1 X115.388 Y104.428 E1.69894
G1 X116.115 Y105.228 E1.73553
G1 X116.552 Y105.82 E1.76044
G1 X116.988 Y106.12 E1.77835
G1 X117.425 Y106.228 E1.79359
G1 X117.862 Y106.037 E1.80973
G1 X118.155 Y105.64 E1.82643
G1 X118.608 Y106.621 E1.86301
G1 X118.702 Y106.884 E1.87246
G1 X118.299 Y106.784 E1.88651
G1 X117.862 Y106.975 E1.90265
G1 X117.362 Y107.61 E1.93001
G1 X117.607 Y108.504 E1.96139
G1 X117.723 Y109.384 E1.99143
G1 X119.229 Y110.539 F9000
G1 F3000
G1 X119.222 Y109.309 E2.03306
G1 X119.128 Y108.542 E2.05922
G1 X118.736 Y108.639 E2.07289
G1 X118.299 Y108.939 E2.09083
G1 X117.862 Y109.531 E2.11574
G1 X117.734 Y109.587 E2.12047
G1 X117.711 Y110.673 E2.15724
G1 X117.862 Y110.469 E2.16583
G1 X118.299 Y110.278 E2.18197
G1 X118.736 Y110.386 E2.19721
G1 X119.214 Y110.742 E2.21738
G1 X119.014 Y112.064 E2.26264
G1 X118.736 Y112.133 E2.27234
G1 X118.299 Y112.433 E2.29028
G1 X117.862 Y113.025 E2.31519
G1 X117.425 Y113.216 E2.33133
G1 X117.061 Y113.126 E2.34402
G1 X116.587 Y114.07 E2.37978
G1 X116.093 Y114.744 E2.40807
G1 X116.552 Y114.963 E2.42528
G1 X116.988 Y114.855 E2.44048
G1 X117.425 Y114.555 E2.45842
G1 X117.862 Y113.963 E2.48333
G1 X118.299 Y113.772 E2.49947
G1 X118.425 Y113.804 E2.50387
G1 X117.718 Y115.094 E2.55366
G1 X117.14 Y115.872 E2.58647
G1 X116.974 Y116.676 F9000
;TYPE:Solid infill
;WIDTH:0.450026
G1 F2400
G1 X116.562 Y117.082 E2.60605
G1 X116.127 Y117.461 E2.62558
G1 X115.67 Y117.814 E2.64513
G1 X115.193 Y118.14 E2.66469
G1 X114.696 Y118.436 E2.68427
G1 X114.184 Y118.701 E2.70379
G1 X113.655 Y118.935 E2.72337
;WIDTH:0.448068
G1 X113.112 Y119.129 E2.7428
;WIDTH:0.450028
G1 X112.549 Y119.312 E2.76284
G1 X112.001 Y119.445 E2.78193
G1 X111.433 Y119.548 E2.80147
G1 X110.859 Y119.616 E2.82104
G1 X110.283 Y119.651 E2.84057
G1 X109.707 Y119.65 E2.86007
G1 X109.129 Y119.613 E2.87968
;WIDTH:0.444762
G1 X108.556 Y119.538 E2.89899
;WIDTH:0.450028
G1 X107.987 Y119.443 E2.91852
G1 X107.442 Y119.309 E2.93752
G1 X106.32 Y118.926 E2.97765
;WIDTH:0.450142
G1 X105.827 Y118.706 E2.99593
G1 X105.298 Y118.421 E3.01628
;WIDTH:0.450036
G1 X104.786 Y118.125 E3.0363
G1 X104.32 Y117.807 E3.0554
G1 X103.864 Y117.453 E3.07494
;WIDTH:0.449574
G1 X103.435 Y117.067 E3.09445
;WIDTH:0.449852
G1 X103.017 Y116.668 E3.114
;WIDTH:0.45003
G1 X102.643 Y116.25 E3.13299
G1 X101.932 Y115.302 E3.1731
G1 X101.637 Y114.822 E3.19217
;WIDTH:0.448066
G1 X101.371 Y114.309 E3.21164
;WIDTH:0.449578
G1 X101.123 Y113.794 E3.23097
G1 X100.918 Y113.248 E3.25069
;WIDTH:0.450038
G1 X100.727 Y112.688 E3.27072
G1 X100.586 Y112.142 E3.28981
G1 X100.475 Y111.576 E3.30934
G1 X100.398 Y111.003 E3.32891
G1 X100.356 Y110.427 E3.34846
G1 X100.346 Y109.849 E3.36803
G1 X100.372 Y109.295 E3.3868
G1 X100.532 Y108.115 E3.42711
G1 X100.658 Y107.565 E3.44621
;WIDTH:0.449584
G1 X101.01 Y106.483 E3.48468
;WIDTH:0.450024
G1 X101.508 Y105.407 E3.52482
G1 X101.79 Y104.92 E3.54387
G1 X102.109 Y104.438 E3.56344
G1 X102.455 Y103.976 E3.58298
G1 X102.829 Y103.535 E3.60255
G1 X103.229 Y103.118 E3.62211
G1 X103.652 Y102.725 E3.64166
G1 X104.099 Y102.359 E3.66122
G1 X104.567 Y102.02 E3.68078
;WIDTH:0.44807
G1 X105.058 Y101.717 E3.70022
;WIDTH:0.450028
G1 X105.571 Y101.422 E3.72025
G1 X106.079 Y101.177 E3.73934
G1 X106.613 Y100.959 E3.75886
G1 X107.16 Y100.772 E3.77843
G1 X107.68 Y100.629 E3.79669
G1 X108.282 Y100.499 E3.81754
G1 X108.853 Y100.414 E3.83708
G1 X109.429 Y100.362 E3.85666
G1 X110.045 Y100.35 E3.87752
G1 X111.173 Y100.417 E3.91577
G1 X111.73 Y100.501 E3.93484
G1 X112.295 Y100.622 E3.9544
G1 X112.852 Y100.776 E3.97396
;WIDTH:0.449578
G1 X113.359 Y100.958 E3.99217
;WIDTH:0.44975
G1 X113.933 Y101.183 E4.01303
;WIDTH:0.45003
G1 X114.453 Y101.433 E4.03256
G1 X114.957 Y101.715 E4.05211
G1 X115.444 Y102.026 E4.07167
G1 X115.91 Y102.367 E4.09122
;WIDTH:0.450142
G1 X116.339 Y102.718 E4.10999
G1 X116.773 Y103.133 E4.13032
;WIDTH:0.450038
G1 X117.188 Y103.555 E4.15036
G1 X117.552 Y103.985 E4.16943
G1 X117.898 Y104.448 E4.189
G1 X118.216 Y104.93 E4.20855
G1 X118.505 Y105.43 E4.2281
G1 X118.762 Y105.947 E4.24764
G1 X118.99 Y106.478 E4.2672
G1 X119.184 Y107.022 E4.28675
G1 X119.346 Y107.577 E4.30632
;WIDTH:0.449576
G1 X119.465 Y108.142 E4.32584
;WIDTH:0.449764
G1 X119.568 Y108.71 E4.34537
;WIDTH:0.450024
G1 X119.628 Y109.285 E4.36494
G1 X119.654 Y109.862 E4.38449
G1 X119.645 Y110.439 E4.40402
G1 X119.601 Y111.015 E4.42357
G1 X119.523 Y111.588 E4.44315
G1 X119.411 Y112.154 E4.46268
G1 X119.266 Y112.713 E4.48223
G1 X119.087 Y113.263 E4.50181
G1 X118.875 Y113.8 E4.52135
;WIDTH:0.448068
G1 X118.64 Y114.285 E4.53951
;WIDTH:0.450026
G1 X118.351 Y114.844 E4.56081
G1 X118.054 Y115.324 E4.57992
G1 X117.721 Y115.796 E4.59947
G1 X117.361 Y116.247 E4.619
G1 X117.11 Y116.525 E4.63168
G1 E3.83168 F2100
G92 E0
G1 X115.322 Y115.06 F9000
G1 E.8 F2100
G1 F2400
G1 X114.347 Y115.92 E.84401
G1 X113.453 Y116.475 E.87963
G1 X112.401 Y116.94 E.91856
G1 X111.582 Y117.169 E.94735
G1 X110.221 Y117.341 E.99379
G1 X109.33 Y117.313 E1.02397
G1 X108.494 Y117.187 E1.05259
G1 X107.435 Y116.867 E1.09004
;WIDTH:0.447938
G1 X107.004 Y116.685 E1.1058
;WIDTH:0.45004
G1 X106.226 Y116.282 E1.13546
G1 X105.751 Y115.975 E1.15461
;WIDTH:0.449928
G1 X104.992 Y115.371 E1.18744
G1 X104.408 Y114.749 E1.21631
;WIDTH:0.45004
G1 X104.047 Y114.282 E1.23629
G1 X103.707 Y113.732 E1.25818
G1 X103.323 Y113.033 E1.28518
;WIDTH:0.449756
G1 X103.104 Y112.501 E1.30464
;WIDTH:0.434228
G1 X102.924 Y111.921 E1.3244
;WIDTH:0.433946
G1 X102.761 Y111.191 E1.34872
;WIDTH:0.447652
G1 X102.664 Y110.316 E1.37835
;WIDTH:0.450022
G1 X102.685 Y109.365 E1.41055
G1 X102.822 Y108.455 E1.4417
G1 X103.031 Y107.685 E1.46871
G1 X103.345 Y106.896 E1.49746
;WIDTH:0.449722
G1 X103.748 Y106.169 E1.52558
;WIDTH:0.432154
G1 X104.077 Y105.676 E1.54476
;WIDTH:0.44774
G1 X104.551 Y105.078 E1.57045
;WIDTH:0.45003
G1 X105.177 Y104.462 E1.60018
G1 X105.814 Y103.968 E1.62747
G1 X106.675 Y103.454 E1.66141
G1 X107.54 Y103.082 E1.69328
G1 X108.234 Y102.872 E1.71782
G1 X109.11 Y102.711 E1.74797
G1 X109.688 Y102.665 E1.7676
G1 X110.457 Y102.671 E1.79363
G1 X111.554 Y102.832 E1.83116
G1 X112.601 Y103.133 E1.86804
G1 X113.464 Y103.529 E1.90018
;WIDTH:0.449698
G1 X114.107 Y103.926 E1.92574
;WIDTH:0.43374
G1 X114.597 Y104.285 E1.94548
;WIDTH:0.447258
G1 X115.112 Y104.731 E1.96839
G1 X115.768 Y105.459 E2.00134
;WIDTH:0.445358
G1 X116.081 Y105.893 E2.01925
;WIDTH:0.441762
G1 X116.354 Y106.346 E2.03679
;WIDTH:0.439994
G1 X116.657 Y106.928 E2.05845
;WIDTH:0.450034
G1 X117.019 Y107.855 E2.09214
G1 X117.208 Y108.593 E2.11793
G1 X117.326 Y109.505 E2.14906
G1 X117.329 Y110.41 E2.1797
G1 X117.247 Y111.185 E2.20608
;WIDTH:0.449856
G1 X117.044 Y112.028 E2.23542
;WIDTH:0.446142
G1 X116.878 Y112.56 E2.25411
;WIDTH:0.449642
G1 X116.364 Y113.657 E2.29508
G1 X115.859 Y114.406 E2.32563
;WIDTH:0.443694
G1 X115.451 Y114.902 E2.34703
G1 E1.54703 F2100
G92 E0
G1 X112.122 Y117.442 F9000
G1 E.8 F2100
;TYPE:Internal infill
;WIDTH:0.45
G1 F3000
G1 X112.53 Y117.327 E.81435
G1 X114.368 Y116.52 E.8823
G1 X114.549 Y116.273 E.89267
G1 X115.314 Y115.61 E.92694
G1 X115.678 Y115.519 E.93964
G1 X116.115 Y115.71 E.95578
G1 X116.552 Y116.302 E.98069
G1 X116.683 Y116.392 E.98607
G1 X115.416 Y117.495 E1.04293
G1 X115.241 Y117.375 E1.05011
G1 X114.805 Y117.266 E1.06532
G1 X114.368 Y117.457 E1.08146
G1 X113.931 Y118.05 E1.10639
G1 X113.494 Y118.349 E1.12431
G1 X113.057 Y118.457 E1.13955
G1 X112.621 Y118.267 E1.15565
G1 X112.184 Y117.674 E1.18058
G1 X111.926 Y117.497 E1.19117
G1 X110.701 Y117.691 E1.23315
G1 X110.437 Y118.05 E1.24823
G1 X110 Y118.349 E1.26615
G1 X109.563 Y118.457 E1.28139
G1 X109.126 Y118.267 E1.29752
G1 X108.607 Y117.617 E1.32567
G1 X107.625 Y117.35 E1.36012
G1 X107.379 Y117.457 E1.3692
G1 X106.943 Y118.05 E1.39411
G1 X106.506 Y118.349 E1.41203
G1 X106.198 Y118.426 E1.42278
G1 X105.489 Y118.073 E1.44959
G1 X105.195 Y117.674 E1.46637
G1 X104.759 Y117.375 E1.48427
G1 X104.299 Y117.276 E1.5002
G1 X103.581 Y116.652 E1.5324
G1 X103.885 Y116.52 E1.54362
G1 X104.322 Y115.927 E1.56855
G1 X104.707 Y115.663 E1.58435
G1 X105.678 Y116.422 E1.62607
G1 X106.735 Y117.01 E1.66701
G1 X106.384 Y118.508 F9000
G1 F3000
G1 X107.565 Y118.921 E1.70936
G1 X108.356 Y119.096 E1.73678
G1 X108.69 Y119.014 E1.74842
G1 X109.171 Y119.21 E1.766
G1 X110.277 Y119.244 E1.80345
G1 X111.561 Y119.111 E1.84714
M106 S109.65
;LAYER_CHANGE
;Z:1.4
;HEIGHT:0.2
G1 E1.04714 F2100
G92 E0
G1 Z1.4 F9000
G1 X107.704 Y116.63
G1 E.8 F2100
;TYPE:Perimeter
;WIDTH:0.449999
G1 F2700
G1 X107.416 Y116.544 E.81017
G1 X106.944 Y116.331 E.8277
G1 X106.205 Y115.912 E.85646
G1 X105.814 Y115.657 E.87226
G1 X105.258 Y115.2 E.89662
G1 X104.897 Y114.843 E.91381
G1 X104.403 Y114.266 E.93952
G1 X103.679 Y113.093 E.98618
G1 X103.396 Y112.431 E1.01055
G1 X103.24 Y111.948 E1.02773
G1 X103.067 Y111.208 E1.05345
G1 X102.972 Y110.377 E1.08176
G1 X102.978 Y109.535 E1.11026
G1 X103.106 Y108.598 E1.14227
G1 X103.289 Y107.879 E1.16738
G1 X103.589 Y107.097 E1.19573
G1 X104.052 Y106.273 E1.22772
G1 X104.281 Y105.899 E1.24256
G1 X104.729 Y105.336 E1.26691
G1 X105.324 Y104.74 E1.29542
G1 X105.985 Y104.22 E1.32389
G1 X106.704 Y103.782 E1.35239
G1 X107.569 Y103.398 E1.38442
G1 X108.277 Y103.176 E1.40954
G1 X109.099 Y103.02 E1.43786
G1 X109.605 Y102.976 E1.45505
G1 X110.365 Y102.972 E1.48078
G1 X111.346 Y103.094 E1.51424
G1 X112.387 Y103.382 E1.5508
G1 X112.859 Y103.579 E1.56811
G1 X113.605 Y103.966 E1.59656
G1 X114.324 Y104.45 E1.6259
G1 X114.899 Y104.947 E1.65163
G1 X115.464 Y105.565 E1.67997
G1 X115.768 Y105.971 E1.69714
G1 X116.171 Y106.616 E1.72288
G1 X116.712 Y107.884 E1.76954
G1 X116.893 Y108.58 E1.79388
G1 X117.013 Y109.413 E1.82237
G1 X117.033 Y110.255 E1.85088
G1 X116.952 Y111.093 E1.87938
G1 X116.772 Y111.915 E1.90786
G1 X116.614 Y112.397 E1.92503
G1 X116.319 Y113.098 E1.95077
G1 X115.821 Y113.952 E1.98423
G1 X115.148 Y114.796 E2.02077
G1 X114.424 Y115.45 E2.05379
G1 X114.087 Y115.729 E2.0686
G1 X113.48 Y116.117 E2.09299
G1 X112.655 Y116.497 E2.12374
G1 X112.217 Y116.679 E2.13979
G1 X111.523 Y116.871 E2.16416
G1 X110.149 Y117.036 E2.211
G1 X109.43 Y117.015 E2.23535
G1 X108.596 Y116.896 E2.26387
G1 X107.761 Y116.647 E2.29336
G1 X107.847 Y116.249 F9000
G1 F2700
G1 X107.536 Y116.155 E2.30436
G1 X106.888 Y115.854 E2.32854
G1 X106.421 Y115.567 E2.34709
G1 X106.073 Y115.343 E2.3611
G1 X105.517 Y114.886 E2.38546
G1 X105.151 Y114.521 E2.40296
G1 X104.714 Y114.005 E2.42585
G1 X104.053 Y112.933 E2.46848
G1 X103.77 Y112.271 E2.49285
G1 X103.613 Y111.779 E2.51033
G1 X103.464 Y111.12 E2.5332
G1 X103.377 Y110.334 E2.55997
G1 X103.385 Y109.541 E2.58681
G1 X103.509 Y108.657 E2.61703
G1 X103.683 Y107.983 E2.64059
G1 X103.968 Y107.246 E2.66734
G1 X104.404 Y106.476 E2.69729
G1 X104.599 Y106.153 E2.71006
G1 X105.048 Y105.59 E2.73444
G1 X105.61 Y105.03 E2.76129
G1 X106.234 Y104.542 E2.7881
G1 X106.913 Y104.131 E2.81497
G1 X107.73 Y103.772 E2.84518
G1 X108.395 Y103.566 E2.86874
G1 X109.172 Y103.421 E2.89549
G1 X109.686 Y103.378 E2.91295
G1 X110.363 Y103.379 E2.93587
G1 X111.148 Y103.469 E2.96262
G1 X112.364 Y103.805 E3.00532
G1 X113.022 Y104.098 E3.0297
G1 X113.705 Y104.501 E3.05654
G1 X114.121 Y104.807 E3.07402
G1 X114.63 Y105.252 E3.09691
G1 X115.161 Y105.837 E3.12365
G1 X115.469 Y106.252 E3.14114
G1 X115.823 Y106.828 E3.16402
G1 X116.318 Y107.986 E3.20665
G1 X116.499 Y108.683 E3.23103
G1 X116.61 Y109.468 E3.25787
G1 X116.626 Y110.261 E3.28472
G1 X116.547 Y111.05 E3.31156
G1 X116.375 Y111.824 E3.3384
G1 X116.213 Y112.314 E3.35587
G1 X115.946 Y112.936 E3.37878
G1 X115.554 Y113.622 E3.40552
G1 X114.754 Y114.621 E3.44884
G1 X113.941 Y115.332 E3.4854
G1 X113.261 Y115.774 E3.51285
G1 X112.49 Y116.125 E3.54152
G1 X112.108 Y116.287 E3.55556
G1 X111.414 Y116.479 E3.57993
G1 X110.162 Y116.629 E3.62261
G1 X109.442 Y116.608 E3.64699
G1 X108.657 Y116.494 E3.67384
G1 X107.904 Y116.266 E3.70047
G1 X107.989 Y115.869 F9000
;TYPE:External perimeter
G1 F1500
G1 X107.656 Y115.766 E3.71227
G1 X107.063 Y115.486 E3.73447
G1 X106.637 Y115.221 E3.75145
G1 X106.053 Y114.8 E3.77582
G1 X105.476 Y114.27 E3.80234
G1 X105.026 Y113.743 E3.8258
G1 X104.611 Y113.075 E3.85242
G1 X104.427 Y112.773 E3.86439
G1 X104.144 Y112.111 E3.88876
G1 X103.942 Y111.393 E3.91401
G1 X103.82 Y110.65 E3.9395
G1 X103.781 Y110.279 E3.95213
G1 X103.792 Y109.547 E3.97691
G1 X103.912 Y108.715 E4.00536
G1 X104.076 Y108.087 E4.02733
G1 X104.347 Y107.394 E4.05252
G1 X104.757 Y106.68 E4.08039
G1 X105.141 Y106.125 E4.10323
G1 X105.639 Y105.573 E4.12839
G1 X106.199 Y105.084 E4.15355
G1 X106.504 Y104.85 E4.16656
G1 X107.122 Y104.481 E4.19092
G1 X107.892 Y104.145 E4.21936
G1 X108.513 Y103.955 E4.24134
G1 X109.245 Y103.821 E4.26653
G1 X109.953 Y103.784 E4.29053
G1 X110.779 Y103.835 E4.31854
G1 X111.405 Y103.955 E4.34012
G1 X112.17 Y104.166 E4.36698
G1 X112.857 Y104.469 E4.3924
G1 X113.496 Y104.85 E4.41758
G1 X114.082 Y105.312 E4.44284
G1 X114.618 Y105.842 E4.46835
G1 X115.11 Y106.452 E4.49488
G1 X115.476 Y107.04 E4.51832
G1 X115.802 Y107.796 E4.54619
G1 X116.014 Y108.437 E4.56904
G1 X116.158 Y109.166 E4.59419
G1 X116.214 Y109.907 E4.61934
G1 X116.18 Y110.65 E4.64452
G1 X116.058 Y111.383 E4.66967
G1 X115.843 Y112.136 E4.69618
G1 X115.572 Y112.774 E4.71964
G1 X115.202 Y113.419 E4.74481
G1 X114.486 Y114.315 E4.78363
G1 X113.673 Y115.025 E4.82017
G1 X113.042 Y115.431 E4.84557
G1 X112 Y115.895 E4.88418
G1 X111.306 Y116.086 E4.90854
G1 X110.488 Y116.187 E4.93644
G1 X109.814 Y116.211 E4.95927
G1 X109.074 Y116.145 E4.98442
G1 X108.451 Y116.011 E5.00599
G1 X108.046 Y115.886 E5.02034
G1 X107.666 Y115.763 F9000
G1 E4.22034 F2100
G92 E0
G1 X102.423 Y116.463 F9000
G1 E.8 F2100
;TYPE:Perimeter
G1 F2700
G1 X102.412 Y116.452 E.80053
G1 X101.679 Y115.474 E.8419
G1 X101.382 Y114.993 E.86103
G1 X100.836 Y113.9 E.90239
G1 X100.623 Y113.36 E.92204
G1 X100.439 Y112.793 E.94222
G1 X100.289 Y112.216 E.9624
G1 X100.174 Y111.632 E.98255
G1 X100.094 Y111.041 E1.00274
G1 X100.05 Y110.447 E1.0229
G1 X100.041 Y109.851 E1.04308
G1 X100.067 Y109.256 E1.06324
G1 X100.13 Y108.663 E1.08343
G1 X100.227 Y108.075 E1.1036
G1 X100.36 Y107.494 E1.12377
G1 X100.527 Y106.922 E1.14394
G1 X100.723 Y106.375 E1.16361
G1 X101.237 Y105.267 E1.20495
G1 X101.527 Y104.764 E1.2246
G1 X101.855 Y104.267 E1.24476
G1 X102.213 Y103.79 E1.26495
G1 X102.598 Y103.335 E1.28512
G1 X103.01 Y102.904 E1.3053
G1 X103.447 Y102.499 E1.32547
G1 X103.907 Y102.121 E1.34562
G1 X104.377 Y101.779 E1.36529
G1 X105.426 Y101.153 E1.40664
G1 X105.949 Y100.901 E1.42629
G1 X106.5 Y100.675 E1.44645
G1 X107.064 Y100.482 E1.46663
G1 X107.639 Y100.324 E1.48681
G1 X108.222 Y100.2 E1.50699
G1 X108.811 Y100.111 E1.52715
G1 X109.404 Y100.057 E1.54731
G1 X109.985 Y100.04 E1.56698
G1 X111.27 Y100.123 E1.61057
G1 X111.894 Y100.224 E1.63197
G1 X112.404 Y100.335 E1.64964
G1 X112.978 Y100.496 E1.66982
G1 X113.609 Y100.72 E1.69248
G1 X114.091 Y100.92 E1.71014
G1 X114.691 Y101.217 E1.7328
G1 X115.146 Y101.473 E1.75047
G1 X115.731 Y101.857 E1.77416
G1 X116.166 Y102.18 E1.7925
G1 X116.585 Y102.529 E1.81096
G1 X117.072 Y102.99 E1.83366
G1 X117.43 Y103.369 E1.85131
G1 X117.876 Y103.908 E1.87499
G1 X118.197 Y104.345 E1.89334
G1 X118.495 Y104.802 E1.91181
G1 X118.824 Y105.386 E1.9345
G1 X119.055 Y105.854 E1.95217
G1 X119.287 Y106.403 E1.97234
G1 X119.506 Y107.035 E1.99498
G1 X119.65 Y107.537 E2.01266
G1 X119.792 Y108.191 E2.03531
G1 X119.875 Y108.707 E2.053
G1 X119.938 Y109.373 E2.07564
G1 X119.959 Y109.895 E2.09332
G1 X119.95 Y110.447 E2.11201
G1 X119.906 Y111.041 E2.13217
G1 X119.826 Y111.632 E2.15236
G1 X119.711 Y112.216 E2.17251
G1 X119.561 Y112.793 E2.19269
G1 X119.377 Y113.36 E2.21287
G1 X119.164 Y113.9 E2.23252
G1 X118.618 Y114.993 E2.27388
G1 X118.313 Y115.487 E2.29353
G1 X117.97 Y115.974 E2.31369
G1 X117.598 Y116.44 E2.33387
G1 X117.199 Y116.883 E2.35405
G1 X116.775 Y117.301 E2.3742
G1 X116.326 Y117.694 E2.3944
G1 X115.855 Y118.058 E2.41455
G1 X115.362 Y118.394 E2.43474
G1 X114.851 Y118.699 E2.45488
G1 X114.322 Y118.974 E2.47506
G1 X113.791 Y119.21 E2.49473
G1 X112.635 Y119.605 E2.53608
G1 X112.071 Y119.743 E2.55573
G1 X111.485 Y119.849 E2.57589
G1 X110.893 Y119.92 E2.59607
G1 X110.298 Y119.956 E2.61625
G1 X109.702 Y119.956 E2.63642
G1 X109.107 Y119.92 E2.6566
G1 X108.515 Y119.849 E2.67678
G1 X107.929 Y119.743 E2.69694
G1 X107.365 Y119.605 E2.71659
G1 X106.209 Y119.21 E2.75794
G1 X105.678 Y118.974 E2.77761
G1 X105.149 Y118.699 E2.79779
G1 X104.638 Y118.394 E2.81793
G1 X104.145 Y118.058 E2.83812
G1 X103.674 Y117.694 E2.85827
G1 X103.225 Y117.301 E2.87847
G1 X102.801 Y116.883 E2.89862
G1 X102.463 Y116.508 E2.91571
G1 X102.104 Y116.718 F9000
G1 F2700
G1 X102.097 Y116.711 E2.91605
G1 X101.343 Y115.704 E2.95863
G1 X101.026 Y115.192 E2.97901
G1 X100.463 Y114.066 E3.02162
G1 X100.24 Y113.497 E3.04231
G1 X100.048 Y112.907 E3.06331
G1 X99.892 Y112.307 E3.08429
G1 X99.772 Y111.698 E3.1053
G1 X99.689 Y111.084 E3.12627
G1 X99.643 Y110.465 E3.14728
G1 X99.634 Y109.845 E3.16827
G1 X99.661 Y109.225 E3.18928
G1 X99.726 Y108.608 E3.21028
G1 X99.828 Y107.996 E3.23128
G1 X99.966 Y107.392 E3.25225
G1 X100.14 Y106.796 E3.27327
G1 X100.346 Y106.221 E3.29394
G1 X100.875 Y105.079 E3.33654
G1 X101.18 Y104.55 E3.35721
G1 X101.522 Y104.032 E3.37822
G1 X101.894 Y103.536 E3.39921
G1 X102.295 Y103.063 E3.4202
G1 X102.724 Y102.614 E3.44122
G1 X103.179 Y102.192 E3.46223
G1 X103.658 Y101.798 E3.48322
G1 X104.152 Y101.439 E3.50389
G1 X105.233 Y100.794 E3.5465
G1 X105.783 Y100.529 E3.56717
G1 X106.357 Y100.293 E3.58818
G1 X106.944 Y100.093 E3.60917
G1 X107.542 Y99.928 E3.63017
G1 X108.149 Y99.799 E3.65118
G1 X108.762 Y99.707 E3.67216
G1 X109.38 Y99.651 E3.69316
G1 X109.991 Y99.633 E3.71385
G1 X111.33 Y99.72 E3.75927
G1 X111.978 Y99.826 E3.7815
G1 X112.512 Y99.943 E3.8
G1 X113.109 Y100.111 E3.82099
G1 X113.764 Y100.343 E3.84451
G1 X114.267 Y100.553 E3.86296
G1 X114.889 Y100.861 E3.88645
G1 X115.365 Y101.13 E3.90496
G1 X115.97 Y101.528 E3.92947
G1 X116.424 Y101.866 E3.94863
G1 X116.862 Y102.231 E3.96793
G1 X117.366 Y102.708 E3.99142
G1 X117.741 Y103.105 E4.00991
G1 X118.202 Y103.664 E4.03444
G1 X118.536 Y104.121 E4.0536
G1 X118.848 Y104.598 E4.07289
G1 X119.188 Y105.203 E4.09638
G1 X119.429 Y105.694 E4.11489
G1 X119.67 Y106.265 E4.13587
G1 X119.897 Y106.921 E4.15937
G1 X120.047 Y107.446 E4.17785
G1 X120.193 Y108.125 E4.20136
G1 X120.28 Y108.664 E4.21984
G1 X120.344 Y109.355 E4.24333
G1 X120.366 Y109.901 E4.26183
G1 X120.357 Y110.465 E4.28092
G1 X120.311 Y111.084 E4.30193
G1 X120.228 Y111.698 E4.3229
G1 X120.108 Y112.307 E4.34391
G1 X119.952 Y112.907 E4.36489
G1 X119.76 Y113.497 E4.38589
G1 X119.537 Y114.066 E4.40658
G1 X118.974 Y115.192 E4.44919
G1 X118.653 Y115.712 E4.46987
G1 X118.295 Y116.219 E4.49088
G1 X117.909 Y116.704 E4.51186
G1 X117.494 Y117.165 E4.53286
G1 X117.052 Y117.6 E4.55385
G1 X116.585 Y118.008 E4.57484
G1 X116.094 Y118.388 E4.59586
G1 X115.581 Y118.737 E4.61686
G1 X115.049 Y119.055 E4.63784
G1 X114.498 Y119.341 E4.65885
G1 X113.94 Y119.59 E4.67953
G1 X112.749 Y119.996 E4.72212
G1 X112.156 Y120.141 E4.74278
G1 X111.545 Y120.252 E4.7638
G1 X110.929 Y120.326 E4.7848
G1 X110.31 Y120.363 E4.80579
G1 X109.69 Y120.363 E4.82678
G1 X109.071 Y120.326 E4.84777
G1 X108.455 Y120.252 E4.86877
G1 X107.844 Y120.141 E4.88979
G1 X107.251 Y119.996 E4.91045
G1 X106.06 Y119.589 E4.95305
G1 X105.502 Y119.341 E4.97372
G1 X104.951 Y119.055 E4.99473
G1 X104.419 Y118.737 E5.01571
G1 X103.906 Y118.388 E5.03671
G1 X103.415 Y118.008 E5.05773
G1 X102.948 Y117.6 E5.07872
G1 X102.506 Y117.165 E5.09971
G1 X102.144 Y116.762 E5.11805
G1 X101.785 Y116.972 F9000
;TYPE:External perimeter
G1 F1800
G1 X101.783 Y116.969 E5.11817
G1 X101.006 Y115.933 E5.162
G1 X100.67 Y115.39 E5.18361
G1 X100.091 Y114.232 E5.22743
G1 X99.857 Y113.635 E5.24913
G1 X99.657 Y113.022 E5.27096
G1 X99.495 Y112.398 E5.29278
G1 X99.371 Y111.765 E5.31461
G1 X99.284 Y111.126 E5.33644
G1 X99.236 Y110.483 E5.35827
G1 X99.226 Y109.839 E5.38007
G1 X99.255 Y109.195 E5.40189
G1 X99.323 Y108.554 E5.42371
G1 X99.428 Y107.918 E5.44553
G1 X99.572 Y107.289 E5.46737
G1 X99.752 Y106.67 E5.48919
G1 X99.969 Y106.066 E5.51091
G1 X100.513 Y104.891 E5.55474
G1 X100.834 Y104.336 E5.57644
G1 X101.189 Y103.798 E5.59826
G1 X101.576 Y103.282 E5.62009
G1 X101.993 Y102.79 E5.64192
G1 X102.438 Y102.324 E5.66373
G1 X102.911 Y101.886 E5.68555
G1 X103.409 Y101.476 E5.70738
G1 X103.928 Y101.099 E5.72909
G1 X105.04 Y100.435 E5.77293
G1 X105.617 Y100.157 E5.79461
G1 X106.214 Y99.912 E5.81645
G1 X106.824 Y99.704 E5.83827
G1 X107.445 Y99.532 E5.86008
G1 X108.076 Y99.398 E5.88191
G1 X108.714 Y99.302 E5.90375
G1 X109.356 Y99.244 E5.92557
G1 X109.997 Y99.225 E5.94728
G1 X111.391 Y99.318 E5.99457
G1 X112.063 Y99.428 E6.01762
G1 X112.62 Y99.55 E6.03692
G1 X113.241 Y99.726 E6.05877
G1 X113.918 Y99.966 E6.08308
G1 X114.444 Y100.186 E6.10238
G1 X115.088 Y100.506 E6.12672
G1 X115.584 Y100.787 E6.14602
G1 X116.209 Y101.199 E6.17136
G1 X116.683 Y101.551 E6.19134
G1 X117.139 Y101.932 E6.21145
G1 X117.66 Y102.427 E6.23578
G1 X118.051 Y102.842 E6.25508
G1 X118.528 Y103.42 E6.28045
G1 X118.876 Y103.897 E6.30044
G1 X119.2 Y104.395 E6.32055
G1 X119.552 Y105.021 E6.34486
G1 X119.804 Y105.534 E6.36421
G1 X120.053 Y106.128 E6.38601
G1 X120.288 Y106.807 E6.41033
G1 X120.444 Y107.356 E6.42965
G1 X120.595 Y108.058 E6.45396
G1 X120.685 Y108.621 E6.47326
G1 X120.751 Y109.337 E6.4976
G1 X120.773 Y109.907 E6.51691
G1 X120.764 Y110.483 E6.53641
G1 X120.716 Y111.126 E6.55824
G1 X120.629 Y111.765 E6.58007
G1 X120.505 Y112.398 E6.6019
G1 X120.343 Y113.022 E6.62372
G1 X120.143 Y113.635 E6.64555
G1 X119.909 Y114.232 E6.66725
G1 X119.33 Y115.39 E6.71107
G1 X118.992 Y115.936 E6.73281
G1 X118.621 Y116.463 E6.75463
G1 X118.219 Y116.967 E6.77645
G1 X117.788 Y117.446 E6.79826
G1 X117.329 Y117.899 E6.82009
G1 X116.843 Y118.323 E6.84192
G1 X116.333 Y118.717 E6.86373
G1 X115.801 Y119.08 E6.88553
G1 X115.247 Y119.411 E6.90737
G1 X114.675 Y119.708 E6.92919
G1 X114.089 Y119.969 E6.9509
G1 X112.863 Y120.387 E6.99474
G1 X112.24 Y120.539 E7.01645
G1 X111.606 Y120.655 E7.03827
G1 X110.966 Y120.732 E7.06009
G1 X110.322 Y120.77 E7.08193
G1 X109.678 Y120.77 E7.10373
G1 X109.034 Y120.732 E7.12557
G1 X108.394 Y120.655 E7.14739
G1 X107.76 Y120.539 E7.16921
G1 X107.136 Y120.387 E7.19095
G1 X105.911 Y119.969 E7.23476
G1 X105.325 Y119.708 E7.25647
G1 X104.753 Y119.411 E7.27829
G1 X104.199 Y119.08 E7.30013
G1 X103.667 Y118.717 E7.32193
G1 X103.157 Y118.323 E7.34374
G1 X102.671 Y117.899 E7.36557
G1 X102.212 Y117.446 E7.3874
G1 X101.825 Y117.017 E7.40696
G1 X101.581 Y116.7 F9000
G1 E6.60696 F2100
G92 E0
G1 X117.992 Y115.727 F9000
G1 E.8 F2100
;TYPE:Bridge infill
;WIDTH:0.408252
;HEIGHT:0.4
M106 S127.5
G1 F1500
G1 X118.899 Y113.683 E.9217
G1 X119.069 Y113.25 E.94702
G1 X119.247 Y112.702 E.97838
G1 X119.392 Y112.144 E1.00976
G1 X119.503 Y111.578 E1.04115
G1 X119.579 Y111.02 E1.0718
G1 X117.189 Y116.406 E1.39248
G1 X116.963 Y116.657 E1.41086
G1 X116.552 Y117.062 E1.44226
G1 X116.298 Y117.284 E1.46062
G1 X119.629 Y109.778 E1.90754
G1 X119.607 Y109.28 E1.93467
G1 X119.557 Y108.81 E1.96039
G1 X115.531 Y117.883 E2.5006
G1 X114.831 Y118.33 E2.5458
G1 X119.418 Y107.992 E3.16132
G1 X119.235 Y107.275 E3.20159
G1 X114.174 Y118.682 E3.88075
G1 X113.556 Y118.945 E3.9173
G1 X115.232 Y115.167 E4.14223
G1 X114.408 Y115.894 E4.20203
G1 X112.965 Y119.147 E4.3957
G1 X112.382 Y119.33 E4.42895
G1 X113.706 Y116.347 E4.60657
G1 X113.487 Y116.484 E4.62063
G1 X113.061 Y116.672 E4.64597
G1 X111.826 Y119.455 E4.81167
G1 X111.285 Y119.544 E4.84151
G1 X112.438 Y116.946 E4.9962
G1 X111.861 Y117.116 E5.02894
G1 X110.758 Y119.601 E5.1769
G1 X110.244 Y119.629 E5.20491
G1 X111.311 Y117.225 E5.34805
G1 X110.78 Y117.292 E5.37718
G1 X109.743 Y119.629 E5.51633
G1 X109.254 Y119.602 E5.54298
G1 X110.249 Y117.36 E5.67647
G1 X109.752 Y117.349 E5.70352
G1 X108.775 Y119.551 E5.83463
G1 X108.306 Y119.479 E5.86045
G1 X109.261 Y117.325 E5.98868
G1 X108.791 Y117.255 E6.01454
G1 X107.846 Y119.386 E6.14141
G1 X107.396 Y119.27 E6.1667
G1 X108.332 Y117.16 E6.29232
G1 X107.889 Y117.027 E6.31749
G1 X106.96 Y119.121 E6.44216
G1 X106.525 Y118.973 E6.46717
G1 X107.447 Y116.894 E6.59094
G1 X107.278 Y116.843 E6.60055
G1 X107.021 Y116.724 E6.61596
G1 X106.099 Y118.803 E6.73973
G1 X105.684 Y118.609 E6.76466
G1 X106.606 Y116.53 E6.88843
G1 X106.208 Y116.296 E6.91356
G1 X105.277 Y118.395 E7.03853
G1 X104.881 Y118.158 E7.06365
G1 X105.815 Y116.053 E7.18898
G1 X105.442 Y115.765 E7.21463
G1 X104.494 Y117.9 E7.34176
G1 X104.116 Y117.622 E7.3673
G1 X105.072 Y115.467 E7.4956
G1 X104.721 Y115.128 E7.52216
G1 X103.747 Y117.324 E7.6529
G1 X103.391 Y116.996 E7.67924
G1 X104.386 Y114.753 E7.81278
G1 X104.064 Y114.351 E7.84081
G1 X103.039 Y116.659 E7.97825
G1 X102.703 Y116.287 E8.00553
G1 X103.772 Y113.878 E8.14896
G1 X103.48 Y113.406 E8.17917
G1 X102.386 Y115.872 E8.32599
G1 X102.071 Y115.452 E8.35456
G1 X103.223 Y112.856 E8.50913
G1 X103.079 Y112.52 E8.52902
G1 X102.992 Y112.245 E8.54472
G1 X101.77 Y115 E8.70874
G1 X101.495 Y114.489 E8.74032
G1 X102.806 Y111.535 E8.91621
G1 X102.733 Y111.206 E8.93455
G1 X102.679 Y110.692 E8.96268
G1 X101.23 Y113.958 E9.15713
G1 X101.134 Y113.767 E9.16876
G1 X100.984 Y113.383 E9.1912
G1 X102.921 Y109.018 E9.45109
M106 S109.65
G1 E8.65109 F2100
G92 E0
G1 X117.088 Y110.985 F9000
G1 E.8 F2100
M106 S127.5
G1 F1500
G1 X119.021 Y106.629 E1.05936
G1 X118.779 Y106.044 E1.09381
G1 X117.326 Y109.319 E1.2888
G1 X117.2 Y108.472 E1.3354
G1 X118.517 Y105.503 E1.51216
G1 X118.236 Y105.007 E1.54318
G1 X117.016 Y107.757 E1.70691
G1 X116.772 Y107.178 E1.7411
G1 X117.939 Y104.548 E1.89769
G1 X117.627 Y104.121 E1.92647
G1 X116.528 Y106.598 E2.07395
G1 X116.243 Y106.111 E2.10466
G1 X117.302 Y103.723 E2.24683
G1 X117.159 Y103.554 E2.25888
G1 X116.966 Y103.352 E2.27408
G1 X115.942 Y105.658 E2.4114
G1 X115.781 Y105.435 E2.42637
G1 X115.619 Y105.257 E2.43947
G1 X116.618 Y103.005 E2.57355
G1 X116.26 Y102.682 E2.59979
G1 X115.282 Y104.885 E2.73097
G1 X115.12 Y104.706 E2.74411
G1 X114.933 Y104.542 E2.75765
G1 X115.892 Y102.381 E2.88632
G1 X115.514 Y102.104 E2.91182
G1 X114.571 Y104.229 E3.03834
G1 X114.194 Y103.949 E3.0639
G1 X115.126 Y101.848 E3.18899
G1 X114.729 Y101.612 E3.21413
G1 X113.801 Y103.704 E3.33868
G1 X113.404 Y103.469 E3.36379
G1 X114.324 Y101.395 E3.48727
G1 X113.911 Y101.196 E3.51222
G1 X112.986 Y103.281 E3.63636
G1 X112.566 Y103.097 E3.66131
G1 X113.486 Y101.024 E3.78474
G1 X113.054 Y100.868 E3.80974
G1 X112.119 Y102.975 E3.93519
G1 X111.672 Y102.853 E3.96041
G1 X112.613 Y100.732 E4.08669
G1 X112.163 Y100.616 E4.11198
G1 X111.221 Y102.739 E4.23838
G1 X110.745 Y102.683 E4.26446
G1 X111.705 Y100.519 E4.3933
G1 X111.235 Y100.448 E4.41917
G1 X110.26 Y102.646 E4.55003
G1 X109.76 Y102.643 E4.57724
G1 X110.749 Y100.413 E4.71
G1 X110.261 Y100.384 E4.73661
G1 X109.243 Y102.679 E4.87325
G1 X108.704 Y102.762 E4.90293
G1 X109.763 Y100.376 E5.045
G1 X109.251 Y100.399 E5.07289
G1 X108.154 Y102.873 E5.22017
G1 X107.574 Y103.049 E5.25316
G1 X108.726 Y100.454 E5.40768
G1 X108.186 Y100.541 E5.43745
G1 X106.958 Y103.309 E5.60225
G1 X106.64 Y103.445 E5.62107
G1 X106.307 Y103.646 E5.64224
G1 X107.629 Y100.665 E5.81971
G1 X107.055 Y100.831 E5.85223
G1 X105.602 Y104.104 E6.04712
G1 X105.153 Y104.453 E6.07807
G1 X104.785 Y104.816 E6.1062
G1 X106.458 Y101.045 E6.33072
G1 X105.836 Y101.318 E6.36769
G1 X100.766 Y112.743 E7.04794
G1 X100.584 Y112.023 E7.08836
G1 X105.172 Y101.685 E7.7039
G1 X104.484 Y102.106 E7.7478
G1 X100.446 Y111.205 E8.28957
G1 X100.379 Y110.469 E8.32979
G1 X100.375 Y110.236 E8.34247
G1 X103.72 Y102.698 E8.79129
G1 X103.239 Y103.137 E8.82673
G1 X102.835 Y103.561 E8.8586
G1 X100.423 Y108.997 E9.18226
G1 X100.548 Y108.138 E9.2295
G1 X100.676 Y107.576 E9.26087
G1 X100.838 Y107.023 E9.29223
G1 X101.007 Y106.55 E9.31957
G1 X102.036 Y104.233 E9.45754
M106 S109.65
M106 S114.75
;LAYER_CHANGE
;Z:1.6
;HEIGHT:0.2
G1 E8.65754 F2100
G92 E0
G1 Z1.6 F9000
G1 X107.706 Y116.622
G1 E.8 F2100
;TYPE:Perimeter
;WIDTH:0.449999
G1 F2700
G1 X107.28 Y116.491 E.81509
G1 X106.727 Y116.228 E.83582
G1 X105.791 Y115.638 E.87327
G1 X104.978 Y114.927 E.90983
G1 X104.406 Y114.27 E.93932
G1 X103.919 Y113.503 E.97007
G1 X103.679 Y113.093 E.98615
G1 X103.396 Y112.431 E1.01052
G1 X103.241 Y111.95 E1.02763
G1 X103.066 Y111.208 E1.05343
G1 X102.972 Y110.377 E1.08174
G1 X103.002 Y109.469 E1.11249
G1 X103.035 Y108.995 E1.12857
G1 X103.174 Y108.289 E1.15293
G1 X103.317 Y107.804 E1.17005
G1 X103.591 Y107.092 E1.19587
G1 X103.828 Y106.637 E1.21324
G1 X104.261 Y105.931 E1.24127
G1 X104.733 Y105.332 E1.26708
G1 X105.324 Y104.74 E1.29539
G1 X105.985 Y104.22 E1.32386
G1 X106.412 Y103.949 E1.34098
G1 X107.087 Y103.593 E1.36681
G1 X107.55 Y103.406 E1.38371
G1 X108.278 Y103.176 E1.40955
G1 X108.782 Y103.078 E1.42693
G1 X109.603 Y102.976 E1.45493
G1 X110.366 Y102.972 E1.48076
G1 X111.346 Y103.094 E1.51419
G1 X112.387 Y103.382 E1.55075
G1 X113.322 Y103.798 E1.58539
G1 X114.232 Y104.379 E1.62194
G1 X114.652 Y104.732 E1.64051
G1 X115.223 Y105.297 E1.6677
G1 X115.747 Y105.954 E1.69615
G1 X116.189 Y106.669 E1.7246
G1 X116.543 Y107.432 E1.75307
G1 X116.802 Y108.232 E1.78153
G1 X116.965 Y109.057 E1.81
G1 X117.022 Y109.546 E1.82666
G1 X117.025 Y110.379 E1.85486
G1 X116.952 Y111.098 E1.87932
G1 X116.772 Y111.915 E1.90764
G1 X116.614 Y112.395 E1.92474
G1 X116.319 Y113.098 E1.95055
G1 X116.068 Y113.547 E1.96796
G1 X115.621 Y114.223 E1.99539
G1 X115.065 Y114.867 E2.02419
G1 X114.742 Y115.2 E2.03989
G1 X114.186 Y115.658 E2.06427
G1 X113.48 Y116.117 E2.09277
G1 X112.217 Y116.679 E2.13956
G1 X111.523 Y116.871 E2.16393
G1 X110.149 Y117.036 E2.21077
G1 X109.43 Y117.015 E2.23512
G1 X108.596 Y116.896 E2.26364
G1 X107.763 Y116.64 E2.29314
G1 X107.848 Y116.244 F9000
G1 F2700
G1 X107.454 Y116.123 E2.30709
G1 X106.902 Y115.861 E2.32777
G1 X106.059 Y115.331 E2.36148
G1 X105.246 Y114.621 E2.39802
G1 X104.716 Y114.007 E2.42547
G1 X104.053 Y112.933 E2.46819
G1 X103.77 Y112.271 E2.49256
G1 X103.61 Y111.765 E2.51052
G1 X103.464 Y111.119 E2.53294
G1 X103.377 Y110.334 E2.55967
G1 X103.434 Y109.073 E2.6024
G1 X103.573 Y108.367 E2.62676
G1 X103.726 Y107.858 E2.64475
G1 X103.969 Y107.243 E2.66713
G1 X104.34 Y106.545 E2.69389
G1 X104.636 Y106.104 E2.71187
G1 X105.05 Y105.588 E2.73426
G1 X105.61 Y105.03 E2.76102
G1 X106.234 Y104.542 E2.78783
G1 X106.685 Y104.259 E2.80585
G1 X107.272 Y103.956 E2.82821
G1 X107.763 Y103.759 E2.84612
G1 X108.396 Y103.566 E2.86852
G1 X109.172 Y103.421 E2.89524
G1 X109.702 Y103.377 E2.91324
G1 X110.363 Y103.379 E2.93561
G1 X111.148 Y103.469 E2.96236
G1 X112.364 Y103.805 E3.00506
G1 X113.022 Y104.098 E3.02944
G1 X113.74 Y104.548 E3.05812
G1 X114.086 Y104.777 E3.07216
G1 X114.628 Y105.251 E3.09653
G1 X115.162 Y105.837 E3.12337
G1 X115.622 Y106.483 E3.15021
G1 X116.001 Y107.179 E3.17704
G1 X116.295 Y107.916 E3.2039
G1 X116.499 Y108.683 E3.23076
G1 X116.61 Y109.468 E3.2576
G1 X116.618 Y110.376 E3.28834
G1 X116.547 Y111.054 E3.31141
G1 X116.375 Y111.824 E3.33812
G1 X116.207 Y112.329 E3.35613
G1 X115.946 Y112.937 E3.37853
G1 X115.554 Y113.622 E3.40524
G1 X115.151 Y114.173 E3.42835
G1 X114.483 Y114.886 E3.46142
G1 X113.927 Y115.343 E3.48578
G1 X113.261 Y115.774 E3.51263
G1 X112.108 Y116.287 E3.55535
G1 X111.414 Y116.479 E3.57972
G1 X110.162 Y116.629 E3.6224
G1 X109.442 Y116.608 E3.64678
G1 X108.657 Y116.494 E3.67363
G1 X107.905 Y116.262 E3.70027
G1 X107.989 Y115.869 F9000
;TYPE:External perimeter
G1 F1500
G1 X107.656 Y115.766 E3.71207
G1 X107.076 Y115.493 E3.73377
G1 X106.603 Y115.2 E3.7526
G1 X106.112 Y114.837 E3.77327
G1 X105.514 Y114.314 E3.80016
G1 X105.027 Y113.743 E3.82556
G1 X104.427 Y112.773 E3.86417
G1 X104.144 Y112.111 E3.88854
G1 X103.994 Y111.628 E3.90566
G1 X103.861 Y111.031 E3.92636
G1 X103.782 Y110.291 E3.95155
G1 X103.833 Y109.152 E3.99014
G1 X103.972 Y108.446 E4.0145
G1 X104.121 Y107.962 E4.03164
G1 X104.347 Y107.393 E4.05236
G1 X104.698 Y106.738 E4.07751
G1 X104.983 Y106.32 E4.09463
G1 X105.367 Y105.843 E4.11536
G1 X105.895 Y105.32 E4.14052
G1 X106.483 Y104.864 E4.16571
G1 X106.913 Y104.597 E4.18284
G1 X107.458 Y104.318 E4.20356
G1 X107.928 Y104.133 E4.22066
G1 X108.514 Y103.955 E4.24139
G1 X109.245 Y103.821 E4.26655
G1 X109.749 Y103.783 E4.28366
G1 X110.361 Y103.786 E4.30438
G1 X111.099 Y103.873 E4.32953
G1 X111.894 Y104.09 E4.35742
G1 X112.528 Y104.323 E4.38028
G1 X113.124 Y104.638 E4.4031
G1 X113.793 Y105.065 E4.42996
G1 X114.36 Y105.557 E4.45537
G1 X114.859 Y106.109 E4.48056
G1 X115.289 Y106.717 E4.50577
G1 X115.643 Y107.372 E4.53097
G1 X115.916 Y108.065 E4.55618
G1 X116.105 Y108.785 E4.58138
G1 X116.206 Y109.522 E4.60656
G1 X116.211 Y110.377 E4.6355
G1 X116.142 Y111.009 E4.65702
G1 X115.978 Y111.734 E4.68218
G1 X115.816 Y112.213 E4.6993
G1 X115.572 Y112.775 E4.72004
G1 X115.202 Y113.419 E4.74518
G1 X114.824 Y113.93 E4.76669
G1 X114.47 Y114.311 E4.78429
G1 X113.947 Y114.8 E4.80853
G1 X113.345 Y115.237 E4.83371
G1 X112.754 Y115.561 E4.85652
G1 X112.029 Y115.884 E4.88339
G1 X111.306 Y116.086 E4.9088
G1 X110.451 Y116.191 E4.93796
G1 X109.814 Y116.211 E4.95953
G1 X109.074 Y116.145 E4.98468
G1 X108.415 Y116 E5.00752
G1 X108.046 Y115.886 E5.02059
G1 X107.666 Y115.763 F9000
G1 E4.22059 F2100
G92 E0
G1 X102.423 Y116.463 F9000
G1 E.8 F2100
;TYPE:Perimeter
G1 F2700
G1 X102.412 Y116.452 E.80053
G1 X101.679 Y115.474 E.8419
G1 X101.382 Y114.993 E.86103
G1 X100.836 Y113.9 E.90239
G1 X100.623 Y113.36 E.92204
G1 X100.439 Y112.793 E.94222
G1 X100.289 Y112.216 E.9624
G1 X100.174 Y111.632 E.98255
G1 X100.096 Y111.056 E1.00222
G1 X100.041 Y109.836 E1.04356
G1 X100.067 Y109.271 E1.0627
G1 X100.231 Y108.06 E1.10407
G1 X100.36 Y107.494 E1.12372
G1 X100.527 Y106.922 E1.14389
G1 X100.723 Y106.375 E1.16356
G1 X101.237 Y105.267 E1.2049
G1 X101.527 Y104.764 E1.22455
G1 X101.855 Y104.267 E1.24471
G1 X102.213 Y103.79 E1.2649
G1 X102.598 Y103.335 E1.28507
G1 X103.01 Y102.904 E1.30525
G1 X103.447 Y102.499 E1.32542
G1 X103.907 Y102.121 E1.34557
G1 X104.389 Y101.77 E1.36575
G1 X104.891 Y101.45 E1.3859
G1 X105.412 Y101.159 E1.4061
G1 X105.949 Y100.901 E1.42627
G1 X106.5 Y100.675 E1.44643
G1 X107.05 Y100.487 E1.4661
G1 X108.237 Y100.197 E1.50746
G1 X108.811 Y100.111 E1.52711
G1 X109.404 Y100.057 E1.54727
G1 X109.985 Y100.04 E1.56694
G1 X111.204 Y100.113 E1.60828
G1 X111.778 Y100.2 E1.62793
G1 X112.361 Y100.324 E1.64811
G1 X112.936 Y100.482 E1.66829
G1 X113.5 Y100.675 E1.68847
G1 X114.051 Y100.901 E1.70863
G1 X114.588 Y101.159 E1.7288
G1 X115.109 Y101.45 E1.749
G1 X115.598 Y101.762 E1.76863
G1 X116.613 Y102.554 E1.81221
G1 X117.072 Y102.99 E1.83364
G1 X117.43 Y103.369 E1.85129
G1 X117.858 Y103.884 E1.87396
G1 X118.169 Y104.303 E1.89162
G1 X118.532 Y104.866 E1.91429
G1 X118.791 Y105.319 E1.93195
G1 X119.084 Y105.921 E1.95461
G1 X119.287 Y106.402 E1.97228
G1 X119.506 Y107.035 E1.99495
G1 X119.65 Y107.537 E2.01263
G1 X119.792 Y108.191 E2.03528
G1 X119.875 Y108.707 E2.05297
G1 X119.938 Y109.373 E2.07561
G1 X119.959 Y109.895 E2.09329
G1 X119.95 Y110.447 E2.11198
G1 X119.906 Y111.041 E2.13214
G1 X119.826 Y111.632 E2.15233
G1 X119.711 Y112.216 E2.17248
G1 X119.561 Y112.793 E2.19266
G1 X119.377 Y113.36 E2.21284
G1 X119.164 Y113.9 E2.23249
G1 X118.618 Y114.993 E2.27385
G1 X118.313 Y115.487 E2.2935
G1 X117.97 Y115.974 E2.31366
G1 X117.598 Y116.44 E2.33384
G1 X117.199 Y116.883 E2.35402
G1 X116.775 Y117.301 E2.37417
G1 X116.326 Y117.694 E2.39437
G1 X115.855 Y118.058 E2.41452
G1 X115.362 Y118.394 E2.43471
G1 X114.851 Y118.699 E2.45485
G1 X114.322 Y118.974 E2.47503
G1 X113.777 Y119.216 E2.49521
G1 X113.219 Y119.426 E2.51539
G1 X112.65 Y119.601 E2.53554
G1 X112.086 Y119.739 E2.55519
G1 X110.878 Y119.921 E2.59654
G1 X110.298 Y119.956 E2.61621
G1 X109.702 Y119.956 E2.63638
G1 X109.107 Y119.92 E2.65656
G1 X108.515 Y119.849 E2.67674
G1 X107.929 Y119.743 E2.6969
G1 X107.35 Y119.601 E2.71708
G1 X106.781 Y119.426 E2.73723
G1 X106.223 Y119.216 E2.75741
G1 X105.692 Y118.98 E2.77708
G1 X104.625 Y118.385 E2.81843
G1 X104.145 Y118.058 E2.83809
G1 X103.674 Y117.694 E2.85824
G1 X103.225 Y117.301 E2.87844
G1 X102.801 Y116.883 E2.89859
G1 X102.463 Y116.508 E2.91568
G1 X102.104 Y116.718 F9000
G1 F2700
G1 X102.097 Y116.711 E2.91602
G1 X101.343 Y115.704 E2.9586
G1 X101.026 Y115.192 E2.97898
G1 X100.463 Y114.066 E3.02159
G1 X100.24 Y113.497 E3.04228
G1 X100.048 Y112.907 E3.06328
G1 X99.892 Y112.307 E3.08426
G1 X99.772 Y111.698 E3.10527
G1 X99.69 Y111.093 E3.12594
G1 X99.634 Y109.836 E3.16853
G1 X99.661 Y109.234 E3.18893
G1 X99.83 Y107.987 E3.23153
G1 X99.966 Y107.392 E3.25219
G1 X100.14 Y106.796 E3.27321
G1 X100.346 Y106.221 E3.29388
G1 X100.875 Y105.079 E3.33648
G1 X101.18 Y104.55 E3.35715
G1 X101.522 Y104.032 E3.37816
G1 X101.894 Y103.536 E3.39915
G1 X102.295 Y103.063 E3.42014
G1 X102.724 Y102.614 E3.44116
G1 X103.179 Y102.192 E3.46217
G1 X103.658 Y101.798 E3.48316
G1 X104.16 Y101.434 E3.50415
G1 X104.682 Y101.1 E3.52513
G1 X105.224 Y100.798 E3.54613
G1 X105.783 Y100.529 E3.56713
G1 X106.357 Y100.293 E3.58814
G1 X106.935 Y100.096 E3.60881
G1 X108.158 Y99.798 E3.65142
G1 X108.762 Y99.707 E3.6721
G1 X109.38 Y99.651 E3.6931
G1 X109.991 Y99.633 E3.71379
G1 X111.247 Y99.708 E3.75638
G1 X111.851 Y99.799 E3.77706
G1 X112.458 Y99.928 E3.79807
G1 X113.056 Y100.093 E3.81907
G1 X113.643 Y100.293 E3.84006
G1 X114.217 Y100.529 E3.86107
G1 X114.776 Y100.798 E3.88207
G1 X115.318 Y101.1 E3.90307
G1 X115.833 Y101.429 E3.92376
G1 X116.89 Y102.256 E3.96919
G1 X117.366 Y102.708 E3.99141
G1 X117.741 Y103.105 E4.0099
G1 X118.184 Y103.64 E4.03341
G1 X118.509 Y104.079 E4.0519
G1 X118.885 Y104.662 E4.07538
G1 X119.155 Y105.137 E4.09387
G1 X119.458 Y105.761 E4.11735
G1 X119.67 Y106.265 E4.13586
G1 X119.897 Y106.921 E4.15936
G1 X120.047 Y107.446 E4.17784
G1 X120.193 Y108.125 E4.20135
G1 X120.28 Y108.664 E4.21983
G1 X120.344 Y109.355 E4.24332
G1 X120.366 Y109.901 E4.26182
G1 X120.357 Y110.465 E4.28091
G1 X120.311 Y111.084 E4.30192
G1 X120.228 Y111.698 E4.32289
G1 X120.108 Y112.307 E4.3439
G1 X119.952 Y112.907 E4.36488
G1 X119.76 Y113.497 E4.38588
G1 X119.537 Y114.066 E4.40657
G1 X118.974 Y115.192 E4.44918
G1 X118.653 Y115.712 E4.46986
G1 X118.295 Y116.219 E4.49087
G1 X117.909 Y116.704 E4.51185
G1 X117.494 Y117.165 E4.53285
G1 X117.052 Y117.6 E4.55384
G1 X116.585 Y118.008 E4.57483
G1 X116.094 Y118.388 E4.59585
G1 X115.581 Y118.737 E4.61685
G1 X115.049 Y119.055 E4.63783
G1 X114.498 Y119.341 E4.65884
G1 X113.932 Y119.593 E4.67981
G1 X113.351 Y119.811 E4.70081
G1 X112.758 Y119.994 E4.72182
G1 X112.164 Y120.139 E4.74252
G1 X110.92 Y120.326 E4.7851
G1 X110.31 Y120.363 E4.80579
G1 X109.69 Y120.363 E4.82678
G1 X109.071 Y120.326 E4.84777
G1 X108.455 Y120.252 E4.86877
G1 X107.844 Y120.141 E4.88979
G1 X107.242 Y119.994 E4.91077
G1 X106.649 Y119.811 E4.93178
G1 X106.068 Y119.593 E4.95278
G1 X105.51 Y119.345 E4.97345
G1 X104.411 Y118.732 E5.01605
G1 X103.906 Y118.388 E5.03673
G1 X103.415 Y118.008 E5.05775
G1 X102.948 Y117.6 E5.07874
G1 X102.506 Y117.165 E5.09973
G1 X102.144 Y116.762 E5.11807
G1 X101.785 Y116.972 F9000
;TYPE:External perimeter
G1 F1800
G1 X101.783 Y116.969 E5.11819
G1 X101.006 Y115.933 E5.16202
G1 X100.67 Y115.39 E5.18363
G1 X100.091 Y114.232 E5.22745
G1 X99.857 Y113.635 E5.24915
G1 X99.657 Y113.022 E5.27098
G1 X99.495 Y112.398 E5.2928
G1 X99.371 Y111.765 E5.31463
G1 X99.285 Y111.129 E5.33635
G1 X99.226 Y109.836 E5.38016
G1 X99.255 Y109.198 E5.40178
G1 X99.429 Y107.915 E5.44561
G1 X99.572 Y107.289 E5.46735
G1 X99.752 Y106.67 E5.48917
G1 X99.969 Y106.066 E5.51089
G1 X100.513 Y104.891 E5.55472
G1 X100.834 Y104.336 E5.57642
G1 X101.189 Y103.798 E5.59824
G1 X101.576 Y103.282 E5.62007
G1 X101.993 Y102.79 E5.6419
G1 X102.438 Y102.324 E5.66371
G1 X102.911 Y101.886 E5.68553
G1 X103.409 Y101.476 E5.70736
G1 X103.93 Y101.097 E5.72917
G1 X104.474 Y100.75 E5.75101
G1 X105.037 Y100.436 E5.77283
G1 X105.617 Y100.157 E5.79462
G1 X106.214 Y99.912 E5.81646
G1 X106.821 Y99.705 E5.83817
G1 X108.079 Y99.398 E5.882
G1 X108.714 Y99.302 E5.90374
G1 X109.356 Y99.244 E5.92556
G1 X109.997 Y99.225 E5.94727
G1 X111.29 Y99.303 E5.99112
G1 X111.924 Y99.398 E6.01282
G1 X112.555 Y99.532 E6.03465
G1 X113.176 Y99.704 E6.05646
G1 X113.786 Y99.912 E6.07828
G1 X114.383 Y100.157 E6.10012
G1 X114.963 Y100.436 E6.12191
G1 X115.526 Y100.75 E6.14373
G1 X116.067 Y101.096 E6.16547
G1 X117.167 Y101.958 E6.21277
G1 X117.66 Y102.427 E6.2358
G1 X118.051 Y102.842 E6.2551
G1 X118.509 Y103.396 E6.27943
G1 X118.848 Y103.855 E6.29874
G1 X119.237 Y104.459 E6.32306
G1 X119.519 Y104.955 E6.34237
G1 X119.832 Y105.601 E6.36667
G1 X120.053 Y106.128 E6.38601
G1 X120.288 Y106.807 E6.41033
G1 X120.444 Y107.356 E6.42965
G1 X120.595 Y108.058 E6.45396
G1 X120.685 Y108.621 E6.47326
G1 X120.751 Y109.337 E6.4976
G1 X120.773 Y109.907 E6.51691
G1 X120.764 Y110.483 E6.53641
G1 X120.716 Y111.126 E6.55824
G1 X120.629 Y111.765 E6.58007
G1 X120.505 Y112.398 E6.6019
G1 X120.343 Y113.022 E6.62372
G1 X120.143 Y113.635 E6.64555
G1 X119.909 Y114.232 E6.66725
G1 X119.33 Y115.39 E6.71107
G1 X118.992 Y115.936 E6.73281
G1 X118.621 Y116.463 E6.75463
G1 X118.219 Y116.967 E6.77645
G1 X117.788 Y117.446 E6.79826
G1 X117.329 Y117.899 E6.82009
G1 X116.843 Y118.323 E6.84192
G1 X116.333 Y118.717 E6.86373
G1 X115.801 Y119.08 E6.88553
G1 X115.247 Y119.411 E6.90737
G1 X114.675 Y119.708 E6.92919
G1 X114.086 Y119.97 E6.95101
G1 X113.483 Y120.197 E6.97282
G1 X112.867 Y120.387 E6.99464
G1 X112.243 Y120.539 E7.01638
G1 X110.963 Y120.732 E7.0602
G1 X110.322 Y120.77 E7.08194
G1 X109.678 Y120.77 E7.10374
G1 X109.034 Y120.732 E7.12558
G1 X108.394 Y120.655 E7.1474
G1 X107.76 Y120.539 E7.16922
G1 X107.133 Y120.387 E7.19106
G1 X106.517 Y120.197 E7.21288
G1 X105.914 Y119.97 E7.23469
G1 X105.328 Y119.709 E7.2564
G1 X104.197 Y119.078 E7.30024
G1 X103.667 Y118.717 E7.32195
G1 X103.157 Y118.323 E7.34376
G1 X102.671 Y117.899 E7.36559
G1 X102.212 Y117.446 E7.38742
G1 X101.825 Y117.017 E7.40698
G1 X101.581 Y116.7 F9000
G1 E6.60698 F2100
G92 E0
G1 X103.573 Y102.644 F9000
G1 E.8 F2100
;TYPE:Solid infill
;WIDTH:0.38292
G1 F2400
G1 X102.744 Y103.467 E.83302
G1 X103.427 Y102.785 E.86031
G1 X104.7 Y101.934 F9000
;WIDTH:0.449999
G1 F2400
G1 X101.937 Y104.697 E.99257
G1 X101.842 Y104.835 E.99824
;WIDTH:0.41646
G1 X101.747 Y104.974 E1.00347
;WIDTH:0.38292
G1 X101.676 Y104.955 E1.00555
G1 X101.695 Y105.026 E1.00763
G1 X101.736 Y105.015 E1.00883
G1 X101.094 Y106.233 F9000
G1 F2400
G1 X101.023 Y106.214 E1.01091
G1 X101.042 Y106.285 E1.01299
G1 X101.083 Y106.274 E1.01419
;WIDTH:0.41646
G1 X101.168 Y106.115 E1.01979
;WIDTH:0.449999
G1 X101.254 Y105.956 E1.02591
G1 X105.99 Y101.22 E1.25262
G1 X106.148 Y101.137 E1.25866
;WIDTH:0.41646
G1 X106.305 Y101.054 E1.26418
;WIDTH:0.38292
G1 X106.264 Y101.065 E1.26538
G1 X106.245 Y100.994 E1.26746
G1 X106.316 Y101.013 E1.26954
;WIDTH:0.449999
G1 X106.937 Y100.848 E1.29129
G1 X100.848 Y106.938 E1.58279
G1 X100.778 Y107.097 E1.58867
;WIDTH:0.41646
G1 X100.708 Y107.255 E1.59404
;WIDTH:0.38292
G1 X100.667 Y107.266 E1.59524
G1 X100.648 Y107.195 E1.59732
G1 X100.719 Y107.214 E1.5994
;WIDTH:0.449999
G1 X100.616 Y107.745 E1.61771
G1 X107.724 Y100.637 E1.95797
G1 X108.465 Y100.472 E1.98367
G1 X100.486 Y108.451 E2.36562
G1 X100.289 Y109.435 F9000
;WIDTH:0.38292
G1 F2400
G1 X100.248 Y109.446 E2.36682
G1 X100.229 Y109.374 E2.36893
G1 X100.3 Y109.394 E2.37102
;WIDTH:0.41646
G1 X100.348 Y109.255 E2.37559
;WIDTH:0.449999
G1 X100.396 Y109.117 E2.38054
G1 X109.123 Y100.389 E2.79832
G1 X109.733 Y100.356 E2.819
G1 X106.575 Y103.513 E2.97015
G1 X106.431 Y103.623 E2.97628
;WIDTH:0.41646
G1 X106.287 Y103.732 E2.98189
;WIDTH:0.38292
G1 X105.89 Y104.045 E2.99618
G1 X107.343 Y103.28 F9000
G1 F2400
G1 X107.302 Y103.291 E2.99738
G1 X107.283 Y103.22 E2.99946
G1 X107.354 Y103.239 E3.00154
;WIDTH:0.41646
G1 X107.478 Y103.151 E3.00626
;WIDTH:0.449999
G1 X107.601 Y103.063 E3.01138
G1 X110.299 Y100.365 E3.14053
G1 X110.842 Y100.397 E3.15894
G1 X108.401 Y102.839 E3.27581
G1 X108.279 Y102.915 E3.28068
;WIDTH:0.41646
G1 X108.157 Y102.992 E3.28516
;WIDTH:0.38292
G1 X108.086 Y102.973 E3.28724
G1 X108.105 Y103.044 E3.28932
G1 X108.146 Y103.033 E3.29052
G1 E2.49052 F2100
G92 E0
G1 X111.207 Y100.608 F9000
G1 E.8 F2100
;WIDTH:0.449999
G1 F2400
G1 X109.104 Y102.712 E.90069
G1 X109.699 Y102.664 E.9209
G1 X110.428 Y102.668 E.94558
G1 X111.262 Y102.766 E.974
G1 X112.595 Y103.13 E1.02077
G1 X113.467 Y103.531 E1.05326
G1 X114.503 Y104.199 E1.09498
G1 X115.091 Y104.71 E1.12135
G1 X115.779 Y105.471 E1.15608
G1 X116.241 Y106.129 E1.18329
G1 X116.658 Y106.902 E1.21302
G1 X116.981 Y107.719 E1.24276
G1 X117.187 Y108.497 E1.27
G1 X117.326 Y109.502 E1.30434
G1 X117.323 Y110.507 E1.33836
G1 X117.247 Y111.192 E1.36169
G1 X117.054 Y112.033 E1.3909
G1 X119.508 Y109.579 E1.50837
G1 X119.641 Y109.575 E1.51287
G1 X119.49 Y108.241 E1.55831
G1 X119.344 Y107.57 E1.58155
G1 X119.182 Y107.016 E1.60109
G1 X118.988 Y106.475 E1.62054
G1 X118.501 Y105.422 E1.65981
G1 X118.213 Y104.925 E1.67925
G1 X117.895 Y104.442 E1.69882
G1 X117.549 Y103.98 E1.71836
G1 X117.175 Y103.54 E1.73791
G1 X116.776 Y103.122 E1.75747
G1 X116.367 Y102.743 E1.77634
G1 X115.422 Y102.012 E1.81678
G1 X114.952 Y101.712 E1.83565
G1 X114.447 Y101.43 E1.85523
G1 X113.927 Y101.18 E1.87476
G1 X113.357 Y100.949 E1.89558
G1 X112.846 Y100.774 E1.91386
G1 X112.289 Y100.62 E1.93342
G1 X111.724 Y100.5 E1.95297
G1 X111.274 Y100.432 E1.96837
G1 X111.511 Y100.88 E1.98553
G1 X112.192 Y101.016 E2.00904
G1 X112.726 Y101.163 E2.02779
G1 X113.215 Y101.33 E2.04528
G1 X113.762 Y101.552 E2.06526
G1 X114.26 Y101.792 E2.08397
G1 X114.743 Y102.061 E2.10268
G1 X115.188 Y102.345 E2.12055
G1 X116.104 Y103.054 E2.15976
G1 X116.49 Y103.412 E2.17758
G1 X116.872 Y103.812 E2.1963
G1 X117.23 Y104.234 E2.21503
G1 X117.562 Y104.677 E2.23377
G1 X117.867 Y105.139 E2.25251
G1 X118.139 Y105.61 E2.27092
G1 X118.611 Y106.629 E2.30893
G1 X118.795 Y107.142 E2.32738
G1 X118.95 Y107.671 E2.34604
G1 X119.089 Y108.311 E2.36821
G1 X119.219 Y109.292 E2.40171
G1 X117.699 Y110.811 E2.47445
G1 X117.73 Y110.508 E2.48476
G1 X117.733 Y109.504 E2.51874
G1 X117.581 Y108.394 E2.55666
G1 X117.382 Y107.638 E2.58312
G1 X117.017 Y106.709 E2.61691
G1 X116.575 Y105.896 E2.64823
G1 X116.083 Y105.2 E2.67708
G1 X115.358 Y104.403 E2.71355
G1 X114.77 Y103.891 E2.73994
G1 X113.637 Y103.161 E2.78556
G1 X112.671 Y102.726 E2.82142
G1 X111.309 Y102.361 E2.86915
G1 X110.499 Y102.266 E2.89676
G1 X110.132 Y102.259 E2.90918
G1 X111.367 Y101.024 E2.9683
G1 X111.673 Y101.395 E2.98458
;WIDTH:0.601226
G1 X112.576 Y101.622 E3.0278
;WIDTH:0.600505
G1 X113.055 Y101.779 E3.05117
;WIDTH:0.596219
G1 X113.576 Y101.995 E3.07712
G1 X114.047 Y102.22 E3.10113
;WIDTH:0.598064
G1 X114.496 Y102.475 E3.12497
;WIDTH:0.599045
G1 X114.92 Y102.747 E3.14826
G1 X115.359 Y103.073 E3.17355
;WIDTH:0.592525
G1 X115.794 Y103.419 E3.19895
G1 X116.167 Y103.764 E3.22217
;WIDTH:0.597007
G1 X116.862 Y104.538 E3.2701
;WIDTH:0.593135
G1 X117.175 Y104.959 E3.2941
G1 X117.466 Y105.396 E3.31812
;WIDTH:0.593431
G1 X117.719 Y105.842 E3.34159
G1 X117.947 Y106.318 E3.36575
G1 X118.172 Y106.823 E3.39106
G1 X118.345 Y107.297 E3.41416
;WIDTH:0.593054
G1 X118.487 Y107.799 E3.43802
G1 X118.62 Y108.404 E3.46636
;WIDTH:0.589921
G1 X118.716 Y109.121 E3.49926
;WIDTH:0.587842
G1 X118.209 Y109.628 E3.53175
G1 X118.159 Y109.061 E3.55754
G1 X118.04 Y108.273 E3.59365
;WIDTH:0.587041
G1 X117.834 Y107.489 E3.63033
;WIDTH:0.593452
G1 X117.461 Y106.543 E3.67688
G1 X116.965 Y105.623 E3.72473
;WIDTH:0.589418
G1 X116.439 Y104.884 E3.76595
;WIDTH:0.597007
G1 X116.103 Y104.505 E3.78929
G1 X115.436 Y103.836 E3.83281
;WIDTH:0.592525
G1 X115.031 Y103.497 E3.85695
;WIDTH:0.599045
G1 X114.599 Y103.201 E3.88117
G1 X113.799 Y102.709 E3.9246
;WIDTH:0.591621
G1 X112.918 Y102.309 E3.96874
;WIDTH:0.600505
G1 X112.428 Y102.16 E3.99249
;WIDTH:0.601226
G1 X111.938 Y102.026 E4.01607
G1 X111.202 Y101.866 E4.05104
;WIDTH:0.593905
G1 X111.529 Y101.539 E4.07223
G1 E3.27223 F2100
G92 E0
G1 X104.185 Y105.726 F9000
G1 E.8 F2100
;WIDTH:0.38292
G1 F2400
G1 X103.734 Y106.28 E.8202
;WIDTH:0.41646
G1 X103.627 Y106.424 E.82577
;WIDTH:0.449999
G1 X103.52 Y106.568 E.83184
G1 X100.351 Y109.737 E.98354
G1 X100.368 Y110.296 E1.00247
G1 X103.06 Y107.603 E1.13136
G1 X103.171 Y107.475 E1.13709
;WIDTH:0.41646
G1 X103.281 Y107.346 E1.14236
;WIDTH:0.38292
G1 X103.24 Y107.357 E1.14356
G1 X103.221 Y107.286 E1.14564
G1 X103.292 Y107.305 E1.14772
G1 X103.04 Y108.099 F9000
G1 F2400
G1 X102.969 Y108.08 E1.1498
G1 X102.988 Y108.151 E1.15188
G1 X103.029 Y108.14 E1.15308
;WIDTH:0.41646
G1 X102.936 Y108.269 E1.15802
;WIDTH:0.449999
G1 X102.842 Y108.398 E1.16342
G1 X100.392 Y110.847 E1.28068
G1 E.48068 F2100
G92 E0
G1 X102.574 Y109.241 F9000
G1 E.8 F2100
G1 F2400
G1 X100.536 Y111.279 E.89756
G1 X100.434 Y111.279 E.90101
G1 X100.555 Y111.986 E.92529
G1 X100.678 Y112.497 E.94308
G1 X100.882 Y113.167 E.96679
G1 X101.096 Y113.728 E.98711
G1 X101.349 Y114.244 E1.00656
G1 X101.649 Y114.844 E1.02927
G1 X101.932 Y115.302 E1.04749
G1 X102.648 Y116.258 E1.08792
G1 X103.021 Y116.672 E1.10678
G1 X103.433 Y117.078 E1.12636
G1 X103.868 Y117.458 E1.14591
G1 X104.325 Y117.811 E1.16546
G1 X104.786 Y118.125 E1.18434
G1 X105.829 Y118.707 E1.22477
G1 X106.339 Y118.934 E1.24367
G1 X106.879 Y119.137 E1.2632
G1 X107.431 Y119.307 E1.28275
G1 X107.993 Y119.444 E1.30233
G1 X108.561 Y119.547 E1.32187
G1 X109.135 Y119.616 E1.34144
G1 X109.579 Y119.643 E1.3565
G1 X109.579 Y119.507 E1.3611
G1 X112.046 Y117.041 E1.47917
G1 X111.582 Y117.169 E1.49546
G1 X110.237 Y117.339 E1.54135
G1 X109.354 Y117.315 E1.57125
G1 X108.523 Y117.193 E1.59968
G1 X107.203 Y116.79 E1.6464
G1 X106.53 Y116.47 E1.67162
G1 X105.7 Y115.952 E1.70474
G1 X104.73 Y115.113 E1.74815
G1 X104.133 Y114.417 E1.77919
G1 X103.408 Y113.232 E1.82621
G1 X103.09 Y112.488 E1.8536
G1 X102.915 Y111.925 E1.87356
G1 X102.757 Y111.214 E1.89821
G1 X102.663 Y110.328 E1.92837
G1 X102.718 Y109.097 E1.97008
G1 X102.264 Y110.127 F9000
G1 F2400
G1 X102.259 Y110.386 E1.97885
G1 X102.348 Y111.234 E2.00771
G1 X102.562 Y112.161 E2.03991
G1 X102.715 Y112.647 E2.05716
G1 X103.061 Y113.444 E2.08657
G1 X103.766 Y114.602 E2.13246
G1 X104.463 Y115.421 E2.16886
G1 X105.434 Y116.26 E2.2123
G1 X106.355 Y116.838 E2.24911
G1 X107.112 Y117.191 E2.27738
G1 X108.374 Y117.576 E2.32204
G1 X109.342 Y117.722 E2.35518
G1 X110.288 Y117.743 E2.38721
G1 X110.837 Y117.674 E2.40594
G1 X109.293 Y119.218 E2.47985
G1 X108.622 Y119.144 E2.5027
G1 X108.077 Y119.046 E2.52144
G1 X107.54 Y118.914 E2.54016
G1 X107.011 Y118.751 E2.5589
G1 X106.493 Y118.557 E2.57762
G1 X106.011 Y118.342 E2.59548
G1 X105 Y117.779 E2.63465
G1 X104.564 Y117.482 E2.65251
G1 X104.127 Y117.143 E2.67123
G1 X103.71 Y116.779 E2.68997
G1 X103.316 Y116.391 E2.70869
G1 X102.963 Y115.999 E2.72655
G1 X102.268 Y115.072 E2.76577
G1 X102.005 Y114.646 E2.78272
G1 X101.475 Y113.579 E2.82305
G1 X101.275 Y113.059 E2.84191
G1 X101.118 Y112.572 E2.85923
G1 X100.98 Y112.036 E2.87796
G1 X100.879 Y111.515 E2.89592
G1 X102.12 Y110.271 E2.9554
G1 X101.865 Y111.201 F9000
;WIDTH:0.590744
G1 F2400
G1 X101.893 Y111.405 E2.96478
G1 X102.072 Y112.186 E3.00128
;WIDTH:0.587462
G1 X102.24 Y112.729 E3.02702
;WIDTH:0.592629
G1 X102.429 Y113.196 E3.05005
G1 X102.657 Y113.69 E3.07492
;WIDTH:0.601302
G1 X103.137 Y114.497 E3.11852
G1 X103.464 Y114.987 E3.14587
;WIDTH:0.588127
G1 X104.036 Y115.664 E3.18605
;WIDTH:0.599478
G1 X104.409 Y116.011 E3.20963
G1 X105.122 Y116.62 E3.25302
;WIDTH:0.594497
G1 X105.543 Y116.901 E3.27623
G1 X106.152 Y117.264 E3.30875
;WIDTH:0.587058
G1 X106.848 Y117.599 E3.3437
;WIDTH:0.600501
G1 X107.339 Y117.764 E3.36772
;WIDTH:0.601226
G1 X108.393 Y118.066 E3.41862
;WIDTH:0.589367
G1 X109.054 Y118.166 E3.449
G1 X109.628 Y118.208 E3.47515
G1 X109.113 Y118.723 E3.50824
;WIDTH:0.593306
G1 X108.166 Y118.577 E3.55209
;WIDTH:0.601226
G1 X107.159 Y118.292 E3.60067
;WIDTH:0.600501
G1 X106.674 Y118.116 E3.62459
;WIDTH:0.592331
G1 X106.215 Y117.908 E3.64761
G1 X105.773 Y117.669 E3.67057
;WIDTH:0.594497
G1 X105.252 Y117.37 E3.69812
G1 X104.835 Y117.089 E3.72118
;WIDTH:0.600747
G1 X104.032 Y116.42 E3.76966
;WIDTH:0.599478
G1 X103.66 Y116.062 E3.79355
;WIDTH:0.593884
G1 X103.326 Y115.684 E3.81666
G1 X102.917 Y115.15 E3.84748
;WIDTH:0.602686
G1 X102.422 Y114.399 E3.88935
G1 X102.186 Y113.951 E3.91292
;WIDTH:0.592629
G1 X101.92 Y113.404 E3.94072
G1 X101.721 Y112.894 E3.96574
;WIDTH:0.587207
G1 X101.52 Y112.227 E3.99727
;WIDTH:0.590744
G1 X101.395 Y111.671 E4.02323
G1 X101.721 Y111.345 E4.04423
G1 E3.24423 F2100
G92 E0
G1 X110.011 Y119.651 F9000
G1 E.8 F2100
;WIDTH:0.449999
G1 F2400
G1 X112.976 Y116.685 E.94196
G1 E.14196 F2100
G92 E0
G1 X116.551 Y113.262 F9000
G1 E.8 F2100
;WIDTH:0.38292
G1 F2400
G1 X116.51 Y113.273 E.8012
G1 X116.491 Y113.202 E.80328
G1 X116.562 Y113.221 E.80536
;WIDTH:0.41646
G1 X116.64 Y113.083 E.81028
;WIDTH:0.449999
G1 X116.717 Y112.945 E.81563
G1 X119.652 Y110.01 E.95613
G1 X119.632 Y110.605 E.97628
G1 X115.943 Y114.295 E1.15289
G1 X115.818 Y114.439 E1.15934
;WIDTH:0.423189
G1 X115.693 Y114.583 E1.16537
;WIDTH:0.396378
G1 X115.601 Y114.688 E1.16947
;WIDTH:0.40324
G1 X114.546 Y115.725 E1.21379
;WIDTH:0.449999
G1 X114.258 Y115.979 E1.22679
G1 X110.606 Y119.632 E1.40163
G1 X110.803 Y119.681 E1.4085
;WIDTH:0.41646
G1 X111 Y119.73 E1.41481
;WIDTH:0.38292
G1 X110.959 Y119.741 E1.41601
G1 X110.94 Y119.67 E1.41809
G1 X111.011 Y119.689 E1.42017
;WIDTH:0.449999
G1 X111.258 Y119.555 E1.42968
G1 X119.57 Y111.243 E1.82757
G1 X119.455 Y111.934 E1.85128
G1 X111.936 Y119.453 E2.21121
G1 X111.967 Y119.526 E2.21389
;WIDTH:0.41646
G1 X111.998 Y119.599 E2.21635
;WIDTH:0.38292
G1 X112.537 Y119.47 E2.23202
G1 E1.43202 F2100
G92 E0
G1 X119.471 Y112.534 F9000
G1 E.8 F2100
G1 F2400
G1 X119.592 Y112.031 E.81463
;WIDTH:0.449999
G1 X119.271 Y112.693 E.83953
G1 X112.697 Y119.267 E1.15422
G1 X113.319 Y119.179 E1.17548
;WIDTH:0.38292
G1 X113.277 Y119.19 E1.17671
G1 X113.258 Y119.119 E1.17879
G1 X113.33 Y119.138 E1.1809
;WIDTH:0.41646
G1 X113.452 Y119.052 E1.18554
;WIDTH:0.449999
G1 X113.574 Y118.967 E1.19057
G1 X118.963 Y113.577 E1.44856
G1 X119.073 Y113.448 E1.4543
;WIDTH:0.41646
G1 X119.182 Y113.319 E1.45955
;WIDTH:0.38292
G1 X119.141 Y113.33 E1.46075
G1 X119.122 Y113.259 E1.46283
G1 X119.193 Y113.278 E1.46491
G1 X118.677 Y114.387 F9000
G1 F2400
G1 X118.606 Y114.368 E1.46699
G1 X118.625 Y114.439 E1.46907
G1 X118.666 Y114.428 E1.47027
;WIDTH:0.41646
G1 X118.548 Y114.557 E1.4757
;WIDTH:0.449999
G1 X114.536 Y118.571 E1.6678
;WIDTH:0.41646
G1 X114.408 Y118.689 E1.67321
;WIDTH:0.38292
G1 X114.367 Y118.7 E1.67441
G1 X114.348 Y118.629 E1.67649
G1 X114.419 Y118.648 E1.67857
G1 X115.718 Y117.87 F9000
G1 F2400
G1 X116.155 Y117.486 E1.69502
;WIDTH:0.416654
G1 X116.578 Y117.09 E1.71303
;WIDTH:0.42098
G1 X117.388 Y116.262 E1.74944
;WIDTH:0.390658
G1 X117.775 Y115.829 E1.76623
;WIDTH:0.38292
G1 X118.15 Y115.382 E1.78273
;LAYER_CHANGE
;Z:1.8
;HEIGHT:0.2
G1 E.98273 F2100
G92 E0
G1 Z1.8 F9000
G1 X107.703 Y116.632
G1 E.8 F2100
;TYPE:Perimeter
;WIDTH:0.449999
G1 F2700
G1 X107.69 Y116.628 E.80046
G1 X107.275 Y116.488 E.81529
G1 X106.626 Y116.176 E.83966
G1 X105.913 Y115.729 E.86814
G1 X105.258 Y115.2 E.89664
G1 X104.901 Y114.845 E.91368
G1 X104.402 Y114.265 E.93958
G1 X103.679 Y113.093 E.98619
G1 X103.396 Y112.431 E1.01056
G1 X103.153 Y111.625 E1.03906
G1 X103.014 Y110.69 E1.07106
G1 X102.968 Y110.224 E1.08691
G1 X103.016 Y109.146 E1.12344
G1 X103.106 Y108.632 E1.1411
G1 X103.317 Y107.806 E1.16996
G1 X103.591 Y107.091 E1.19588
G1 X104.281 Y105.899 E1.2425
G1 X104.729 Y105.336 E1.26685
G1 X105.324 Y104.74 E1.29536
G1 X105.985 Y104.22 E1.32383
G1 X106.484 Y103.905 E1.3438
G1 X107.088 Y103.593 E1.36681
G1 X108.391 Y103.149 E1.41341
G1 X109.099 Y103.02 E1.43777
G1 X109.601 Y102.977 E1.45482
G1 X110.366 Y102.972 E1.48071
G1 X111.197 Y103.065 E1.50901
G1 X112.53 Y103.433 E1.55582
G1 X113.188 Y103.726 E1.5802
G1 X114.353 Y104.47 E1.62699
G1 X114.895 Y104.944 E1.65136
G1 X115.464 Y105.565 E1.67987
G1 X115.994 Y106.347 E1.71185
G1 X116.238 Y106.747 E1.72771
G1 X116.663 Y107.74 E1.76427
G1 X116.802 Y108.232 E1.78158
G1 X116.965 Y109.057 E1.81005
G1 X117.022 Y109.548 E1.82678
G1 X117.024 Y110.39 E1.85528
G1 X116.952 Y111.099 E1.8794
G1 X116.772 Y111.915 E1.90768
G1 X116.611 Y112.402 E1.92504
G1 X116.319 Y113.099 E1.95062
G1 X115.907 Y113.826 E1.9789
G1 X115.326 Y114.572 E2.01091
G1 X115.022 Y114.928 E2.02676
G1 X114.209 Y115.638 E2.0633
G1 X113.784 Y115.923 E2.08062
G1 X113.05 Y116.332 E2.10906
G1 X112.584 Y116.544 E2.12639
G1 X111.552 Y116.862 E2.16294
G1 X110.585 Y116.995 E2.19598
G1 X110.149 Y117.036 E2.2108
G1 X109.43 Y117.015 E2.23515
G1 X108.596 Y116.896 E2.26367
G1 X107.76 Y116.649 E2.29318
G1 X107.848 Y116.244 F9000
G1 F2700
G1 X107.451 Y116.122 E2.30724
G1 X106.803 Y115.81 E2.33158
G1 X106.132 Y115.386 E2.35845
G1 X105.517 Y114.886 E2.38528
G1 X105.131 Y114.499 E2.40378
G1 X104.714 Y114.004 E2.42569
G1 X104.053 Y112.933 E2.46829
G1 X103.77 Y112.271 E2.49266
G1 X103.543 Y111.511 E2.51951
G1 X103.375 Y110.243 E2.56281
G1 X103.423 Y109.164 E2.59937
G1 X103.573 Y108.367 E2.62682
G1 X103.731 Y107.844 E2.64531
G1 X103.969 Y107.242 E2.66722
G1 X104.599 Y106.153 E2.70981
G1 X105.048 Y105.59 E2.73419
G1 X105.61 Y105.03 E2.76104
G1 X106.234 Y104.542 E2.78785
G1 X106.698 Y104.252 E2.80637
G1 X107.273 Y103.955 E2.82828
G1 X108.464 Y103.549 E2.87087
G1 X109.172 Y103.421 E2.89522
G1 X109.717 Y103.377 E2.91373
G1 X110.364 Y103.379 E2.93563
G1 X111.148 Y103.469 E2.96234
G1 X112.364 Y103.805 E3.00504
G1 X113.022 Y104.098 E3.02942
G1 X113.771 Y104.568 E3.05935
G1 X114.086 Y104.777 E3.07215
G1 X114.628 Y105.251 E3.09652
G1 X115.162 Y105.837 E3.12336
G1 X115.655 Y106.572 E3.15332
G1 X115.864 Y106.907 E3.16669
G1 X116.288 Y107.9 E3.20324
G1 X116.499 Y108.683 E3.23069
G1 X116.61 Y109.468 E3.25753
G1 X116.617 Y110.385 E3.28857
G1 X116.547 Y111.054 E3.31134
G1 X116.375 Y111.824 E3.33805
G1 X116.202 Y112.343 E3.35657
G1 X115.945 Y112.937 E3.37848
G1 X115.554 Y113.622 E3.40518
G1 X114.754 Y114.621 E3.4485
G1 X113.941 Y115.332 E3.48506
G1 X113.261 Y115.774 E3.51251
G1 X112.549 Y116.122 E3.53933
G1 X111.325 Y116.496 E3.58265
G1 X110.253 Y116.625 E3.6192
G1 X109.442 Y116.608 E3.64666
G1 X108.657 Y116.494 E3.67351
G1 X107.905 Y116.262 E3.70015
G1 X107.989 Y115.869 F9000
;TYPE:External perimeter
G1 F1500
G1 X107.93 Y115.85 E3.70225
G1 X107.304 Y115.599 E3.72508
G1 X106.655 Y115.237 E3.75023
G1 X106.053 Y114.8 E3.77541
G1 X105.481 Y114.274 E3.80171
G1 X105.026 Y113.742 E3.82541
G1 X104.427 Y112.773 E3.86397
G1 X104.144 Y112.111 E3.88834
G1 X103.934 Y111.397 E3.91353
G1 X103.781 Y110.261 E3.95233
G1 X103.83 Y109.182 E3.98889
G1 X103.972 Y108.446 E4.01426
G1 X104.12 Y107.964 E4.03133
G1 X104.347 Y107.393 E4.05213
G1 X104.757 Y106.68 E4.07997
G1 X105.141 Y106.125 E4.10281
G1 X105.639 Y105.573 E4.12797
G1 X106.199 Y105.084 E4.15313
G1 X106.763 Y104.69 E4.17642
G1 X107.458 Y104.318 E4.2031
G1 X108.536 Y103.95 E4.24166
G1 X109.245 Y103.821 E4.26605
G1 X109.747 Y103.783 E4.28309
G1 X110.361 Y103.786 E4.30387
G1 X111.099 Y103.873 E4.32902
G1 X112.199 Y104.177 E4.36765
G1 X112.857 Y104.469 E4.39202
G1 X113.552 Y104.911 E4.4199
G1 X114.089 Y105.32 E4.44275
G1 X114.625 Y105.849 E4.46824
G1 X115.035 Y106.372 E4.49073
G1 X115.473 Y107.035 E4.51763
G1 X115.802 Y107.796 E4.54569
G1 X116.014 Y108.437 E4.56854
G1 X116.158 Y109.166 E4.59369
G1 X116.209 Y109.877 E4.61782
G1 X116.21 Y110.392 E4.63525
G1 X116.142 Y111.009 E4.65626
G1 X115.978 Y111.734 E4.68142
G1 X115.816 Y112.211 E4.69847
G1 X115.572 Y112.775 E4.71927
G1 X115.202 Y113.419 E4.74441
G1 X114.486 Y114.315 E4.78323
G1 X113.673 Y115.025 E4.81977
G1 X113.042 Y115.431 E4.84517
G1 X112.372 Y115.755 E4.87036
G1 X111.276 Y116.092 E4.90917
G1 X110.204 Y116.221 E4.94572
G1 X109.454 Y116.201 E4.97112
G1 X108.718 Y116.091 E4.99631
G1 X108.047 Y115.886 E5.02006
G1 X107.672 Y115.745 F9000
G1 E4.22006 F2100
G92 E0
G1 X102.424 Y116.462 F9000
G1 E.8 F2100
;TYPE:Perimeter
G1 F2700
G1 X102.375 Y116.406 E.80252
G1 X101.984 Y115.901 E.82414
G1 X101.659 Y115.441 E.8432
G1 X101.353 Y114.941 E.86304
G1 X101.059 Y114.374 E.88466
G1 X100.822 Y113.865 E.90367
G1 X100.587 Y113.248 E.92602
G1 X100.428 Y112.751 E.94368
G1 X100.267 Y112.101 E.96635
G1 X100.168 Y111.588 E.98403
G1 X100.091 Y110.997 E1.0042
G1 X100.048 Y110.329 E1.02686
G1 X100.043 Y109.807 E1.04453
G1 X100.072 Y109.212 E1.06469
G1 X100.148 Y108.577 E1.08634
G1 X100.239 Y108.023 E1.10534
G1 X100.404 Y107.345 E1.12896
G1 X100.571 Y106.8 E1.14825
G1 X100.745 Y106.321 E1.1655
G1 X101.015 Y105.708 E1.18817
G1 X101.251 Y105.242 E1.20585
G1 X101.551 Y104.727 E1.22602
G1 X101.926 Y104.172 E1.24869
G1 X102.241 Y103.756 E1.26635
G1 X102.679 Y103.25 E1.289
G1 X103.042 Y102.875 E1.30667
G1 X103.538 Y102.424 E1.32936
G1 X103.942 Y102.095 E1.347
G1 X104.52 Y101.687 E1.37095
G1 X105.46 Y101.136 E1.40783
G1 X106.058 Y100.856 E1.43018
G1 X106.542 Y100.661 E1.44784
G1 X107.107 Y100.47 E1.46803
G1 X107.754 Y100.299 E1.49068
G1 X108.265 Y100.193 E1.50834
G1 X108.965 Y100.097 E1.53226
G1 X109.534 Y100.054 E1.55157
G1 X110.044 Y100.041 E1.56884
G1 X110.682 Y100.069 E1.59046
G1 X111.242 Y100.119 E1.60949
G1 X111.894 Y100.224 E1.63184
G1 X112.404 Y100.335 E1.64951
G1 X112.978 Y100.496 E1.66969
G1 X113.579 Y100.712 E1.69131
G1 X114.1 Y100.924 E1.71035
G1 X114.691 Y101.217 E1.73268
G1 X115.146 Y101.473 E1.75035
G1 X115.646 Y101.796 E1.7705
G1 X116.184 Y102.196 E1.79319
G1 X116.585 Y102.529 E1.81083
G1 X117.047 Y102.97 E1.83245
G1 X117.437 Y103.376 E1.85151
G1 X117.858 Y103.884 E1.87384
G1 X118.169 Y104.303 E1.8915
G1 X118.495 Y104.802 E1.91168
G1 X118.824 Y105.386 E1.93437
G1 X119.055 Y105.854 E1.95204
G1 X119.287 Y106.403 E1.97221
G1 X119.506 Y107.035 E1.99485
G1 X119.65 Y107.537 E2.01253
G1 X119.792 Y108.191 E2.03518
G1 X119.875 Y108.707 E2.05287
G1 X119.938 Y109.373 E2.07551
G1 X119.959 Y109.895 E2.09319
G1 X119.947 Y110.497 E2.11357
G1 X119.9 Y111.085 E2.13354
G1 X119.803 Y111.747 E2.15619
G1 X119.7 Y112.259 E2.17387
G1 X119.513 Y112.929 E2.19742
G1 X119.329 Y113.481 E2.21712
G1 X119.14 Y113.954 E2.23436
G1 X118.852 Y114.559 E2.25704
G1 X118.603 Y115.017 E2.27469
G1 X118.245 Y115.583 E2.29736
G1 X117.942 Y116.009 E2.31506
G1 X117.569 Y116.473 E2.33521
G1 X117.115 Y116.966 E2.3579
G1 X116.742 Y117.33 E2.37554
G1 X116.291 Y117.72 E2.39572
G1 X115.757 Y118.125 E2.41841
G1 X115.325 Y118.416 E2.43604
G1 X114.746 Y118.754 E2.45873
G1 X114.282 Y118.992 E2.47638
G1 X113.667 Y119.258 E2.49906
G1 X113.177 Y119.439 E2.51674
G1 X112.607 Y119.612 E2.5369
G1 X111.955 Y119.764 E2.55956
G1 X111.441 Y119.854 E2.57722
G1 X110.849 Y119.923 E2.59739
G1 X110.18 Y119.956 E2.62006
G1 X109.658 Y119.953 E2.63773
G1 X108.99 Y119.906 E2.6604
G1 X108.472 Y119.841 E2.67807
G1 X107.815 Y119.715 E2.70071
G1 X107.308 Y119.588 E2.7184
G1 X106.74 Y119.41 E2.73855
G1 X106.115 Y119.168 E2.76124
G1 X105.639 Y118.954 E2.77891
G1 X105.049 Y118.639 E2.80155
G1 X104.602 Y118.369 E2.81923
G1 X104.052 Y117.986 E2.84192
G1 X103.641 Y117.665 E2.85957
G1 X103.115 Y117.192 E2.88351
G1 X102.714 Y116.787 E2.9028
G1 X102.464 Y116.507 E2.91551
G1 X102.106 Y116.716 F9000
G1 F2700
G1 X102.056 Y116.66 E2.91805
G1 X101.653 Y116.138 E2.94037
G1 X101.313 Y115.655 E2.96036
G1 X100.995 Y115.134 E2.98102
G1 X100.691 Y114.548 E3.00337
G1 X100.443 Y114.013 E3.02333
G1 X100.2 Y113.374 E3.04647
G1 X100.034 Y112.853 E3.06498
G1 X99.867 Y112.18 E3.08845
G1 X99.765 Y111.643 E3.10695
G1 X99.685 Y111.028 E3.12794
G1 X99.641 Y110.335 E3.15144
G1 X99.636 Y109.789 E3.16992
G1 X99.667 Y109.169 E3.19093
G1 X99.746 Y108.514 E3.21326
G1 X99.842 Y107.932 E3.23323
G1 X100.013 Y107.231 E3.25765
G1 X100.188 Y106.663 E3.27777
G1 X100.371 Y106.161 E3.29586
G1 X100.651 Y105.526 E3.31935
G1 X100.898 Y105.038 E3.33786
G1 X101.211 Y104.503 E3.35884
G1 X101.6 Y103.928 E3.38234
G1 X101.93 Y103.493 E3.40082
G1 X102.385 Y102.969 E3.42431
G1 X102.765 Y102.576 E3.44281
G1 X103.279 Y102.11 E3.46629
G1 X103.703 Y101.766 E3.48477
G1 X104.301 Y101.344 E3.50954
G1 X105.284 Y100.769 E3.54809
G1 X105.903 Y100.479 E3.57123
G1 X106.41 Y100.275 E3.58973
G1 X106.998 Y100.078 E3.61072
G1 X107.67 Y99.901 E3.63424
G1 X108.204 Y99.791 E3.65269
G1 X108.929 Y99.692 E3.67746
G1 X109.522 Y99.647 E3.69759
G1 X110.056 Y99.634 E3.71567
G1 X110.715 Y99.664 E3.738
G1 X111.303 Y99.716 E3.75798
G1 X111.978 Y99.826 E3.78113
G1 X112.512 Y99.943 E3.79963
G1 X113.109 Y100.111 E3.82062
G1 X113.731 Y100.334 E3.84299
G1 X114.276 Y100.557 E3.86292
G1 X114.889 Y100.861 E3.88608
G1 X115.365 Y101.13 E3.90459
G1 X115.886 Y101.467 E3.92559
G1 X116.443 Y101.881 E3.94908
G1 X116.862 Y102.231 E3.96756
G1 X117.339 Y102.687 E3.9899
G1 X117.747 Y103.113 E4.00987
G1 X118.184 Y103.64 E4.03304
G1 X118.509 Y104.079 E4.05153
G1 X118.848 Y104.599 E4.07254
G1 X119.188 Y105.204 E4.09603
G1 X119.429 Y105.694 E4.11451
G1 X119.67 Y106.265 E4.13549
G1 X119.897 Y106.921 E4.15899
G1 X120.047 Y107.446 E4.17747
G1 X120.193 Y108.125 E4.20098
G1 X120.28 Y108.664 E4.21946
G1 X120.344 Y109.355 E4.24295
G1 X120.366 Y109.901 E4.26145
G1 X120.353 Y110.527 E4.28264
G1 X120.303 Y111.139 E4.30342
G1 X120.202 Y111.826 E4.32692
G1 X120.094 Y112.361 E4.34539
G1 X119.901 Y113.052 E4.36967
G1 X119.708 Y113.629 E4.39026
G1 X119.51 Y114.126 E4.40837
G1 X119.211 Y114.752 E4.43185
G1 X118.949 Y115.231 E4.45033
G1 X118.578 Y115.818 E4.47384
G1 X118.26 Y116.263 E4.49235
G1 X117.871 Y116.745 E4.51332
G1 X117.401 Y117.256 E4.53682
G1 X117.009 Y117.637 E4.55532
G1 X116.54 Y118.043 E4.57632
G1 X115.986 Y118.461 E4.59981
G1 X115.533 Y118.766 E4.6183
G1 X114.934 Y119.115 E4.64177
G1 X114.447 Y119.364 E4.66028
G1 X113.81 Y119.639 E4.68377
G1 X113.297 Y119.828 E4.70228
G1 X112.704 Y120.007 E4.72325
G1 X112.027 Y120.164 E4.74677
G1 X111.489 Y120.259 E4.76526
G1 X110.873 Y120.329 E4.78625
G1 X110.18 Y120.363 E4.80974
G1 X109.634 Y120.36 E4.82822
G1 X108.942 Y120.31 E4.8517
G1 X108.4 Y120.242 E4.87019
G1 X107.718 Y120.11 E4.8937
G1 X107.188 Y119.977 E4.9122
G1 X106.596 Y119.791 E4.9332
G1 X105.949 Y119.54 E4.95669
G1 X105.452 Y119.315 E4.97516
G1 X104.84 Y118.989 E4.99863
G1 X104.372 Y118.705 E5.01716
G1 X103.803 Y118.308 E5.04064
G1 X103.373 Y117.971 E5.05913
G1 X102.829 Y117.482 E5.08389
G1 X102.411 Y117.059 E5.10402
G1 X102.146 Y116.761 E5.11752
G1 X101.788 Y116.97 F9000
;TYPE:External perimeter
G1 F1800
G1 X101.738 Y116.914 E5.12006
G1 X101.322 Y116.375 E5.14311
G1 X100.966 Y115.869 E5.16405
G1 X100.636 Y115.327 E5.18553
G1 X100.283 Y114.638 E5.21173
G1 X100.064 Y114.162 E5.22947
G1 X99.813 Y113.499 E5.25347
G1 X99.64 Y112.956 E5.27276
G1 X99.468 Y112.258 E5.29709
G1 X99.361 Y111.697 E5.31642
G1 X99.279 Y111.058 E5.33823
G1 X99.234 Y110.341 E5.36255
G1 X99.229 Y109.77 E5.38188
G1 X99.262 Y109.127 E5.40367
G1 X99.359 Y108.358 E5.42991
G1 X99.446 Y107.842 E5.44762
G1 X99.622 Y107.117 E5.47287
G1 X99.804 Y106.525 E5.49383
G1 X99.997 Y106.001 E5.51273
G1 X100.287 Y105.343 E5.53707
G1 X100.546 Y104.835 E5.55637
G1 X100.872 Y104.279 E5.57819
G1 X101.275 Y103.684 E5.60251
G1 X101.62 Y103.23 E5.62181
G1 X102.091 Y102.687 E5.64614
G1 X102.488 Y102.278 E5.66543
G1 X103.021 Y101.795 E5.68978
G1 X103.464 Y101.436 E5.70908
G1 X104.082 Y101.001 E5.73466
G1 X105.107 Y100.403 E5.77483
G1 X105.749 Y100.103 E5.79882
G1 X106.279 Y99.89 E5.81815
G1 X106.89 Y99.686 E5.83995
G1 X107.585 Y99.503 E5.86428
G1 X108.144 Y99.388 E5.8836
G1 X108.892 Y99.286 E5.90915
G1 X109.51 Y99.24 E5.93013
G1 X110.068 Y99.227 E5.94902
G1 X110.842 Y99.266 E5.97525
G1 X111.364 Y99.314 E5.99299
G1 X112.063 Y99.428 E6.01696
G1 X112.62 Y99.55 E6.03626
G1 X113.241 Y99.726 E6.05811
G1 X113.969 Y99.991 E6.08433
G1 X114.453 Y100.19 E6.10204
G1 X115.088 Y100.506 E6.12605
G1 X115.584 Y100.787 E6.14535
G1 X116.125 Y101.138 E6.16718
G1 X116.701 Y101.567 E6.19149
G1 X117.139 Y101.932 E6.21079
G1 X117.696 Y102.47 E6.237
G1 X118.058 Y102.85 E6.25476
G1 X118.509 Y103.396 E6.27873
G1 X118.849 Y103.855 E6.29806
G1 X119.2 Y104.395 E6.31986
G1 X119.552 Y105.022 E6.3442
G1 X119.804 Y105.534 E6.36352
G1 X120.053 Y106.128 E6.38532
G1 X120.288 Y106.807 E6.40964
G1 X120.444 Y107.356 E6.42896
G1 X120.595 Y108.058 E6.45327
G1 X120.685 Y108.621 E6.47257
G1 X120.751 Y109.337 E6.49691
G1 X120.773 Y109.907 E6.51622
G1 X120.758 Y110.558 E6.53826
G1 X120.707 Y111.194 E6.55986
G1 X120.602 Y111.905 E6.58419
G1 X120.488 Y112.464 E6.6035
G1 X120.289 Y113.174 E6.62846
G1 X120.087 Y113.778 E6.65002
G1 X119.879 Y114.297 E6.66895
G1 X119.569 Y114.945 E6.69326
G1 X119.295 Y115.445 E6.71256
G1 X118.911 Y116.052 E6.73687
G1 X118.579 Y116.517 E6.75621
G1 X118.174 Y117.018 E6.77802
G1 X117.687 Y117.546 E6.80233
G1 X117.277 Y117.944 E6.82167
G1 X116.789 Y118.365 E6.84349
G1 X116.216 Y118.797 E6.86778
G1 X115.742 Y119.115 E6.8871
G1 X115.121 Y119.476 E6.91141
G1 X114.613 Y119.736 E6.93073
G1 X113.953 Y120.02 E6.95505
G1 X113.417 Y120.217 E6.97438
G1 X112.8 Y120.403 E6.99619
G1 X112.1 Y120.565 E7.02051
G1 X111.538 Y120.663 E7.03982
G1 X110.898 Y120.736 E7.06162
G1 X110.18 Y120.77 E7.08595
G1 X109.61 Y120.766 E7.10524
G1 X108.893 Y120.715 E7.12957
G1 X108.327 Y120.642 E7.14889
G1 X107.622 Y120.506 E7.17319
G1 X107.068 Y120.366 E7.19253
G1 X106.453 Y120.173 E7.21435
G1 X105.784 Y119.912 E7.23866
G1 X105.264 Y119.676 E7.25799
G1 X104.631 Y119.338 E7.28228
G1 X104.143 Y119.042 E7.3016
G1 X103.554 Y118.63 E7.32593
G1 X103.105 Y118.278 E7.34524
G1 X102.543 Y117.772 E7.37084
G1 X102.109 Y117.332 E7.39176
G1 X101.828 Y117.015 E7.4061
G1 X101.577 Y116.703 F9000
G1 X102.948 Y116.743
;TYPE:Solid infill
;WIDTH:0.38292
G1 F2400
G1 X103.362 Y117.154 E7.42259
G1 X103.092 Y116.886 E7.43335
G1 X101.92 Y115.283 F9000
;WIDTH:0.449999
G1 F2400
G1 X104.712 Y118.075 E7.567
G1 X104.85 Y118.169 E7.57265
;WIDTH:0.41646
G1 X104.989 Y118.262 E7.57784
;WIDTH:0.38292
G1 X104.97 Y118.333 E7.57992
G1 X105.041 Y118.314 E7.582
G1 X105.03 Y118.273 E7.5832
G1 X106.269 Y118.936 F9000
G1 F2400
G1 X106.25 Y119.008 E7.58531
G1 X106.321 Y118.988 E7.5874
G1 X106.31 Y118.947 E7.5886
;WIDTH:0.41646
G1 X106.151 Y118.864 E7.59417
;WIDTH:0.449999
G1 X105.992 Y118.78 E7.60026
G1 X101.226 Y114.013 E7.82843
G1 X101.143 Y113.855 E7.83447
;WIDTH:0.41646
G1 X101.06 Y113.697 E7.84001
;WIDTH:0.38292
G1 X101.071 Y113.738 E7.84121
G1 X101 Y113.757 E7.84329
G1 X101.019 Y113.686 E7.84537
;WIDTH:0.449999
G1 X100.846 Y113.058 E7.86742
G1 X106.946 Y119.157 E8.1594
G1 X107.105 Y119.229 E8.16531
;WIDTH:0.41646
G1 X107.264 Y119.301 E8.17073
;WIDTH:0.38292
G1 X107.275 Y119.342 E8.17193
G1 X107.203 Y119.361 E8.17404
G1 X107.222 Y119.29 E8.17612
;WIDTH:0.449999
G1 X107.749 Y119.384 E8.19424
G1 X100.613 Y112.249 E8.53581
G1 X100.468 Y111.528 E8.5607
G1 X108.471 Y119.531 E8.9438
G1 X109.447 Y119.714 F9000
;WIDTH:0.38292
G1 F2400
G1 X109.458 Y119.755 E8.945
G1 X109.387 Y119.774 E8.94708
G1 X109.406 Y119.703 E8.94916
;WIDTH:0.41646
G1 X109.268 Y119.658 E8.95367
;WIDTH:0.449999
G1 X109.129 Y119.614 E8.95861
G1 X100.388 Y110.872 E9.37706
G1 X100.352 Y110.261 E9.39778
G1 X103.525 Y113.433 E9.54965
G1 X103.638 Y113.577 E9.55585
;WIDTH:0.41646
G1 X103.752 Y113.721 E9.56155
;WIDTH:0.38292
G1 X104.216 Y114.31 E9.58275
G1 X103.28 Y112.652 F9000
G1 F2400
G1 X103.291 Y112.693 E9.58395
G1 X103.219 Y112.712 E9.58606
G1 X103.239 Y112.641 E9.58815
;WIDTH:0.41646
G1 X103.15 Y112.518 E9.59287
;WIDTH:0.449999
G1 X103.061 Y112.394 E9.59804
G1 X100.354 Y109.687 E9.72762
G1 X100.386 Y109.144 E9.74603
G1 X102.838 Y111.595 E9.86338
G1 X102.915 Y111.717 E9.86826
;WIDTH:0.41646
G1 X102.992 Y111.839 E9.87274
;WIDTH:0.38292
G1 X102.973 Y111.91 E9.87482
G1 X103.044 Y111.891 E9.8769
G1 X103.033 Y111.85 E9.8781
G1 E9.0781 F2100
G92 E0
G1 X100.617 Y108.799 F9000
G1 E.8 F2100
;WIDTH:0.449999
G1 F2400
G1 X102.745 Y110.927 E.90187
G1 X102.662 Y110.33 E.92227
G1 X102.725 Y109.003 E.96724
G1 X102.83 Y108.459 E.98599
G1 X103.028 Y107.712 E1.01215
G1 X103.347 Y106.891 E1.04196
G1 X103.968 Y105.822 E1.08381
G1 X104.533 Y105.096 E1.11495
G1 X105.159 Y104.477 E1.14475
G1 X105.823 Y103.96 E1.17323
G1 X106.358 Y103.625 E1.1946
G1 X106.968 Y103.312 E1.21781
G1 X108.272 Y102.862 E1.2645
G1 X109.075 Y102.715 E1.29213
G1 X109.713 Y102.664 E1.31379
G1 X110.456 Y102.67 E1.33894
G1 X111.262 Y102.766 E1.36641
G1 X112.077 Y102.988 E1.395
G1 X109.58 Y100.491 E1.51453
G1 X109.539 Y100.432 E1.51696
G1 X109.552 Y100.359 E1.51947
G1 X108.911 Y100.408 E1.54123
G1 X108.31 Y100.495 E1.56179
G1 X107.786 Y100.604 E1.57991
G1 X107.188 Y100.765 E1.60087
G1 X106.641 Y100.949 E1.6204
G1 X106.107 Y101.166 E1.63991
G1 X105.606 Y101.405 E1.6587
G1 X104.559 Y102.025 E1.69989
G1 X104.094 Y102.362 E1.71933
G1 X103.648 Y102.729 E1.73888
G1 X103.224 Y103.122 E1.75845
G1 X102.825 Y103.54 E1.77801
G1 X102.451 Y103.98 E1.79756
G1 X102.105 Y104.442 E1.8171
G1 X101.787 Y104.925 E1.83667
G1 X101.499 Y105.423 E1.85614
G1 X101.011 Y106.476 E1.89542
G1 X100.818 Y107.016 E1.91483
G1 X100.656 Y107.571 E1.9344
G1 X100.529 Y108.127 E1.9537
G1 X100.449 Y108.712 E1.97369
G1 X100.89 Y108.495 E1.99033
G1 X100.93 Y108.2 E2.00041
G1 X101.05 Y107.673 E2.0187
G1 X101.205 Y107.142 E2.03742
G1 X101.388 Y106.63 E2.05582
G1 X101.878 Y105.581 E2.09501
G1 X102.146 Y105.12 E2.11306
G1 X102.452 Y104.659 E2.13179
G1 X102.785 Y104.217 E2.15052
G1 X103.172 Y103.766 E2.17064
G1 X103.527 Y103.397 E2.18797
G1 X103.964 Y102.996 E2.20805
G1 X104.361 Y102.671 E2.22542
G1 X104.847 Y102.327 E2.24557
G1 X105.783 Y101.771 E2.28242
G1 X106.262 Y101.542 E2.30039
G1 X106.772 Y101.335 E2.31902
G1 X107.296 Y101.157 E2.33775
G1 X107.908 Y100.995 E2.35918
G1 X108.798 Y100.833 E2.3898
G1 X109.296 Y100.782 E2.40674
G1 X110.816 Y102.302 E2.4795
G1 X110.46 Y102.263 E2.49162
G1 X109.682 Y102.258 E2.51795
G1 X109.073 Y102.306 E2.53863
G1 X108.11 Y102.485 E2.57178
G1 X106.782 Y102.949 E2.6194
G1 X106.143 Y103.28 E2.64376
G1 X105.574 Y103.638 E2.66651
G1 X104.927 Y104.14 E2.69423
G1 X104.212 Y104.846 E2.72824
G1 X103.647 Y105.572 E2.75938
G1 X102.97 Y106.738 E2.80502
G1 X102.639 Y107.594 E2.83609
G1 X102.43 Y108.38 E2.86362
G1 X102.318 Y108.984 E2.88441
G1 X102.276 Y109.882 E2.91484
G1 X101.033 Y108.639 E2.97434
G1 X101.401 Y108.282 E2.99169
;WIDTH:0.591086
G1 X101.519 Y107.765 E3.01586
;WIDTH:0.590714
G1 X101.662 Y107.282 E3.0388
;WIDTH:0.592116
G1 X101.837 Y106.8 E3.06222
G1 X102.067 Y106.287 E3.08789
;WIDTH:0.598214
G1 X102.295 Y105.821 E3.11184
G1 X102.547 Y105.385 E3.13509
;WIDTH:0.597762
G1 X102.834 Y104.946 E3.15929
;WIDTH:0.596232
G1 X103.487 Y104.125 E3.20755
;WIDTH:0.593733
G1 X103.852 Y103.748 E3.23158
G1 X104.235 Y103.389 E3.25562
;WIDTH:0.593304
G1 X104.643 Y103.058 E3.27966
G1 X105.091 Y102.735 E3.30494
;WIDTH:0.591631
G1 X105.99 Y102.202 E3.35262
G1 X106.442 Y101.983 E3.37554
;WIDTH:0.601227
G1 X107.424 Y101.622 E3.42411
;WIDTH:0.600505
G1 X107.928 Y101.477 E3.44842
;WIDTH:0.593305
G1 X108.442 Y101.371 E3.47244
G1 X109.117 Y101.277 E3.50363
;WIDTH:0.587922
G1 X109.625 Y101.785 E3.53619
G1 X108.916 Y101.847 E3.56844
;WIDTH:0.587105
G1 X108.083 Y102 E3.60676
;WIDTH:0.600505
G1 X107.59 Y102.154 E3.63071
;WIDTH:0.601227
G1 X106.565 Y102.526 E3.68133
;WIDTH:0.586992
G1 X105.893 Y102.879 E3.71567
;WIDTH:0.586635
G1 X105.374 Y103.199 E3.74324
;WIDTH:0.593304
G1 X104.539 Y103.848 E3.79164
;WIDTH:0.587345
G1 X103.909 Y104.471 E3.83175
;WIDTH:0.596232
G1 X103.161 Y105.438 E3.888
;WIDTH:0.598214
G1 X102.776 Y106.099 E3.92332
G1 X102.532 Y106.561 E3.94744
;WIDTH:0.590714
G1 X102.182 Y107.454 E3.99113
;WIDTH:0.591086
G1 X101.961 Y108.288 E4.03046
G1 X101.862 Y108.793 E4.05392
G1 X101.514 Y108.444 E4.07638
G1 E3.27638 F2100
G92 E0
G1 X105.753 Y115.838 F9000
G1 E.8 F2100
;WIDTH:0.38292
G1 F2400
G1 X106.283 Y116.266 E.81926
;WIDTH:0.41646
G1 X106.427 Y116.373 E.82483
;WIDTH:0.449999
G1 X106.571 Y116.48 E.8309
G1 X109.742 Y119.651 E.98269
G1 X110.316 Y119.649 E1.00212
G1 X107.576 Y116.909 E1.13328
G1 X107.447 Y116.807 E1.13885
;WIDTH:0.41646
G1 X107.318 Y116.706 E1.14394
;WIDTH:0.38292
G1 X107.329 Y116.747 E1.14514
G1 X107.258 Y116.766 E1.14722
G1 X107.277 Y116.695 E1.1493
G1 X108.103 Y116.949 F9000
G1 F2400
G1 X108.084 Y117.02 E1.15138
G1 X108.155 Y117.001 E1.15346
G1 X108.144 Y116.96 E1.15466
;WIDTH:0.41646
G1 X108.273 Y117.059 E1.15971
;WIDTH:0.449999
G1 X108.402 Y117.159 E1.16523
G1 X110.859 Y119.616 E1.28285
G1 E.48285 F2100
G92 E0
G1 X109.247 Y117.428 F9000
G1 E.8 F2100
G1 F2400
G1 X111.291 Y119.473 E.89787
G1 X111.305 Y119.563 E.90095
G1 X111.972 Y119.45 E.92385
G1 X112.535 Y119.315 E.94345
G1 X113.053 Y119.158 E.96177
G1 X113.55 Y118.975 E.9797
G1 X114.157 Y118.713 E1.00208
G1 X114.635 Y118.467 E1.02028
G1 X115.168 Y118.154 E1.0412
G1 X115.646 Y117.83 E1.06075
G1 X116.104 Y117.479 E1.08028
G1 X116.541 Y117.101 E1.09984
G1 X116.951 Y116.7 E1.11925
G1 X117.342 Y116.269 E1.13895
G1 X117.703 Y115.819 E1.15848
G1 X117.993 Y115.41 E1.17545
G1 X118.56 Y114.455 E1.21304
G1 X118.861 Y113.831 E1.23649
G1 X119.05 Y113.357 E1.25376
G1 X119.413 Y112.145 E1.29659
G1 X119.524 Y111.582 E1.31601
G1 X119.602 Y111.009 E1.33558
G1 X119.643 Y110.46 E1.35421
G1 X119.508 Y110.419 E1.35899
G1 X117.045 Y107.956 E1.47689
G1 X117.203 Y108.569 E1.49832
G1 X117.325 Y109.475 E1.52926
G1 X117.326 Y110.478 E1.56321
G1 X117.252 Y111.156 E1.5863
G1 X117.064 Y112.006 E1.61577
G1 X116.893 Y112.523 E1.6342
G1 X116.573 Y113.275 E1.66186
G1 X116.156 Y114.003 E1.69026
G1 X115.32 Y115.061 E1.7359
G1 X114.3 Y115.952 E1.78174
G1 X113.587 Y116.409 E1.81041
G1 X112.831 Y116.776 E1.83886
G1 X111.509 Y117.187 E1.88572
G1 X110.236 Y117.34 E1.92912
G1 X109.354 Y117.315 E1.95899
G1 X109.103 Y117.284 E1.96755
G1 X110.14 Y117.746 F9000
G1 F2400
G1 X110.285 Y117.744 E1.97246
G1 X111.613 Y117.584 E2.01774
G1 X112.924 Y117.175 E2.06423
G1 X113.805 Y116.752 E2.09731
G1 X114.568 Y116.259 E2.12806
G1 X115.665 Y115.286 E2.17769
G1 X116.509 Y114.206 E2.22409
G1 X116.947 Y113.436 E2.25408
G1 X117.279 Y112.652 E2.2829
G1 X117.548 Y111.706 E2.31619
G1 X117.657 Y111.201 E2.33368
G1 X117.733 Y110.478 E2.35829
G1 X117.733 Y109.502 E2.39133
G1 X117.697 Y109.183 E2.4022
G1 X119.217 Y110.703 E2.47496
G1 X119.123 Y111.515 E2.50263
G1 X119.018 Y112.049 E2.52105
G1 X118.688 Y113.163 E2.56038
G1 X118.493 Y113.656 E2.57833
G1 X118.208 Y114.251 E2.60066
G1 X117.694 Y115.128 E2.63507
G1 X117.385 Y115.565 E2.65319
G1 X117.039 Y115.996 E2.6719
G1 X116.665 Y116.41 E2.69078
G1 X116.273 Y116.794 E2.70935
G1 X115.855 Y117.157 E2.72809
G1 X115.417 Y117.494 E2.7468
G1 X114.959 Y117.805 E2.76554
G1 X114.448 Y118.106 E2.78561
G1 X113.992 Y118.341 E2.80297
G1 X113.408 Y118.594 E2.82451
G1 X112.933 Y118.769 E2.84164
G1 X112.066 Y119.01 E2.8721
G1 X111.514 Y119.12 E2.89115
G1 X110.284 Y117.89 E2.95003
G1 X111.182 Y118.115 F9000
;WIDTH:0.58745
G1 F2400
G1 X111.614 Y118.063 E2.96973
;WIDTH:0.600501
G1 X112.175 Y117.914 E2.99664
G1 X113.066 Y117.63 E3.04
;WIDTH:0.593305
G1 X114.061 Y117.153 E3.0905
;WIDTH:0.587301
G1 X114.778 Y116.696 E3.12899
;WIDTH:0.601853
G1 X115.901 Y115.727 E3.19793
;WIDTH:0.599472
G1 X116.256 Y115.315 E3.2231
;WIDTH:0.60075
G1 X116.921 Y114.443 E3.27397
;WIDTH:0.584992
G1 X117.383 Y113.624 E3.31635
;WIDTH:0.589507
G1 X117.731 Y112.803 E3.35688
G1 X117.892 Y112.304 E3.38071
;WIDTH:0.593589
G1 X118.015 Y111.81 E3.40402
G1 X118.164 Y110.955 E3.44376
;WIDTH:0.590628
G1 X118.21 Y110.372 E3.47039
G1 X118.722 Y110.919 E3.50451
G1 X118.651 Y111.449 E3.52886
;WIDTH:0.593589
G1 X118.548 Y111.947 E3.55215
G1 X118.404 Y112.465 E3.57677
;WIDTH:0.589507
G1 X118.249 Y112.978 E3.60113
;WIDTH:0.592938
G1 X118.061 Y113.451 E3.62441
G1 X117.797 Y114.012 E3.65277
;WIDTH:0.587967
G1 X117.305 Y114.854 E3.69697
;WIDTH:0.60075
G1 X116.681 Y115.674 E3.74476
;WIDTH:0.599472
G1 X116.331 Y116.07 E3.76922
;WIDTH:0.601845
G1 X115.56 Y116.775 E3.81777
G1 X115.149 Y117.101 E3.84215
;WIDTH:0.593304
G1 X114.714 Y117.394 E3.86615
G1 X114.264 Y117.665 E3.89019
G1 X113.797 Y117.904 E3.9142
G1 X113.31 Y118.122 E3.93862
;WIDTH:0.601176
G1 X112.324 Y118.451 E3.98687
;WIDTH:0.600501
G1 X111.674 Y118.607 E4.01786
;WIDTH:0.58745
G1 X111.326 Y118.259 E4.04014
G1 E3.24014 F2100
G92 E0
G1 X119.652 Y109.987 F9000
G1 E.8 F2100
;WIDTH:0.449999
G1 F2400
G1 X116.68 Y107.015 E.94227
G1 E.14227 F2100
G92 E0
G1 X113.281 Y103.469 F9000
G1 E.8 F2100
;WIDTH:0.38292
G1 F2400
G1 X113.292 Y103.51 E.8012
G1 X113.221 Y103.529 E.80328
G1 X113.24 Y103.458 E.80536
;WIDTH:0.41646
G1 X113.102 Y103.378 E.81031
;WIDTH:0.449999
G1 X112.963 Y103.298 E.81574
G1 X110.012 Y100.347 E.957
G1 X110.611 Y100.37 E.97729
G1 X114.309 Y104.069 E1.15433
G1 X114.453 Y104.194 E1.16078
;WIDTH:0.423243
G1 X114.597 Y104.319 E1.16681
;WIDTH:0.396486
G1 X115.094 Y104.782 E1.18678
;WIDTH:0.400034
G1 X115.653 Y105.377 E1.21102
;WIDTH:0.449999
G1 X115.906 Y105.665 E1.224
G1 X119.633 Y109.392 E1.40241
G1 X119.666 Y109.198 E1.40907
;WIDTH:0.41646
G1 X119.699 Y109.004 E1.41518
;WIDTH:0.38292
G1 X119.68 Y109.075 E1.41726
G1 X119.751 Y109.056 E1.41934
G1 X119.74 Y109.015 E1.42054
;WIDTH:0.449999
G1 X119.573 Y108.757 E1.43094
G1 X111.244 Y100.428 E1.82964
G1 X112.031 Y100.409 E1.85629
;WIDTH:0.38292
G1 X112.542 Y100.533 E1.87116
;WIDTH:0.449999
G1 X111.938 Y100.546 E1.89161
G1 X119.457 Y108.065 E2.25154
G1 X119.499 Y107.914 E2.25685
;WIDTH:0.41646
G1 X119.54 Y107.763 E2.26171
;WIDTH:0.38292
G1 X119.463 Y107.454 E2.27071
;WIDTH:0.449999
G1 X119.263 Y107.295 E2.27936
G1 X112.702 Y100.734 E2.59343
G1 X113.289 Y100.815 E2.61349
;WIDTH:0.38292
G1 X113.27 Y100.886 E2.61557
G1 X113.341 Y100.867 E2.61765
G1 X113.33 Y100.826 E2.61885
;WIDTH:0.41646
G1 X113.459 Y100.935 E2.6241
;WIDTH:0.449999
G1 X113.588 Y101.044 E2.62982
G1 X118.966 Y106.423 E2.88729
G1 X119.053 Y106.546 E2.89239
;WIDTH:0.41646
G1 X119.14 Y106.67 E2.89709
;WIDTH:0.38292
G1 X119.12 Y106.741 E2.89918
G1 X119.192 Y106.722 E2.90129
G1 X119.181 Y106.681 E2.90249
G1 X118.646 Y105.573 F9000
G1 F2400
G1 X118.627 Y105.644 E2.90457
G1 X118.698 Y105.625 E2.90665
G1 X118.687 Y105.584 E2.90785
;WIDTH:0.41646
G1 X118.566 Y105.455 E2.91334
;WIDTH:0.449999
G1 X114.549 Y101.438 E3.10563
;WIDTH:0.41646
G1 X114.42 Y101.318 E3.1111
;WIDTH:0.38292
G1 X114.431 Y101.359 E3.1123
G1 X114.36 Y101.378 E3.11438
G1 X114.379 Y101.307 E3.11646
G1 X115.497 Y101.942 F9000
G1 F2400
G1 X115.939 Y102.32 E3.1329
;WIDTH:0.399028
G1 X116.367 Y102.708 E3.15001
;WIDTH:0.407362
G1 X117.195 Y103.531 E3.18539
G1 X117.584 Y103.952 E3.20276
;WIDTH:0.38292
G1 X117.966 Y104.393 E3.21925
M106 S109.65
;LAYER_CHANGE
;Z:2
;HEIGHT:0.2
G1 E2.41925 F2100
G92 E0
G1 Z2 F9000
G1 X107.703 Y116.632
G1 E.8 F2100
;TYPE:Perimeter
;WIDTH:0.449999
G1 F2700
G1 X107.416 Y116.544 E.81016
G1 X106.52 Y116.117 E.84376
G1 X105.913 Y115.729 E.86815
G1 X105.258 Y115.2 E.89665
G1 X104.671 Y114.597 E.92513
G1 X104.16 Y113.928 E.95362
G1 X103.716 Y113.126 E.98465
G1 X103.495 Y112.681 E1.00147
G1 X103.162 Y111.654 E1.03801
G1 X103.014 Y110.69 E1.07102
G1 X102.968 Y110.224 E1.08687
G1 X103.016 Y109.146 E1.1234
G1 X103.217 Y108.192 E1.1564
G1 X103.326 Y107.767 E1.17125
G1 X103.589 Y107.097 E1.19561
G1 X104.052 Y106.273 E1.2276
G1 X104.281 Y105.899 E1.24244
G1 X104.729 Y105.336 E1.26679
G1 X105.324 Y104.74 E1.2953
G1 X105.985 Y104.22 E1.32377
G1 X106.498 Y103.898 E1.34427
G1 X107.088 Y103.592 E1.36677
G1 X108.391 Y103.149 E1.41335
G1 X109.099 Y103.02 E1.43771
G1 X109.599 Y102.978 E1.45469
G1 X110.367 Y102.972 E1.48069
G1 X111.197 Y103.065 E1.50896
G1 X112.53 Y103.433 E1.55577
G1 X113.188 Y103.726 E1.58015
G1 X113.99 Y104.225 E1.61212
G1 X114.353 Y104.47 E1.62694
G1 X114.895 Y104.944 E1.65131
G1 X115.464 Y105.565 E1.67982
G1 X115.954 Y106.249 E1.7083
G1 X116.203 Y106.684 E1.72527
G1 X116.549 Y107.467 E1.75425
G1 X116.712 Y107.884 E1.7694
G1 X116.893 Y108.58 E1.79374
G1 X117.013 Y109.413 E1.82223
G1 X117.023 Y110.382 E1.85503
G1 X116.951 Y111.1 E1.87946
G1 X116.772 Y111.915 E1.9077
G1 X116.615 Y112.391 E1.92467
G1 X116.318 Y113.1 E1.95069
G1 X115.907 Y113.826 E1.97893
G1 X115.326 Y114.572 E2.01094
G1 X115.022 Y114.928 E2.02679
G1 X114.209 Y115.638 E2.06333
G1 X113.346 Y116.189 E2.09799
G1 X112.36 Y116.628 E2.13452
G1 X111.866 Y116.776 E2.15198
G1 X111.373 Y116.9 E2.16919
G1 X110.301 Y117.029 E2.20574
G1 X109.79 Y117.025 E2.22304
G1 X108.952 Y116.95 E2.25152
G1 X108.448 Y116.862 E2.26884
G1 X107.76 Y116.65 E2.29321
G1 X107.848 Y116.244 F9000
G1 F2700
G1 X107.451 Y116.122 E2.30727
G1 X106.803 Y115.81 E2.33161
G1 X106.132 Y115.386 E2.35848
G1 X105.517 Y114.886 E2.38531
G1 X104.965 Y114.315 E2.41219
G1 X104.486 Y113.683 E2.43903
G1 X103.882 Y112.555 E2.48234
G1 X103.549 Y111.529 E2.51885
G1 X103.375 Y110.243 E2.56278
G1 X103.423 Y109.164 E2.59934
G1 X103.705 Y107.916 E2.64265
G1 X103.968 Y107.246 E2.66701
G1 X104.404 Y106.476 E2.69696
G1 X104.599 Y106.153 E2.70973
G1 X105.048 Y105.59 E2.73411
G1 X105.61 Y105.03 E2.76096
G1 X106.234 Y104.542 E2.78777
G1 X106.711 Y104.244 E2.80681
G1 X107.273 Y103.955 E2.8282
G1 X108.464 Y103.549 E2.87079
G1 X109.172 Y103.421 E2.89514
G1 X109.732 Y103.376 E2.91416
G1 X110.364 Y103.379 E2.93555
G1 X111.148 Y103.469 E2.96226
G1 X112.364 Y103.805 E3.00496
G1 X113.022 Y104.098 E3.02934
G1 X113.771 Y104.568 E3.05927
G1 X114.085 Y104.777 E3.07204
G1 X114.628 Y105.251 E3.09644
G1 X115.162 Y105.837 E3.12328
G1 X115.622 Y106.483 E3.15012
G1 X115.898 Y106.973 E3.16916
G1 X116.318 Y107.986 E3.20628
G1 X116.499 Y108.683 E3.23066
G1 X116.61 Y109.468 E3.2575
G1 X116.616 Y110.382 E3.28844
G1 X116.547 Y111.055 E3.31134
G1 X116.375 Y111.824 E3.33801
G1 X116.196 Y112.357 E3.35704
G1 X115.945 Y112.937 E3.37843
G1 X115.554 Y113.622 E3.40513
G1 X114.754 Y114.621 E3.44845
G1 X113.941 Y115.332 E3.48501
G1 X113.261 Y115.774 E3.51246
G1 X112.456 Y116.14 E3.54239
G1 X112.108 Y116.287 E3.55518
G1 X111.414 Y116.479 E3.57955
G1 X110.162 Y116.629 E3.62223
G1 X109.442 Y116.608 E3.64661
G1 X108.657 Y116.494 E3.67346
G1 X107.905 Y116.262 E3.7001
G1 X107.989 Y115.869 F9000
;TYPE:External perimeter
G1 F1500
G1 X107.656 Y115.766 E3.7119
G1 X106.98 Y115.443 E3.73726
G1 X106.351 Y115.043 E3.76249
G1 X105.775 Y114.571 E3.7877
G1 X105.26 Y114.034 E3.81288
G1 X104.812 Y113.439 E3.83809
G1 X104.269 Y112.429 E3.8769
G1 X103.936 Y111.403 E3.91341
G1 X103.781 Y110.261 E3.95242
G1 X103.83 Y109.182 E3.98898
G1 X104.011 Y108.373 E4.01704
G1 X104.215 Y107.73 E4.03987
G1 X104.36 Y107.367 E4.0531
G1 X104.9 Y106.432 E4.08965
G1 X105.366 Y105.844 E4.11505
G1 X105.895 Y105.32 E4.14025
G1 X106.483 Y104.864 E4.16544
G1 X106.924 Y104.591 E4.183
G1 X107.458 Y104.318 E4.2033
G1 X108.536 Y103.95 E4.24186
G1 X109.245 Y103.821 E4.26625
G1 X109.762 Y103.782 E4.2838
G1 X110.362 Y103.786 E4.30411
G1 X111.099 Y103.873 E4.32923
G1 X112.199 Y104.177 E4.36786
G1 X112.857 Y104.469 E4.39223
G1 X113.552 Y104.911 E4.42011
G1 X113.818 Y105.083 E4.43083
G1 X114.36 Y105.557 E4.4552
G1 X114.859 Y106.109 E4.48039
G1 X115.289 Y106.717 E4.5056
G1 X115.542 Y107.17 E4.52316
G1 X115.798 Y107.78 E4.54555
G1 X116.007 Y108.408 E4.56795
G1 X116.158 Y109.166 E4.59411
G1 X116.208 Y109.874 E4.61813
G1 X116.209 Y110.407 E4.63617
G1 X116.142 Y111.009 E4.65667
G1 X115.978 Y111.734 E4.68183
G1 X115.811 Y112.225 E4.69938
G1 X115.572 Y112.775 E4.71968
G1 X115.202 Y113.419 E4.74482
G1 X114.486 Y114.315 E4.78364
G1 X113.673 Y115.025 E4.82018
G1 X113.042 Y115.431 E4.84558
G1 X112 Y115.895 E4.88419
G1 X111.306 Y116.086 E4.90855
G1 X110.488 Y116.187 E4.93645
G1 X109.814 Y116.211 E4.95928
G1 X109.074 Y116.145 E4.98443
G1 X108.415 Y116 E5.00727
G1 X108.046 Y115.886 E5.02034
G1 X107.666 Y115.762 F9000
G1 E4.22034 F2100
G92 E0
G1 X102.425 Y116.462 F9000
G1 E.8 F2100
;TYPE:Perimeter
G1 F2700
G1 X102.375 Y116.406 E.80254
G1 X102.026 Y115.965 E.82158
G1 X101.625 Y115.387 E.84539
G1 X101.353 Y114.941 E.86307
G1 X101.089 Y114.445 E.88209
G1 X100.798 Y113.805 E.90589
G1 X100.61 Y113.318 E.92356
G1 X100.428 Y112.751 E.94372
G1 X100.267 Y112.101 E.96639
G1 X100.168 Y111.588 E.98407
G1 X100.091 Y110.997 E1.00424
G1 X100.05 Y110.34 E1.02652
G1 X100.043 Y109.803 E1.0447
G1 X100.072 Y109.212 E1.06473
G1 X100.149 Y108.558 E1.08702
G1 X100.238 Y108.029 E1.10518
G1 X100.372 Y107.452 E1.12523
G1 X100.567 Y106.811 E1.14791
G1 X100.745 Y106.321 E1.16556
G1 X101.011 Y105.718 E1.18787
G1 X101.253 Y105.239 E1.20604
G1 X101.551 Y104.727 E1.22609
G1 X101.926 Y104.172 E1.24876
G1 X102.241 Y103.756 E1.26642
G1 X102.679 Y103.25 E1.28907
G1 X103.042 Y102.875 E1.30674
G1 X103.538 Y102.424 E1.32943
G1 X103.942 Y102.095 E1.34707
G1 X104.426 Y101.747 E1.36725
G1 X104.901 Y101.446 E1.38628
G1 X105.455 Y101.139 E1.40772
G1 X106.058 Y100.856 E1.43027
G1 X106.542 Y100.661 E1.44793
G1 X107.107 Y100.47 E1.46812
G1 X107.744 Y100.303 E1.49041
G1 X108.268 Y100.193 E1.50853
G1 X108.928 Y100.1 E1.53109
G1 X109.448 Y100.056 E1.54875
G1 X110.044 Y100.041 E1.56893
G1 X110.702 Y100.068 E1.59122
G1 X111.236 Y100.118 E1.60937
G1 X111.894 Y100.224 E1.63193
G1 X112.404 Y100.335 E1.6496
G1 X112.978 Y100.496 E1.66978
G1 X113.598 Y100.717 E1.69206
G1 X114.094 Y100.921 E1.71021
G1 X114.691 Y101.217 E1.73277
G1 X115.146 Y101.473 E1.75044
G1 X115.646 Y101.796 E1.77059
G1 X116.175 Y102.19 E1.79292
G1 X116.588 Y102.531 E1.81105
G1 X117.072 Y102.99 E1.83363
G1 X117.43 Y103.369 E1.85128
G1 X117.858 Y103.884 E1.87395
G1 X118.169 Y104.303 E1.89161
G1 X118.532 Y104.866 E1.91428
G1 X118.791 Y105.319 E1.93194
G1 X119.04 Y105.823 E1.95097
G1 X119.288 Y106.406 E1.97242
G1 X119.485 Y106.964 E1.99245
G1 X119.641 Y107.505 E2.01151
G1 X119.792 Y108.191 E2.03529
G1 X119.875 Y108.707 E2.05298
G1 X119.938 Y109.373 E2.07562
G1 X119.959 Y109.895 E2.0933
G1 X119.945 Y110.514 E2.11426
G1 X119.9 Y111.085 E2.13365
G1 X119.804 Y111.736 E2.15592
G1 X119.699 Y112.262 E2.17408
G1 X119.524 Y112.905 E2.19664
G1 X119.361 Y113.401 E2.21431
G1 X119.14 Y113.954 E2.23447
G1 X118.852 Y114.559 E2.25715
G1 X118.603 Y115.018 E2.27483
G1 X118.245 Y115.583 E2.29747
G1 X117.942 Y116.009 E2.31517
G1 X117.569 Y116.473 E2.33532
G1 X117.115 Y116.966 E2.35801
G1 X116.742 Y117.33 E2.37565
G1 X116.291 Y117.72 E2.39583
G1 X115.757 Y118.125 E2.41852
G1 X115.325 Y118.416 E2.43615
G1 X114.746 Y118.754 E2.45884
G1 X114.281 Y118.992 E2.47652
G1 X113.736 Y119.232 E2.49668
G1 X113.117 Y119.456 E2.51896
G1 X112.604 Y119.613 E2.53712
G1 X111.955 Y119.764 E2.55967
G1 X111.441 Y119.854 E2.57733
G1 X110.849 Y119.923 E2.5975
G1 X110.18 Y119.956 E2.62017
G1 X109.658 Y119.953 E2.63784
G1 X108.99 Y119.906 E2.66051
G1 X108.472 Y119.841 E2.67818
G1 X107.815 Y119.715 E2.70082
G1 X107.308 Y119.588 E2.71851
G1 X106.771 Y119.42 E2.73756
G1 X106.115 Y119.168 E2.76135
G1 X105.639 Y118.954 E2.77902
G1 X105.059 Y118.644 E2.80128
G1 X104.599 Y118.367 E2.81946
G1 X104.052 Y117.986 E2.84202
G1 X103.641 Y117.665 E2.85967
G1 X103.141 Y117.219 E2.88235
G1 X102.771 Y116.851 E2.90001
G1 X102.464 Y116.507 E2.91562
G1 X102.109 Y116.714 F9000
G1 F2700
G1 X102.01 Y116.602 E2.92068
G1 X101.694 Y116.2 E2.93799
G1 X101.279 Y115.601 E2.96266
G1 X100.995 Y115.134 E2.98116
G1 X100.72 Y114.617 E3.00098
G1 X100.419 Y113.953 E3.02566
G1 X100.223 Y113.444 E3.04412
G1 X100.034 Y112.853 E3.06512
G1 X99.867 Y112.179 E3.08862
G1 X99.765 Y111.643 E3.10709
G1 X99.685 Y111.028 E3.12808
G1 X99.643 Y110.347 E3.15117
G1 X99.636 Y109.785 E3.17019
G1 X99.667 Y109.169 E3.19107
G1 X99.747 Y108.492 E3.21415
G1 X99.841 Y107.938 E3.23317
G1 X99.982 Y107.338 E3.25403
G1 X100.184 Y106.674 E3.27752
G1 X100.371 Y106.161 E3.296
G1 X100.647 Y105.537 E3.3191
G1 X100.9 Y105.035 E3.33813
G1 X101.211 Y104.503 E3.35899
G1 X101.6 Y103.928 E3.38249
G1 X101.93 Y103.493 E3.40097
G1 X102.385 Y102.969 E3.42446
G1 X102.765 Y102.576 E3.44296
G1 X103.279 Y102.11 E3.46644
G1 X103.703 Y101.766 E3.48492
G1 X104.304 Y101.342 E3.50982
G1 X104.818 Y101.026 E3.53024
G1 X105.278 Y100.772 E3.54803
G1 X105.903 Y100.479 E3.57139
G1 X106.41 Y100.275 E3.58989
G1 X106.998 Y100.078 E3.61088
G1 X107.658 Y99.905 E3.63397
G1 X108.208 Y99.79 E3.65299
G1 X108.932 Y99.691 E3.67772
G1 X109.539 Y99.646 E3.69832
G1 X110.056 Y99.634 E3.71582
G1 X110.737 Y99.663 E3.73889
G1 X111.297 Y99.715 E3.75793
G1 X111.978 Y99.826 E3.78129
G1 X112.512 Y99.943 E3.79979
G1 X113.109 Y100.111 E3.82078
G1 X113.751 Y100.34 E3.84385
G1 X114.271 Y100.555 E3.8629
G1 X114.889 Y100.861 E3.88624
G1 X115.365 Y101.13 E3.90475
G1 X115.886 Y101.467 E3.92575
G1 X116.432 Y101.875 E3.94882
G1 X116.865 Y102.233 E3.96784
G1 X117.366 Y102.708 E3.99121
G1 X117.741 Y103.105 E4.0097
G1 X118.184 Y103.64 E4.03321
G1 X118.509 Y104.079 E4.0517
G1 X118.905 Y104.698 E4.07657
G1 X119.155 Y105.137 E4.09367
G1 X119.414 Y105.662 E4.11349
G1 X119.671 Y106.269 E4.1358
G1 X119.897 Y106.921 E4.15916
G1 X120.037 Y107.413 E4.17647
G1 X120.193 Y108.125 E4.20114
G1 X120.28 Y108.664 E4.21962
G1 X120.344 Y109.355 E4.24311
G1 X120.366 Y109.901 E4.26161
G1 X120.351 Y110.545 E4.28341
G1 X120.303 Y111.139 E4.30358
G1 X120.203 Y111.814 E4.32668
G1 X120.093 Y112.365 E4.3457
G1 X119.899 Y113.07 E4.37045
G1 X119.702 Y113.646 E4.39106
G1 X119.51 Y114.126 E4.40856
G1 X119.211 Y114.752 E4.43204
G1 X118.949 Y115.232 E4.45055
G1 X118.578 Y115.818 E4.47403
G1 X118.26 Y116.263 E4.49254
G1 X117.871 Y116.745 E4.51351
G1 X117.401 Y117.256 E4.53701
G1 X117.009 Y117.637 E4.55551
G1 X116.54 Y118.043 E4.57651
G1 X115.986 Y118.461 E4.6
G1 X115.533 Y118.766 E4.61849
G1 X114.934 Y119.115 E4.64196
G1 X114.447 Y119.364 E4.66047
G1 X113.879 Y119.613 E4.68146
G1 X113.238 Y119.845 E4.70453
G1 X112.7 Y120.008 E4.72356
G1 X112.028 Y120.164 E4.74691
G1 X111.489 Y120.259 E4.76544
G1 X110.873 Y120.329 E4.78643
G1 X110.18 Y120.363 E4.80992
G1 X109.634 Y120.36 E4.8284
G1 X108.942 Y120.31 E4.85188
G1 X108.4 Y120.242 E4.87037
G1 X107.718 Y120.11 E4.89388
G1 X107.188 Y119.977 E4.91238
G1 X106.629 Y119.802 E4.93221
G1 X105.949 Y119.54 E4.95688
G1 X105.452 Y119.315 E4.97535
G1 X104.851 Y118.994 E4.99841
G1 X104.369 Y118.703 E5.01747
G1 X103.803 Y118.308 E5.04083
G1 X103.373 Y117.971 E5.05932
G1 X102.856 Y117.509 E5.08279
G1 X102.469 Y117.123 E5.10129
G1 X102.148 Y116.759 E5.11772
G1 X101.79 Y116.968 F9000
;TYPE:External perimeter
G1 F1800
G1 X101.692 Y116.856 E5.12276
G1 X101.361 Y116.435 E5.14089
G1 X100.933 Y115.815 E5.16639
G1 X100.636 Y115.327 E5.18573
G1 X100.351 Y114.789 E5.20634
G1 X100.04 Y114.102 E5.23187
G1 X99.836 Y113.57 E5.25116
G1 X99.64 Y112.955 E5.27301
G1 X99.468 Y112.258 E5.29731
G1 X99.361 Y111.697 E5.31664
G1 X99.279 Y111.058 E5.33845
G1 X99.236 Y110.355 E5.36229
G1 X99.23 Y109.767 E5.38219
G1 X99.262 Y109.127 E5.40388
G1 X99.345 Y108.427 E5.42774
G1 X99.444 Y107.848 E5.44762
G1 X99.591 Y107.224 E5.46932
G1 X99.801 Y106.536 E5.49367
G1 X99.997 Y106.001 E5.51296
G1 X100.282 Y105.356 E5.53683
G1 X100.548 Y104.832 E5.55672
G1 X100.872 Y104.279 E5.57841
G1 X101.275 Y103.684 E5.60273
G1 X101.62 Y103.23 E5.62203
G1 X102.091 Y102.687 E5.64636
G1 X102.488 Y102.278 E5.66565
G1 X103.021 Y101.795 E5.69
G1 X103.464 Y101.436 E5.7093
G1 X104.084 Y100.999 E5.73498
G1 X104.619 Y100.671 E5.75622
G1 X105.101 Y100.405 E5.77485
G1 X105.749 Y100.103 E5.79905
G1 X106.279 Y99.89 E5.81838
G1 X106.89 Y99.686 E5.84018
G1 X107.651 Y99.49 E5.86678
G1 X108.147 Y99.388 E5.88392
G1 X108.896 Y99.286 E5.90951
G1 X109.527 Y99.239 E5.93093
G1 X110.068 Y99.227 E5.94925
G1 X110.853 Y99.264 E5.97585
G1 X111.357 Y99.313 E5.99299
G1 X112.063 Y99.428 E6.0172
G1 X112.62 Y99.55 E6.0365
G1 X113.241 Y99.726 E6.05835
G1 X113.98 Y99.993 E6.08495
G1 X114.447 Y100.188 E6.10208
G1 X115.088 Y100.506 E6.1263
G1 X115.584 Y100.787 E6.1456
G1 X116.125 Y101.138 E6.16743
G1 X116.753 Y101.611 E6.19404
G1 X117.142 Y101.935 E6.21118
G1 X117.66 Y102.427 E6.23536
G1 X118.051 Y102.842 E6.25466
G1 X118.509 Y103.396 E6.27899
G1 X118.848 Y103.855 E6.2983
G1 X119.257 Y104.494 E6.32398
G1 X119.565 Y105.048 E6.34544
G1 X119.788 Y105.501 E6.36253
G1 X120.054 Y106.131 E6.38568
G1 X120.288 Y106.807 E6.40989
G1 X120.434 Y107.321 E6.42798
G1 X120.595 Y108.058 E6.45351
G1 X120.685 Y108.621 E6.47281
G1 X120.751 Y109.337 E6.49715
G1 X120.773 Y109.907 E6.51646
G1 X120.757 Y110.575 E6.53908
G1 X120.707 Y111.194 E6.5601
G1 X120.588 Y111.971 E6.58671
G1 X120.487 Y112.467 E6.60384
G1 X120.286 Y113.195 E6.6294
G1 X120.081 Y113.795 E6.65086
G1 X119.879 Y114.297 E6.66918
G1 X119.569 Y114.945 E6.69349
G1 X119.295 Y115.445 E6.71279
G1 X118.911 Y116.052 E6.7371
G1 X118.579 Y116.517 E6.75644
G1 X118.174 Y117.018 E6.77825
G1 X117.687 Y117.546 E6.80256
G1 X117.277 Y117.944 E6.8219
G1 X116.789 Y118.365 E6.84372
G1 X116.216 Y118.797 E6.86801
G1 X115.742 Y119.115 E6.88733
G1 X115.121 Y119.476 E6.91164
G1 X114.613 Y119.736 E6.93096
G1 X114.022 Y119.994 E6.95279
G1 X113.281 Y120.257 E6.9794
G1 X112.797 Y120.404 E6.99652
G1 X112.1 Y120.565 E7.02073
G1 X111.538 Y120.663 E7.04004
G1 X110.898 Y120.736 E7.06184
G1 X110.18 Y120.77 E7.08617
G1 X109.61 Y120.766 E7.10546
G1 X108.893 Y120.715 E7.12979
G1 X108.327 Y120.642 E7.14911
G1 X107.622 Y120.506 E7.17341
G1 X107.068 Y120.366 E7.19275
G1 X106.488 Y120.183 E7.21334
G1 X105.784 Y119.912 E7.23887
G1 X105.264 Y119.676 E7.2582
G1 X104.574 Y119.302 E7.28477
G1 X104.14 Y119.04 E7.30193
G1 X103.554 Y118.63 E7.32614
G1 X103.105 Y118.278 E7.34545
G1 X102.57 Y117.799 E7.36976
G1 X102.166 Y117.395 E7.3891
G1 X101.83 Y117.013 E7.40632
G1 X101.575 Y116.705 F9000
G1 E6.60632 F2100
G92 E0
G1 X115.594 Y118.091 F9000
G1 E.8 F2100
;TYPE:Top solid infill
;WIDTH:0.401363
G1 F1800
G1 X117.006 Y116.68 E.85949
G1 X117.384 Y116.259 E.87635
G1 X117.745 Y115.806 E.89361
G1 X118.079 Y115.333 E.91087
G1 X118.435 Y114.743 E.93141
G1 X114.738 Y118.44 E1.08724
G1 X114.2 Y118.721 E1.10533
G1 X113.749 Y118.922 E1.12005
G1 X118.923 Y113.748 E1.33813
G1 X119.215 Y112.949 E1.36348
G1 X112.95 Y119.214 E1.62755
G1 X112.246 Y119.411 E1.64934
G1 X119.414 Y112.243 E1.95147
G1 X119.543 Y111.607 E1.97081
G1 X111.609 Y119.542 E2.30525
G1 X111.021 Y119.623 E2.32294
G1 X119.626 Y111.017 E2.68566
G1 X119.668 Y110.469 E2.70204
G1 X110.472 Y119.665 E3.08965
G1 X109.954 Y119.676 E3.10509
G1 X112.966 Y116.664 E3.23205
G1 X112.401 Y116.914 E3.25046
G1 X112.133 Y116.99 E3.25876
G1 X109.462 Y119.661 E3.37134
G1 X108.992 Y119.624 E3.38539
G1 X111.456 Y117.16 E3.48925
G1 X110.876 Y117.233 E3.50667
G1 X108.54 Y119.569 E3.60513
G1 X108.111 Y119.491 E3.61813
G1 X110.295 Y117.307 E3.71019
G1 X109.792 Y117.304 E3.72518
G1 X107.698 Y119.398 E3.81344
G1 X107.297 Y119.292 E3.8258
G1 X109.304 Y117.284 E3.91042
G1 X108.863 Y117.219 E3.92371
G1 X106.909 Y119.172 E4.00605
G1 X106.539 Y119.035 E4.01781
G1 X108.432 Y117.142 E4.0976
G1 X108.043 Y117.024 E4.10972
G1 X106.178 Y118.89 E4.18835
G1 X105.827 Y118.733 E4.19981
G1 X107.654 Y116.907 E4.2768
G1 X107.265 Y116.789 E4.28892
G1 X105.492 Y118.562 E4.36365
G1 X105.314 Y118.469 E4.36964
G1 X105.166 Y118.381 E4.37477
G1 X106.924 Y116.623 E4.44887
G1 X106.582 Y116.457 E4.4602
G1 X104.848 Y118.192 E4.53331
G1 X104.543 Y117.99 E4.54421
G1 X106.254 Y116.279 E4.61633
G1 X105.945 Y116.081 E4.62727
G1 X104.245 Y117.781 E4.69893
G1 X103.959 Y117.56 E4.7097
G1 X105.643 Y115.876 E4.78068
G1 X105.364 Y115.648 E4.79142
G1 X103.683 Y117.329 E4.86227
G1 X103.413 Y117.093 E4.87296
G1 X105.086 Y115.419 E4.9435
G1 X104.831 Y115.167 E4.95419
G1 X103.157 Y116.841 E5.02475
G1 X102.908 Y116.583 E5.03544
G1 X104.584 Y114.908 E5.10606
G1 X104.346 Y114.639 E5.11677
G1 X102.668 Y116.317 E5.1875
G1 X102.44 Y116.038 E5.19824
G1 X104.128 Y114.35 E5.26939
G1 X103.911 Y114.06 E5.28019
G1 X102.219 Y115.752 E5.35151
G1 X102.008 Y115.455 E5.36237
G1 X103.732 Y113.732 E5.43502
G1 X103.553 Y113.404 E5.44616
G1 X101.808 Y115.149 E5.51971
G1 X101.614 Y114.835 E5.53071
G1 X103.374 Y113.076 E5.60487
G1 X103.286 Y112.913 E5.61039
G1 X103.222 Y112.721 E5.61642
G1 X101.437 Y114.506 E5.69166
G1 X101.269 Y114.168 E5.70291
G1 X103.097 Y112.339 E5.77998
G1 X102.972 Y111.958 E5.79193
G1 X101.107 Y113.822 E5.87052
G1 X100.963 Y113.459 E5.88216
G1 X102.855 Y111.567 E5.96191
G1 X102.796 Y111.119 E5.97538
G1 X100.829 Y113.086 E6.05829
G1 X100.708 Y112.715 E6.06992
G1 X102.737 Y110.672 E6.15574
G1 X102.69 Y110.211 E6.16955
G1 X100.601 Y112.301 E6.25762
G1 X100.51 Y111.885 E6.27031
G1 X102.715 Y109.68 E6.36325
G1 X102.739 Y109.148 E6.37912
G1 X100.433 Y111.455 E6.47634
G1 X100.373 Y111.008 E6.48978
G1 X102.863 Y108.518 E6.59473
G1 X103.014 Y107.86 E6.61485
G1 X100.337 Y110.536 E6.72766
G1 X100.325 Y110.042 E6.74239
G1 X103.672 Y106.695 E6.88347
G1 E6.08347 F2100
G92 E0
G1 X116.369 Y113.261 F9000
G1 E.8 F2100
G1 F1800
G1 X119.677 Y109.952 E.93945
G1 X119.661 Y109.462 E.95406
G1 X117 Y112.123 E1.06622
G1 X117.163 Y111.453 E1.08677
G1 X119.623 Y108.993 E1.19046
G1 X119.566 Y108.543 E1.20398
G1 X117.261 Y110.848 E1.30114
G1 X117.3 Y110.502 E1.31152
G1 X117.3 Y110.302 E1.31748
G1 X119.493 Y108.109 E1.40992
G1 X119.398 Y107.698 E1.42249
G1 X117.301 Y109.794 E1.51086
G1 X117.301 Y109.49 E1.51992
G1 X117.278 Y109.311 E1.5253
G1 X119.291 Y107.298 E1.61015
G1 X119.206 Y107.009 E1.61913
G1 X119.171 Y106.91 E1.62226
G1 X117.218 Y108.863 E1.70458
G1 X117.142 Y108.432 E1.71762
G1 X119.037 Y106.537 E1.79749
G1 X118.888 Y106.179 E1.80905
G1 X117.038 Y108.029 E1.88703
G1 X116.972 Y107.773 E1.89491
G1 X116.918 Y107.642 E1.89913
G1 X118.732 Y105.829 E1.97557
G1 X118.563 Y105.491 E1.98683
G1 X116.77 Y107.283 E2.06238
G1 X116.622 Y106.925 E2.07393
G1 X118.381 Y105.166 E2.14807
G1 X118.235 Y104.911 E2.15683
G1 X118.192 Y104.848 E2.1591
G1 X116.463 Y106.577 E2.23198
G1 X116.282 Y106.251 E2.24309
G1 X117.991 Y104.542 E2.31512
G1 X117.779 Y104.247 E2.32595
G1 X116.081 Y105.945 E2.39752
G1 X115.872 Y105.647 E2.40837
G1 X117.562 Y103.957 E2.4796
G1 X117.329 Y103.683 E2.49032
G1 X115.651 Y105.361 E2.56105
G1 X115.41 Y105.096 E2.57173
G1 X117.09 Y103.415 E2.64256
G1 X116.843 Y103.156 E2.65323
G1 X115.169 Y104.83 E2.72379
G1 X114.907 Y104.584 E2.7345
G1 X116.583 Y102.909 E2.80512
G1 X116.317 Y102.668 E2.81582
G1 X114.635 Y104.349 E2.8867
G1 X114.352 Y104.126 E2.89744
G1 X116.038 Y102.44 E2.96851
G1 X115.752 Y102.219 E2.97928
G1 X114.043 Y103.928 E3.05131
G1 X113.734 Y103.729 E3.06226
G1 X115.458 Y102.006 E3.13491
G1 X115.149 Y101.808 E3.14585
G1 X113.42 Y103.537 E3.21873
G1 X113.072 Y103.378 E3.23013
G1 X114.833 Y101.617 E3.30436
G1 X114.508 Y101.435 E3.31546
G1 X112.725 Y103.218 E3.39061
G1 X112.558 Y103.142 E3.39608
G1 X112.351 Y103.085 E3.40248
G1 X114.168 Y101.268 E3.47907
G1 X113.82 Y101.109 E3.49047
G1 X111.952 Y102.977 E3.56921
G1 X111.554 Y102.869 E3.5815
G1 X113.459 Y100.963 E3.66182
G1 X113.086 Y100.83 E3.67362
G1 X111.139 Y102.776 E3.75567
G1 X110.687 Y102.722 E3.76924
G1 X112.701 Y100.708 E3.85413
G1 X112.303 Y100.598 E3.86644
G1 X110.209 Y102.693 E3.95472
G1 X109.704 Y102.69 E3.96977
G1 X111.886 Y100.509 E4.06172
G1 X111.454 Y100.434 E4.07479
G1 X109.157 Y102.73 E4.17159
G1 X108.543 Y102.837 E4.19017
G1 X111.005 Y100.376 E4.29392
G1 X110.538 Y100.336 E4.30789
G1 X107.834 Y103.04 E4.42186
G1 X107.064 Y103.303 E4.44611
G1 X110.046 Y100.321 E4.5718
G1 X109.525 Y100.335 E4.58733
G1 X100.336 Y109.524 E4.97465
G1 X100.379 Y108.974 E4.99109
G1 X108.976 Y100.377 E5.35345
G1 X108.388 Y100.458 E5.37114
G1 X100.461 Y108.385 E5.70526
G1 X100.589 Y107.75 E5.72457
G1 X107.752 Y100.588 E6.02647
G1 X107.049 Y100.784 E6.04822
G1 X100.781 Y107.051 E6.3124
G1 X101.084 Y106.241 E6.33818
G1 X106.242 Y101.083 E6.55559
G1 X105.543 Y101.407 E6.57855
G1 X105.243 Y101.576 E6.58881
G1 X101.572 Y105.247 E6.74354
G1 X101.765 Y104.911 E6.75509
G1 X102.085 Y104.428 E6.77236
G1 X102.432 Y103.965 E6.7896
G1 X102.806 Y103.523 E6.80686
G1 X104.405 Y101.907 E6.87462
M106 S124.95
;LAYER_CHANGE
;Z:2.2
;HEIGHT:0.2
G1 E6.07462 F2100
G92 E0
G1 Z2.2 F9000
G1 X107.691 Y116.663
G1 E.8 F2100
;TYPE:Perimeter
;WIDTH:0.517511
G1 F2700
G1 X107.235 Y116.499 E.81912
;WIDTH:0.516951
G1 X106.544 Y116.148 E.84967
G1 X105.849 Y115.714 E.88197
;WIDTH:0.510138
G1 X105.235 Y115.214 E.91273
;WIDTH:0.517544
G1 X104.62 Y114.559 E.94819
G1 X104.292 Y114.162 E.96851
;WIDTH:0.517388
G1 X103.897 Y113.532 E.99785
G1 X103.499 Y112.752 E1.0324
;WIDTH:0.512056
G1 X103.218 Y111.974 E1.06467
;WIDTH:0.510085
G1 X103.041 Y111.21 E1.09513
;WIDTH:0.506938
G1 X102.944 Y110.38 E1.12737
;WIDTH:0.517433
G1 X102.968 Y109.482 E1.16281
G1 X103.075 Y108.611 E1.19743
;WIDTH:0.509702
G1 X103.263 Y107.868 E1.22718
;WIDTH:0.506829
G1 X103.565 Y107.088 E1.25944
;WIDTH:0.517465
G1 X104.006 Y106.285 E1.29559
G1 X104.258 Y105.881 E1.31438
;WIDTH:0.506912
G1 X104.71 Y105.32 E1.34218
;WIDTH:0.512097
G1 X105.058 Y104.959 E1.36174
;WIDTH:0.512348
G1 X105.678 Y104.418 E1.39386
G1 X106.498 Y103.868 E1.4324
;WIDTH:0.515708
G1 X107.123 Y103.559 E1.45981
G1 X107.942 Y103.247 E1.49426
;WIDTH:0.51237
G1 X108.742 Y103.053 E1.52639
G1 X109.716 Y102.944 E1.56465
;WIDTH:0.501495
G1 X110.368 Y102.946 E1.58951
;WIDTH:0.507011
G1 X111.2 Y103.037 E1.62181
;WIDTH:0.51724
G1 X112.077 Y103.261 E1.65751
G1 X112.882 Y103.556 E1.69132
;WIDTH:0.512046
G1 X113.337 Y103.773 E1.71098
;WIDTH:0.517381
G1 X114.372 Y104.449 E1.75975
;WIDTH:0.507019
G1 X114.914 Y104.923 E1.78754
G1 X115.484 Y105.546 E1.82013
;WIDTH:0.505075
G1 X115.977 Y106.233 E1.85262
;WIDTH:0.507012
G1 X116.385 Y106.973 E1.88523
G1 X116.698 Y107.758 E1.91784
;WIDTH:0.51209
G1 X116.836 Y108.239 E1.93736
;WIDTH:0.51235
G1 X116.995 Y109.048 E1.96954
G1 X117.05 Y109.534 E1.98863
;WIDTH:0.505232
G1 X117.061 Y110.255 E2.01635
;WIDTH:0.507013
G1 X116.981 Y111.096 E2.04895
G1 X116.854 Y111.706 E2.07299
;WIDTH:0.505164
G1 X116.67 Y112.332 E2.09807
;WIDTH:0.517537
G1 X116.307 Y113.155 E2.13357
G1 X116.087 Y113.587 E2.1527
;WIDTH:0.505199
G1 X115.69 Y114.188 E2.18039
;WIDTH:0.506903
G1 X115.15 Y114.838 E2.21299
;WIDTH:0.517437
G1 X114.485 Y115.441 E2.24841
G1 X113.783 Y115.961 E2.28288
;WIDTH:0.512377
G1 X113.062 Y116.361 E2.31507
G1 X112.629 Y116.558 E2.33364
;WIDTH:0.505048
G1 X112.084 Y116.748 E2.35582
;WIDTH:0.506804
G1 X111.518 Y116.902 E2.37845
;WIDTH:0.517488
G1 X110.644 Y117.022 E2.41326
G1 X109.771 Y117.056 E2.44774
;WIDTH:0.512054
G1 X109.304 Y117.031 E2.46598
;WIDTH:0.505214
G1 X108.592 Y116.923 E2.49366
;WIDTH:0.517511
G1 X107.748 Y116.681 E2.52831
G1 X107.846 Y116.251 F9000
;WIDTH:0.449999
G1 F2700
G1 X107.435 Y116.114 E2.54297
G1 X106.477 Y115.616 E2.57952
G1 X105.988 Y115.277 E2.59966
G1 X105.513 Y114.883 E2.62055
G1 X104.662 Y113.933 E2.66372
G1 X104.095 Y113.014 E2.70027
G1 X103.636 Y111.846 E2.74275
G1 X103.463 Y111.117 E2.76811
G1 X103.377 Y110.334 E2.79477
G1 X103.433 Y109.081 E2.83722
G1 X103.525 Y108.578 E2.85453
G1 X103.684 Y107.981 E2.87544
G1 X103.968 Y107.246 E2.90211
G1 X104.387 Y106.506 E2.93089
G1 X104.599 Y106.153 E2.94483
G1 X105.048 Y105.59 E2.96921
G1 X105.61 Y105.03 E2.99606
G1 X106.234 Y104.542 E3.02287
G1 X106.724 Y104.237 E3.04241
G1 X107.705 Y103.779 E3.07906
G1 X108.392 Y103.567 E3.1034
G1 X109.172 Y103.421 E3.13026
G1 X109.747 Y103.376 E3.14978
G1 X110.365 Y103.379 E3.1707
G1 X111.148 Y103.469 E3.19738
G1 X112.364 Y103.805 E3.24008
G1 X113.022 Y104.098 E3.26446
G1 X113.746 Y104.552 E3.29339
G1 X114.086 Y104.777 E3.30719
G1 X114.628 Y105.251 E3.33156
G1 X115.162 Y105.837 E3.3584
G1 X115.622 Y106.483 E3.38524
G1 X116.001 Y107.179 E3.41207
G1 X116.295 Y107.916 E3.43893
G1 X116.499 Y108.683 E3.46579
G1 X116.61 Y109.468 E3.49263
G1 X116.626 Y110.261 E3.51948
G1 X116.547 Y111.05 E3.54632
G1 X116.429 Y111.615 E3.56586
G1 X116.253 Y112.207 E3.58677
G1 X115.724 Y113.347 E3.62931
G1 X115.328 Y113.948 E3.65367
G1 X114.818 Y114.556 E3.68053
G1 X113.868 Y115.386 E3.72323
G1 X113.261 Y115.774 E3.74762
G1 X112.549 Y116.122 E3.77444
G1 X111.949 Y116.336 E3.796
G1 X111.407 Y116.48 E3.81498
G1 X110.162 Y116.629 E3.85742
G1 X109.442 Y116.608 E3.8818
G1 X108.657 Y116.494 E3.90865
G1 X107.904 Y116.268 E3.93526
G1 X107.989 Y115.869 F9000
;TYPE:External perimeter
G1 F1500
G1 X107.966 Y115.862 E3.93607
G1 X107.622 Y115.752 E3.94829
G1 X106.664 Y115.255 E3.98482
G1 X106.223 Y114.945 E4.00307
G1 X105.774 Y114.57 E4.02287
G1 X105.009 Y113.719 E4.0616
G1 X104.441 Y112.8 E4.09817
G1 X104.026 Y111.727 E4.13711
G1 X103.861 Y111.03 E4.16135
G1 X103.782 Y110.291 E4.18651
G1 X103.833 Y109.155 E4.225
G1 X103.926 Y108.652 E4.24231
G1 X104.077 Y108.086 E4.26214
G1 X104.347 Y107.394 E4.28728
G1 X104.74 Y106.709 E4.31401
G1 X104.917 Y106.407 E4.32586
G1 X105.366 Y105.844 E4.35024
G1 X105.895 Y105.32 E4.37544
G1 X106.483 Y104.864 E4.40063
G1 X106.937 Y104.584 E4.41868
G1 X107.825 Y104.168 E4.45187
G1 X108.512 Y103.956 E4.47621
G1 X109.245 Y103.821 E4.50144
G1 X109.777 Y103.782 E4.5195
G1 X110.362 Y103.786 E4.5393
G1 X111.099 Y103.873 E4.56442
G1 X112.199 Y104.177 E4.60305
G1 X112.857 Y104.469 E4.62742
G1 X113.526 Y104.895 E4.65427
G1 X113.818 Y105.084 E4.66604
G1 X114.36 Y105.557 E4.69039
G1 X114.859 Y106.109 E4.71558
G1 X115.289 Y106.717 E4.74079
G1 X115.643 Y107.372 E4.76599
G1 X115.916 Y108.065 E4.7912
G1 X116.105 Y108.785 E4.8164
G1 X116.206 Y109.522 E4.84158
G1 X116.219 Y110.267 E4.8668
G1 X116.143 Y111.008 E4.89201
G1 X116.031 Y111.529 E4.91005
G1 X115.863 Y112.09 E4.92987
G1 X115.384 Y113.123 E4.96841
G1 X114.988 Y113.724 E4.99277
G1 X114.508 Y114.293 E5.01797
G1 X113.649 Y115.043 E5.05657
G1 X113.042 Y115.431 E5.08096
G1 X112.372 Y115.755 E5.10615
G1 X111.814 Y115.952 E5.12618
G1 X111.304 Y116.087 E5.14404
G1 X110.174 Y116.222 E5.18256
G1 X109.454 Y116.201 E5.20694
G1 X108.718 Y116.091 E5.23213
G1 X108.047 Y115.886 E5.25588
G1 X107.666 Y115.764 F9000
G1 E4.45588 F2100
G92 E0
G1 X104.27 Y114.866 F9000
G1 E.8 F2100
;TYPE:Perimeter
;WIDTH:0.517374
G1 F2700
G1 X104.002 Y114.554 E.81623
;WIDTH:0.517529
G1 X103.711 Y114.135 E.83636
G1 X103.326 Y113.465 E.86686
;WIDTH:0.512056
G1 X103.074 Y112.949 E.88926
G1 X102.889 Y112.476 E.90907
;WIDTH:0.507142
G1 X102.709 Y111.875 E.93329
G1 X102.592 Y111.297 E.95605
;WIDTH:0.512068
G1 X102.51 Y110.757 E.97736
G1 X102.474 Y110.216 E.99851
;WIDTH:0.517433
G1 X102.495 Y109.439 E1.02918
G1 X102.556 Y108.93 E1.04941
;WIDTH:0.510933
G1 X102.715 Y108.096 E1.08245
G1 X102.865 Y107.594 E1.10284
;WIDTH:0.507011
G1 X103.145 Y106.908 E1.13143
;WIDTH:0.517509
G1 X103.386 Y106.409 E1.1533
G1 X103.816 Y105.702 E1.18595
;WIDTH:0.511892
G1 X104.121 Y105.299 E1.20566
G1 X104.462 Y104.911 E1.2258
;WIDTH:0.507017
G1 X104.983 Y104.385 E1.25437
;WIDTH:0.512348
G1 X105.396 Y104.043 E1.2753
G1 X105.822 Y103.739 E1.29573
;WIDTH:0.505193
G1 X106.383 Y103.404 E1.32085
;WIDTH:0.515708
G1 X106.94 Y103.124 E1.34536
G1 X107.429 Y102.933 E1.366
;WIDTH:0.50665
G1 X108.171 Y102.695 E1.39605
;WIDTH:0.51237
G1 X108.665 Y102.59 E1.41576
G1 X109.176 Y102.518 E1.4359
;WIDTH:0.504998
G1 X109.788 Y102.481 E1.45946
;WIDTH:0.502836
G1 X110.384 Y102.489 E1.48225
;WIDTH:0.512096
G1 X110.923 Y102.528 E1.50333
G1 X111.464 Y102.615 E1.52471
;WIDTH:0.51724
G1 X112.223 Y102.811 E1.55563
G1 X112.714 Y102.986 E1.57619
;WIDTH:0.50653
G1 X113.429 Y103.295 E1.60622
;WIDTH:0.517531
G1 X113.872 Y103.546 E1.62631
G1 X114.572 Y104.016 E1.65958
;WIDTH:0.512369
G1 X114.961 Y104.337 E1.67927
G1 X115.346 Y104.702 E1.69998
;WIDTH:0.505218
G1 X115.941 Y105.378 E1.7346
G1 X116.355 Y105.967 E1.76227
;WIDTH:0.512373
G1 X116.632 Y106.437 E1.78357
G1 X116.867 Y106.911 E1.80422
;WIDTH:0.506884
G1 X117.129 Y107.604 E1.8328
;WIDTH:0.51209
G1 X117.292 Y108.128 E1.85421
G1 X117.403 Y108.627 E1.87415
;WIDTH:0.506951
G1 X117.512 Y109.527 E1.90913
;WIDTH:0.505232
G1 X117.523 Y110.248 E1.93685
;WIDTH:0.512359
G1 X117.487 Y110.79 E1.95805
G1 X117.417 Y111.3 E1.97814
;WIDTH:0.506675
G1 X117.273 Y111.918 E2.00261
;WIDTH:0.507793
G1 X117.045 Y112.654 E2.03239
;WIDTH:0.517537
G1 X116.731 Y113.368 E2.06317
G1 X116.473 Y113.842 E2.08447
;WIDTH:0.505199
G1 X116.076 Y114.442 E2.11212
;WIDTH:0.512319
G1 X115.734 Y114.879 E2.13378
G1 X115.357 Y115.29 E2.15555
;WIDTH:0.517437
G1 X114.781 Y115.812 E2.18622
G1 X114.358 Y116.129 E2.20708
;WIDTH:0.506681
G1 X113.706 Y116.555 E2.23711
;WIDTH:0.512377
G1 X113.259 Y116.787 E2.25677
G1 X112.78 Y116.995 E2.27715
;WIDTH:0.505048
G1 X112.145 Y117.212 E2.30294
;WIDTH:0.506703
G1 X111.61 Y117.357 E2.32432
;WIDTH:0.517489
G1 X111.114 Y117.443 E2.34418
G1 X110.339 Y117.513 E2.37489
;WIDTH:0.512054
G1 X109.749 Y117.524 E2.39791
G1 X109.235 Y117.488 E2.41801
;WIDTH:0.507847
G1 X108.316 Y117.338 E2.45401
;WIDTH:0.517511
G1 X107.562 Y117.121 E2.48497
G1 X107.028 Y116.913 E2.50759
;WIDTH:0.516951
G1 X106.323 Y116.567 E2.53854
G1 X105.889 Y116.309 E2.55844
;WIDTH:0.506986
G1 X105.379 Y115.943 E2.58266
G1 X104.933 Y115.558 E2.6054
;WIDTH:0.517374
G1 X104.546 Y115.186 E2.62658
G1 X104.31 Y114.911 E2.64088
G1 X103.928 Y115.157 F9000
;WIDTH:0.449999
G1 F2700
G1 X103.914 Y115.142 E2.64157
G1 X103.547 Y114.669 E2.66183
G1 X103.118 Y114.012 E2.68839
G1 X102.657 Y113.09 E2.72328
G1 X102.474 Y112.611 E2.74064
G1 X102.241 Y111.806 E2.76901
G1 X102.073 Y110.789 E2.8039
G1 X102.038 Y110.222 E2.82313
G1 X102.055 Y109.41 E2.85062
G1 X102.24 Y108.208 E2.89179
G1 X102.398 Y107.62 E2.9124
G1 X102.571 Y107.124 E2.93018
G1 X103.005 Y106.188 E2.9651
G1 X103.474 Y105.43 E2.99527
G1 X103.775 Y105.028 E3.01227
G1 X104.141 Y104.622 E3.03077
G1 X104.715 Y104.04 E3.05844
G1 X105.106 Y103.713 E3.07569
G1 X105.512 Y103.417 E3.0927
G1 X106.161 Y103.03 E3.11828
G1 X106.73 Y102.736 E3.13996
G1 X107.694 Y102.375 E3.1748
G1 X108.206 Y102.239 E3.19273
G1 X109.041 Y102.091 E3.22143
G1 X110.016 Y102.034 E3.25449
G1 X110.552 Y102.066 E3.27267
G1 X111.365 Y102.152 E3.30034
G1 X111.865 Y102.254 E3.31761
G1 X112.35 Y102.387 E3.33463
G1 X112.866 Y102.581 E3.35329
G1 X113.659 Y102.923 E3.38252
G1 X114.109 Y103.175 E3.39998
G1 X114.861 Y103.688 E3.43079
G1 X115.259 Y104.016 E3.44825
G1 X115.669 Y104.412 E3.46754
G1 X116.296 Y105.128 E3.49975
G1 X116.826 Y105.895 E3.53131
G1 X117.219 Y106.63 E3.55952
G1 X117.418 Y107.094 E3.57661
G1 X117.587 Y107.615 E3.59515
G1 X117.804 Y108.403 E3.62282
G1 X117.895 Y108.927 E3.64082
G1 X117.946 Y109.438 E3.6582
G1 X117.959 Y110.333 E3.6885
G1 X117.922 Y110.849 E3.70601
G1 X117.844 Y111.385 E3.72434
G1 X117.69 Y112.04 E3.74712
G1 X117.451 Y112.813 E3.77451
G1 X117.137 Y113.54 E3.80132
G1 X116.899 Y113.985 E3.8184
G1 X116.373 Y114.781 E3.85069
G1 X116.059 Y115.173 E3.86769
G1 X115.663 Y115.601 E3.88743
G1 X115.065 Y116.151 E3.91493
G1 X114.612 Y116.479 E3.93386
G1 X113.896 Y116.95 E3.96287
G1 X113.437 Y117.187 E3.98036
G1 X112.921 Y117.406 E3.99933
G1 X112.081 Y117.69 E4.02934
G1 X111.524 Y117.818 E4.04869
G1 X110.723 Y117.935 E4.07609
G1 X109.784 Y117.963 E4.10789
G1 X109.279 Y117.934 E4.12501
G1 X108.458 Y117.81 E4.15312
G1 X107.901 Y117.686 E4.17244
G1 X107.407 Y117.533 E4.18994
G1 X106.839 Y117.305 E4.21066
G1 X105.761 Y116.745 E4.25178
G1 X105.336 Y116.459 E4.26912
G1 X104.938 Y116.152 E4.28613
G1 X104.261 Y115.524 E4.31739
G1 X103.968 Y115.201 E4.33215
G1 X103.627 Y115.412 F9000
;TYPE:External perimeter
G1 F1800
G1 X103.325 Y115.056 E4.34795
G1 X103.026 Y114.635 E4.36543
G1 X102.746 Y114.185 E4.38337
G1 X102.317 Y113.327 E4.41584
G1 X102.126 Y112.85 E4.43323
G1 X101.97 Y112.374 E4.45019
G1 X101.835 Y111.862 E4.46811
G1 X101.678 Y110.916 E4.50057
G1 X101.636 Y110.404 E4.51796
G1 X101.627 Y109.903 E4.53492
G1 X101.649 Y109.373 E4.55288
G1 X101.778 Y108.423 E4.58533
G1 X101.888 Y107.921 E4.60273
G1 X102.027 Y107.44 E4.61968
G1 X102.204 Y106.941 E4.6376
G1 X102.607 Y106.071 E4.67005
G1 X102.877 Y105.596 E4.68854
G1 X103.153 Y105.178 E4.70549
G1 X103.461 Y104.768 E4.72285
G1 X104.091 Y104.069 E4.7547
G1 X104.464 Y103.717 E4.77206
G1 X104.873 Y103.378 E4.79004
G1 X105.288 Y103.077 E4.80739
G1 X106.11 Y102.587 E4.83978
G1 X106.597 Y102.348 E4.85814
G1 X107.135 Y102.146 E4.87759
G1 X107.948 Y101.882 E4.90652
G1 X108.476 Y101.766 E4.92482
G1 X108.999 Y101.685 E4.94273
G1 X110.016 Y101.626 E4.97721
G1 X110.953 Y101.682 E5.00898
G1 X111.461 Y101.754 E5.02635
G1 X111.982 Y101.863 E5.04437
G1 X112.476 Y102 E5.06172
G1 X113.403 Y102.348 E5.09524
G1 X113.865 Y102.57 E5.11259
G1 X114.329 Y102.832 E5.13063
G1 X115.067 Y103.335 E5.16086
G1 X115.488 Y103.675 E5.17918
G1 X115.877 Y104.033 E5.19707
G1 X116.557 Y104.791 E5.23154
G1 X117.097 Y105.559 E5.26332
G1 X117.374 Y106.029 E5.28179
G1 X117.598 Y106.477 E5.29874
G1 X117.8 Y106.951 E5.31618
G1 X118.105 Y107.893 E5.3497
G1 X118.222 Y108.41 E5.36764
G1 X118.302 Y108.905 E5.38461
G1 X118.353 Y109.432 E5.40253
G1 X118.366 Y110.327 E5.43283
G1 X118.329 Y110.871 E5.45129
G1 X118.263 Y111.367 E5.46823
G1 X118.163 Y111.872 E5.48566
G1 X117.885 Y112.823 E5.5192
G1 X117.689 Y113.316 E5.53716
G1 X117.477 Y113.77 E5.55412
G1 X117.175 Y114.305 E5.57492
G1 X116.633 Y115.108 E5.60771
G1 X116.099 Y115.736 E5.63561
G1 X115.716 Y116.12 E5.65397
G1 X115.318 Y116.469 E5.67189
G1 X114.543 Y117.032 E5.70431
G1 X114.104 Y117.299 E5.7217
G1 X113.661 Y117.531 E5.73863
G1 X113.177 Y117.749 E5.7566
G1 X112.27 Y118.058 E5.78903
G1 X111.772 Y118.184 E5.80642
G1 X111.28 Y118.276 E5.82336
G1 X110.753 Y118.341 E5.84133
G1 X109.747 Y118.371 E5.8754
G1 X109.236 Y118.339 E5.89273
G1 X108.257 Y118.191 E5.92624
G1 X107.742 Y118.064 E5.94419
G1 X107.263 Y117.914 E5.96118
G1 X106.662 Y117.671 E5.98312
G1 X105.879 Y117.289 E6.01261
G1 X105.415 Y117.005 E6.03102
G1 X104.712 Y116.492 E6.06048
G1 X103.917 Y115.754 E6.0972
G1 X103.666 Y115.458 E6.11034
G1 X103.407 Y115.153 F9000
;LAYER_CHANGE
;Z:2.4
;HEIGHT:0.2
G1 E5.31034 F2100
G92 E0
G1 Z2.4 F9000
G1 X107.689 Y116.669
G1 E.8 F2100
;TYPE:Perimeter
;WIDTH:0.507191
G1 F2700
G1 X107.368 Y116.557 E.81312
;WIDTH:0.50627
G1 X106.614 Y116.201 E.84525
;WIDTH:0.507055
G1 X105.897 Y115.753 E.87788
G1 X105.242 Y115.22 E.91047
G1 X104.789 Y114.769 E.93514
G1 X104.378 Y114.281 E.95976
;WIDTH:0.517176
G1 X103.891 Y113.523 E.99529
G1 X103.495 Y112.743 E1.02979
;WIDTH:0.512307
G1 X103.22 Y111.967 E1.06192
G1 X103.1 Y111.52 E1.07998
;WIDTH:0.505302
G1 X103.006 Y110.974 E1.10128
;WIDTH:0.506664
G1 X102.943 Y110.368 E1.12477
;WIDTH:0.517318
G1 X102.968 Y109.475 E1.16001
G1 X103.015 Y108.959 E1.18045
G1 X103.178 Y108.211 E1.21065
G1 X103.299 Y107.757 E1.22918
;WIDTH:0.507055
G1 X103.565 Y107.088 E1.25696
;WIDTH:0.517555
G1 X103.799 Y106.643 E1.2768
G1 X104.17 Y106.01 E1.30576
;WIDTH:0.51149
G1 X104.497 Y105.579 E1.32684
;WIDTH:0.512109
G1 X105.055 Y104.962 E1.35929
;WIDTH:0.512288
G1 X105.67 Y104.424 E1.39118
G1 X106.072 Y104.127 E1.41069
;WIDTH:0.505436
G1 X106.693 Y103.757 E1.43849
;WIDTH:0.504363
G1 X107.46 Y103.409 E1.47081
;WIDTH:0.512017
G1 X107.95 Y103.245 E1.49096
;WIDTH:0.512357
G1 X108.747 Y103.052 E1.52297
G1 X109.732 Y102.944 E1.56165
;WIDTH:0.500948
G1 X110.37 Y102.946 E1.58595
;WIDTH:0.507056
G1 X111.2 Y103.037 E1.61817
;WIDTH:0.516731
G1 X112.097 Y103.267 E1.65465
G1 X112.869 Y103.55 E1.68704
;WIDTH:0.511959
G1 X113.337 Y103.773 E1.70726
;WIDTH:0.517162
G1 X114.372 Y104.449 E1.75601
;WIDTH:0.50708
G1 X114.914 Y104.923 E1.7838
;WIDTH:0.506937
G1 X115.484 Y105.547 E1.81641
;WIDTH:0.51703
G1 X116.01 Y106.31 E1.85294
G1 X116.265 Y106.736 E1.87251
;WIDTH:0.516443
G1 X116.575 Y107.449 E1.90312
G1 X116.835 Y108.233 E1.93564
;WIDTH:0.5123
G1 X116.994 Y109.04 E1.96774
G1 X117.05 Y109.534 E1.98714
;WIDTH:0.505686
G1 X117.061 Y110.256 E2.01493
;WIDTH:0.507064
G1 X116.981 Y111.096 E2.0475
;WIDTH:0.509656
G1 X116.882 Y111.588 E2.06698
G1 X116.669 Y112.333 E2.09705
;WIDTH:0.507065
G1 X116.348 Y113.105 E2.12932
G1 X115.929 Y113.839 E2.16194
;WIDTH:0.506735
G1 X115.539 Y114.384 E2.18779
G1 X115.143 Y114.846 E2.21126
;WIDTH:0.517328
G1 X114.481 Y115.445 E2.24648
G1 X113.78 Y115.962 E2.28084
;WIDTH:0.512072
G1 X113.358 Y116.215 E2.30003
;WIDTH:0.517438
G1 X112.682 Y116.522 E2.32932
G1 X111.857 Y116.811 E2.36381
;WIDTH:0.512085
G1 X111.377 Y116.929 E2.38309
;WIDTH:0.517483
G1 X110.643 Y117.022 E2.41229
G1 X109.773 Y117.056 E2.44665
;WIDTH:0.511989
G1 X109.304 Y117.031 E2.46497
;WIDTH:0.505683
G1 X108.591 Y116.923 E2.49272
;WIDTH:0.507191
G1 X107.943 Y116.758 E2.51853
G1 X107.745 Y116.689 E2.52662
G1 X107.841 Y116.262 F9000
;WIDTH:0.449999
G1 F2700
G1 X107.513 Y116.147 E2.53839
G1 X106.803 Y115.81 E2.56499
G1 X106.132 Y115.386 E2.59186
G1 X105.517 Y114.886 E2.61869
G1 X105.1 Y114.465 E2.63875
G1 X104.713 Y114.002 E2.65918
G1 X104.266 Y113.291 E2.68761
G1 X104.053 Y112.933 E2.70171
G1 X103.77 Y112.271 E2.72608
G1 X103.543 Y111.511 E2.75293
G1 X103.432 Y110.899 E2.77398
G1 X103.377 Y110.327 E2.79343
G1 X103.408 Y109.495 E2.82161
G1 X103.438 Y109.055 E2.83654
G1 X103.678 Y108.003 E2.87306
G1 X103.968 Y107.246 E2.9005
G1 X104.599 Y106.153 E2.94322
G1 X105.048 Y105.59 E2.9676
G1 X105.61 Y105.03 E2.99445
G1 X106.234 Y104.542 E3.02126
G1 X106.913 Y104.131 E3.04813
G1 X107.636 Y103.805 E3.07498
G1 X108.392 Y103.567 E3.10181
G1 X109.172 Y103.421 E3.12867
G1 X109.762 Y103.375 E3.1487
G1 X110.366 Y103.379 E3.16915
G1 X111.148 Y103.469 E3.19579
G1 X112.364 Y103.805 E3.23849
G1 X113.022 Y104.098 E3.26287
G1 X113.754 Y104.557 E3.29212
G1 X114.086 Y104.777 E3.3056
G1 X114.628 Y105.251 E3.32997
G1 X115.162 Y105.837 E3.35681
G1 X115.864 Y106.907 E3.40013
G1 X116.288 Y107.9 E3.43668
G1 X116.499 Y108.683 E3.46413
G1 X116.61 Y109.468 E3.49097
G1 X116.626 Y110.261 E3.51782
G1 X116.547 Y111.05 E3.54466
G1 X116.426 Y111.63 E3.56471
G1 X116.253 Y112.208 E3.58513
G1 X115.947 Y112.933 E3.61177
G1 X115.554 Y113.622 E3.63862
G1 X115.189 Y114.126 E3.65968
G1 X114.814 Y114.561 E3.67912
G1 X113.868 Y115.386 E3.72161
G1 X113.261 Y115.774 E3.746
G1 X112.503 Y116.119 E3.77419
G1 X112.108 Y116.287 E3.78872
G1 X111.414 Y116.479 E3.81309
G1 X110.162 Y116.629 E3.85577
G1 X109.442 Y116.608 E3.88015
G1 X108.657 Y116.494 E3.907
G1 X108.055 Y116.337 E3.92806
G1 X107.898 Y116.282 E3.93369
G1 X107.984 Y115.882 F9000
;TYPE:External perimeter
G1 F1500
G1 X107.648 Y115.764 E3.94574
G1 X106.98 Y115.443 E3.97083
G1 X106.351 Y115.043 E3.99606
G1 X105.775 Y114.571 E4.02127
G1 X105.391 Y114.18 E4.03982
G1 X105.026 Y113.742 E4.05912
G1 X104.427 Y112.773 E4.09768
G1 X104.144 Y112.111 E4.12205
G1 X103.934 Y111.397 E4.14724
G1 X103.833 Y110.829 E4.16677
G1 X103.782 Y110.289 E4.18513
G1 X103.815 Y109.513 E4.21142
G1 X103.835 Y109.146 E4.22386
G1 X104.075 Y108.094 E4.26038
G1 X104.347 Y107.394 E4.2858
G1 X104.917 Y106.407 E4.32438
G1 X105.366 Y105.844 E4.34876
G1 X105.895 Y105.32 E4.37396
G1 X106.483 Y104.864 E4.39915
G1 X107.122 Y104.481 E4.42437
G1 X107.802 Y104.176 E4.4496
G1 X108.512 Y103.956 E4.47476
G1 X109.245 Y103.821 E4.49999
G1 X109.791 Y103.781 E4.51852
G1 X110.362 Y103.786 E4.53785
G1 X111.099 Y103.873 E4.56297
G1 X112.199 Y104.177 E4.6016
G1 X112.857 Y104.469 E4.62597
G1 X113.535 Y104.9 E4.65316
G1 X113.818 Y105.084 E4.66459
G1 X114.36 Y105.557 E4.68894
G1 X114.859 Y106.109 E4.71413
G1 X115.49 Y107.067 E4.75296
G1 X115.914 Y108.06 E4.78951
G1 X116.105 Y108.785 E4.81489
G1 X116.206 Y109.522 E4.84007
G1 X116.219 Y110.267 E4.86529
G1 X116.143 Y111.008 E4.8905
G1 X116.028 Y111.543 E4.90902
G1 X115.863 Y112.09 E4.92836
G1 X115.573 Y112.773 E4.95348
G1 X115.202 Y113.419 E4.9787
G1 X114.861 Y113.885 E4.99825
G1 X114.506 Y114.295 E5.01661
G1 X113.649 Y115.043 E5.05511
G1 X113.042 Y115.431 E5.0795
G1 X112.337 Y115.747 E5.10565
G1 X112 Y115.895 E5.11811
G1 X111.306 Y116.086 E5.14247
G1 X110.174 Y116.222 E5.18106
G1 X109.454 Y116.201 E5.20544
G1 X108.718 Y116.091 E5.23063
G1 X108.16 Y115.944 E5.25016
G1 X108.041 Y115.902 E5.25443
G1 X107.665 Y115.765 F9000
G1 E4.45443 F2100
G92 E0
G1 X104.262 Y114.875 F9000
G1 E.8 F2100
;TYPE:Perimeter
;WIDTH:0.510509
G1 F2700
G1 X103.905 Y114.418 E.82255
;WIDTH:0.517176
G1 X103.477 Y113.753 E.85374
G1 X103.24 Y113.295 E.87408
;WIDTH:0.506465
G1 X102.925 Y112.58 E.90419
;WIDTH:0.512307
G1 X102.767 Y112.091 E.92425
G1 X102.644 Y111.598 E.94408
;WIDTH:0.510169
G1 X102.508 Y110.749 E.97749
G1 X102.474 Y110.216 E.99824
;WIDTH:0.517318
G1 X102.496 Y109.432 E1.02918
G1 X102.564 Y108.877 E1.05124
G1 X102.72 Y108.091 E1.08285
G1 X102.865 Y107.593 E1.10331
;WIDTH:0.507055
G1 X103.145 Y106.908 E1.13187
;WIDTH:0.517555
G1 X103.388 Y106.405 E1.15392
G1 X103.817 Y105.701 E1.18646
;WIDTH:0.51149
G1 X104.127 Y105.291 E1.20649
G1 X104.462 Y104.911 E1.22623
;WIDTH:0.507069
G1 X104.983 Y104.385 E1.2548
;WIDTH:0.512288
G1 X105.389 Y104.049 E1.27537
G1 X105.835 Y103.73 E1.29677
;WIDTH:0.505436
G1 X106.457 Y103.36 E1.3246
;WIDTH:0.512014
G1 X106.95 Y103.117 E1.34604
G1 X107.43 Y102.933 E1.36609
;WIDTH:0.506547
G1 X108.173 Y102.694 E1.39618
;WIDTH:0.512357
G1 X108.67 Y102.589 E1.41601
G1 X109.178 Y102.518 E1.43603
;WIDTH:0.50491
G1 X109.804 Y102.482 E1.46012
;WIDTH:0.502115
G1 X110.386 Y102.489 E1.48234
;WIDTH:0.512107
G1 X110.919 Y102.528 E1.50319
G1 X111.464 Y102.615 E1.52472
;WIDTH:0.516731
G1 X112.234 Y102.813 E1.55604
G1 X112.714 Y102.985 E1.57613
;WIDTH:0.506183
G1 X113.429 Y103.296 E1.60616
;WIDTH:0.51763
G1 X113.882 Y103.553 E1.62672
G1 X114.573 Y104.017 E1.65957
;WIDTH:0.512351
G1 X114.966 Y104.341 E1.67945
G1 X115.346 Y104.703 E1.69994
;WIDTH:0.505949
G1 X115.963 Y105.409 E1.73604
;WIDTH:0.51703
G1 X116.413 Y106.06 E1.76724
G1 X116.687 Y106.54 E1.78903
;WIDTH:0.516443
G1 X117.014 Y107.273 E1.82063
G1 X117.176 Y107.749 E1.84043
;WIDTH:0.507053
G1 X117.371 Y108.463 E1.86899
;WIDTH:0.5123
G1 X117.458 Y108.97 E1.88907
G1 X117.513 Y109.527 E1.91091
;WIDTH:0.505686
G1 X117.523 Y110.249 E1.93869
;WIDTH:0.512323
G1 X117.488 Y110.782 E1.95954
G1 X117.416 Y111.302 E1.98003
;WIDTH:0.506415
G1 X117.27 Y111.933 E2.00499
;WIDTH:0.50679
G1 X117.06 Y112.618 E2.03262
G1 X116.757 Y113.325 E2.06229
;WIDTH:0.511817
G1 X116.517 Y113.768 E2.08193
G1 X116.241 Y114.197 E2.10182
;WIDTH:0.506773
G1 X115.844 Y114.746 E2.12795
G1 X115.472 Y115.174 E2.14982
;WIDTH:0.517616
G1 X115.104 Y115.531 E2.17006
G1 X114.512 Y116.017 E2.20029
;WIDTH:0.512072
G1 X114.026 Y116.362 E2.22354
G1 X113.56 Y116.634 E2.24459
;WIDTH:0.517438
G1 X112.855 Y116.963 E2.27529
G1 X112.358 Y117.141 E2.29612
;WIDTH:0.506678
G1 X111.609 Y117.357 E2.32618
;WIDTH:0.517506
G1 X111.113 Y117.444 E2.34605
G1 X110.339 Y117.513 E2.37671
;WIDTH:0.511989
G1 X109.751 Y117.524 E2.39965
G1 X109.235 Y117.489 E2.41982
;WIDTH:0.506828
G1 X108.364 Y117.35 E2.45384
;WIDTH:0.510267
G1 X107.565 Y117.125 E2.4861
G1 X107.062 Y116.93 E2.50706
;WIDTH:0.50695
G1 X106.261 Y116.536 E2.5415
G1 X105.611 Y116.12 E2.57128
;WIDTH:0.511761
G1 X105.212 Y115.809 E2.591
G1 X104.839 Y115.471 E2.61062
;WIDTH:0.510509
G1 X104.303 Y114.918 E2.64056
G1 X103.928 Y115.157 F9000
;WIDTH:0.449999
G1 F2700
G1 X103.924 Y115.153 E2.64075
G1 X103.548 Y114.669 E2.6615
G1 X103.096 Y113.976 E2.68951
G1 X102.853 Y113.488 E2.70796
G1 X102.502 Y112.692 E2.73741
G1 X102.343 Y112.201 E2.75488
G1 X102.215 Y111.668 E2.77343
G1 X102.072 Y110.781 E2.80384
G1 X102.038 Y110.222 E2.8228
G1 X102.054 Y109.433 E2.84951
G1 X102.193 Y108.412 E2.88439
G1 X102.407 Y107.591 E2.91311
G1 X102.573 Y107.119 E2.93005
G1 X103.007 Y106.184 E2.96494
G1 X103.487 Y105.411 E2.99574
G1 X103.795 Y105.004 E3.01302
G1 X104.141 Y104.621 E3.03049
G1 X104.714 Y104.04 E3.05811
G1 X105.115 Y103.706 E3.07577
G1 X105.528 Y103.407 E3.09303
G1 X106.236 Y102.987 E3.12089
G1 X106.742 Y102.73 E3.1401
G1 X107.703 Y102.372 E3.17481
G1 X108.206 Y102.239 E3.19242
G1 X109.044 Y102.09 E3.22123
G1 X110.047 Y102.034 E3.25523
G1 X110.553 Y102.065 E3.27239
G1 X111.364 Y102.151 E3.3
G1 X111.877 Y102.257 E3.31773
G1 X112.371 Y102.394 E3.33508
G1 X113.201 Y102.706 E3.36509
G1 X113.672 Y102.93 E3.38274
G1 X114.121 Y103.182 E3.40017
G1 X114.869 Y103.694 E3.43085
G1 X115.264 Y104.02 E3.44819
G1 X115.671 Y104.413 E3.46734
G1 X116.319 Y105.159 E3.50079
G1 X116.987 Y106.173 E3.54189
G1 X117.226 Y106.643 E3.55974
G1 X117.427 Y107.119 E3.57723
G1 X117.588 Y107.616 E3.59491
G1 X117.811 Y108.431 E3.62351
G1 X117.896 Y108.94 E3.64098
G1 X117.948 Y109.521 E3.66072
G1 X117.952 Y110.453 E3.69227
G1 X117.862 Y111.291 E3.7208
G1 X117.761 Y111.798 E3.7383
G1 X117.511 Y112.653 E3.76845
G1 X117.324 Y113.135 E3.78595
G1 X117.079 Y113.649 E3.80522
G1 X116.68 Y114.318 E3.83159
G1 X116.363 Y114.793 E3.85092
G1 X116.049 Y115.184 E3.86789
G1 X115.662 Y115.602 E3.88717
G1 X115.082 Y116.135 E3.91383
G1 X114.251 Y116.738 E3.94858
G1 X113.76 Y117.021 E3.96776
G1 X113.054 Y117.358 E3.99424
G1 X112.079 Y117.691 E4.02911
G1 X111.524 Y117.818 E4.04838
G1 X110.722 Y117.935 E4.07581
G1 X109.754 Y117.963 E4.10859
G1 X109.248 Y117.93 E4.12575
G1 X108.456 Y117.81 E4.15286
G1 X107.903 Y117.686 E4.17204
G1 X107.409 Y117.534 E4.18953
G1 X106.873 Y117.322 E4.20904
G1 X106.038 Y116.91 E4.24056
G1 X105.323 Y116.451 E4.26932
G1 X104.92 Y116.137 E4.28661
G1 X104.269 Y115.533 E4.31667
G1 X103.968 Y115.202 E4.33181
G1 X103.618 Y115.42 F9000
;TYPE:External perimeter
G1 F1800
G1 X103.315 Y115.045 E4.34813
G1 X103.02 Y114.625 E4.3655
G1 X102.74 Y114.174 E4.38347
G1 X102.313 Y113.316 E4.41591
G1 X102.122 Y112.84 E4.43327
G1 X101.967 Y112.364 E4.45021
G1 X101.833 Y111.852 E4.46812
G1 X101.677 Y110.907 E4.50054
G1 X101.635 Y110.395 E4.51793
G1 X101.627 Y109.895 E4.53486
G1 X101.649 Y109.366 E4.55278
G1 X101.779 Y108.417 E4.5852
G1 X101.89 Y107.915 E4.6026
G1 X102.029 Y107.434 E4.61955
G1 X102.206 Y106.936 E4.63744
G1 X102.609 Y106.067 E4.66986
G1 X102.863 Y105.62 E4.68726
G1 X103.155 Y105.175 E4.70528
G1 X103.482 Y104.744 E4.72359
G1 X104.088 Y104.072 E4.75422
G1 X104.459 Y103.722 E4.77148
G1 X104.866 Y103.384 E4.78939
G1 X105.304 Y103.066 E4.80771
G1 X106.125 Y102.579 E4.84002
G1 X106.61 Y102.342 E4.85829
G1 X107.136 Y102.146 E4.87729
G1 X107.95 Y101.882 E4.90626
G1 X108.482 Y101.765 E4.9247
G1 X109.002 Y101.685 E4.94251
G1 X110.048 Y101.627 E4.97797
G1 X110.95 Y101.682 E5.00856
G1 X111.455 Y101.753 E5.02582
G1 X111.974 Y101.861 E5.04376
G1 X112.497 Y102.007 E5.06214
G1 X113.39 Y102.342 E5.09442
G1 X113.879 Y102.578 E5.1128
G1 X114.34 Y102.839 E5.13073
G1 X115.07 Y103.336 E5.16062
G1 X115.493 Y103.679 E5.17905
G1 X115.879 Y104.036 E5.19685
G1 X116.575 Y104.815 E5.23221
G1 X117.095 Y105.556 E5.26285
G1 X117.356 Y105.998 E5.28022
G1 X117.596 Y106.472 E5.2982
G1 X117.809 Y106.977 E5.31675
G1 X118.104 Y107.887 E5.34913
G1 X118.22 Y108.403 E5.36703
G1 X118.301 Y108.899 E5.38404
G1 X118.354 Y109.457 E5.40301
G1 X118.366 Y110.319 E5.43219
G1 X118.33 Y110.862 E5.45061
G1 X118.264 Y111.357 E5.46751
G1 X118.157 Y111.895 E5.48608
G1 X117.902 Y112.767 E5.51683
G1 X117.707 Y113.276 E5.53528
G1 X117.498 Y113.73 E5.5522
G1 X117.238 Y114.212 E5.57074
G1 X116.502 Y115.271 E5.61439
G1 X116.096 Y115.739 E5.63536
G1 X115.708 Y116.127 E5.65393
G1 X115.313 Y116.474 E5.67173
G1 X114.54 Y117.034 E5.70404
G1 X114.101 Y117.301 E5.72143
G1 X113.658 Y117.533 E5.73836
G1 X113.175 Y117.75 E5.75628
G1 X112.268 Y118.059 E5.78871
G1 X111.77 Y118.185 E5.8061
G1 X111.278 Y118.276 E5.82304
G1 X110.753 Y118.341 E5.84095
G1 X109.747 Y118.371 E5.87502
G1 X109.204 Y118.336 E5.89344
G1 X108.305 Y118.199 E5.92422
G1 X107.806 Y118.082 E5.94157
G1 X107.297 Y117.927 E5.95958
G1 X106.785 Y117.732 E5.97812
G1 X105.967 Y117.337 E6.00887
G1 X105.497 Y117.061 E6.02732
G1 X105.083 Y116.78 E6.04426
G1 X104.656 Y116.447 E6.06259
G1 X103.992 Y115.831 E6.09325
G1 X103.657 Y115.466 E6.11002
G1 X103.405 Y115.155 F9000
;LAYER_CHANGE
;Z:2.6
;HEIGHT:0.2
G1 E5.31002 F2100
G92 E0
G1 Z2.6 F9000
G1 X107.688 Y116.671
G1 E.8 F2100
;TYPE:Perimeter
;WIDTH:0.510527
G1 F2700
G1 X106.982 Y116.387 E.82959
;WIDTH:0.517614
G1 X106.206 Y115.944 E.86486
G1 X105.796 Y115.679 E.88413
;WIDTH:0.506492
G1 X105.242 Y115.22 E.91186
;WIDTH:0.507156
G1 X104.65 Y114.617 E.94448
G1 X104.138 Y113.945 E.97709
;WIDTH:0.506229
G1 X103.543 Y112.862 E1.02469
;WIDTH:0.510309
G1 X103.343 Y112.358 E1.04576
G1 X103.123 Y111.623 E1.07558
;WIDTH:0.506534
G1 X103.008 Y110.989 E1.10042
G1 X102.943 Y110.369 E1.12445
;WIDTH:0.506784
G1 X102.949 Y109.534 E1.15666
G1 X103.056 Y108.696 E1.18924
;WIDTH:0.517265
G1 X103.299 Y107.802 E1.22578
G1 X103.446 Y107.36 E1.24415
;WIDTH:0.505267
G1 X103.75 Y106.706 E1.27188
;WIDTH:0.506922
G1 X104.186 Y105.984 E1.30442
;WIDTH:0.51108
G1 X104.516 Y105.555 E1.32549
;WIDTH:0.517349
G1 X105.052 Y104.976 E1.35662
G1 X105.605 Y104.469 E1.38622
;WIDTH:0.517695
G1 X106.059 Y104.153 E1.40806
G1 X106.663 Y103.773 E1.43623
;WIDTH:0.511933
G1 X107.139 Y103.546 E1.4568
G1 X107.958 Y103.242 E1.49087
;WIDTH:0.512345
G1 X108.752 Y103.052 E1.52274
G1 X109.577 Y102.953 E1.55517
G1 X110.094 Y102.937 E1.57536
;WIDTH:0.517098
G1 X111.324 Y103.059 E1.62409
;WIDTH:0.506854
G1 X112.023 Y103.23 E1.65185
;WIDTH:0.505901
G1 X112.817 Y103.52 E1.68439
;WIDTH:0.512054
G1 X113.704 Y103.984 E1.72344
;WIDTH:0.517093
G1 X114.336 Y104.438 E1.75412
G1 X114.719 Y104.742 E1.7734
;WIDTH:0.507961
G1 X115.464 Y105.524 E1.81516
;WIDTH:0.512367
G1 X115.768 Y105.93 E1.83496
G1 X116.215 Y106.647 E1.86794
;WIDTH:0.510584
G1 X116.558 Y107.37 E1.89906
;WIDTH:0.505543
G1 X116.822 Y108.162 E1.93117
;WIDTH:0.507135
G1 X116.962 Y108.802 E1.95646
G1 X117.042 Y109.42 E1.98051
;WIDTH:0.505648
G1 X117.061 Y110.255 E2.01265
;WIDTH:0.507124
G1 X116.981 Y111.096 E2.04526
;WIDTH:0.517197
G1 X116.681 Y112.295 E2.094
;WIDTH:0.507133
G1 X116.348 Y113.105 E2.1278
;WIDTH:0.511632
G1 X116.097 Y113.558 E2.14798
;WIDTH:0.516771
G1 X115.656 Y114.212 E2.17906
G1 X115.17 Y114.814 E2.20954
;WIDTH:0.517704
G1 X114.785 Y115.179 E2.23048
G1 X114.226 Y115.658 E2.25954
;WIDTH:0.512062
G1 X113.777 Y115.964 E2.28074
G1 X113.358 Y116.215 E2.29979
;WIDTH:0.5174
G1 X112.68 Y116.523 E2.32917
G1 X111.855 Y116.811 E2.36365
;WIDTH:0.512082
G1 X111.377 Y116.929 E2.38286
;WIDTH:0.517475
G1 X110.643 Y117.022 E2.41205
G1 X110.117 Y117.061 E2.43286
;WIDTH:0.515301
G1 X109.304 Y117.019 E2.46484
G1 X108.519 Y116.902 E2.49601
;WIDTH:0.512124
G1 X107.744 Y116.691 E2.52735
G1 X107.841 Y116.263 F9000
;WIDTH:0.449999
G1 F2700
G1 X107.694 Y116.215 E2.53258
G1 X107.15 Y115.988 E2.55253
G1 X106.073 Y115.343 E2.59502
G1 X105.517 Y114.886 E2.61938
G1 X104.965 Y114.315 E2.64626
G1 X104.486 Y113.683 E2.6731
G1 X103.925 Y112.656 E2.71271
G1 X103.703 Y112.072 E2.73386
G1 X103.542 Y111.505 E2.75381
G1 X103.434 Y110.914 E2.77415
G1 X103.377 Y110.328 E2.79408
G1 X103.385 Y109.541 E2.82072
G1 X103.487 Y108.754 E2.84758
G1 X103.841 Y107.543 E2.89029
G1 X104.144 Y106.889 E2.91469
G1 X104.557 Y106.213 E2.9415
G1 X105.048 Y105.59 E2.96835
G1 X105.988 Y104.722 E3.01166
G1 X106.898 Y104.141 E3.04821
G1 X107.636 Y103.805 E3.07566
G1 X108.392 Y103.567 E3.10249
G1 X109.172 Y103.421 E3.12935
G1 X109.964 Y103.369 E3.15622
G1 X111.22 Y103.482 E3.19891
G1 X111.92 Y103.653 E3.2233
G1 X112.664 Y103.927 E3.25014
G1 X113.37 Y104.289 E3.277
G1 X114.403 Y105.044 E3.32031
G1 X115.149 Y105.824 E3.35684
G1 X115.622 Y106.483 E3.3843
G1 X115.918 Y107.013 E3.40485
G1 X116.162 Y107.549 E3.42478
G1 X116.409 Y108.296 E3.45141
G1 X116.535 Y108.89 E3.47196
G1 X116.611 Y109.474 E3.49189
G1 X116.626 Y110.261 E3.51853
G1 X116.547 Y111.05 E3.54537
G1 X116.259 Y112.185 E3.58501
G1 X115.947 Y112.933 E3.61244
G1 X115.554 Y113.623 E3.63932
G1 X114.754 Y114.621 E3.68261
G1 X113.941 Y115.332 E3.71917
G1 X113.261 Y115.774 E3.74662
G1 X112.108 Y116.287 E3.78934
G1 X111.414 Y116.479 E3.81371
G1 X110.143 Y116.628 E3.85703
G1 X109.066 Y116.564 E3.89355
G1 X108.271 Y116.402 E3.92101
G1 X107.898 Y116.281 E3.93428
G1 X107.984 Y115.882 F9000
;TYPE:External perimeter
G1 F1500
G1 X107.821 Y115.828 E3.94009
G1 X107.308 Y115.613 E3.95892
G1 X106.331 Y115.029 E3.99745
G1 X105.775 Y114.571 E4.02183
G1 X105.26 Y114.034 E4.04701
G1 X104.812 Y113.439 E4.07222
G1 X104.284 Y112.463 E4.10978
G1 X104.085 Y111.93 E4.12904
G1 X103.934 Y111.395 E4.14786
G1 X103.835 Y110.843 E4.16684
G1 X103.782 Y110.289 E4.18568
G1 X103.792 Y109.547 E4.2108
G1 X103.89 Y108.809 E4.236
G1 X104.21 Y107.714 E4.27461
G1 X104.513 Y107.061 E4.29898
G1 X104.903 Y106.427 E4.32418
G1 X105.366 Y105.844 E4.34938
G1 X106.207 Y105.065 E4.38818
G1 X107.117 Y104.484 E4.42473
G1 X107.801 Y104.177 E4.45011
G1 X108.512 Y103.956 E4.47531
G1 X109.244 Y103.821 E4.50051
G1 X109.988 Y103.775 E4.52574
G1 X111.124 Y103.878 E4.56435
G1 X111.823 Y104.048 E4.5887
G1 X112.521 Y104.309 E4.61392
G1 X113.182 Y104.65 E4.6391
G1 X114.109 Y105.325 E4.67791
G1 X114.855 Y106.105 E4.71444
G1 X115.289 Y106.717 E4.73984
G1 X115.561 Y107.209 E4.75887
G1 X115.791 Y107.716 E4.77771
G1 X116.021 Y108.422 E4.80284
G1 X116.137 Y108.973 E4.8219
G1 X116.207 Y109.525 E4.84073
G1 X116.219 Y110.267 E4.86585
G1 X116.143 Y111.008 E4.89106
G1 X115.865 Y112.083 E4.92864
G1 X115.573 Y112.773 E4.954
G1 X115.202 Y113.419 E4.97922
G1 X114.486 Y114.315 E5.01804
G1 X113.673 Y115.025 E5.05458
G1 X113.042 Y115.431 E5.07998
G1 X112 Y115.895 E5.11859
G1 X111.306 Y116.086 E5.14295
G1 X110.168 Y116.222 E5.18174
G1 X109.09 Y116.157 E5.2183
G1 X108.356 Y116.004 E5.24368
G1 X108.041 Y115.9 E5.25491
G1 X107.667 Y115.761 F9000
G1 E4.45491 F2100
G92 E0
G1 X104.264 Y114.873 F9000
G1 E.8 F2100
;TYPE:Perimeter
;WIDTH:0.511992
G1 F2700
G1 X104.204 Y114.805 E.80354
;WIDTH:0.506493
G1 X103.742 Y114.187 E.83328
;WIDTH:0.517176
G1 X103.472 Y113.743 E.85377
G1 X103.048 Y112.894 E.89119
;WIDTH:0.51055
G1 X102.766 Y112.089 E.92436
G1 X102.644 Y111.599 E.94399
;WIDTH:0.505511
G1 X102.539 Y110.966 E.96867
;WIDTH:0.50642
G1 X102.479 Y110.379 E.99141
;WIDTH:0.512306
G1 X102.472 Y109.862 E1.01159
G1 X102.501 Y109.347 E1.03172
;WIDTH:0.507926
G1 X102.638 Y108.425 E1.06776
;WIDTH:0.517265
G1 X102.848 Y107.655 E1.09924
G1 X103.027 Y107.166 E1.11978
;WIDTH:0.507092
G1 X103.409 Y106.359 E1.15424
G1 X103.844 Y105.661 E1.18598
;WIDTH:0.51108
G1 X104.153 Y105.26 E1.20569
G1 X104.488 Y104.883 E1.22532
;WIDTH:0.517674
G1 X105.042 Y104.338 E1.256
G1 X105.493 Y103.971 E1.27895
;WIDTH:0.51658
G1 X106.168 Y103.522 E1.31088
G1 X106.607 Y103.278 E1.33066
;WIDTH:0.507154
G1 X107.287 Y102.986 E1.35923
;WIDTH:0.511969
G1 X107.807 Y102.798 E1.3808
G1 X108.296 Y102.665 E1.40056
;WIDTH:0.507125
G1 X109.058 Y102.529 E1.43044
;WIDTH:0.512323
G1 X109.558 Y102.484 E1.45003
G1 X110.129 Y102.475 E1.47232
;WIDTH:0.507949
G1 X111.225 Y102.571 E1.51486
;WIDTH:0.512251
G1 X111.772 Y102.683 E1.53665
G1 X112.305 Y102.833 E1.55826
;WIDTH:0.506214
G1 X113.138 Y103.157 E1.59269
G1 X113.829 Y103.516 E1.62269
;WIDTH:0.517723
G1 X114.268 Y103.801 E1.64335
G1 X114.862 Y104.252 E1.67279
;WIDTH:0.517051
G1 X115.285 Y104.642 E1.69547
G1 X115.829 Y105.238 E1.72728
;WIDTH:0.512367
G1 X116.156 Y105.665 E1.74827
G1 X116.442 Y106.102 E1.76866
;WIDTH:0.510378
G1 X116.829 Y106.828 E1.80064
G1 X117.041 Y107.334 E1.82196
;WIDTH:0.50666
G1 X117.305 Y108.173 E1.85588
;WIDTH:0.510328
G1 X117.46 Y108.977 E1.8877
G1 X117.513 Y109.528 E1.90921
;WIDTH:0.506752
G1 X117.518 Y110.42 E1.94361
;WIDTH:0.506945
G1 X117.432 Y111.217 E1.97454
;WIDTH:0.517197
G1 X117.324 Y111.724 E1.99498
G1 X117.116 Y112.456 E2.02499
;WIDTH:0.512236
G1 X116.93 Y112.942 E2.0453
G1 X116.696 Y113.442 E2.06684
;WIDTH:0.506213
G1 X116.319 Y114.08 E2.09539
;WIDTH:0.516771
G1 X116.026 Y114.508 E2.11583
G1 X115.47 Y115.176 E2.15007
;WIDTH:0.517704
G1 X115.097 Y115.537 E2.17056
G1 X114.512 Y116.017 E2.20043
;WIDTH:0.512062
G1 X114.023 Y116.364 E2.22382
G1 X113.56 Y116.634 E2.24473
;WIDTH:0.5174
G1 X112.853 Y116.964 E2.27551
G1 X112.358 Y117.141 E2.29625
;WIDTH:0.506662
G1 X111.609 Y117.357 E2.32631
;WIDTH:0.517519
G1 X111.112 Y117.444 E2.34622
G1 X110.339 Y117.513 E2.37685
;WIDTH:0.517234
G1 X109.752 Y117.522 E2.4
G1 X108.803 Y117.426 E2.43762
;WIDTH:0.507039
G1 X108.077 Y117.28 E2.4662
;WIDTH:0.510527
G1 X107.568 Y117.126 E2.48688
G1 X107.093 Y116.944 E2.50666
;WIDTH:0.509614
G1 X106.634 Y116.726 E2.52638
;WIDTH:0.517614
G1 X105.95 Y116.344 E2.5573
G1 X105.506 Y116.041 E2.57852
;WIDTH:0.506492
G1 X104.94 Y115.565 E2.60703
;WIDTH:0.511992
G1 X104.562 Y115.206 E2.62736
G1 X104.304 Y114.918 E2.64244
G1 X103.932 Y115.154 F9000
;WIDTH:0.449999
G1 F2700
G1 X103.865 Y115.078 E2.64587
G1 X103.387 Y114.438 E2.67291
G1 X103.09 Y113.966 E2.69179
G1 X102.724 Y113.228 E2.71967
G1 X102.498 Y112.682 E2.73967
G1 X102.34 Y112.191 E2.75713
G1 X102.215 Y111.669 E2.7753
G1 X102.071 Y110.772 E2.80605
G1 X102.039 Y110.259 E2.82345
G1 X102.056 Y109.395 E2.8527
G1 X102.184 Y108.465 E2.88448
G1 X102.298 Y107.961 E2.90197
G1 X102.585 Y107.086 E2.93314
G1 X102.981 Y106.234 E2.96494
G1 X103.238 Y105.787 E2.98239
G1 X103.547 Y105.332 E3.00101
G1 X104.039 Y104.733 E3.02725
G1 X104.429 Y104.306 E3.04682
G1 X105.107 Y103.712 E3.07733
G1 X105.534 Y103.403 E3.09517
G1 X105.967 Y103.13 E3.1125
G1 X106.419 Y102.885 E3.1299
G1 X107.212 Y102.552 E3.15901
G1 X107.711 Y102.369 E3.177
G1 X108.207 Y102.239 E3.19436
G1 X109.038 Y102.091 E3.22293
G1 X109.548 Y102.046 E3.24026
G1 X110.156 Y102.04 E3.26084
G1 X111.389 Y102.155 E3.30276
G1 X111.89 Y102.261 E3.32009
G1 X112.458 Y102.426 E3.34011
G1 X113.327 Y102.765 E3.37168
G1 X114.098 Y103.168 E3.40113
G1 X114.528 Y103.445 E3.41844
G1 X115.201 Y103.966 E3.44725
G1 X115.592 Y104.325 E3.46522
G1 X116.213 Y105.016 E3.49667
G1 X116.521 Y105.423 E3.51395
G1 X116.819 Y105.883 E3.5325
G1 X117.223 Y106.638 E3.56148
G1 X117.437 Y107.145 E3.58011
G1 X117.677 Y107.888 E3.60654
G1 X117.81 Y108.425 E3.62527
G1 X117.895 Y108.934 E3.64274
G1 X117.949 Y109.522 E3.66273
G1 X117.952 Y110.452 E3.69421
G1 X117.864 Y111.281 E3.72243
G1 X117.756 Y111.82 E3.74104
G1 X117.514 Y112.643 E3.77008
G1 X117.328 Y113.125 E3.78757
G1 X117.078 Y113.65 E3.80725
G1 X116.68 Y114.319 E3.8336
G1 X116.371 Y114.783 E3.85247
G1 X116.039 Y115.196 E3.87041
G1 X115.661 Y115.603 E3.88921
G1 X115.076 Y116.14 E3.91609
G1 X114.247 Y116.74 E3.95073
G1 X113.76 Y117.022 E3.96978
G1 X113.051 Y117.359 E3.99635
G1 X112.077 Y117.691 E4.03118
G1 X111.524 Y117.818 E4.05039
G1 X110.722 Y117.935 E4.07782
G1 X109.756 Y117.963 E4.11053
G1 X109.244 Y117.929 E4.1279
G1 X108.737 Y117.853 E4.14525
G1 X107.938 Y117.695 E4.17282
G1 X107.433 Y117.543 E4.19067
G1 X106.919 Y117.346 E4.2093
G1 X106.147 Y116.972 E4.23834
G1 X105.702 Y116.709 E4.25584
G1 X105.238 Y116.384 E4.27502
G1 X104.645 Y115.883 E4.3013
G1 X104.237 Y115.5 E4.32024
G1 X103.971 Y115.199 E4.33384
G1 X103.618 Y115.42 F9000
;TYPE:External perimeter
G1 F1800
G1 X103.307 Y115.031 E4.3507
G1 X102.975 Y114.557 E4.37029
G1 X102.712 Y114.12 E4.38755
G1 X102.262 Y113.199 E4.42225
G1 X101.964 Y112.354 E4.45258
G1 X101.831 Y111.842 E4.47049
G1 X101.669 Y110.85 E4.50451
G1 X101.632 Y110.322 E4.52243
G1 X101.628 Y109.822 E4.53935
G1 X101.667 Y109.232 E4.55936
G1 X101.816 Y108.236 E4.59345
G1 X102.03 Y107.429 E4.62171
G1 X102.208 Y106.931 E4.63961
G1 X102.612 Y106.062 E4.67205
G1 X102.865 Y105.617 E4.68938
G1 X103.156 Y105.173 E4.70735
G1 X103.502 Y104.719 E4.72667
G1 X104.117 Y104.039 E4.7577
G1 X104.502 Y103.684 E4.77543
G1 X104.939 Y103.331 E4.79444
G1 X105.352 Y103.035 E4.81164
G1 X106.091 Y102.596 E4.84074
G1 X106.579 Y102.358 E4.85912
G1 X107.604 Y101.977 E4.89613
G1 X108.123 Y101.841 E4.91429
G1 X108.978 Y101.689 E4.94368
G1 X109.503 Y101.64 E4.96153
G1 X110.077 Y101.627 E4.98096
G1 X110.946 Y101.681 E5.01043
G1 X111.481 Y101.757 E5.02872
G1 X112 Y101.869 E5.04669
G1 X112.602 Y102.045 E5.06792
G1 X113.504 Y102.398 E5.10071
G1 X114.242 Y102.782 E5.12887
G1 X114.715 Y103.08 E5.14779
G1 X115.142 Y103.389 E5.16563
G1 X115.546 Y103.726 E5.18344
G1 X115.915 Y104.075 E5.20063
G1 X116.613 Y104.865 E5.23631
G1 X117.084 Y105.536 E5.26406
G1 X117.353 Y105.994 E5.28204
G1 X117.593 Y106.468 E5.30002
G1 X117.819 Y107.003 E5.31968
G1 X118.102 Y107.88 E5.35087
G1 X118.219 Y108.397 E5.36881
G1 X118.3 Y108.893 E5.38582
G1 X118.355 Y109.482 E5.40584
G1 X118.366 Y110.311 E5.4339
G1 X118.334 Y110.821 E5.4512
G1 X118.266 Y111.348 E5.46919
G1 X118.151 Y111.917 E5.48884
G1 X117.892 Y112.802 E5.52005
G1 X117.698 Y113.295 E5.53798
G1 X117.436 Y113.843 E5.55854
G1 X116.978 Y114.608 E5.58872
G1 X116.689 Y115.037 E5.60623
G1 X116.093 Y115.742 E5.63748
G1 X115.701 Y116.134 E5.65624
G1 X115.307 Y116.478 E5.67394
G1 X114.85 Y116.809 E5.69304
G1 X114.136 Y117.28 E5.72199
G1 X113.655 Y117.534 E5.7404
G1 X113.172 Y117.751 E5.75832
G1 X112.629 Y117.936 E5.77774
G1 X111.808 Y118.175 E5.80668
G1 X111.277 Y118.276 E5.82498
G1 X110.752 Y118.341 E5.84289
G1 X109.748 Y118.371 E5.87689
G1 X109.171 Y118.332 E5.89647
G1 X108.306 Y118.199 E5.92609
G1 X107.808 Y118.082 E5.94341
G1 X107.3 Y117.928 E5.96138
G1 X106.757 Y117.72 E5.98106
G1 X105.97 Y117.338 E6.01067
G1 X105.528 Y117.08 E6.02799
G1 X105.087 Y116.783 E6.04599
G1 X104.638 Y116.432 E6.06528
G1 X104 Y115.839 E6.09476
G1 X103.657 Y115.466 E6.11191
G1 X103.406 Y115.154 F9000
;LAYER_CHANGE
;Z:2.8
;HEIGHT:0.2
G1 E5.31191 F2100
G92 E0
G1 Z2.8 F9000
G1 X107.691 Y116.663
G1 E.8 F2100
;TYPE:Perimeter
;WIDTH:0.517598
G1 F2700
G1 X107.259 Y116.512 E.81806
;WIDTH:0.506686
G1 X106.611 Y116.2 E.84579
;WIDTH:0.50713
G1 X105.897 Y115.753 E.87831
;WIDTH:0.511306
G1 X105.47 Y115.414 E.89954
;WIDTH:0.516714
G1 X104.923 Y114.895 E.92925
G1 X104.404 Y114.312 E.96
;WIDTH:0.50963
G1 X104.089 Y113.866 E.98119
G1 X103.704 Y113.208 E1.01077
;WIDTH:0.512092
G1 X103.493 Y112.738 E1.03087
;WIDTH:0.510311
G1 X103.216 Y111.963 E1.06286
G1 X103.038 Y111.208 E1.09301
;WIDTH:0.512158
G1 X102.976 Y110.705 E1.11278
;WIDTH:0.512278
G1 X102.942 Y109.87 E1.14539
G1 X102.959 Y109.41 E1.16335
;WIDTH:0.505529
G1 X103.057 Y108.693 E1.19119
;WIDTH:0.517174
G1 X103.3 Y107.797 E1.2278
G1 X103.446 Y107.36 E1.24597
;WIDTH:0.505385
G1 X103.75 Y106.706 E1.2737
;WIDTH:0.506891
G1 X104.186 Y105.984 E1.30624
;WIDTH:0.510665
G1 X104.535 Y105.532 E1.32845
;WIDTH:0.512134
G1 X105.048 Y104.968 E1.3582
G1 X105.655 Y104.436 E1.38969
G1 X106.062 Y104.132 E1.40951
;WIDTH:0.51646
G1 X106.786 Y103.722 E1.44227
G1 X107.475 Y103.405 E1.47213
;WIDTH:0.510323
G1 X107.949 Y103.242 E1.49161
;WIDTH:0.512331
G1 X108.757 Y103.051 E1.52402
G1 X109.579 Y102.951 E1.55634
;WIDTH:0.510656
G1 X110.082 Y102.939 E1.57591
;WIDTH:0.512132
G1 X110.847 Y102.992 E1.60583
G1 X111.354 Y103.066 E1.62582
;WIDTH:0.515704
G1 X112.138 Y103.279 E1.65776
G1 X112.843 Y103.539 E1.6873
;WIDTH:0.511782
G1 X113.337 Y103.773 E1.70861
;WIDTH:0.516725
G1 X114.372 Y104.449 E1.75731
;WIDTH:0.507222
G1 X114.914 Y104.923 E1.78511
;WIDTH:0.506878
G1 X115.485 Y105.546 E1.81771
;WIDTH:0.507101
G1 X115.978 Y106.232 E1.85032
G1 X116.385 Y106.973 E1.88295
;WIDTH:0.511018
G1 X116.598 Y107.489 E1.90468
;WIDTH:0.512099
G1 X116.832 Y108.221 E1.93466
;WIDTH:0.5122
G1 X116.992 Y109.025 E1.96665
G1 X117.05 Y109.526 E1.98633
;WIDTH:0.506661
G1 X117.061 Y110.257 E2.01452
;WIDTH:0.507195
G1 X116.981 Y111.096 E2.04706
;WIDTH:0.517302
G1 X116.681 Y112.295 E2.09581
;WIDTH:0.50722
G1 X116.348 Y113.105 E2.12962
;WIDTH:0.509579
G1 X116.088 Y113.578 E2.15056
G1 X115.684 Y114.198 E2.17927
;WIDTH:0.511964
G1 X115.041 Y114.95 E2.21786
;WIDTH:0.517115
G1 X114.471 Y115.454 E2.24786
G1 X113.773 Y115.966 E2.28199
;WIDTH:0.512363
G1 X113.054 Y116.365 E2.31409
G1 X112.136 Y116.731 E2.35267
;WIDTH:0.506801
G1 X111.521 Y116.901 E2.37728
;WIDTH:0.517467
G1 X110.642 Y117.022 E2.41229
G1 X109.777 Y117.056 E2.44645
;WIDTH:0.51188
G1 X109.293 Y117.03 E2.46535
;WIDTH:0.50669
G1 X108.589 Y116.923 E2.49281
;WIDTH:0.517598
G1 X107.748 Y116.681 E2.52735
G1 X107.848 Y116.244 F9000
;WIDTH:0.449999
G1 F2700
G1 X107.448 Y116.12 E2.54153
G1 X106.801 Y115.809 E2.56583
G1 X106.132 Y115.386 E2.59262
G1 X105.517 Y114.886 E2.61945
G1 X104.676 Y113.954 E2.66194
G1 X104.382 Y113.518 E2.67974
G1 X104.083 Y112.994 E2.70016
G1 X103.77 Y112.271 E2.72683
G1 X103.587 Y111.677 E2.74787
G1 X103.463 Y111.116 E2.76732
G1 X103.377 Y110.334 E2.79395
G1 X103.385 Y109.541 E2.82079
G1 X103.487 Y108.754 E2.84765
G1 X103.723 Y107.92 E2.87699
G1 X103.841 Y107.543 E2.89036
G1 X104.144 Y106.889 E2.91476
G1 X104.557 Y106.213 E2.94157
G1 X104.877 Y105.805 E2.95912
G1 X105.356 Y105.281 E2.98315
G1 X105.923 Y104.783 E3.00869
G1 X106.311 Y104.491 E3.02513
G1 X107.254 Y103.966 E3.06166
G1 X107.849 Y103.73 E3.08333
G1 X108.399 Y103.565 E3.10277
G1 X109.172 Y103.421 E3.12939
G1 X109.792 Y103.374 E3.15044
G1 X110.367 Y103.379 E3.1699
G1 X111.148 Y103.469 E3.19651
G1 X112.021 Y103.703 E3.2271
G1 X112.364 Y103.805 E3.23921
G1 X113.022 Y104.098 E3.26359
G1 X114.085 Y104.777 E3.30629
G1 X114.628 Y105.251 E3.33069
G1 X115.162 Y105.837 E3.35753
G1 X115.622 Y106.483 E3.38437
G1 X116.001 Y107.179 E3.4112
G1 X116.19 Y107.649 E3.42835
G1 X116.408 Y108.331 E3.45259
G1 X116.558 Y109.083 E3.47855
G1 X116.615 Y109.541 E3.49417
G1 X116.626 Y110.263 E3.51861
G1 X116.547 Y111.05 E3.54538
G1 X116.259 Y112.185 E3.58502
G1 X115.947 Y112.933 E3.61245
G1 X115.644 Y113.477 E3.63353
G1 X115.324 Y113.954 E3.65297
G1 X114.818 Y114.556 E3.67959
G1 X113.868 Y115.386 E3.72229
G1 X113.261 Y115.774 E3.74668
G1 X112.549 Y116.122 E3.7735
G1 X111.992 Y116.323 E3.79354
G1 X111.409 Y116.48 E3.81398
G1 X110.162 Y116.629 E3.85649
G1 X109.442 Y116.608 E3.88087
G1 X108.657 Y116.494 E3.90772
G1 X107.905 Y116.261 E3.93437
G1 X107.989 Y115.869 F9000
;TYPE:External perimeter
G1 F1500
G1 X107.978 Y115.865 E3.93477
G1 X107.624 Y115.753 E3.94734
G1 X106.979 Y115.442 E3.97158
G1 X106.351 Y115.043 E3.99676
G1 X105.775 Y114.571 E4.02197
G1 X105.013 Y113.726 E4.06048
G1 X104.719 Y113.29 E4.07828
G1 X104.437 Y112.794 E4.09759
G1 X104.144 Y112.111 E4.12275
G1 X103.976 Y111.559 E4.14228
G1 X103.861 Y111.029 E4.16064
G1 X103.782 Y110.291 E4.18576
G1 X103.792 Y109.547 E4.21095
G1 X103.89 Y108.809 E4.23615
G1 X104.21 Y107.714 E4.27476
G1 X104.513 Y107.061 E4.29913
G1 X104.903 Y106.427 E4.32433
G1 X105.366 Y105.844 E4.34953
G1 X105.895 Y105.32 E4.37473
G1 X106.483 Y104.864 E4.39992
G1 X107.199 Y104.462 E4.42771
G1 X107.778 Y104.193 E4.44932
G1 X108.515 Y103.955 E4.47554
G1 X109.245 Y103.821 E4.50066
G1 X109.82 Y103.78 E4.52017
G1 X110.362 Y103.786 E4.53852
G1 X111.099 Y103.873 E4.56364
G1 X111.913 Y104.095 E4.5922
G1 X112.5 Y104.311 E4.61337
G1 X112.883 Y104.484 E4.6276
G1 X113.793 Y105.065 E4.66415
G1 X114.36 Y105.557 E4.68956
G1 X114.859 Y106.109 E4.71475
G1 X115.289 Y106.717 E4.73996
G1 X115.643 Y107.372 E4.76516
G1 X115.916 Y108.065 E4.79037
G1 X116.105 Y108.785 E4.81557
G1 X116.206 Y109.522 E4.84075
G1 X116.219 Y110.267 E4.86597
G1 X116.143 Y111.008 E4.89118
G1 X115.865 Y112.083 E4.92876
G1 X115.573 Y112.773 E4.95412
G1 X115.29 Y113.276 E4.97366
G1 X114.987 Y113.726 E4.99202
G1 X114.508 Y114.293 E5.01714
G1 X113.649 Y115.043 E5.05574
G1 X113.042 Y115.431 E5.08013
G1 X112.372 Y115.755 E5.10532
G1 X111.856 Y115.939 E5.12386
G1 X111.304 Y116.087 E5.1432
G1 X110.174 Y116.222 E5.18172
G1 X109.454 Y116.201 E5.2061
G1 X108.718 Y116.091 E5.23129
G1 X108.047 Y115.886 E5.25504
G1 X107.666 Y115.764 F9000
G1 E4.45504 F2100
G92 E0
G1 X104.265 Y114.872 F9000
G1 E.8 F2100
;TYPE:Perimeter
;WIDTH:0.517843
G1 F2700
G1 X103.935 Y114.46 E.82085
;WIDTH:0.505505
G1 X103.578 Y113.919 E.84578
G1 X103.231 Y113.293 E.87331
;WIDTH:0.507094
G1 X102.887 Y112.472 E.90767
G1 X102.701 Y111.822 E.93376
;WIDTH:0.505319
G1 X102.561 Y111.152 E.96008
;WIDTH:0.506313
G1 X102.479 Y110.377 E.99011
;WIDTH:0.512278
G1 X102.473 Y109.855 E1.01048
G1 X102.501 Y109.347 E1.03034
;WIDTH:0.507964
G1 X102.638 Y108.425 E1.06638
;WIDTH:0.517174
G1 X102.85 Y107.65 E1.09806
G1 X103.027 Y107.166 E1.11838
;WIDTH:0.505385
G1 X103.332 Y106.511 E1.14616
;WIDTH:0.512375
G1 X103.606 Y106.025 E1.16794
G1 X103.893 Y105.596 E1.18809
;WIDTH:0.506543
G1 X104.36 Y105.023 E1.21659
;WIDTH:0.512134
G1 X104.724 Y104.63 E1.23749
G1 X105.109 Y104.276 E1.2579
;WIDTH:0.506772
G1 X105.726 Y103.802 E1.28791
;WIDTH:0.517819
G1 X106.194 Y103.508 E1.30973
G1 X107 Y103.102 E1.34537
;WIDTH:0.506198
G1 X107.63 Y102.856 E1.37142
;WIDTH:0.506368
G1 X108.176 Y102.694 E1.39337
;WIDTH:0.512331
G1 X108.674 Y102.589 E1.41324
G1 X109.173 Y102.515 E1.43293
;WIDTH:0.506982
G1 X109.844 Y102.475 E1.45887
;WIDTH:0.505578
G1 X110.527 Y102.496 E1.48516
;WIDTH:0.507155
G1 X111.262 Y102.576 E1.5137
;WIDTH:0.516872
G1 X111.764 Y102.683 E1.53393
G1 X112.715 Y102.984 E1.57324
;WIDTH:0.505493
G1 X113.429 Y103.297 E1.60323
;WIDTH:0.51783
G1 X113.904 Y103.566 E1.62479
G1 X114.576 Y104.02 E1.65682
;WIDTH:0.512316
G1 X114.975 Y104.349 E1.677
G1 X115.347 Y104.702 E1.69702
;WIDTH:0.506988
G1 X115.939 Y105.371 E1.73149
;WIDTH:0.507101
G1 X116.361 Y105.971 E1.7598
;WIDTH:0.512347
G1 X116.626 Y106.426 E1.78035
G1 X116.866 Y106.912 E1.80151
;WIDTH:0.506175
G1 X117.177 Y107.749 E1.8359
;WIDTH:0.507154
G1 X117.371 Y108.462 E1.86442
;WIDTH:0.5122
G1 X117.458 Y108.97 E1.88453
G1 X117.514 Y109.528 E1.90641
;WIDTH:0.506677
G1 X117.518 Y110.421 E1.94085
;WIDTH:0.506993
G1 X117.434 Y111.208 E1.97139
;WIDTH:0.517302
G1 X117.319 Y111.746 E1.99309
G1 X117.116 Y112.457 E2.02226
;WIDTH:0.512182
G1 X116.934 Y112.933 E2.04214
G1 X116.701 Y113.432 E2.06363
;WIDTH:0.505772
G1 X116.361 Y114.017 E2.08967
;WIDTH:0.506585
G1 X116.038 Y114.5 E2.11207
;WIDTH:0.511964
G1 X115.705 Y114.913 E2.13276
G1 X115.356 Y115.291 E2.15283
;WIDTH:0.517115
G1 X114.766 Y115.824 E2.18418
G1 X114.358 Y116.129 E2.20427
;WIDTH:0.50655
G1 X113.705 Y116.556 E2.23435
;WIDTH:0.512363
G1 X113.251 Y116.791 E2.2543
G1 X112.784 Y116.994 E2.27418
;WIDTH:0.505268
G1 X112.19 Y117.197 E2.29831
;WIDTH:0.506651
G1 X111.609 Y117.357 E2.32155
;WIDTH:0.517535
G1 X111.111 Y117.444 E2.3415
G1 X110.339 Y117.513 E2.37209
;WIDTH:0.51188
G1 X109.754 Y117.524 E2.39491
G1 X109.223 Y117.488 E2.41566
;WIDTH:0.507822
G1 X108.316 Y117.338 E2.4512
;WIDTH:0.517598
G1 X107.572 Y117.124 E2.48176
G1 X107.057 Y116.93 E2.50348
;WIDTH:0.506884
G1 X106.261 Y116.536 E2.53774
G1 X105.582 Y116.1 E2.56887
;WIDTH:0.511306
G1 X105.169 Y115.774 E2.58936
G1 X104.8 Y115.436 E2.60885
;WIDTH:0.517843
G1 X104.305 Y114.917 E2.63717
G1 X103.929 Y115.157 F9000
;WIDTH:0.449999
G1 F2700
G1 X103.58 Y114.711 E2.65634
G1 X103.203 Y114.137 E2.67959
G1 X102.892 Y113.595 E2.70074
G1 X102.65 Y113.073 E2.72022
G1 X102.472 Y112.604 E2.7372
G1 X102.278 Y111.919 E2.7613
G1 X102.15 Y111.348 E2.78111
G1 X102.071 Y110.777 E2.80062
G1 X102.039 Y110.259 E2.81819
G1 X102.056 Y109.388 E2.84768
G1 X102.185 Y108.459 E2.87943
G1 X102.3 Y107.956 E2.8969
G1 X102.587 Y107.081 E2.92807
G1 X102.983 Y106.23 E2.95984
G1 X103.24 Y105.783 E2.97729
G1 X103.548 Y105.331 E2.9958
G1 X104.141 Y104.619 E3.02716
G1 X104.726 Y104.028 E3.05531
G1 X105.118 Y103.705 E3.0725
G1 X105.629 Y103.341 E3.09374
G1 X106.345 Y102.922 E3.12182
G1 X106.823 Y102.706 E3.13957
G1 X107.488 Y102.445 E3.16375
G1 X108.117 Y102.259 E3.18595
G1 X108.616 Y102.154 E3.20321
G1 X109.134 Y102.081 E3.22092
G1 X109.836 Y102.041 E3.24472
G1 X110.554 Y102.064 E3.26904
G1 X111.361 Y102.151 E3.29651
G1 X111.861 Y102.253 E3.31378
G1 X112.412 Y102.408 E3.33315
G1 X113.204 Y102.706 E3.36179
G1 X113.699 Y102.945 E3.3804
G1 X114.143 Y103.195 E3.39765
G1 X114.883 Y103.705 E3.42807
G1 X115.274 Y104.028 E3.44524
G1 X115.67 Y104.411 E3.46389
G1 X116.287 Y105.109 E3.49542
G1 X116.76 Y105.783 E3.52329
G1 X117.018 Y106.229 E3.54073
G1 X117.268 Y106.744 E3.56011
G1 X117.59 Y107.616 E3.59157
G1 X117.808 Y108.419 E3.61973
G1 X117.894 Y108.927 E3.63717
G1 X117.95 Y109.522 E3.6574
G1 X117.952 Y110.452 E3.68888
G1 X117.865 Y111.271 E3.71676
G1 X117.75 Y111.842 E3.73648
G1 X117.518 Y112.634 E3.76441
G1 X117.332 Y113.115 E3.78187
G1 X117.083 Y113.64 E3.80154
G1 X116.722 Y114.257 E3.82574
G1 X116.379 Y114.772 E3.84668
G1 X116.029 Y115.207 E3.86558
G1 X115.661 Y115.603 E3.88388
G1 X115.048 Y116.164 E3.91201
G1 X114.611 Y116.48 E3.93026
G1 X113.886 Y116.955 E3.9596
G1 X113.429 Y117.192 E3.97703
G1 X112.924 Y117.405 E3.99558
G1 X112.075 Y117.692 E4.02592
G1 X111.524 Y117.818 E4.04505
G1 X110.721 Y117.935 E4.07252
G1 X109.757 Y117.963 E4.10516
G1 X109.184 Y117.923 E4.1246
G1 X108.452 Y117.81 E4.14967
G1 X107.906 Y117.687 E4.16861
G1 X107.414 Y117.535 E4.18604
G1 X106.867 Y117.322 E4.20591
G1 X106.038 Y116.91 E4.23724
G1 X105.332 Y116.457 E4.26563
G1 X104.885 Y116.107 E4.28485
G1 X104.286 Y115.55 E4.31254
G1 X103.968 Y115.202 E4.3285
G1 X103.619 Y115.419 F9000
;TYPE:External perimeter
G1 F1800
G1 X103.337 Y115.073 E4.34361
G1 X102.988 Y114.578 E4.36411
G1 X102.543 Y113.81 E4.39415
G1 X102.299 Y113.287 E4.41368
G1 X102.115 Y112.819 E4.4307
G1 X101.952 Y112.316 E4.4486
G1 X101.753 Y111.451 E4.47864
G1 X101.673 Y110.88 E4.49816
G1 X101.632 Y110.346 E4.51629
G1 X101.628 Y109.814 E4.5343
G1 X101.667 Y109.231 E4.55408
G1 X101.816 Y108.235 E4.58817
G1 X102.032 Y107.423 E4.61661
G1 X102.21 Y106.925 E4.63451
G1 X102.614 Y106.058 E4.66689
G1 X102.867 Y105.613 E4.68422
G1 X103.158 Y105.17 E4.70216
G1 X103.523 Y104.695 E4.72244
G1 X104.083 Y104.076 E4.75069
G1 X104.449 Y103.73 E4.76774
G1 X104.85 Y103.396 E4.7854
G1 X105.34 Y103.043 E4.80584
G1 X105.786 Y102.764 E4.82365
G1 X106.494 Y102.407 E4.85049
G1 X107.039 Y102.169 E4.87062
G1 X107.6 Y101.978 E4.89068
G1 X108.124 Y101.84 E4.90902
G1 X108.982 Y101.688 E4.93851
G1 X109.505 Y101.64 E4.95629
G1 X110.109 Y101.628 E4.97674
G1 X110.943 Y101.681 E5.00503
G1 X111.475 Y101.756 E5.02322
G1 X111.993 Y101.867 E5.04115
G1 X112.941 Y102.172 E5.07486
G1 X113.408 Y102.352 E5.0918
G1 X113.992 Y102.641 E5.11386
G1 X114.725 Y103.087 E5.1429
G1 X115.149 Y103.395 E5.16064
G1 X115.551 Y103.731 E5.17837
G1 X115.972 Y104.139 E5.19821
G1 X116.612 Y104.864 E5.23094
G1 X117.084 Y105.535 E5.25871
G1 X117.351 Y105.99 E5.27657
G1 X117.591 Y106.463 E5.29452
G1 X117.828 Y107.029 E5.31529
G1 X118.1 Y107.874 E5.34534
G1 X118.218 Y108.39 E5.36326
G1 X118.299 Y108.887 E5.3803
G1 X118.356 Y109.507 E5.40137
G1 X118.367 Y110.303 E5.42832
G1 X118.334 Y110.812 E5.44559
G1 X118.267 Y111.338 E5.46354
G1 X118.146 Y111.94 E5.48432
G1 X117.895 Y112.792 E5.51438
G1 X117.703 Y113.284 E5.53226
G1 X117.441 Y113.834 E5.55288
G1 X117.062 Y114.481 E5.57826
G1 X116.631 Y115.108 E5.60401
G1 X116.091 Y115.744 E5.63225
G1 X115.694 Y116.14 E5.65123
G1 X115.301 Y116.483 E5.66889
G1 X114.85 Y116.81 E5.68775
G1 X114.135 Y117.28 E5.71671
G1 X113.652 Y117.536 E5.73521
G1 X113.169 Y117.752 E5.75312
G1 X112.461 Y117.993 E5.77844
G1 X111.808 Y118.176 E5.80139
G1 X111.276 Y118.276 E5.81971
G1 X110.751 Y118.341 E5.83762
G1 X109.748 Y118.371 E5.87159
G1 X109.139 Y118.328 E5.89226
G1 X108.307 Y118.199 E5.92076
G1 X107.81 Y118.083 E5.93803
G1 X107.302 Y117.929 E5.956
G1 X106.729 Y117.707 E5.9768
G1 X105.972 Y117.34 E6.00528
G1 X105.532 Y117.082 E6.02254
G1 X105.092 Y116.786 E6.04049
G1 X104.62 Y116.417 E6.06077
G1 X104.009 Y115.848 E6.08903
G1 X103.668 Y115.479 E6.10604
G1 X103.657 Y115.466 E6.10662
G1 X103.404 Y115.155 F9000
;LAYER_CHANGE
;Z:3
;HEIGHT:0.2
G1 E5.30662 F2100
G92 E0
G1 Z3 F9000
G1 X107.688 Y116.671
G1 E.8 F2100
;TYPE:Perimeter
;WIDTH:0.510864
G1 F2700
G1 X107.224 Y116.493 E.81934
;WIDTH:0.517252
G1 X106.571 Y116.162 E.84821
G1 X105.924 Y115.77 E.87805
;WIDTH:0.517424
G1 X105.464 Y115.397 E.90142
G1 X104.959 Y114.949 E.92806
;WIDTH:0.507405
G1 X104.384 Y114.288 E.9619
;WIDTH:0.511732
G1 X104.086 Y113.855 E.98239
G1 X103.716 Y113.223 E1.01094
;WIDTH:0.510766
G1 X103.488 Y112.73 E1.03207
;WIDTH:0.511991
G1 X103.217 Y111.955 E1.06409
G1 X103.047 Y111.237 E1.09287
;WIDTH:0.510819
G1 X102.973 Y110.698 E1.11404
;WIDTH:0.517417
G1 X102.949 Y109.885 E1.14613
G1 X102.988 Y109.144 E1.17541
;WIDTH:0.512166
G1 X103.08 Y108.602 E1.19686
;WIDTH:0.507038
G1 X103.347 Y107.628 E1.23583
G1 X103.552 Y107.112 E1.25726
;WIDTH:0.517704
G1 X103.799 Y106.642 E1.27822
G1 X104.17 Y106.01 E1.30715
;WIDTH:0.510242
G1 X104.554 Y105.509 E1.33168
;WIDTH:0.512141
G1 X105.045 Y104.971 E1.3601
G1 X105.647 Y104.442 E1.39137
G1 X106.064 Y104.131 E1.41167
;WIDTH:0.507055
G1 X106.55 Y103.835 E1.43363
G1 X107.444 Y103.413 E1.47178
;WIDTH:0.512094
G1 X107.962 Y103.241 E1.49307
;WIDTH:0.51232
G1 X108.762 Y103.05 E1.52517
G1 X109.579 Y102.951 E1.55729
;WIDTH:0.510817
G1 X110.112 Y102.939 E1.57803
;WIDTH:0.51214
G1 X110.843 Y102.991 E1.60662
G1 X111.354 Y103.066 E1.62677
;WIDTH:0.517888
G1 X112.541 Y103.407 E1.67555
;WIDTH:0.506164
G1 X113.199 Y103.7 E1.70329
;WIDTH:0.517552
G1 X114.247 Y104.355 E1.75206
;WIDTH:0.512194
G1 X114.67 Y104.706 E1.77351
G1 X115.245 Y105.275 E1.80508
G1 X115.581 Y105.669 E1.82529
;WIDTH:0.507153
G1 X115.98 Y106.236 E1.85205
G1 X116.313 Y106.83 E1.87834
;WIDTH:0.512644
G1 X116.606 Y107.518 E1.90755
G1 X116.83 Y108.215 E1.93614
;WIDTH:0.512153
G1 X116.991 Y109.017 E1.96806
G1 X117.05 Y109.534 E1.98836
;WIDTH:0.506489
G1 X117.061 Y110.255 E2.01615
;WIDTH:0.507277
G1 X116.981 Y111.096 E2.04877
;WIDTH:0.509308
G1 X116.866 Y111.653 E2.07083
G1 X116.669 Y112.337 E2.09843
;WIDTH:0.507316
G1 X116.348 Y113.105 E2.13057
;WIDTH:0.511254
G1 X116.077 Y113.593 E2.15231
G1 X115.674 Y114.205 E2.18085
;WIDTH:0.514515
G1 X115.346 Y114.604 E2.2011
G1 X114.866 Y115.122 E2.22879
;WIDTH:0.50715
G1 X114.217 Y115.669 E2.26155
;WIDTH:0.512227
G1 X113.78 Y115.962 E2.28208
G1 X113.358 Y116.215 E2.30128
;WIDTH:0.507954
G1 X112.371 Y116.654 E2.34305
;WIDTH:0.512242
G1 X111.862 Y116.809 E2.36381
G1 X111.377 Y116.929 E2.38331
;WIDTH:0.51746
G1 X110.642 Y117.022 E2.41254
G1 X110.117 Y117.061 E2.43331
;WIDTH:0.513515
G1 X109.243 Y117.014 E2.46756
G1 X108.523 Y116.903 E2.49607
;WIDTH:0.51215
G1 X107.745 Y116.691 E2.52753
G1 X107.842 Y116.262 F9000
;WIDTH:0.449999
G1 F2700
G1 X107.665 Y116.204 E2.53383
G1 X107.149 Y115.987 E2.55278
G1 X106.059 Y115.331 E2.59584
G1 X105.246 Y114.621 E2.63238
G1 X104.716 Y114.007 E2.65983
G1 X104.276 Y113.347 E2.68668
G1 X104.008 Y112.836 E2.70621
G1 X103.768 Y112.267 E2.72711
G1 X103.543 Y111.511 E2.75381
G1 X103.438 Y110.944 E2.77333
G1 X103.377 Y110.329 E2.79425
G1 X103.423 Y109.164 E2.83371
G1 X103.573 Y108.367 E2.86116
G1 X103.761 Y107.759 E2.8827
G1 X103.955 Y107.276 E2.90032
G1 X104.599 Y106.153 E2.94414
G1 X105.048 Y105.59 E2.96852
G1 X105.61 Y105.03 E2.99537
G1 X106.234 Y104.542 E3.02218
G1 X106.666 Y104.275 E3.03937
G1 X107.628 Y103.808 E3.07557
G1 X108.392 Y103.567 E3.10269
G1 X109.172 Y103.421 E3.12955
G1 X109.807 Y103.374 E3.1511
G1 X110.368 Y103.379 E3.17009
G1 X111.148 Y103.469 E3.19667
G1 X112.364 Y103.805 E3.23937
G1 X113.022 Y104.098 E3.26375
G1 X114.012 Y104.722 E3.30336
G1 X114.628 Y105.251 E3.33084
G1 X115.162 Y105.837 E3.35768
G1 X115.622 Y106.483 E3.38452
G1 X115.931 Y107.04 E3.40608
G1 X116.2 Y107.685 E3.42974
G1 X116.406 Y108.325 E3.4525
G1 X116.557 Y109.076 E3.47843
G1 X116.615 Y109.555 E3.49476
G1 X116.626 Y110.263 E3.51873
G1 X116.547 Y111.05 E3.5455
G1 X116.439 Y111.559 E3.56311
G1 X116.252 Y112.21 E3.58604
G1 X115.947 Y112.933 E3.6126
G1 X115.698 Y113.374 E3.62974
G1 X115.322 Y113.947 E3.65294
G1 X114.483 Y114.886 E3.69556
G1 X113.927 Y115.343 E3.71992
G1 X113.261 Y115.774 E3.74677
G1 X112.194 Y116.256 E3.7864
G1 X111.414 Y116.479 E3.81386
G1 X110.589 Y116.585 E3.84201
G1 X110.143 Y116.628 E3.85718
G1 X109.066 Y116.564 E3.8937
G1 X108.271 Y116.402 E3.92116
G1 X107.899 Y116.28 E3.93441
G1 X107.985 Y115.881 F9000
;TYPE:External perimeter
G1 F1500
G1 X107.794 Y115.818 E3.94122
G1 X107.308 Y115.612 E3.95909
G1 X106.326 Y115.025 E3.99782
G1 X105.514 Y114.314 E4.03435
G1 X105.027 Y113.743 E4.05975
G1 X104.615 Y113.123 E4.08495
G1 X104.37 Y112.649 E4.10301
G1 X104.144 Y112.11 E4.12279
G1 X103.934 Y111.397 E4.14795
G1 X103.839 Y110.872 E4.16601
G1 X103.782 Y110.29 E4.1858
G1 X103.83 Y109.182 E4.22334
G1 X103.972 Y108.446 E4.24871
G1 X104.15 Y107.881 E4.26876
G1 X104.348 Y107.392 E4.28662
G1 X104.917 Y106.407 E4.32512
G1 X105.366 Y105.844 E4.3495
G1 X105.895 Y105.32 E4.3747
G1 X106.483 Y104.864 E4.39989
G1 X106.988 Y104.555 E4.41993
G1 X107.799 Y104.178 E4.4502
G1 X108.512 Y103.956 E4.47548
G1 X109.245 Y103.821 E4.50071
G1 X109.835 Y103.78 E4.52073
G1 X110.363 Y103.786 E4.5386
G1 X111.099 Y103.873 E4.56369
G1 X112.199 Y104.177 E4.60232
G1 X112.857 Y104.469 E4.62669
G1 X113.793 Y105.065 E4.66425
G1 X114.36 Y105.557 E4.68966
G1 X114.859 Y106.109 E4.71485
G1 X115.289 Y106.717 E4.74006
G1 X115.574 Y107.236 E4.7601
G1 X115.824 Y107.839 E4.7822
G1 X116.012 Y108.427 E4.8031
G1 X116.153 Y109.13 E4.82737
G1 X116.208 Y109.561 E4.84208
G1 X116.219 Y110.268 E4.86601
G1 X116.143 Y111.008 E4.89119
G1 X116.017 Y111.586 E4.91121
G1 X115.863 Y112.091 E4.92908
G1 X115.573 Y112.773 E4.95417
G1 X115.202 Y113.419 E4.97939
G1 X114.888 Y113.85 E4.99744
G1 X114.225 Y114.571 E5.03059
G1 X113.669 Y115.029 E5.05497
G1 X113.042 Y115.431 E5.08018
G1 X112.029 Y115.884 E5.11774
G1 X111.306 Y116.086 E5.14315
G1 X110.54 Y116.18 E5.16927
G1 X110.168 Y116.222 E5.18194
G1 X109.09 Y116.157 E5.2185
G1 X108.356 Y116.004 E5.24388
G1 X108.042 Y115.9 E5.25508
G1 X107.666 Y115.761 F9000
G1 E4.45508 F2100
G92 E0
G1 X104.264 Y114.873 F9000
G1 E.8 F2100
;TYPE:Perimeter
;WIDTH:0.511937
G1 F2700
G1 X103.928 Y114.449 E.8211
;WIDTH:0.505315
G1 X103.455 Y113.709 E.85487
;WIDTH:0.505529
G1 X103.163 Y113.147 E.87923
;WIDTH:0.507304
G1 X102.883 Y112.46 E.90788
G1 X102.652 Y111.615 E.94171
;WIDTH:0.505536
G1 X102.54 Y110.992 E.96606
;WIDTH:0.506222
G1 X102.479 Y110.376 E.98991
;WIDTH:0.517417
G1 X102.476 Y109.857 E1.01039
G1 X102.553 Y108.909 E1.04792
;WIDTH:0.50709
G1 X102.731 Y108.034 E1.08238
G1 X102.949 Y107.379 E1.10902
;WIDTH:0.505632
G1 X103.223 Y106.729 E1.13616
;WIDTH:0.517226
G1 X103.61 Y106.023 E1.16791
G1 X103.894 Y105.595 E1.18817
;WIDTH:0.506462
G1 X104.359 Y105.022 E1.21661
;WIDTH:0.512141
G1 X104.721 Y104.633 E1.23734
G1 X105.367 Y104.066 E1.27088
G1 X105.833 Y103.728 E1.29334
;WIDTH:0.512409
G1 X106.587 Y103.291 E1.32736
G1 X107.433 Y102.924 E1.36336
;WIDTH:0.506282
G1 X108.177 Y102.694 E1.39336
;WIDTH:0.51232
G1 X108.679 Y102.588 E1.41339
G1 X109.174 Y102.515 E1.43292
;WIDTH:0.507033
G1 X109.86 Y102.476 E1.45944
;WIDTH:0.505136
G1 X110.39 Y102.487 E1.47981
;WIDTH:0.51214
G1 X110.906 Y102.526 E1.5
G1 X111.463 Y102.615 E1.52201
;WIDTH:0.517888
G1 X112.187 Y102.799 E1.55151
G1 X112.724 Y102.982 E1.57392
;WIDTH:0.505695
G1 X113.44 Y103.302 E1.6041
;WIDTH:0.517552
G1 X113.906 Y103.568 E1.62528
G1 X114.669 Y104.096 E1.6619
;WIDTH:0.50685
G1 X115.225 Y104.578 E1.69029
;WIDTH:0.512272
G1 X115.6 Y104.968 E1.71141
G1 X115.961 Y105.402 E1.73344
;WIDTH:0.507153
G1 X116.443 Y106.104 E1.76631
;WIDTH:0.511201
G1 X116.824 Y106.819 E1.79786
G1 X117.178 Y107.749 E1.83661
;WIDTH:0.507212
G1 X117.371 Y108.462 E1.86513
;WIDTH:0.512153
G1 X117.457 Y108.963 E1.88496
G1 X117.515 Y109.542 E1.90766
;WIDTH:0.507095
G1 X117.524 Y110.252 E1.93507
;WIDTH:0.512219
G1 X117.491 Y110.758 E1.95486
G1 X117.414 Y111.307 E1.97649
;WIDTH:0.505597
G1 X117.258 Y111.98 E2.00307
;WIDTH:0.506476
G1 X117.06 Y112.617 E2.02878
;WIDTH:0.507143
G1 X116.755 Y113.329 E2.05868
;WIDTH:0.511254
G1 X116.475 Y113.839 E2.08134
G1 X116.045 Y114.488 E2.11166
;WIDTH:0.514515
G1 X115.694 Y114.923 E2.13358
G1 X115.054 Y115.58 E2.16955
;WIDTH:0.506269
G1 X114.358 Y116.136 E2.20387
;WIDTH:0.50651
G1 X113.704 Y116.557 E2.23385
;WIDTH:0.517205
G1 X113.256 Y116.785 E2.25367
G1 X112.356 Y117.148 E2.29194
;WIDTH:0.506631
G1 X111.608 Y117.357 E2.32189
;WIDTH:0.517551
G1 X111.11 Y117.444 E2.34184
G1 X110.339 Y117.513 E2.37239
;WIDTH:0.517079
G1 X109.755 Y117.521 E2.39542
G1 X108.99 Y117.455 E2.42569
;WIDTH:0.51215
G1 X108.419 Y117.361 E2.44827
G1 X107.927 Y117.239 E2.46805
;WIDTH:0.506784
G1 X107.276 Y117.015 E2.4946
;WIDTH:0.505067
G1 X106.79 Y116.804 E2.51496
;WIDTH:0.517252
G1 X106.329 Y116.57 E2.53535
G1 X105.586 Y116.103 E2.56996
;WIDTH:0.517424
G1 X105.146 Y115.749 E2.59224
G1 X104.649 Y115.293 E2.61885
;WIDTH:0.511937
G1 X104.302 Y114.92 E2.63872
G1 X103.936 Y115.15 F9000
;WIDTH:0.449999
G1 F2700
G1 X103.673 Y114.841 E2.65245
G1 X103.341 Y114.372 E2.6719
G1 X103.08 Y113.926 E2.68939
G1 X102.77 Y113.331 E2.7121
G1 X102.518 Y112.731 E2.73413
G1 X102.351 Y112.225 E2.75217
G1 X102.23 Y111.713 E2.76998
G1 X102.109 Y111.053 E2.79269
G1 X102.04 Y110.341 E2.8169
G1 X102.036 Y109.825 E2.83437
G1 X102.124 Y108.841 E2.86781
G1 X102.278 Y108.046 E2.89522
G1 X102.428 Y107.521 E2.9137
G1 X102.725 Y106.757 E2.94145
G1 X102.984 Y106.226 E2.96145
G1 X103.243 Y105.78 E2.97891
G1 X103.549 Y105.329 E2.99736
G1 X104.038 Y104.731 E3.02351
G1 X104.422 Y104.312 E3.04275
G1 X104.831 Y103.941 E3.06144
G1 X105.473 Y103.449 E3.08882
G1 X105.962 Y103.133 E3.10853
G1 X106.408 Y102.89 E3.12572
G1 X107.291 Y102.513 E3.15822
G1 X108.125 Y102.257 E3.18775
G1 X108.622 Y102.153 E3.20494
G1 X109.136 Y102.081 E3.22251
G1 X109.853 Y102.041 E3.24682
G1 X110.555 Y102.064 E3.27059
G1 X111.326 Y102.145 E3.29683
G1 X111.837 Y102.248 E3.31447
G1 X112.327 Y102.381 E3.33166
G1 X112.89 Y102.58 E3.35187
G1 X113.713 Y102.952 E3.38244
G1 X114.154 Y103.204 E3.39963
G1 X114.943 Y103.759 E3.43228
G1 X115.553 Y104.288 E3.45961
G1 X115.923 Y104.671 E3.47764
G1 X116.303 Y105.131 E3.49784
G1 X116.716 Y105.722 E3.52225
G1 X116.997 Y106.19 E3.54073
G1 X117.228 Y106.65 E3.55815
G1 X117.59 Y107.616 E3.59307
G1 X117.807 Y108.412 E3.621
G1 X117.893 Y108.92 E3.63844
G1 X117.951 Y109.537 E3.65942
G1 X117.96 Y110.3 E3.68525
G1 X117.925 Y110.814 E3.70269
G1 X117.84 Y111.393 E3.7225
G1 X117.675 Y112.102 E3.74714
G1 X117.466 Y112.774 E3.77096
G1 X117.149 Y113.516 E3.79827
G1 X116.856 Y114.056 E3.81907
G1 X116.405 Y114.737 E3.84672
G1 X116.047 Y115.185 E3.86613
G1 X115.707 Y115.558 E3.88321
G1 X115.332 Y115.915 E3.90074
G1 X114.606 Y116.493 E3.93215
G1 X113.883 Y116.957 E3.96123
G1 X113.425 Y117.192 E3.97865
G1 X112.667 Y117.504 E4.0064
G1 X112.084 Y117.69 E4.02711
G1 X111.524 Y117.818 E4.04655
G1 X110.751 Y117.931 E4.07299
G1 X109.723 Y117.961 E4.1078
G1 X108.736 Y117.854 E4.1414
G1 X107.939 Y117.695 E4.16891
G1 X107.439 Y117.545 E4.18658
G1 X106.865 Y117.322 E4.20742
G1 X106.153 Y116.975 E4.23423
G1 X105.709 Y116.713 E4.25168
G1 X105.26 Y116.4 E4.27021
G1 X104.846 Y116.072 E4.28809
G1 X104.18 Y115.437 E4.31924
G1 X103.975 Y115.196 E4.32995
G1 X103.619 Y115.419 F9000
;TYPE:External perimeter
G1 F1800
G1 X103.348 Y115.087 E4.34446
G1 X102.981 Y114.567 E4.366
G1 X102.554 Y113.83 E4.39483
G1 X102.295 Y113.278 E4.41547
G1 X102.112 Y112.809 E4.43251
G1 X101.949 Y112.306 E4.45041
G1 X101.758 Y111.474 E4.4793
G1 X101.672 Y110.871 E4.49992
G1 X101.634 Y110.369 E4.51696
G1 X101.627 Y109.841 E4.53483
G1 X101.688 Y108.989 E4.56374
G1 X101.783 Y108.388 E4.58434
G1 X101.895 Y107.897 E4.60139
G1 X102.043 Y107.389 E4.6193
G1 X102.352 Y106.594 E4.64817
G1 X102.636 Y106.012 E4.67009
G1 X102.903 Y105.555 E4.68801
G1 X103.227 Y105.081 E4.70744
G1 X103.839 Y104.345 E4.73984
G1 X104.444 Y103.735 E4.76892
G1 X104.843 Y103.402 E4.78651
G1 X105.316 Y103.061 E4.80625
G1 X105.746 Y102.788 E4.82349
G1 X106.203 Y102.536 E4.84115
G1 X106.976 Y102.191 E4.8698
G1 X107.54 Y101.996 E4.89
G1 X108.049 Y101.856 E4.90787
G1 X108.562 Y101.75 E4.9256
G1 X109.1 Y101.676 E4.94398
G1 X109.847 Y101.634 E4.9693
G1 X111.03 Y101.69 E5.00939
G1 X111.635 Y101.79 E5.03015
G1 X112.396 Y101.976 E5.05667
G1 X112.892 Y102.141 E5.07436
G1 X113.48 Y102.383 E5.09588
G1 X113.948 Y102.616 E5.11358
G1 X114.383 Y102.867 E5.13058
G1 X115.2 Y103.443 E5.16442
G1 X115.868 Y104.026 E5.19443
G1 X116.228 Y104.4 E5.212
G1 X116.627 Y104.884 E5.23323
G1 X117.09 Y105.547 E5.2606
G1 X117.349 Y105.986 E5.27785
G1 X117.589 Y106.458 E5.29577
G1 X117.838 Y107.055 E5.31766
G1 X118.099 Y107.868 E5.34656
G1 X118.216 Y108.383 E5.36444
G1 X118.298 Y108.88 E5.38149
G1 X118.358 Y109.532 E5.40365
G1 X118.367 Y110.295 E5.42948
G1 X118.335 Y110.803 E5.44671
G1 X118.269 Y111.329 E5.46465
G1 X118.14 Y111.963 E5.48655
G1 X117.912 Y112.739 E5.51393
G1 X117.732 Y113.215 E5.53116
G1 X117.514 Y113.698 E5.5491
G1 X117.228 Y114.225 E5.5694
G1 X116.945 Y114.659 E5.58694
G1 X116.505 Y115.265 E5.61229
G1 X116.035 Y115.805 E5.63652
G1 X115.665 Y116.168 E5.65406
G1 X115.015 Y116.705 E5.6826
G1 X114.491 Y117.069 E5.7042
G1 X114.035 Y117.338 E5.72212
G1 X113.581 Y117.568 E5.73935
G1 X112.613 Y117.949 E5.77456
G1 X111.807 Y118.176 E5.8029
G1 X111.275 Y118.276 E5.82122
G1 X110.751 Y118.341 E5.83909
G1 X109.749 Y118.371 E5.87302
G1 X109.106 Y118.324 E5.89484
G1 X108.308 Y118.2 E5.92218
G1 X107.812 Y118.083 E5.93943
G1 X107.305 Y117.929 E5.95737
G1 X106.702 Y117.695 E5.97926
G1 X105.975 Y117.341 E6.00663
G1 X105.535 Y117.085 E6.02386
G1 X105.096 Y116.788 E6.0418
G1 X104.602 Y116.401 E6.06304
G1 X104.045 Y115.882 E6.08881
G1 X103.678 Y115.49 E6.10699
G1 X103.657 Y115.465 E6.1081
G1 X103.404 Y115.156 F9000
;LAYER_CHANGE
;Z:3.2
;HEIGHT:0.2
G1 E5.3081 F2100
G92 E0
G1 Z3.2 F9000
G1 X107.691 Y116.662
G1 E.8 F2100
;TYPE:Perimeter
;WIDTH:0.517653
G1 F2700
G1 X107.207 Y116.488 E.8203
;WIDTH:0.507637
G1 X106.609 Y116.199 E.84596
;WIDTH:0.507215
G1 X105.897 Y115.753 E.8784
;WIDTH:0.510846
G1 X105.435 Y115.385 E.90138
;WIDTH:0.511332
G1 X104.943 Y114.926 E.92759
G1 X104.572 Y114.52 E.94901
;WIDTH:0.50531
G1 X104.138 Y113.944 E.97674
;WIDTH:0.507375
G1 X103.718 Y113.234 E1.0086
;WIDTH:0.51193
G1 X103.484 Y112.717 E1.03073
G1 X103.214 Y111.945 E1.06262
G1 X103.051 Y111.259 E1.09012
;WIDTH:0.510942
G1 X102.972 Y110.688 E1.11255
;WIDTH:0.517534
G1 X102.95 Y109.877 E1.14457
G1 X102.987 Y109.148 E1.17338
;WIDTH:0.512121
G1 X103.082 Y108.595 E1.19527
G1 X103.187 Y108.132 E1.21379
;WIDTH:0.508114
G1 X103.546 Y107.129 E1.255
;WIDTH:0.517752
G1 X103.802 Y106.637 E1.2769
G1 X104.17 Y106.01 E1.3056
;WIDTH:0.509823
G1 X104.573 Y105.485 E1.33129
;WIDTH:0.502858
G1 X105.306 Y104.722 E1.37175
;WIDTH:0.504907
G1 X105.969 Y104.198 E1.40421
;WIDTH:0.518023
G1 X106.451 Y103.908 E1.42643
G1 X107.042 Y103.586 E1.45302
;WIDTH:0.516324
G1 X107.98 Y103.242 E1.49235
G1 X108.767 Y103.049 E1.52425
;WIDTH:0.512308
G1 X109.25 Y102.975 E1.54332
;WIDTH:0.512812
G1 X110.151 Y102.946 E1.57854
G1 X110.839 Y102.991 E1.60548
;WIDTH:0.512155
G1 X111.354 Y103.066 E1.62579
;WIDTH:0.517978
G1 X112.04 Y103.251 E1.65386
G1 X112.541 Y103.408 E1.6746
;WIDTH:0.506066
G1 X113.199 Y103.7 E1.70232
;WIDTH:0.517699
G1 X114.247 Y104.355 E1.75111
;WIDTH:0.511813
G1 X114.661 Y104.698 E1.77207
G1 X115.257 Y105.289 E1.80479
G1 X115.593 Y105.687 E1.8251
;WIDTH:0.517334
G1 X116 Y106.295 E1.85396
G1 X116.265 Y106.736 E1.87426
;WIDTH:0.513586
G1 X116.615 Y107.547 E1.90883
G1 X116.828 Y108.208 E1.93601
;WIDTH:0.512102
G1 X116.945 Y108.696 E1.95559
;WIDTH:0.506644
G1 X117.04 Y109.409 E1.98333
;WIDTH:0.506426
G1 X117.061 Y110.255 E2.01595
;WIDTH:0.507367
G1 X116.981 Y111.096 E2.04858
;WIDTH:0.517523
G1 X116.681 Y112.295 E2.09736
;WIDTH:0.50743
G1 X116.348 Y113.105 E2.13119
;WIDTH:0.511065
G1 X116.066 Y113.611 E2.15374
G1 X115.683 Y114.194 E2.18089
;WIDTH:0.514414
G1 X115.348 Y114.601 E2.20156
G1 X114.866 Y115.12 E2.22933
;WIDTH:0.507581
G1 X114.237 Y115.653 E2.26118
;WIDTH:0.512196
G1 X113.776 Y115.965 E2.2829
G1 X113.062 Y116.361 E2.31476
G1 X112.412 Y116.637 E2.34232
;WIDTH:0.511012
G1 X111.861 Y116.812 E2.36482
;WIDTH:0.51712
G1 X111.068 Y116.971 E2.39671
G1 X110.341 Y117.054 E2.42556
;WIDTH:0.511994
G1 X109.79 Y117.056 E2.44705
G1 X109.233 Y117.021 E2.46882
;WIDTH:0.507645
G1 X108.586 Y116.923 E2.49411
;WIDTH:0.517653
G1 X107.748 Y116.682 E2.52853
G1 X107.846 Y116.25 F9000
;WIDTH:0.449999
G1 F2700
G1 X107.396 Y116.095 E2.54464
G1 X106.8 Y115.808 E2.56703
G1 X106.132 Y115.386 E2.59377
G1 X105.713 Y115.047 E2.61201
G1 X105.259 Y114.623 E2.63304
G1 X104.746 Y114.03 E2.65958
G1 X104.446 Y113.623 E2.67669
G1 X104.086 Y112.999 E2.70107
G1 X103.77 Y112.271 E2.72793
G1 X103.543 Y111.511 E2.75478
G1 X103.441 Y110.959 E2.77378
G1 X103.377 Y110.33 E2.79518
G1 X103.423 Y109.167 E2.83458
G1 X103.573 Y108.367 E2.86213
G1 X103.957 Y107.276 E2.90128
G1 X104.599 Y106.153 E2.94507
G1 X105.048 Y105.59 E2.96945
G1 X105.61 Y105.03 E2.9963
G1 X106.234 Y104.542 E3.02311
G1 X107.354 Y103.921 E3.06646
G1 X108.375 Y103.572 E3.10298
G1 X109.172 Y103.421 E3.13044
G1 X110.165 Y103.384 E3.16408
G1 X110.787 Y103.426 E3.18518
G1 X111.238 Y103.487 E3.20058
G1 X112.279 Y103.774 E3.23713
G1 X113.103 Y104.141 E3.26766
G1 X114.012 Y104.722 E3.30418
G1 X114.628 Y105.251 E3.33166
G1 X115.162 Y105.837 E3.3585
G1 X115.864 Y106.907 E3.40182
G1 X116.288 Y107.9 E3.43837
G1 X116.499 Y108.683 E3.46582
G1 X116.61 Y109.468 E3.49266
G1 X116.626 Y110.261 E3.51951
G1 X116.547 Y111.05 E3.54635
G1 X116.424 Y111.553 E3.56388
G1 X116.259 Y112.185 E3.58599
G1 X115.947 Y112.933 E3.61342
G1 X115.687 Y113.392 E3.63128
G1 X115.329 Y113.937 E3.65335
G1 X114.546 Y114.827 E3.69347
G1 X113.96 Y115.316 E3.7193
G1 X113.54 Y115.596 E3.73639
G1 X112.872 Y115.966 E3.76224
G1 X112.265 Y116.226 E3.78459
G1 X111.748 Y116.389 E3.80294
G1 X111.325 Y116.496 E3.81771
G1 X110.253 Y116.625 E3.85426
G1 X109.442 Y116.608 E3.88172
G1 X108.657 Y116.494 E3.90857
G1 X107.903 Y116.268 E3.93521
G1 X107.992 Y115.861 F9000
;TYPE:External perimeter
G1 F1500
G1 X107.573 Y115.728 E3.95009
G1 X106.979 Y115.442 E3.97241
G1 X106.351 Y115.043 E3.99759
G1 X105.775 Y114.571 E4.0228
G1 X105.26 Y114.034 E4.04798
G1 X104.812 Y113.439 E4.07319
G1 X104.448 Y112.812 E4.09773
G1 X104.144 Y112.111 E4.12359
G1 X103.934 Y111.397 E4.14878
G1 X103.841 Y110.887 E4.16633
G1 X103.782 Y110.29 E4.18664
G1 X103.83 Y109.186 E4.22404
G1 X103.972 Y108.446 E4.24955
G1 X104.34 Y107.413 E4.28667
G1 X104.917 Y106.407 E4.32593
G1 X105.366 Y105.844 E4.35031
G1 X105.895 Y105.32 E4.37551
G1 X106.483 Y104.864 E4.4007
G1 X107.225 Y104.448 E4.42949
G1 X107.706 Y104.231 E4.44735
G1 X108.507 Y103.958 E4.47599
G1 X109.245 Y103.821 E4.5014
G1 X110.177 Y103.791 E4.53296
G1 X110.738 Y103.83 E4.55199
G1 X111.403 Y103.955 E4.57489
G1 X112.17 Y104.166 E4.60182
G1 X112.857 Y104.469 E4.62724
G1 X113.793 Y105.065 E4.6648
G1 X114.36 Y105.557 E4.69021
G1 X114.859 Y106.109 E4.7154
G1 X115.49 Y107.067 E4.75423
G1 X115.914 Y108.06 E4.79078
G1 X116.105 Y108.785 E4.81616
G1 X116.206 Y109.522 E4.84134
G1 X116.219 Y110.267 E4.86656
G1 X116.143 Y111.008 E4.89177
G1 X115.865 Y112.083 E4.92935
G1 X115.573 Y112.773 E4.95471
G1 X115.202 Y113.419 E4.97993
G1 X114.897 Y113.839 E4.9975
G1 X114.245 Y114.552 E5.0302
G1 X113.702 Y115.002 E5.05407
G1 X113.042 Y115.431 E5.08071
G1 X112.372 Y115.755 E5.1059
G1 X111.884 Y115.93 E5.12345
G1 X111.305 Y116.087 E5.14376
G1 X110.241 Y116.216 E5.18004
G1 X109.454 Y116.201 E5.20668
G1 X108.718 Y116.091 E5.23187
G1 X108.049 Y115.879 E5.25562
G1 X107.667 Y115.758 F9000
G1 E4.45562 F2100
G92 E0
G1 X104.273 Y114.865 F9000
G1 E.8 F2100
;TYPE:Perimeter
;WIDTH:0.511332
G1 F2700
G1 X104.017 Y114.568 E.81527
G1 X103.667 Y114.072 E.83891
;WIDTH:0.506773
G1 X103.232 Y113.293 E.87332
;WIDTH:0.507407
G1 X102.883 Y112.46 E.9082
G1 X102.652 Y111.617 E.94196
;WIDTH:0.505112
G1 X102.542 Y111.008 E.96574
;WIDTH:0.506136
G1 X102.479 Y110.374 E.99028
;WIDTH:0.517534
G1 X102.476 Y109.849 E1.011
G1 X102.554 Y108.909 E1.04822
;WIDTH:0.506299
G1 X102.702 Y108.143 E1.07828
;WIDTH:0.517429
G1 X102.851 Y107.649 E1.09864
G1 X103.223 Y106.729 E1.13779
;WIDTH:0.517166
G1 X103.612 Y106.02 E1.16968
G1 X103.894 Y105.595 E1.18979
;WIDTH:0.506402
G1 X104.461 Y104.909 E1.22409
;WIDTH:0.502461
G1 X104.994 Y104.387 E1.2526
;WIDTH:0.511729
G1 X105.374 Y104.061 E1.27212
G1 X105.862 Y103.71 E1.29555
;WIDTH:0.515863
G1 X106.601 Y103.285 E1.32907
G1 X107.279 Y102.984 E1.35824
;WIDTH:0.514964
G1 X108.297 Y102.665 E1.40011
;WIDTH:0.507337
G1 X109.061 Y102.528 E1.43008
;WIDTH:0.517342
G1 X109.56 Y102.487 E1.44983
G1 X110.337 Y102.484 E1.48048
;WIDTH:0.512155
G1 X110.901 Y102.525 E1.50254
G1 X111.463 Y102.615 E1.52475
;WIDTH:0.517978
G1 X112.179 Y102.796 E1.55392
G1 X112.724 Y102.983 E1.57668
;WIDTH:0.505539
G1 X113.443 Y103.304 E1.60697
;WIDTH:0.517699
G1 X113.918 Y103.575 E1.62856
G1 X114.669 Y104.096 E1.66464
;WIDTH:0.50481
G1 X115.224 Y104.589 E1.69315
;WIDTH:0.511841
G1 X115.613 Y104.983 E1.71474
G1 X115.978 Y105.426 E1.73712
;WIDTH:0.508239
G1 X116.571 Y106.325 E1.77879
;WIDTH:0.516774
G1 X116.819 Y106.815 E1.80043
G1 X117.179 Y107.749 E1.83987
;WIDTH:0.507275
G1 X117.372 Y108.462 E1.86839
;WIDTH:0.512105
G1 X117.456 Y108.955 E1.8879
G1 X117.516 Y109.567 E1.91189
;WIDTH:0.50756
G1 X117.525 Y110.249 E1.93824
;WIDTH:0.512185
G1 X117.491 Y110.749 E1.95779
G1 X117.417 Y111.287 E1.97898
;WIDTH:0.517523
G1 X117.308 Y111.79 E1.99929
G1 X117.128 Y112.419 E2.02511
;WIDTH:0.512076
G1 X116.942 Y112.914 E2.04574
G1 X116.71 Y113.414 E2.06724
;WIDTH:0.511065
G1 X116.464 Y113.857 E2.08696
G1 X116.053 Y114.477 E2.11592
;WIDTH:0.514414
G1 X115.691 Y114.924 E2.13847
G1 X115.055 Y115.58 E2.17429
;WIDTH:0.506547
G1 X114.358 Y116.136 E2.20866
;WIDTH:0.506808
G1 X113.739 Y116.536 E2.23709
;WIDTH:0.512151
G1 X113.262 Y116.785 E2.25808
G1 X112.8 Y116.983 E2.27769
;WIDTH:0.505107
G1 X112.217 Y117.191 E2.30148
;WIDTH:0.506805
G1 X111.638 Y117.35 E2.32464
;WIDTH:0.51712
G1 X111.119 Y117.442 E2.34542
G1 X110.336 Y117.519 E2.37644
;WIDTH:0.511994
G1 X109.765 Y117.525 E2.39871
G1 X109.162 Y117.481 E2.42229
;WIDTH:0.507807
G1 X108.316 Y117.338 E2.45546
;WIDTH:0.517653
G1 X107.578 Y117.126 E2.48577
G1 X107.013 Y116.91 E2.50965
;WIDTH:0.507637
G1 X106.406 Y116.615 E2.53573
;WIDTH:0.512356
G1 X105.959 Y116.352 E2.55597
G1 X105.527 Y116.057 E2.57639
;WIDTH:0.510846
G1 X105.127 Y115.737 E2.59632
;WIDTH:0.511332
G1 X104.597 Y115.241 E2.62459
G1 X104.312 Y114.911 E2.64157
G1 X103.939 Y115.148 F9000
;WIDTH:0.449999
G1 F2700
G1 X103.66 Y114.821 E2.65612
G1 X103.29 Y114.291 E2.678
G1 X102.839 Y113.477 E2.7095
G1 X102.517 Y112.728 E2.7371
G1 X102.347 Y112.214 E2.75543
G1 X102.23 Y111.715 E2.77278
G1 X102.112 Y111.069 E2.79501
G1 X102.04 Y110.332 E2.82008
G1 X102.036 Y109.818 E2.83748
G1 X102.125 Y108.842 E2.87065
G1 X102.278 Y108.044 E2.89815
G1 X102.43 Y107.515 E2.91678
G1 X102.714 Y106.783 E2.94336
G1 X102.986 Y106.222 E2.96446
G1 X103.245 Y105.777 E2.98189
G1 X103.55 Y105.328 E3.00026
G1 X104.141 Y104.617 E3.03156
G1 X104.708 Y104.063 E3.05839
G1 X105.119 Y103.705 E3.07684
G1 X105.631 Y103.339 E3.09814
G1 X106.397 Y102.894 E3.12813
G1 X107.107 Y102.578 E3.15444
G1 X107.704 Y102.371 E3.17583
G1 X108.208 Y102.238 E3.19347
G1 X109.05 Y102.09 E3.22241
G1 X109.554 Y102.046 E3.23953
G1 X110.555 Y102.063 E3.27342
G1 X111.325 Y102.145 E3.29963
G1 X111.83 Y102.246 E3.31706
G1 X112.318 Y102.378 E3.33417
G1 X112.89 Y102.581 E3.35471
G1 X113.726 Y102.959 E3.38577
G1 X114.165 Y103.21 E3.40289
G1 X114.942 Y103.759 E3.43509
G1 X115.585 Y104.338 E3.46438
G1 X115.951 Y104.705 E3.48192
G1 X116.336 Y105.176 E3.50251
G1 X116.995 Y106.186 E3.54333
G1 X117.226 Y106.646 E3.56075
G1 X117.591 Y107.617 E3.59586
G1 X117.806 Y108.406 E3.62354
G1 X117.892 Y108.913 E3.64095
G1 X117.952 Y109.562 E3.66301
G1 X117.952 Y110.45 E3.69307
G1 X117.868 Y111.252 E3.72037
G1 X117.739 Y111.887 E3.7423
G1 X117.524 Y112.615 E3.76799
G1 X117.341 Y113.095 E3.78538
G1 X117.076 Y113.65 E3.8062
G1 X116.682 Y114.321 E3.83254
G1 X116.395 Y114.75 E3.85001
G1 X116.007 Y115.23 E3.8709
G1 X115.332 Y115.915 E3.90345
G1 X114.606 Y116.492 E3.93484
G1 X113.925 Y116.931 E3.96227
G1 X113.447 Y117.183 E3.98056
G1 X112.966 Y117.383 E3.99819
G1 X112.351 Y117.605 E4.02032
G1 X111.668 Y117.791 E4.04428
G1 X111.161 Y117.881 E4.06171
G1 X110.343 Y117.955 E4.08951
G1 X109.732 Y117.961 E4.11019
G1 X109.094 Y117.911 E4.13185
G1 X108.213 Y117.762 E4.16209
G1 X107.442 Y117.546 E4.18919
G1 X106.838 Y117.31 E4.21114
G1 X106.156 Y116.977 E4.23683
G1 X105.713 Y116.715 E4.25425
G1 X105.237 Y116.381 E4.27393
G1 X104.531 Y115.78 E4.30531
G1 X103.987 Y115.205 E4.3321
G1 X103.978 Y115.194 E4.33258
G1 X103.628 Y115.412 F9000
;TYPE:External perimeter
G1 F1800
G1 X103.358 Y115.099 E4.34657
G1 X102.974 Y114.556 E4.36908
G1 X102.564 Y113.849 E4.39674
G1 X102.291 Y113.268 E4.41847
G1 X102.108 Y112.799 E4.43551
G1 X101.946 Y112.296 E4.4534
G1 X101.762 Y111.498 E4.48112
G1 X101.672 Y110.863 E4.50283
G1 X101.634 Y110.361 E4.51987
G1 X101.627 Y109.832 E4.53778
G1 X101.685 Y109.015 E4.5655
G1 X101.785 Y108.383 E4.58716
G1 X101.896 Y107.89 E4.60427
G1 X102.044 Y107.384 E4.62212
G1 X102.34 Y106.62 E4.64985
G1 X102.62 Y106.044 E4.67153
G1 X102.871 Y105.606 E4.68862
G1 X103.162 Y105.164 E4.70653
G1 X103.565 Y104.646 E4.72875
G1 X104.106 Y104.051 E4.75597
G1 X104.838 Y103.406 E4.78899
G1 X105.373 Y103.021 E4.8113
G1 X105.816 Y102.747 E4.82893
G1 X106.493 Y102.406 E4.85459
G1 X107.001 Y102.184 E4.87336
G1 X107.621 Y101.972 E4.89554
G1 X108.125 Y101.84 E4.91318
G1 X108.99 Y101.687 E4.94291
G1 X109.508 Y101.64 E4.96052
G1 X110.172 Y101.63 E4.983
G1 X110.937 Y101.68 E5.00895
G1 X111.433 Y101.75 E5.02591
G1 X111.944 Y101.854 E5.04356
G1 X112.447 Y101.992 E5.06122
G1 X113.045 Y102.205 E5.08271
G1 X113.907 Y102.594 E5.11472
G1 X114.359 Y102.85 E5.1323
G1 X115.029 Y103.305 E5.15971
G1 X115.537 Y103.717 E5.18185
G1 X116.23 Y104.404 E5.21488
G1 X116.646 Y104.908 E5.237
G1 X117.088 Y105.544 E5.26322
G1 X117.347 Y105.982 E5.28044
G1 X117.587 Y106.453 E5.29833
G1 X117.847 Y107.082 E5.32137
G1 X118.097 Y107.862 E5.3491
G1 X118.215 Y108.377 E5.36698
G1 X118.297 Y108.874 E5.38403
G1 X118.359 Y109.557 E5.40724
G1 X118.368 Y110.288 E5.43199
G1 X118.336 Y110.794 E5.44915
G1 X118.27 Y111.319 E5.46706
G1 X118.134 Y111.986 E5.4901
G1 X117.915 Y112.73 E5.51635
G1 X117.736 Y113.204 E5.5335
G1 X117.519 Y113.687 E5.55142
G1 X117.194 Y114.284 E5.57443
G1 X116.743 Y114.966 E5.60211
G1 X116.335 Y115.477 E5.62424
G1 X115.655 Y116.176 E5.65725
G1 X115.036 Y116.689 E5.68446
G1 X114.52 Y117.049 E5.70576
G1 X114.088 Y117.309 E5.72283
G1 X113.619 Y117.552 E5.74071
G1 X112.863 Y117.867 E5.76843
G1 X112.254 Y118.064 E5.7901
G1 X111.764 Y118.186 E5.80719
G1 X111.245 Y118.282 E5.82506
G1 X110.429 Y118.36 E5.85281
G1 X109.751 Y118.371 E5.87576
G1 X109.074 Y118.32 E5.89874
G1 X108.309 Y118.2 E5.92495
G1 X107.814 Y118.084 E5.94216
G1 X107.308 Y117.93 E5.96006
G1 X106.674 Y117.683 E5.98309
G1 X105.977 Y117.343 E6.00934
G1 X105.539 Y117.087 E6.02651
G1 X105.099 Y116.791 E6.04446
G1 X104.584 Y116.385 E6.06666
G1 X103.996 Y115.837 E6.09387
G1 X103.667 Y115.457 E6.11088
G1 X103.406 Y115.154 F9000
;LAYER_CHANGE
;Z:3.4
;HEIGHT:0.2
G1 E5.31088 F2100
G92 E0
G1 Z3.4 F9000
G1 X107.691 Y116.662
G1 E.8 F2100
;TYPE:Perimeter
;WIDTH:0.517682
G1 F2700
G1 X107.263 Y116.513 E.81789
;WIDTH:0.506096
G1 X106.614 Y116.202 E.84561
;WIDTH:0.507261
G1 X105.897 Y115.753 E.87827
;WIDTH:0.510613
G1 X105.417 Y115.37 E.90215
;WIDTH:0.511301
G1 X104.951 Y114.934 E.927
G1 X104.572 Y114.519 E.94889
;WIDTH:0.504982
G1 X104.138 Y113.944 E.97657
;WIDTH:0.507809
G1 X103.729 Y113.252 E1.00764
;WIDTH:0.514634
G1 X103.296 Y112.23 E1.05118
;WIDTH:0.506878
G1 X103.125 Y111.627 E1.07536
;WIDTH:0.504501
G1 X103.015 Y111.051 E1.09787
;WIDTH:0.506355
G1 X102.944 Y110.373 E1.12414
;WIDTH:0.517651
G1 X102.986 Y109.173 E1.17154
;WIDTH:0.512076
G1 X103.083 Y108.588 E1.19467
G1 X103.187 Y108.132 E1.21292
;WIDTH:0.508995
G1 X103.537 Y107.154 E1.25318
;WIDTH:0.517798
G1 X103.805 Y106.633 E1.27631
G1 X104.17 Y106.01 E1.30482
;WIDTH:0.509399
G1 X104.592 Y105.461 E1.33168
;WIDTH:0.511672
G1 X105.026 Y104.991 E1.35661
G1 X105.4 Y104.64 E1.3766
;WIDTH:0.504554
G1 X105.969 Y104.198 E1.40426
;WIDTH:0.51813
G1 X106.464 Y103.901 E1.42707
G1 X107.042 Y103.586 E1.45308
;WIDTH:0.516116
G1 X107.989 Y103.239 E1.49276
G1 X108.772 Y103.048 E1.52447
;WIDTH:0.512296
G1 X109.25 Y102.975 E1.54334
;WIDTH:0.511945
G1 X110.182 Y102.946 E1.57971
;WIDTH:0.512168
G1 X110.835 Y102.99 E1.60525
G1 X111.354 Y103.066 E1.62572
;WIDTH:0.518069
G1 X112.516 Y103.397 E1.67346
;WIDTH:0.505997
G1 X113.199 Y103.7 E1.70223
;WIDTH:0.517846
G1 X114.245 Y104.353 E1.75093
;WIDTH:0.511765
G1 X114.666 Y104.703 E1.77227
G1 X115.257 Y105.289 E1.80472
G1 X115.614 Y105.715 E1.82639
;WIDTH:0.508116
G1 X115.981 Y106.238 E1.8511
;WIDTH:0.507263
G1 X116.385 Y106.973 E1.88348
;WIDTH:0.510046
G1 X116.626 Y107.564 E1.90827
;WIDTH:0.512107
G1 X116.827 Y108.202 E1.93437
G1 X116.945 Y108.696 E1.95418
;WIDTH:0.506599
G1 X117.04 Y109.409 E1.98191
G1 X117.061 Y110.255 E2.01454
;WIDTH:0.507466
G1 X116.981 Y111.096 E2.04717
;WIDTH:0.510622
G1 X116.853 Y111.695 E2.07099
;WIDTH:0.516297
G1 X116.658 Y112.326 E2.09699
G1 X116.36 Y113.076 E2.12876
;WIDTH:0.510875
G1 X116.056 Y113.629 E2.15331
G1 X115.691 Y114.183 E2.17912
;WIDTH:0.510458
G1 X115.338 Y114.621 E2.20099
;WIDTH:0.517495
G1 X114.755 Y115.206 E2.23358
G1 X114.251 Y115.64 E2.25983
;WIDTH:0.512166
G1 X113.772 Y115.968 E2.28248
G1 X113.358 Y116.215 E2.30129
;WIDTH:0.509254
G1 X112.422 Y116.633 E2.34104
;WIDTH:0.512195
G1 X111.856 Y116.811 E2.36419
G1 X111.377 Y116.929 E2.38344
;WIDTH:0.509447
G1 X110.372 Y117.051 E2.42271
;WIDTH:0.511935
G1 X109.79 Y117.056 E2.44541
G1 X109.202 Y117.017 E2.46839
;WIDTH:0.508128
G1 X108.584 Y116.923 E2.49257
;WIDTH:0.517682
G1 X107.748 Y116.682 E2.52692
G1 X107.846 Y116.25 F9000
;WIDTH:0.449999
G1 F2700
G1 X107.37 Y116.083 E2.54399
G1 X106.799 Y115.808 E2.56544
G1 X106.132 Y115.386 E2.59216
G1 X105.695 Y115.032 E2.6112
G1 X105.268 Y114.632 E2.631
G1 X104.918 Y114.26 E2.64829
G1 X104.486 Y113.683 E2.67269
G1 X104.106 Y113.034 E2.69815
G1 X103.891 Y112.541 E2.71636
G1 X103.631 Y111.817 E2.7424
G1 X103.484 Y111.204 E2.76374
G1 X103.375 Y110.243 E2.79648
G1 X103.423 Y109.164 E2.83304
G1 X103.581 Y108.325 E2.86194
G1 X103.962 Y107.263 E2.90013
G1 X104.599 Y106.153 E2.94345
G1 X105.048 Y105.59 E2.96783
G1 X105.61 Y105.03 E2.99468
G1 X106.234 Y104.542 E3.02149
G1 X107.254 Y103.966 E3.06114
G1 X108.464 Y103.549 E3.10446
G1 X109.172 Y103.421 E3.12881
G1 X110.195 Y103.383 E3.16346
G1 X110.782 Y103.425 E3.18338
G1 X111.238 Y103.487 E3.19896
G1 X112.279 Y103.774 E3.23551
G1 X112.792 Y103.995 E3.25442
G1 X113.103 Y104.141 E3.26605
G1 X114.012 Y104.722 E3.30257
G1 X114.628 Y105.251 E3.33005
G1 X115.162 Y105.837 E3.35689
G1 X115.622 Y106.483 E3.38373
G1 X116.001 Y107.179 E3.41056
G1 X116.219 Y107.723 E3.4304
G1 X116.403 Y108.312 E3.45129
G1 X116.555 Y109.061 E3.47716
G1 X116.616 Y109.605 E3.49569
G1 X116.626 Y110.264 E3.518
G1 X116.547 Y111.05 E3.54474
G1 X116.427 Y111.598 E3.56373
G1 X116.249 Y112.166 E3.58388
G1 X115.954 Y112.917 E3.61119
G1 X115.677 Y113.41 E3.63033
G1 X115.337 Y113.926 E3.65125
G1 X114.754 Y114.621 E3.68196
G1 X113.941 Y115.332 E3.71852
G1 X113.261 Y115.774 E3.74597
G1 X112.245 Y116.234 E3.78372
G1 X111.325 Y116.496 E3.8161
G1 X110.253 Y116.625 E3.85265
G1 X109.442 Y116.608 E3.88011
G1 X108.657 Y116.494 E3.90696
G1 X107.903 Y116.268 E3.9336
G1 X107.992 Y115.859 F9000
;TYPE:External perimeter
G1 F1500
G1 X107.546 Y115.716 E3.94945
G1 X106.978 Y115.442 E3.9708
G1 X106.351 Y115.043 E3.99596
G1 X105.954 Y114.718 E4.01333
G1 X105.562 Y114.351 E4.03151
G1 X105.082 Y113.8 E4.05625
G1 X104.798 Y113.419 E4.07234
G1 X104.438 Y112.796 E4.0967
G1 X104.106 Y111.993 E4.12611
G1 X103.934 Y111.396 E4.14714
G1 X103.843 Y110.901 E4.16418
G1 X103.782 Y110.29 E4.18496
G1 X103.828 Y109.211 E4.22152
G1 X103.975 Y108.432 E4.24835
G1 X104.345 Y107.4 E4.28546
G1 X104.917 Y106.407 E4.32425
G1 X105.366 Y105.844 E4.34863
G1 X105.895 Y105.32 E4.37383
G1 X106.483 Y104.864 E4.39902
G1 X107.238 Y104.441 E4.42831
G1 X107.687 Y104.238 E4.44499
G1 X108.507 Y103.958 E4.47432
G1 X109.245 Y103.821 E4.49973
G1 X110.207 Y103.79 E4.53231
G1 X110.734 Y103.829 E4.5502
G1 X111.397 Y103.953 E4.57303
G1 X112.17 Y104.166 E4.60017
G1 X112.857 Y104.469 E4.62559
G1 X113.791 Y105.064 E4.66307
G1 X114.36 Y105.557 E4.68855
G1 X114.859 Y106.109 E4.71374
G1 X115.289 Y106.717 E4.73895
G1 X115.643 Y107.372 E4.76415
G1 X115.841 Y107.872 E4.78235
G1 X116.009 Y108.414 E4.80156
G1 X116.151 Y109.115 E4.82577
G1 X116.209 Y109.611 E4.84267
G1 X116.219 Y110.268 E4.86491
G1 X116.143 Y111.008 E4.89009
G1 X116.03 Y111.507 E4.90741
G1 X115.87 Y112.017 E4.9255
G1 X115.575 Y112.768 E4.95281
G1 X115.324 Y113.207 E4.96993
G1 X115.008 Y113.687 E4.98938
G1 X114.507 Y114.294 E5.01602
G1 X113.696 Y115.005 E5.05253
G1 X113.042 Y115.431 E5.07895
G1 X112.079 Y115.862 E5.11466
G1 X111.306 Y116.086 E5.1419
G1 X110.272 Y116.213 E5.17716
G1 X109.454 Y116.201 E5.20485
G1 X108.718 Y116.091 E5.23004
G1 X108.05 Y115.877 E5.25378
G1 X107.669 Y115.755 F9000
G1 E4.45378 F2100
G92 E0
G1 X104.273 Y114.865 F9000
G1 E.8 F2100
;TYPE:Perimeter
;WIDTH:0.511301
G1 F2700
G1 X104.028 Y114.582 E.81458
;WIDTH:0.511106
G1 X103.667 Y114.073 E.83887
;WIDTH:0.50709
G1 X103.299 Y113.431 E.86743
;WIDTH:0.514634
G1 X103.047 Y112.883 E.89109
G1 X102.843 Y112.335 E.91403
;WIDTH:0.507127
G1 X102.652 Y111.619 E.94263
;WIDTH:0.504679
G1 X102.545 Y111.023 E.96588
;WIDTH:0.506056
G1 X102.479 Y110.373 E.99104
;WIDTH:0.517651
G1 X102.476 Y109.841 E1.01204
G1 X102.554 Y108.91 E1.04892
;WIDTH:0.50624
G1 X102.703 Y108.142 E1.07906
;WIDTH:0.517527
G1 X102.853 Y107.643 E1.09962
G1 X103.224 Y106.73 E1.13851
;WIDTH:0.517105
G1 X103.614 Y106.017 E1.17055
G1 X103.895 Y105.595 E1.19054
;WIDTH:0.50636
G1 X104.359 Y105.021 E1.21898
;WIDTH:0.511672
G1 X104.706 Y104.648 E1.23884
G1 X105.367 Y104.067 E1.27314
G1 X105.865 Y103.708 E1.29707
;WIDTH:0.515568
G1 X106.614 Y103.279 E1.33099
G1 X107.26 Y102.991 E1.35879
;WIDTH:0.514496
G1 X108.297 Y102.665 E1.40141
;WIDTH:0.507418
G1 X109.061 Y102.528 E1.43139
;WIDTH:0.517334
G1 X109.561 Y102.487 E1.45118
G1 X110.337 Y102.483 E1.48179
;WIDTH:0.512168
G1 X110.897 Y102.525 E1.5037
G1 X111.463 Y102.615 E1.52606
;WIDTH:0.518069
G1 X112.17 Y102.794 E1.55487
G1 X112.724 Y102.983 E1.578
;WIDTH:0.505419
G1 X113.445 Y103.305 E1.60837
;WIDTH:0.517846
G1 X113.929 Y103.582 E1.63039
G1 X114.668 Y104.097 E1.66596
;WIDTH:0.504457
G1 X115.225 Y104.589 E1.69448
;WIDTH:0.511812
G1 X115.613 Y104.984 E1.71607
G1 X115.99 Y105.441 E1.73917
;WIDTH:0.508116
G1 X116.362 Y105.974 E1.76431
;WIDTH:0.512324
G1 X116.621 Y106.415 E1.78427
G1 X116.866 Y106.914 E1.80597
;WIDTH:0.505484
G1 X117.133 Y107.604 E1.83443
;WIDTH:0.512107
G1 X117.282 Y108.089 E1.85422
G1 X117.455 Y108.948 E1.88841
G1 X117.517 Y109.592 E1.91365
;WIDTH:0.512153
G1 X117.492 Y110.741 E1.95849
G1 X117.411 Y111.317 E1.98118
;WIDTH:0.505107
G1 X117.189 Y112.22 E2.01692
;WIDTH:0.51809
G1 X116.943 Y112.904 E2.04564
G1 X116.693 Y113.442 E2.06908
;WIDTH:0.50493
G1 X116.248 Y114.193 E2.10262
;WIDTH:0.505128
G1 X115.891 Y114.683 E2.12592
G1 X115.427 Y115.208 E2.15285
;WIDTH:0.517495
G1 X115.062 Y115.567 E2.17305
G1 X114.358 Y116.135 E2.20875
;WIDTH:0.506434
G1 X113.703 Y116.557 E2.23878
;WIDTH:0.517352
G1 X113.249 Y116.788 E2.25887
G1 X112.356 Y117.146 E2.29682
;WIDTH:0.506912
G1 X111.647 Y117.347 E2.32525
;WIDTH:0.517166
G1 X111.117 Y117.443 E2.34649
G1 X110.336 Y117.518 E2.37743
;WIDTH:0.511935
G1 X109.765 Y117.524 E2.3997
G1 X109.131 Y117.477 E2.42449
;WIDTH:0.508128
G1 X108.316 Y117.338 E2.45647
;WIDTH:0.517682
G1 X107.581 Y117.127 E2.48666
G1 X106.986 Y116.898 E2.51183
;WIDTH:0.508119
G1 X106.404 Y116.615 E2.53686
;WIDTH:0.512349
G1 X105.962 Y116.354 E2.5569
G1 X105.506 Y116.039 E2.57853
;WIDTH:0.510613
G1 X105.109 Y115.722 E2.59829
;WIDTH:0.511301
G1 X104.605 Y115.25 E2.62518
G1 X104.312 Y114.911 E2.64263
G1 X103.94 Y115.148 F9000
;WIDTH:0.449999
G1 F2700
G1 X103.67 Y114.835 E2.65662
G1 X103.29 Y114.291 E2.67908
G1 X102.859 Y113.518 E2.70904
G1 X102.636 Y113.04 E2.72689
G1 X102.428 Y112.467 E2.74752
G1 X102.23 Y111.717 E2.77378
G1 X102.115 Y111.085 E2.79552
G1 X102.04 Y110.324 E2.8214
G1 X102.036 Y109.81 E2.8388
G1 X102.125 Y108.843 E2.87167
G1 X102.279 Y108.043 E2.89925
G1 X102.432 Y107.509 E2.91805
G1 X102.703 Y106.808 E2.94349
G1 X102.989 Y106.218 E2.96568
G1 X103.247 Y105.773 E2.98309
G1 X103.551 Y105.327 E3.00136
G1 X104.141 Y104.616 E3.03263
G1 X104.708 Y104.063 E3.05944
G1 X105.112 Y103.711 E3.07758
G1 X105.635 Y103.337 E3.09934
G1 X106.411 Y102.887 E3.1297
G1 X107.088 Y102.585 E3.15479
G1 X107.713 Y102.368 E3.17718
G1 X108.209 Y102.238 E3.19454
G1 X109.053 Y102.089 E3.22355
G1 X109.556 Y102.046 E3.24064
G1 X110.556 Y102.062 E3.27449
G1 X111.325 Y102.145 E3.30067
G1 X111.823 Y102.244 E3.31786
G1 X112.309 Y102.375 E3.3349
G1 X112.89 Y102.581 E3.35577
G1 X113.639 Y102.916 E3.38354
G1 X114.155 Y103.203 E3.40353
G1 X114.769 Y103.62 E3.42865
G1 X115.27 Y104.025 E3.45046
G1 X115.93 Y104.679 E3.48191
G1 X116.339 Y105.178 E3.50375
G1 X116.753 Y105.774 E3.52831
G1 X117.012 Y106.218 E3.54571
G1 X117.268 Y106.748 E3.56563
G1 X117.592 Y107.617 E3.59702
G1 X117.805 Y108.4 E3.62449
G1 X117.891 Y108.906 E3.64186
G1 X117.953 Y109.587 E3.66501
G1 X117.952 Y110.449 E3.69419
G1 X117.87 Y111.243 E3.72121
G1 X117.733 Y111.91 E3.74426
G1 X117.528 Y112.605 E3.76879
G1 X117.345 Y113.085 E3.78618
G1 X117.075 Y113.65 E3.80738
G1 X116.609 Y114.433 E3.83822
G1 X116.23 Y114.955 E3.86006
G1 X115.736 Y115.509 E3.88518
G1 X115.344 Y115.907 E3.90409
G1 X114.606 Y116.491 E3.93595
G1 X113.877 Y116.96 E3.96529
G1 X113.419 Y117.195 E3.98271
G1 X112.49 Y117.559 E4.01648
G1 X111.666 Y117.791 E4.04546
G1 X111.16 Y117.881 E4.06286
G1 X110.344 Y117.953 E4.09059
G1 X109.731 Y117.961 E4.11134
G1 X109.063 Y117.907 E4.13402
G1 X108.213 Y117.762 E4.16321
G1 X107.444 Y117.546 E4.19025
G1 X106.81 Y117.298 E4.21329
G1 X106.159 Y116.979 E4.23783
G1 X105.716 Y116.717 E4.25525
G1 X105.237 Y116.381 E4.27505
G1 X104.642 Y115.884 E4.30129
G1 X104.274 Y115.536 E4.31843
G1 X103.979 Y115.193 E4.33374
G1 X103.628 Y115.412 F9000
;TYPE:External perimeter
G1 F1800
G1 X103.369 Y115.113 E4.34713
G1 X102.967 Y114.545 E4.37068
G1 X102.574 Y113.868 E4.39718
G1 X102.287 Y113.258 E4.42
G1 X102.104 Y112.789 E4.43704
G1 X101.943 Y112.286 E4.45492
G1 X101.766 Y111.521 E4.4815
G1 X101.671 Y110.855 E4.50427
G1 X101.634 Y110.352 E4.52134
G1 X101.627 Y109.824 E4.53921
G1 X101.682 Y109.041 E4.56578
G1 X101.786 Y108.377 E4.58853
G1 X101.898 Y107.884 E4.60564
G1 X102.046 Y107.378 E4.62349
G1 X102.329 Y106.646 E4.65005
G1 X102.622 Y106.041 E4.6728
G1 X102.873 Y105.603 E4.68989
G1 X103.164 Y105.161 E4.7078
G1 X103.586 Y104.621 E4.731
G1 X104.103 Y104.054 E4.75697
G1 X104.83 Y103.412 E4.7898
G1 X105.389 Y103.01 E4.81311
G1 X105.831 Y102.739 E4.83066
G1 X106.492 Y102.405 E4.85573
G1 X106.982 Y102.191 E4.87383
G1 X107.962 Y101.88 E4.90863
G1 X108.511 Y101.759 E4.92766
G1 X109.025 Y101.682 E4.94525
G1 X109.551 Y101.639 E4.96311
G1 X110.583 Y101.656 E4.99805
G1 X111.427 Y101.749 E5.02679
G1 X111.936 Y101.852 E5.04437
G1 X112.438 Y101.989 E5.06198
G1 X113.045 Y102.205 E5.08379
G1 X113.921 Y102.601 E5.11633
G1 X114.371 Y102.857 E5.13385
G1 X115.012 Y103.292 E5.16007
G1 X115.542 Y103.722 E5.18317
G1 X116.231 Y104.405 E5.21601
G1 X116.664 Y104.932 E5.2391
G1 X117.087 Y105.542 E5.26423
G1 X117.345 Y105.978 E5.28138
G1 X117.584 Y106.449 E5.29926
G1 X117.857 Y107.108 E5.3234
G1 X118.095 Y107.855 E5.34994
G1 X118.214 Y108.37 E5.36783
G1 X118.296 Y108.868 E5.38491
G1 X118.36 Y109.583 E5.40921
G1 X118.368 Y110.28 E5.4328
G1 X118.337 Y110.785 E5.44993
G1 X118.272 Y111.309 E5.4678
G1 X118.129 Y112.008 E5.49195
G1 X117.918 Y112.72 E5.51709
G1 X117.741 Y113.194 E5.53422
G1 X117.524 Y113.676 E5.55211
G1 X117.183 Y114.303 E5.57627
G1 X116.751 Y114.955 E5.60274
G1 X116.325 Y115.488 E5.62584
G1 X115.648 Y116.183 E5.65868
G1 X115.057 Y116.673 E5.68467
G1 X114.517 Y117.05 E5.70696
G1 X114.084 Y117.31 E5.72406
G1 X113.616 Y117.554 E5.74192
G1 X112.892 Y117.856 E5.76847
G1 X112.253 Y118.064 E5.79122
G1 X111.762 Y118.186 E5.80835
G1 X111.243 Y118.282 E5.82622
G1 X110.462 Y118.358 E5.85278
G1 X109.751 Y118.371 E5.87685
G1 X109.041 Y118.316 E5.90095
G1 X108.309 Y118.2 E5.92604
G1 X107.816 Y118.084 E5.94318
G1 X107.31 Y117.931 E5.96107
G1 X106.646 Y117.671 E5.98521
G1 X105.98 Y117.344 E6.01032
G1 X105.542 Y117.089 E6.02748
G1 X105.104 Y116.794 E6.04535
G1 X104.566 Y116.37 E6.06854
G1 X104.004 Y115.846 E6.09455
G1 X103.667 Y115.457 E6.11197
G1 X103.405 Y115.155 F9000
;LAYER_CHANGE
;Z:3.6
;HEIGHT:0.2
G1 E5.31197 F2100
G92 E0
G1 Z3.6 F9000
G1 X107.693 Y116.657
G1 E.8 F2100
;TYPE:Perimeter
;WIDTH:0.517393
G1 F2700
G1 X107.019 Y116.405 E.82839
;WIDTH:0.511821
G1 X106.038 Y115.84 E.87253
;WIDTH:0.515878
G1 X105.568 Y115.487 E.89565
G1 X104.959 Y114.949 E.92761
;WIDTH:0.507622
G1 X104.403 Y114.312 E.96028
;WIDTH:0.511508
G1 X104.064 Y113.821 E.98353
G1 X103.745 Y113.279 E1.00803
;WIDTH:0.511034
G1 X103.475 Y112.699 E1.03293
;WIDTH:0.51788
G1 X103.218 Y111.93 E1.06495
G1 X103.056 Y111.287 E1.09114
;WIDTH:0.511915
G1 X102.972 Y110.668 E1.1155
;WIDTH:0.512042
G1 X102.942 Y109.853 E1.14731
G1 X102.983 Y109.219 E1.17209
;WIDTH:0.509994
G1 X103.056 Y108.696 E1.1926
;WIDTH:0.517981
G1 X103.184 Y108.193 E1.2131
G1 X103.392 Y107.507 E1.24142
;WIDTH:0.505291
G1 X103.749 Y106.707 E1.2751
;WIDTH:0.51235
G1 X104.259 Y105.882 E1.31296
;WIDTH:0.508972
G1 X104.611 Y105.438 E1.33492
;WIDTH:0.511701
G1 X105.022 Y104.994 E1.3585
G1 X105.4 Y104.64 E1.37869
;WIDTH:0.504205
G1 X105.969 Y104.198 E1.40633
;WIDTH:0.514457
G1 X106.855 Y103.685 E1.44647
G1 X107.395 Y103.443 E1.46967
;WIDTH:0.515861
G1 X107.981 Y103.242 E1.49403
G1 X108.777 Y103.047 E1.52626
;WIDTH:0.517146
G1 X109.59 Y102.961 E1.5585
G1 X110.212 Y102.945 E1.58303
;WIDTH:0.511698
G1 X110.812 Y102.987 E1.60647
G1 X111.353 Y103.069 E1.6278
;WIDTH:0.50706
G1 X112.394 Y103.354 E1.66945
;WIDTH:0.510946
G1 X112.969 Y103.595 E1.69371
;WIDTH:0.517733
G1 X113.695 Y103.996 E1.72645
G1 X114.227 Y104.341 E1.75148
;WIDTH:0.511722
G1 X114.672 Y104.708 E1.77396
G1 X115.258 Y105.289 E1.80613
G1 X115.631 Y105.738 E1.82888
;WIDTH:0.508598
G1 X115.982 Y106.239 E1.85257
;WIDTH:0.507314
G1 X116.385 Y106.973 E1.8849
;WIDTH:0.509719
G1 X116.636 Y107.589 E1.91072
;WIDTH:0.51211
G1 X116.825 Y108.195 E1.93549
G1 X116.944 Y108.696 E1.95558
;WIDTH:0.506561
G1 X117.04 Y109.409 E1.98332
;WIDTH:0.506924
G1 X117.061 Y110.255 E2.01597
;WIDTH:0.507575
G1 X116.981 Y111.096 E2.04861
;WIDTH:0.510389
G1 X116.848 Y111.717 E2.0733
;WIDTH:0.516111
G1 X116.662 Y112.316 E2.09798
G1 X116.36 Y113.076 E2.13016
;WIDTH:0.510682
G1 X116.045 Y113.647 E2.15552
G1 X115.699 Y114.173 E2.18001
;WIDTH:0.510504
G1 X115.329 Y114.632 E2.20293
;WIDTH:0.511452
G1 X114.749 Y115.224 E2.23522
G1 X114.285 Y115.615 E2.25886
;WIDTH:0.511285
G1 X113.769 Y115.971 E2.28327
;WIDTH:0.512178
G1 X113.054 Y116.365 E2.31512
G1 X112.467 Y116.618 E2.34006
;WIDTH:0.511286
G1 X111.855 Y116.813 E2.36507
;WIDTH:0.517214
G1 X111.064 Y116.971 E2.39688
G1 X110.404 Y117.047 E2.42308
;WIDTH:0.516958
G1 X109.798 Y117.049 E2.44697
G1 X109.151 Y117.007 E2.47253
;WIDTH:0.51188
G1 X108.542 Y116.907 E2.4966
G1 X108.031 Y116.783 E2.5171
;WIDTH:0.517393
G1 X107.749 Y116.678 E2.52897
G1 X107.846 Y116.25 F9000
;WIDTH:0.449999
G1 F2700
G1 X107.173 Y115.997 E2.55331
G1 X106.263 Y115.464 E2.58901
G1 X105.858 Y115.155 E2.60625
G1 X105.246 Y114.621 E2.63374
G1 X104.736 Y114.03 E2.66016
G1 X104.429 Y113.58 E2.6786
G1 X104.132 Y113.078 E2.69834
G1 X103.74 Y112.185 E2.73135
G1 X103.469 Y111.14 E2.76789
G1 X103.408 Y110.622 E2.78554
G1 X103.38 Y109.859 E2.81138
G1 X103.416 Y109.278 E2.83108
G1 X103.487 Y108.754 E2.84898
G1 X103.726 Y107.912 E2.87861
G1 X103.915 Y107.382 E2.89766
G1 X104.143 Y106.89 E2.91601
G1 X104.557 Y106.213 E2.94287
G1 X104.952 Y105.71 E2.96452
G1 X105.33 Y105.306 E2.98325
G1 X105.908 Y104.795 E3.00936
G1 X106.311 Y104.491 E3.02645
G1 X107.254 Y103.966 E3.06298
G1 X108.464 Y103.549 E3.1063
G1 X109.172 Y103.421 E3.13065
G1 X110.225 Y103.382 E3.16632
G1 X110.759 Y103.422 E3.18445
G1 X111.238 Y103.487 E3.20081
G1 X112.279 Y103.774 E3.23736
G1 X113.103 Y104.141 E3.26789
G1 X114.012 Y104.722 E3.30441
G1 X114.628 Y105.251 E3.33189
G1 X115.162 Y105.837 E3.35873
G1 X115.622 Y106.483 E3.38557
G1 X116.001 Y107.179 E3.4124
G1 X116.229 Y107.748 E3.43315
G1 X116.401 Y108.306 E3.45291
G1 X116.554 Y109.053 E3.47872
G1 X116.616 Y109.629 E3.49833
G1 X116.626 Y110.264 E3.51983
G1 X116.547 Y111.05 E3.54657
G1 X116.422 Y111.62 E3.56632
G1 X116.253 Y112.156 E3.58534
G1 X115.954 Y112.917 E3.61302
G1 X115.666 Y113.428 E3.63287
G1 X115.345 Y113.916 E3.65264
G1 X114.996 Y114.348 E3.67144
G1 X114.451 Y114.903 E3.69777
G1 X114.023 Y115.266 E3.71677
G1 X113.536 Y115.6 E3.73676
G1 X112.864 Y115.97 E3.76273
G1 X112.319 Y116.208 E3.78286
G1 X111.741 Y116.39 E3.80337
G1 X111.325 Y116.496 E3.8179
G1 X110.253 Y116.625 E3.85445
G1 X109.177 Y116.57 E3.89092
G1 X108.633 Y116.479 E3.90959
G1 X108.102 Y116.345 E3.92813
G1 X107.902 Y116.271 E3.93535
G1 X107.99 Y115.867 F9000
;TYPE:External perimeter
G1 F1500
G1 X107.316 Y115.616 E3.95969
G1 X106.471 Y115.115 E3.99294
G1 X105.514 Y114.314 E4.03518
G1 X105.046 Y113.767 E4.05955
G1 X104.615 Y113.123 E4.08578
G1 X104.381 Y112.674 E4.10292
G1 X104.144 Y112.11 E4.12363
G1 X103.873 Y111.075 E4.15984
G1 X103.782 Y110.291 E4.18656
G1 X103.792 Y109.547 E4.21175
G1 X103.89 Y108.809 E4.23695
G1 X104.117 Y108.027 E4.26451
G1 X104.285 Y107.553 E4.28153
G1 X104.514 Y107.058 E4.29999
G1 X104.903 Y106.427 E4.32508
G1 X105.271 Y105.964 E4.3451
G1 X105.615 Y105.596 E4.36215
G1 X106.157 Y105.117 E4.38663
G1 X106.511 Y104.846 E4.40172
G1 X107.452 Y104.321 E4.43819
G1 X108.536 Y103.95 E4.47697
G1 X109.245 Y103.821 E4.50136
G1 X110.237 Y103.789 E4.53496
G1 X111.099 Y103.873 E4.56428
G1 X112.17 Y104.166 E4.60186
G1 X112.857 Y104.469 E4.62728
G1 X113.773 Y105.052 E4.66403
G1 X114.36 Y105.557 E4.69024
G1 X114.859 Y106.109 E4.71543
G1 X115.289 Y106.717 E4.74064
G1 X115.643 Y107.372 E4.76584
G1 X115.85 Y107.897 E4.78494
G1 X116.007 Y108.408 E4.80303
G1 X116.15 Y109.108 E4.82721
G1 X116.209 Y109.636 E4.84519
G1 X116.219 Y110.268 E4.86659
G1 X116.143 Y111.008 E4.89177
G1 X116.025 Y111.529 E4.90985
G1 X115.874 Y112.007 E4.92682
G1 X115.575 Y112.768 E4.9545
G1 X115.314 Y113.225 E4.97231
G1 X115.016 Y113.677 E4.99064
G1 X114.687 Y114.083 E5.00833
G1 X114.174 Y114.604 E5.03308
G1 X113.778 Y114.94 E5.05066
G1 X113.318 Y115.256 E5.06955
G1 X112.688 Y115.603 E5.0939
G1 X112.181 Y115.825 E5.11263
G1 X111.635 Y115.997 E5.13201
G1 X110.962 Y116.13 E5.15523
G1 X110.204 Y116.221 E5.18107
G1 X109.201 Y116.164 E5.21508
G1 X108.356 Y116.004 E5.24419
G1 X108.046 Y115.888 E5.25539
G1 X107.671 Y115.748 F9000
G1 E4.45539 F2100
G92 E0
G1 X104.275 Y114.864 F9000
G1 E.8 F2100
;TYPE:Perimeter
;WIDTH:0.50424
G1 F2700
G1 X103.929 Y114.448 E.82076
G1 X103.456 Y113.715 E.85422
G1 X103.185 Y113.189 E.87692
;WIDTH:0.505783
G1 X102.922 Y112.568 E.90288
;WIDTH:0.51788
G1 X102.757 Y112.043 E.92461
G1 X102.564 Y111.152 E.96061
;WIDTH:0.505984
G1 X102.479 Y110.371 E.99086
;WIDTH:0.512042
G1 X102.473 Y109.833 E1.01185
G1 X102.521 Y109.152 E1.03848
;WIDTH:0.509994
G1 X102.637 Y108.424 E1.06711
;WIDTH:0.516846
G1 X102.854 Y107.637 E1.09928
G1 X103.093 Y107.008 E1.1258
;WIDTH:0.509626
G1 X103.34 Y106.491 E1.14804
;WIDTH:0.51235
G1 X103.614 Y106.013 E1.16955
G1 X103.895 Y105.594 E1.18924
;WIDTH:0.506329
G1 X104.358 Y105.02 E1.21766
;WIDTH:0.511701
G1 X104.702 Y104.652 E1.2373
G1 X105.36 Y104.072 E1.27149
G1 X105.871 Y103.705 E1.29601
;WIDTH:0.514457
G1 X106.644 Y103.264 E1.3309
G1 X107.241 Y102.998 E1.35653
;WIDTH:0.514029
G1 X108.293 Y102.676 E1.39963
;WIDTH:0.501299
G1 X109.027 Y102.542 E1.42807
;WIDTH:0.517146
G1 X109.581 Y102.486 E1.45003
G1 X110.338 Y102.483 E1.47988
;WIDTH:0.511698
G1 X110.88 Y102.524 E1.50107
;WIDTH:0.515721
G1 X111.746 Y102.68 E1.53566
G1 X112.723 Y102.983 E1.57587
;WIDTH:0.504805
G1 X113.483 Y103.334 E1.60802
;WIDTH:0.517733
G1 X113.956 Y103.599 E1.62943
G1 X114.668 Y104.097 E1.66373
;WIDTH:0.504113
G1 X115.225 Y104.589 E1.69223
;WIDTH:0.511785
G1 X115.613 Y104.984 E1.71382
G1 X116.008 Y105.464 E1.73806
;WIDTH:0.508598
G1 X116.363 Y105.975 E1.76215
;WIDTH:0.512316
G1 X116.619 Y106.411 E1.78188
G1 X116.866 Y106.914 E1.80375
;WIDTH:0.505258
G1 X117.133 Y107.604 E1.83219
;WIDTH:0.51211
G1 X117.28 Y108.083 E1.85174
G1 X117.454 Y108.941 E1.88589
G1 X117.518 Y109.617 E1.91238
;WIDTH:0.512122
G1 X117.493 Y110.733 E1.95593
G1 X117.41 Y111.317 E1.97894
;WIDTH:0.504814
G1 X117.189 Y112.22 E2.01464
;WIDTH:0.518188
G1 X116.947 Y112.894 E2.04294
G1 X116.693 Y113.442 E2.06681
;WIDTH:0.504606
G1 X116.249 Y114.192 E2.10027
;WIDTH:0.504813
G1 X115.9 Y114.671 E2.12303
G1 X115.381 Y115.254 E2.15301
;WIDTH:0.503265
G1 X114.737 Y115.847 E2.18652
;WIDTH:0.504464
G1 X114.263 Y116.2 E2.2092
;WIDTH:0.506654
G1 X113.733 Y116.539 E2.23346
;WIDTH:0.512178
G1 X113.264 Y116.785 E2.25412
G1 X112.804 Y116.983 E2.27366
;WIDTH:0.50423
G1 X112.247 Y117.181 E2.29634
;WIDTH:0.506807
G1 X111.64 Y117.349 E2.32063
;WIDTH:0.517214
G1 X111.115 Y117.443 E2.34166
G1 X110.337 Y117.518 E2.37248
;WIDTH:0.516958
G1 X109.765 Y117.522 E2.39503
G1 X108.989 Y117.457 E2.42572
;WIDTH:0.51188
G1 X108.434 Y117.363 E2.44767
G1 X107.789 Y117.194 E2.47367
;WIDTH:0.510209
G1 X106.844 Y116.835 E2.51295
;WIDTH:0.516687
G1 X106.358 Y116.586 E2.53446
G1 X105.669 Y116.153 E2.56652
;WIDTH:0.515878
G1 X105.253 Y115.84 E2.58699
G1 X104.502 Y115.136 E2.62747
;WIDTH:0.50424
G1 X104.313 Y114.91 E2.63877
G1 X103.944 Y115.144 F9000
;WIDTH:0.449999
G1 F2700
G1 X103.575 Y114.699 E2.65834
G1 X103.081 Y113.933 E2.68919
G1 X102.792 Y113.373 E2.71052
G1 X102.481 Y112.633 E2.73769
G1 X102.328 Y112.143 E2.75507
G1 X102.134 Y111.214 E2.78719
G1 X102.045 Y110.4 E2.81491
G1 X102.035 Y109.828 E2.83427
G1 X102.084 Y109.113 E2.85853
G1 X102.173 Y108.54 E2.87816
G1 X102.296 Y107.971 E2.89786
G1 X102.443 Y107.479 E2.91524
G1 X102.704 Y106.809 E2.93958
G1 X103.033 Y106.139 E2.96485
G1 X103.497 Y105.397 E2.99447
G1 X103.917 Y104.859 E3.01757
G1 X104.386 Y104.347 E3.04107
G1 X105.077 Y103.736 E3.07229
G1 X105.624 Y103.344 E3.09507
G1 X106.433 Y102.877 E3.12669
G1 X107.07 Y102.593 E3.1503
G1 X107.714 Y102.368 E3.17339
G1 X108.619 Y102.154 E3.20487
G1 X109.54 Y102.046 E3.23626
G1 X110.224 Y102.039 E3.25941
G1 X110.921 Y102.086 E3.28306
G1 X111.835 Y102.247 E3.31447
G1 X112.725 Y102.514 E3.34592
G1 X113.352 Y102.773 E3.36888
G1 X114.174 Y103.215 E3.40047
G1 X114.752 Y103.607 E3.42411
G1 X115.275 Y104.03 E3.44688
G1 X115.93 Y104.68 E3.47811
G1 X116.356 Y105.201 E3.50089
G1 X116.751 Y105.77 E3.52434
G1 X117.01 Y106.214 E3.54174
G1 X117.268 Y106.749 E3.56184
G1 X117.593 Y107.618 E3.59324
G1 X117.803 Y108.393 E3.62042
G1 X117.89 Y108.9 E3.63783
G1 X117.955 Y109.613 E3.66206
G1 X117.952 Y110.449 E3.69036
G1 X117.871 Y111.233 E3.71704
G1 X117.728 Y111.932 E3.74119
G1 X117.531 Y112.595 E3.7646
G1 X117.349 Y113.076 E3.78201
G1 X117.074 Y113.65 E3.80355
G1 X116.61 Y114.432 E3.83433
G1 X116.239 Y114.942 E3.85568
G1 X115.691 Y115.556 E3.88354
G1 X115.014 Y116.181 E3.91473
G1 X114.513 Y116.556 E3.93591
G1 X113.924 Y116.932 E3.95956
G1 X113.441 Y117.186 E3.97803
G1 X112.972 Y117.383 E3.99525
G1 X112.382 Y117.593 E4.01645
G1 X111.665 Y117.791 E4.04163
G1 X111.159 Y117.881 E4.05903
G1 X110.345 Y117.952 E4.08669
G1 X109.73 Y117.961 E4.10751
G1 X108.921 Y117.886 E4.13501
G1 X108.322 Y117.787 E4.15556
G1 X107.644 Y117.606 E4.17931
G1 X106.583 Y117.197 E4.2178
G1 X106.126 Y116.961 E4.23521
G1 X105.411 Y116.504 E4.26393
G1 X104.957 Y116.165 E4.28311
G1 X104.175 Y115.421 E4.31965
G1 X103.983 Y115.19 E4.32982
G1 X103.627 Y115.412 F9000
;TYPE:External perimeter
G1 F1800
G1 X103.38 Y115.127 E4.34259
G1 X102.96 Y114.534 E4.36719
G1 X102.584 Y113.887 E4.39252
G1 X102.283 Y113.249 E4.4164
G1 X102.101 Y112.778 E4.43349
G1 X101.941 Y112.275 E4.45136
G1 X101.771 Y111.545 E4.47673
G1 X101.67 Y110.847 E4.5006
G1 X101.633 Y110.343 E4.51771
G1 X101.627 Y109.816 E4.53555
G1 X101.68 Y109.068 E4.56093
G1 X101.787 Y108.371 E4.5848
G1 X101.899 Y107.879 E4.60188
G1 X102.048 Y107.372 E4.61977
G1 X102.318 Y106.672 E4.64517
G1 X102.624 Y106.037 E4.66903
G1 X102.876 Y105.599 E4.68613
G1 X103.166 Y105.159 E4.70397
G1 X103.606 Y104.596 E4.72816
G1 X104.1 Y104.057 E4.75291
G1 X104.823 Y103.418 E4.78557
G1 X105.403 Y103.001 E4.80975
G1 X106.248 Y102.514 E4.84276
G1 X106.92 Y102.214 E4.86767
G1 X107.6 Y101.977 E4.89205
G1 X108.548 Y101.752 E4.92503
G1 X109.515 Y101.639 E4.95798
G1 X110.236 Y101.632 E4.98239
G1 X110.97 Y101.682 E5.00729
G1 X111.929 Y101.851 E5.04025
G1 X112.861 Y102.13 E5.07318
G1 X113.526 Y102.405 E5.09754
G1 X114.385 Y102.866 E5.13054
G1 X114.994 Y103.279 E5.15545
G1 X115.547 Y103.726 E5.17952
G1 X116.232 Y104.406 E5.21219
G1 X116.682 Y104.956 E5.23624
G1 X117.085 Y105.539 E5.26023
G1 X117.342 Y105.974 E5.27733
G1 X117.582 Y106.444 E5.29519
G1 X117.866 Y107.134 E5.32045
G1 X118.094 Y107.849 E5.34585
G1 X118.212 Y108.363 E5.3637
G1 X118.295 Y108.861 E5.38079
G1 X118.362 Y109.609 E5.40621
G1 X118.368 Y110.272 E5.42865
G1 X118.338 Y110.776 E5.44574
G1 X118.273 Y111.3 E5.46361
G1 X118.123 Y112.031 E5.48887
G1 X117.922 Y112.711 E5.51287
G1 X117.745 Y113.183 E5.52993
G1 X117.53 Y113.666 E5.54783
G1 X117.172 Y114.321 E5.5731
G1 X116.759 Y114.945 E5.59843
G1 X116.315 Y115.5 E5.62249
G1 X115.641 Y116.19 E5.65514
G1 X115.078 Y116.657 E5.6799
G1 X114.514 Y117.052 E5.70321
G1 X114.081 Y117.312 E5.72031
G1 X113.613 Y117.555 E5.73816
G1 X112.921 Y117.845 E5.76356
G1 X112.252 Y118.064 E5.78739
G1 X111.761 Y118.187 E5.80452
G1 X111.242 Y118.282 E5.82238
G1 X110.496 Y118.356 E5.84776
G1 X109.751 Y118.371 E5.87298
G1 X109.009 Y118.312 E5.89818
G1 X108.27 Y118.194 E5.92351
G1 X107.55 Y118.005 E5.94871
G1 X106.883 Y117.771 E5.97264
G1 X106.418 Y117.569 E5.9898
G1 X105.948 Y117.33 E6.00765
G1 X105.313 Y116.937 E6.03293
G1 X104.724 Y116.504 E6.05767
G1 X104.013 Y115.855 E6.09025
G1 X103.667 Y115.457 E6.1081
G1 X103.406 Y115.154 F9000
;LAYER_CHANGE
;Z:3.8
;HEIGHT:0.2
G1 E5.3081 F2100
G92 E0
G1 Z3.8 F9000
G1 X107.692 Y116.659
G1 E.8 F2100
;TYPE:Perimeter
;WIDTH:0.517466
G1 F2700
G1 X107.329 Y116.526 E.81525
G1 X106.85 Y116.323 E.83578
;WIDTH:0.51105
G1 X106.014 Y115.826 E.87364
;WIDTH:0.511607
G1 X105.564 Y115.492 E.89548
G1 X105.128 Y115.113 E.91799
;WIDTH:0.508422
G1 X104.41 Y114.319 E.95943
;WIDTH:0.511434
G1 X104.056 Y113.81 E.98358
G1 X103.754 Y113.298 E1.00674
;WIDTH:0.511092
G1 X103.471 Y112.688 E1.03292
;WIDTH:0.511904
G1 X103.205 Y111.915 E1.0648
G1 X103.063 Y111.327 E1.08839
;WIDTH:0.511223
G1 X102.97 Y110.66 E1.11461
;WIDTH:0.518156
G1 X102.951 Y109.841 E1.14698
G1 X102.988 Y109.144 E1.17456
;WIDTH:0.517634
G1 X103.132 Y108.413 E1.20397
G1 X103.254 Y107.906 E1.22455
;WIDTH:0.512279
G1 X103.443 Y107.383 E1.24625
G1 X103.63 Y106.946 E1.2648
;WIDTH:0.517457
G1 X104.171 Y106.011 E1.30742
;WIDTH:0.505743
G1 X104.708 Y105.319 E1.34113
;WIDTH:0.5096
G1 X105.188 Y104.832 E1.36766
;WIDTH:0.511483
G1 X105.62 Y104.463 E1.3898
G1 X106.069 Y104.131 E1.41156
;WIDTH:0.504287
G1 X106.604 Y103.807 E1.43555
G1 X107.45 Y103.413 E1.47135
;WIDTH:0.508858
G1 X108.168 Y103.179 E1.50061
;WIDTH:0.511685
G1 X108.776 Y103.048 E1.52485
;WIDTH:0.517126
G1 X109.591 Y102.961 E1.55717
G1 X110.242 Y102.945 E1.58285
;WIDTH:0.511729
G1 X110.807 Y102.987 E1.60494
G1 X111.353 Y103.069 E1.62646
;WIDTH:0.507347
G1 X112.395 Y103.354 E1.66818
;WIDTH:0.510792
G1 X112.984 Y103.602 E1.69304
G1 X113.688 Y103.974 E1.72402
;WIDTH:0.508513
G1 X114.204 Y104.324 E1.74816
;WIDTH:0.511678
G1 X114.677 Y104.712 E1.77201
G1 X115.258 Y105.289 E1.80393
G1 X115.648 Y105.761 E1.82779
;WIDTH:0.509076
G1 X115.978 Y106.232 E1.85008
;WIDTH:0.507221
G1 X116.341 Y106.885 E1.87892
;WIDTH:0.51015
G1 X116.645 Y107.616 E1.90968
;WIDTH:0.512114
G1 X116.823 Y108.189 E1.93309
G1 X116.949 Y108.727 E1.95465
G1 X117.05 Y109.669 E1.99161
;WIDTH:0.516316
G1 X117.049 Y110.256 E2.01472
G1 X116.984 Y111.065 E2.04667
;WIDTH:0.517844
G1 X116.833 Y111.73 E2.0736
G1 X116.681 Y112.295 E2.09671
;WIDTH:0.508065
G1 X116.357 Y113.085 E2.12973
;WIDTH:0.51049
G1 X116.035 Y113.665 E2.15552
G1 X115.707 Y114.162 E2.17867
;WIDTH:0.515899
G1 X115.318 Y114.633 E2.20269
G1 X114.868 Y115.118 E2.22871
;WIDTH:0.504353
G1 X114.203 Y115.679 E2.26209
;WIDTH:0.50906
G1 X113.616 Y116.065 E2.28932
;WIDTH:0.517802
G1 X113.031 Y116.366 E2.3153
G1 X112.372 Y116.655 E2.34371
;WIDTH:0.509086
G1 X111.684 Y116.857 E2.3715
;WIDTH:0.517137
G1 X111.048 Y116.973 E2.39699
G1 X110.435 Y117.044 E2.42132
;WIDTH:0.516902
G1 X109.798 Y117.049 E2.44643
G1 X109.12 Y117.005 E2.47321
;WIDTH:0.511881
G1 X108.546 Y116.908 E2.49591
G1 X108.031 Y116.783 E2.51658
;WIDTH:0.517466
G1 X107.749 Y116.68 E2.52843
G1 X107.846 Y116.25 F9000
;WIDTH:0.449999
G1 F2700
G1 X107.173 Y115.997 E2.55277
G1 X106.239 Y115.45 E2.58941
G1 X105.517 Y114.886 E2.62042
G1 X104.734 Y114.027 E2.65976
G1 X104.422 Y113.569 E2.67852
G1 X104.141 Y113.096 E2.69714
G1 X103.874 Y112.518 E2.71869
G1 X103.626 Y111.792 E2.74466
G1 X103.492 Y111.248 E2.76362
G1 X103.375 Y110.243 E2.79787
G1 X103.423 Y109.164 E2.83443
G1 X103.678 Y108.003 E2.87467
G1 X103.968 Y107.246 E2.90211
G1 X104.548 Y106.228 E2.94177
G1 X105.048 Y105.59 E2.96921
G1 X105.495 Y105.144 E2.99058
G1 X105.888 Y104.81 E3.00804
G1 X106.292 Y104.502 E3.02524
G1 X106.829 Y104.178 E3.04647
G1 X107.63 Y103.807 E3.07635
G1 X108.296 Y103.596 E3.1
G1 X109.263 Y103.411 E3.13333
G1 X110.342 Y103.379 E3.16987
G1 X111.148 Y103.469 E3.19732
G1 X112.279 Y103.774 E3.23697
G1 X112.806 Y104.001 E3.25639
G1 X113.471 Y104.352 E3.28184
G1 X113.956 Y104.683 E3.30172
G1 X114.389 Y105.042 E3.32076
G1 X114.932 Y105.582 E3.34668
G1 X115.291 Y106.013 E3.36567
G1 X115.625 Y106.488 E3.38533
G1 X115.958 Y107.093 E3.40871
G1 X116.24 Y107.78 E3.43385
G1 X116.399 Y108.299 E3.45222
G1 X116.515 Y108.772 E3.4687
G1 X116.628 Y109.846 E3.50525
G1 X116.531 Y111.14 E3.54917
G1 X116.259 Y112.185 E3.58572
G1 X115.956 Y112.913 E3.61241
G1 X115.656 Y113.446 E3.63311
G1 X115.353 Y113.906 E3.65175
G1 X114.547 Y114.825 E3.69313
G1 X113.927 Y115.343 E3.72048
G1 X113.381 Y115.697 E3.74251
G1 X112.852 Y115.963 E3.76255
G1 X112.194 Y116.256 E3.78693
G1 X111.567 Y116.436 E3.80901
G1 X110.995 Y116.536 E3.82867
G1 X110.253 Y116.625 E3.85397
G1 X109.146 Y116.569 E3.89149
G1 X108.637 Y116.479 E3.90899
G1 X108.074 Y116.335 E3.92866
G1 X107.902 Y116.271 E3.93487
G1 X107.99 Y115.866 F9000
;TYPE:External perimeter
G1 F1500
G1 X107.283 Y115.6 E3.96044
G1 X106.356 Y115.046 E3.99699
G1 X105.775 Y114.571 E4.02239
G1 X105.037 Y113.755 E4.05963
G1 X104.615 Y113.123 E4.08535
G1 X104.249 Y112.36 E4.11399
G1 X104.016 Y111.678 E4.13838
G1 X103.892 Y111.174 E4.15595
G1 X103.811 Y110.576 E4.17638
G1 X103.798 Y109.88 E4.19994
G1 X103.83 Y109.182 E4.22359
G1 X104.075 Y108.094 E4.26134
G1 X104.347 Y107.394 E4.28676
G1 X104.9 Y106.432 E4.32432
G1 X105.366 Y105.844 E4.34972
G1 X105.78 Y105.434 E4.36944
G1 X106.483 Y104.864 E4.40007
G1 X107.039 Y104.527 E4.42208
G1 X107.8 Y104.177 E4.45043
G1 X108.416 Y103.985 E4.47227
G1 X109.275 Y103.818 E4.50189
G1 X110.354 Y103.786 E4.53843
G1 X111.099 Y103.873 E4.56382
G1 X112.17 Y104.166 E4.6014
G1 X112.64 Y104.373 E4.61878
G1 X113.269 Y104.705 E4.64285
G1 X113.726 Y105.018 E4.6616
G1 X114.121 Y105.349 E4.67904
G1 X114.63 Y105.855 E4.70333
G1 X114.958 Y106.247 E4.72063
G1 X115.29 Y106.719 E4.74016
G1 X115.6 Y107.288 E4.76209
G1 X115.863 Y107.933 E4.78567
G1 X116.105 Y108.785 E4.81565
G1 X116.209 Y109.757 E4.84874
G1 X116.137 Y111.038 E4.89217
G1 X115.865 Y112.083 E4.92872
G1 X115.581 Y112.753 E4.95335
G1 X115.304 Y113.243 E4.9724
G1 X115.023 Y113.668 E4.98965
G1 X114.246 Y114.551 E5.02946
G1 X113.669 Y115.029 E5.05482
G1 X113.162 Y115.354 E5.0752
G1 X112.686 Y115.592 E5.09321
G1 X112.029 Y115.884 E5.11755
G1 X111.459 Y116.044 E5.13759
G1 X110.947 Y116.132 E5.15517
G1 X110.204 Y116.221 E5.1805
G1 X109.17 Y116.162 E5.21556
G1 X108.356 Y116.004 E5.24363
G1 X108.046 Y115.887 E5.25485
G1 X107.672 Y115.746 F9000
G1 E4.45485 F2100
G92 E0
G1 X104.279 Y114.86 F9000
G1 E.8 F2100
;TYPE:Perimeter
;WIDTH:0.514756
G1 F2700
G1 X103.93 Y114.447 E.82121
;WIDTH:0.50389
G1 X103.456 Y113.717 E.85457
G1 X103.192 Y113.202 E.87675
;WIDTH:0.505713
G1 X102.921 Y112.567 E.90332
;WIDTH:0.511904
G1 X102.752 Y112.034 E.92512
G1 X102.603 Y111.402 E.95044
;WIDTH:0.511223
G1 X102.506 Y110.717 E.97738
G1 X102.474 Y110.214 E.99701
;WIDTH:0.516439
G1 X102.5 Y109.372 E1.03018
G1 X102.558 Y108.863 E1.05035
;WIDTH:0.517634
G1 X102.672 Y108.297 E1.07314
G1 X102.821 Y107.736 E1.09605
;WIDTH:0.512279
G1 X103.009 Y107.204 E1.11807
G1 X103.224 Y106.721 E1.1387
;WIDTH:0.517457
G1 X103.491 Y106.228 E1.16082
G1 X103.897 Y105.593 E1.19056
;WIDTH:0.505826
G1 X104.464 Y104.899 E1.22505
;WIDTH:0.5096
G1 X104.872 Y104.49 E1.24747
;WIDTH:0.511483
G1 X105.343 Y104.086 E1.27165
G1 X106.063 Y103.583 E1.30587
;WIDTH:0.511253
G1 X106.643 Y103.262 E1.33168
G1 X107.456 Y102.913 E1.36613
;WIDTH:0.507633
G1 X108.294 Y102.671 E1.39983
;WIDTH:0.503495
G1 X109.027 Y102.542 E1.42833
;WIDTH:0.517126
G1 X109.582 Y102.486 E1.45032
G1 X110.338 Y102.482 E1.48013
;WIDTH:0.511729
G1 X110.876 Y102.523 E1.50116
;WIDTH:0.515606
G1 X111.739 Y102.678 E1.53562
G1 X112.723 Y102.984 E1.57612
;WIDTH:0.504505
G1 X113.515 Y103.351 E1.60962
;WIDTH:0.506626
G1 X114.022 Y103.637 E1.63206
G1 X114.667 Y104.097 E1.66261
;WIDTH:0.503772
G1 X115.225 Y104.589 E1.69112
;WIDTH:0.511764
G1 X115.614 Y104.984 E1.71273
G1 X116.03 Y105.495 E1.73842
;WIDTH:0.509076
G1 X116.445 Y106.107 E1.76708
;WIDTH:0.508443
G1 X116.823 Y106.817 E1.79822
G1 X117.13 Y107.592 E1.83049
;WIDTH:0.512114
G1 X117.279 Y108.076 E1.85025
;WIDTH:0.51608
G1 X117.451 Y108.934 E1.88468
G1 X117.525 Y110.004 E1.92688
;WIDTH:0.518198
G1 X117.491 Y110.725 E1.95541
G1 X117.402 Y111.354 E1.98052
;WIDTH:0.517844
G1 X117.291 Y111.857 E2.00086
G1 X116.954 Y112.886 E2.04362
;WIDTH:0.511928
G1 X116.693 Y113.442 E2.06757
;WIDTH:0.51049
G1 X116.432 Y113.911 E2.08844
G1 X116.078 Y114.444 E2.11332
;WIDTH:0.515899
G1 X115.661 Y114.957 E2.13932
G1 X115.053 Y115.582 E2.17361
;WIDTH:0.506931
G1 X114.354 Y116.143 E2.20819
;WIDTH:0.506578
G1 X113.561 Y116.627 E2.24401
;WIDTH:0.517146
G1 X112.827 Y116.975 E2.27604
G1 X112.35 Y117.153 E2.29612
;WIDTH:0.506237
G1 X111.637 Y117.344 E2.32456
;WIDTH:0.517137
G1 X111.1 Y117.445 E2.34611
G1 X110.337 Y117.517 E2.37633
;WIDTH:0.516902
G1 X109.764 Y117.522 E2.39891
G1 X108.989 Y117.457 E2.42956
;WIDTH:0.511881
G1 X108.437 Y117.364 E2.45139
G1 X107.76 Y117.185 E2.4787
;WIDTH:0.51113
G1 X106.844 Y116.836 E2.51686
;WIDTH:0.516593
G1 X106.362 Y116.588 E2.53821
G1 X105.668 Y116.154 E2.57045
;WIDTH:0.511607
G1 X105.258 Y115.846 E2.59043
;WIDTH:0.514756
G1 X104.618 Y115.26 E2.62447
G1 X104.318 Y114.906 E2.64268
G1 X103.938 Y115.149 F9000
;WIDTH:0.449999
G1 F2700
G1 X103.711 Y114.889 E2.65436
G1 X103.295 Y114.303 E2.67869
G1 X102.955 Y113.717 E2.70162
G1 X102.648 Y113.065 E2.72601
G1 X102.465 Y112.586 E2.74337
G1 X102.229 Y111.722 E2.77369
G1 X102.121 Y111.116 E2.79453
G1 X102.045 Y110.398 E2.81897
G1 X102.035 Y109.835 E2.83803
G1 X102.062 Y109.323 E2.85538
G1 X102.13 Y108.782 E2.87384
G1 X102.247 Y108.179 E2.89463
G1 X102.455 Y107.443 E2.92052
G1 X102.786 Y106.619 E2.95058
G1 X103.104 Y106.015 E2.97369
G1 X103.501 Y105.392 E2.9987
G1 X104.073 Y104.676 E3.02972
G1 X104.566 Y104.176 E3.05349
G1 X105.064 Y103.747 E3.07574
G1 X105.821 Y103.218 E3.107
G1 X106.439 Y102.874 E3.13094
G1 X107.293 Y102.507 E3.1624
G1 X107.925 Y102.309 E3.18482
G1 X108.621 Y102.153 E3.20896
G1 X109.542 Y102.046 E3.24034
G1 X110.255 Y102.04 E3.26448
G1 X110.917 Y102.086 E3.28694
G1 X111.827 Y102.246 E3.31821
G1 X112.714 Y102.51 E3.34954
G1 X113.368 Y102.781 E3.3735
G1 X114.186 Y103.222 E3.40496
G1 X114.734 Y103.594 E3.42738
G1 X115.281 Y104.034 E3.45114
G1 X115.931 Y104.68 E3.48216
G1 X116.374 Y105.225 E3.50593
G1 X116.723 Y105.729 E3.52668
G1 X116.999 Y106.192 E3.54493
G1 X117.227 Y106.651 E3.56228
G1 X117.594 Y107.618 E3.59729
G1 X117.802 Y108.387 E3.62426
G1 X117.889 Y108.893 E3.64164
G1 X117.956 Y109.638 E3.66696
G1 X117.962 Y110.268 E3.68829
G1 X117.928 Y110.78 E3.70566
G1 X117.828 Y111.442 E3.72832
G1 X117.714 Y111.983 E3.74703
G1 X117.467 Y112.77 E3.77495
G1 X117.17 Y113.474 E3.80081
G1 X116.812 Y114.129 E3.82608
G1 X116.437 Y114.693 E3.84901
G1 X116 Y115.241 E3.87273
G1 X115.359 Y115.894 E3.9037
G1 X114.649 Y116.47 E3.93465
G1 X114.084 Y116.838 E3.95747
G1 X113.45 Y117.18 E3.98185
G1 X112.981 Y117.388 E3.99922
G1 X112.47 Y117.571 E4.01759
G1 X111.722 Y117.77 E4.04379
G1 X111.144 Y117.883 E4.06372
G1 X110.346 Y117.951 E4.09083
G1 X109.729 Y117.961 E4.11172
G1 X108.919 Y117.887 E4.13925
G1 X108.325 Y117.787 E4.15964
G1 X107.614 Y117.597 E4.18455
G1 X106.601 Y117.205 E4.22132
G1 X106.153 Y116.977 E4.23834
G1 X105.517 Y116.583 E4.26366
G1 X104.989 Y116.193 E4.28588
G1 X104.313 Y115.578 E4.31681
G1 X103.977 Y115.194 E4.33408
G1 X103.636 Y115.404 F9000
;TYPE:External perimeter
G1 F1800
G1 X103.243 Y114.934 E4.35482
G1 X102.729 Y114.14 E4.38684
G1 X102.431 Y113.561 E4.40888
G1 X102.134 Y112.865 E4.43449
G1 X101.95 Y112.304 E4.45447
G1 X101.833 Y111.814 E4.47152
G1 X101.733 Y111.278 E4.48998
G1 X101.661 Y110.755 E4.50785
G1 X101.63 Y110.22 E4.52599
G1 X101.652 Y109.341 E4.55575
G1 X101.709 Y108.817 E4.57359
G1 X101.843 Y108.114 E4.59781
G1 X102.04 Y107.403 E4.62278
G1 X102.21 Y106.928 E4.63986
G1 X102.418 Y106.443 E4.65772
G1 X102.752 Y105.81 E4.68195
G1 X103.169 Y105.155 E4.70823
G1 X103.768 Y104.406 E4.74069
G1 X104.288 Y103.879 E4.76575
G1 X104.813 Y103.425 E4.78924
G1 X105.605 Y102.872 E4.82194
G1 X106.26 Y102.508 E4.8473
G1 X107.152 Y102.125 E4.88016
G1 X107.82 Y101.916 E4.90385
G1 X108.553 Y101.751 E4.92928
G1 X109.516 Y101.639 E4.9621
G1 X110.268 Y101.633 E4.98756
G1 X110.966 Y101.681 E5.01124
G1 X111.921 Y101.849 E5.04406
G1 X112.85 Y102.126 E5.07687
G1 X113.543 Y102.413 E5.10226
G1 X114.398 Y102.874 E5.13514
G1 X114.977 Y103.266 E5.15881
G1 X115.553 Y103.731 E5.18387
G1 X116.233 Y104.407 E5.21633
G1 X116.7 Y104.98 E5.24135
G1 X117.084 Y105.536 E5.26422
G1 X117.34 Y105.97 E5.28128
G1 X117.58 Y106.439 E5.29911
G1 X117.876 Y107.161 E5.32552
G1 X118.092 Y107.843 E5.34973
G1 X118.211 Y108.356 E5.36756
G1 X118.294 Y108.855 E5.38468
G1 X118.363 Y109.635 E5.41119
G1 X118.369 Y110.264 E5.43248
G1 X118.339 Y110.767 E5.44954
G1 X118.275 Y111.29 E5.46737
G1 X118.117 Y112.054 E5.49378
G1 X117.925 Y112.701 E5.51662
G1 X117.749 Y113.173 E5.53367
G1 X117.535 Y113.655 E5.55152
G1 X117.161 Y114.339 E5.57791
G1 X116.767 Y114.934 E5.60207
G1 X116.305 Y115.511 E5.62709
G1 X115.634 Y116.196 E5.65955
G1 X114.889 Y116.799 E5.69199
G1 X114.292 Y117.188 E5.71611
G1 X113.644 Y117.538 E5.74104
G1 X113.182 Y117.746 E5.75819
G1 X112.689 Y117.931 E5.77601
G1 X112.001 Y118.129 E5.80024
G1 X111.238 Y118.283 E5.82659
G1 X110.529 Y118.354 E5.85071
G1 X109.751 Y118.371 E5.87705
G1 X108.976 Y118.308 E5.90337
G1 X108.272 Y118.195 E5.9275
G1 X107.52 Y117.996 E5.95383
G1 X106.885 Y117.772 E5.97662
G1 X106.421 Y117.571 E5.99374
G1 X105.952 Y117.331 E6.01157
G1 X105.289 Y116.921 E6.03796
G1 X104.775 Y116.542 E6.05958
G1 X104.377 Y116.187 E6.07763
G1 X103.981 Y115.817 E6.09597
G1 X103.675 Y115.451 E6.11212
G1 X103.418 Y115.143 F9000
;LAYER_CHANGE
;Z:4
;HEIGHT:0.2
G1 E5.31212 F2100
G92 E0
G1 Z4 F9000
G1 X107.692 Y116.659
G1 E.8 F2100
;TYPE:Perimeter
;WIDTH:0.517408
G1 F2700
G1 X107.346 Y116.533 E.81453
G1 X106.851 Y116.322 E.83576
;WIDTH:0.517687
G1 X106.219 Y115.952 E.86467
G1 X105.773 Y115.658 E.88576
;WIDTH:0.517575
G1 X105.26 Y115.219 E.91241
G1 X104.851 Y114.836 E.93452
;WIDTH:0.502098
G1 X104.388 Y114.285 E.962
;WIDTH:0.504595
G1 X104.072 Y113.842 E.98289
;WIDTH:0.50891
G1 X103.76 Y113.308 E1.00685
;WIDTH:0.511608
G1 X103.467 Y112.677 E1.03396
;WIDTH:0.518147
G1 X103.213 Y111.91 E1.06589
G1 X103.067 Y111.332 E1.08945
;WIDTH:0.511796
G1 X102.97 Y110.65 E1.11631
G1 X102.939 Y110.223 E1.133
;WIDTH:0.516319
G1 X102.972 Y109.402 E1.16534
G1 X103.013 Y108.958 E1.18289
;WIDTH:0.51771
G1 X103.254 Y107.906 E1.2255
;WIDTH:0.512269
G1 X103.445 Y107.379 E1.24738
G1 X103.63 Y106.946 E1.26576
;WIDTH:0.51751
G1 X104.171 Y106.011 E1.30839
;WIDTH:0.505525
G1 X104.708 Y105.319 E1.34208
;WIDTH:0.509296
G1 X105.207 Y104.814 E1.36961
;WIDTH:0.511482
G1 X105.613 Y104.469 E1.39037
G1 X106.069 Y104.131 E1.41248
;WIDTH:0.503933
G1 X106.618 Y103.799 E1.43707
G1 X107.451 Y103.412 E1.47228
;WIDTH:0.509312
G1 X108.145 Y103.186 E1.50058
;WIDTH:0.511645
G1 X108.782 Y103.047 E1.52599
;WIDTH:0.517113
G1 X109.592 Y102.961 E1.55811
G1 X110.272 Y102.944 E1.58493
;WIDTH:0.511762
G1 X110.802 Y102.986 E1.60566
G1 X111.353 Y103.069 E1.62738
;WIDTH:0.507648
G1 X112.395 Y103.354 E1.66912
;WIDTH:0.510636
G1 X112.999 Y103.609 E1.69462
;WIDTH:0.518038
G1 X113.717 Y104.01 E1.72711
G1 X114.192 Y104.318 E1.74948
;WIDTH:0.511637
G1 X114.683 Y104.717 E1.77414
;WIDTH:0.511743
G1 X115.258 Y105.29 E1.80578
G1 X115.664 Y105.785 E1.83074
;WIDTH:0.509558
G1 X115.978 Y106.232 E1.85194
;WIDTH:0.507274
G1 X116.348 Y106.899 E1.88139
;WIDTH:0.509598
G1 X116.655 Y107.641 E1.91255
;WIDTH:0.512117
G1 X116.822 Y108.182 E1.93464
G1 X116.944 Y108.696 E1.95525
;WIDTH:0.506496
G1 X117.039 Y109.41 E1.98301
;WIDTH:0.507399
G1 X117.062 Y110.255 E2.01566
;WIDTH:0.507973
G1 X116.983 Y111.081 E2.04775
;WIDTH:0.509919
G1 X116.838 Y111.761 E2.07475
;WIDTH:0.515739
G1 X116.67 Y112.296 E2.0968
G1 X116.36 Y113.076 E2.1298
;WIDTH:0.510297
G1 X116.024 Y113.683 E2.15676
G1 X115.715 Y114.151 E2.17855
;WIDTH:0.51054
G1 X115.309 Y114.654 E2.20368
;WIDTH:0.51757
G1 X114.74 Y115.219 E2.23533
G1 X114.227 Y115.659 E2.262
;WIDTH:0.509533
G1 X113.64 Y116.05 E2.28937
;WIDTH:0.512099
G1 X113.025 Y116.379 E2.31658
G1 X112.269 Y116.691 E2.34849
;WIDTH:0.509212
G1 X111.714 Y116.85 E2.37087
;WIDTH:0.517195
G1 X111.045 Y116.974 E2.3977
G1 X110.466 Y117.041 E2.42069
;WIDTH:0.516845
G1 X109.798 Y117.049 E2.44702
G1 X109.089 Y117.002 E2.47502
;WIDTH:0.511888
G1 X108.549 Y116.909 E2.49639
G1 X108.031 Y116.783 E2.51718
;WIDTH:0.517408
G1 X107.749 Y116.68 E2.52902
G1 X107.847 Y116.247 F9000
;WIDTH:0.449999
G1 F2700
G1 X107.501 Y116.12 E2.5415
G1 X106.958 Y115.88 E2.5616
G1 X106.147 Y115.395 E2.59359
G1 X105.55 Y114.887 E2.62012
G1 X105.038 Y114.386 E2.64437
G1 X104.694 Y113.979 E2.66241
G1 X104.405 Y113.557 E2.67972
G1 X104.085 Y112.997 E2.70155
G1 X103.74 Y112.185 E2.73141
G1 X103.469 Y111.14 E2.76795
G1 X103.375 Y110.243 E2.79848
G1 X103.423 Y109.164 E2.83504
G1 X103.678 Y108.003 E2.87528
G1 X103.968 Y107.246 E2.90272
G1 X104.264 Y106.719 E2.92318
G1 X104.548 Y106.228 E2.94238
G1 X105.048 Y105.59 E2.96982
G1 X105.513 Y105.125 E2.99208
G1 X106.234 Y104.542 E3.02347
G1 X106.842 Y104.171 E3.04758
G1 X107.631 Y103.807 E3.07699
G1 X108.274 Y103.603 E3.09982
G1 X109.263 Y103.411 E3.13392
G1 X110.342 Y103.379 E3.17046
G1 X111.148 Y103.469 E3.19791
G1 X112.279 Y103.774 E3.23756
G1 X113.103 Y104.141 E3.26809
G1 X114.012 Y104.722 E3.30461
G1 X114.394 Y105.047 E3.32159
G1 X114.932 Y105.583 E3.3473
G1 X115.307 Y106.036 E3.36721
G1 X115.622 Y106.483 E3.38572
G1 X115.965 Y107.106 E3.40979
G1 X116.25 Y107.804 E3.43531
G1 X116.398 Y108.292 E3.45257
G1 X116.552 Y109.038 E3.47835
G1 X116.615 Y109.541 E3.49551
G1 X116.626 Y110.266 E3.52005
G1 X116.549 Y111.035 E3.54621
G1 X116.412 Y111.664 E3.568
G1 X116.105 Y112.53 E3.5991
G1 X115.914 Y112.999 E3.61624
G1 X115.554 Y113.622 E3.6406
G1 X115.264 Y114.031 E3.65757
G1 X114.817 Y114.558 E3.68096
G1 X113.941 Y115.332 E3.72053
G1 X113.405 Y115.682 E3.7422
G1 X112.835 Y115.984 E3.76403
G1 X112.121 Y116.28 E3.79019
G1 X111.599 Y116.428 E3.80856
G1 X110.992 Y116.536 E3.82943
G1 X110.253 Y116.625 E3.85462
G1 X109.115 Y116.567 E3.89319
G1 X108.271 Y116.402 E3.9223
G1 X107.904 Y116.267 E3.93554
G1 X107.99 Y115.867 F9000
;TYPE:External perimeter
G1 F1500
G1 X107.644 Y115.739 E3.94803
G1 X107.167 Y115.53 E3.96566
G1 X106.356 Y115.046 E3.99763
G1 X105.818 Y114.58 E4.02172
G1 X105.348 Y114.123 E4.04391
G1 X105.019 Y113.734 E4.06116
G1 X104.492 Y112.889 E4.09487
G1 X104.244 Y112.345 E4.11511
G1 X104.034 Y111.696 E4.1382
G1 X103.863 Y111.037 E4.16125
G1 X103.782 Y110.291 E4.18665
G1 X103.835 Y109.146 E4.22545
G1 X104.075 Y108.094 E4.26197
G1 X104.347 Y107.394 E4.28739
G1 X104.617 Y106.922 E4.3058
G1 X104.9 Y106.432 E4.32495
G1 X105.366 Y105.844 E4.35035
G1 X105.799 Y105.415 E4.37098
G1 X106.483 Y104.864 E4.40071
G1 X107.052 Y104.52 E4.42322
G1 X107.8 Y104.177 E4.45107
G1 X108.394 Y103.992 E4.47213
G1 X109.275 Y103.818 E4.50253
G1 X110.354 Y103.786 E4.53907
G1 X111.099 Y103.873 E4.56446
G1 X112.17 Y104.166 E4.60204
G1 X112.656 Y104.38 E4.62001
G1 X113.261 Y104.725 E4.64358
G1 X113.793 Y105.065 E4.66495
G1 X114.36 Y105.557 E4.69036
G1 X114.859 Y106.109 E4.71555
G1 X115.289 Y106.717 E4.74076
G1 X115.607 Y107.301 E4.76327
G1 X115.872 Y107.956 E4.78719
G1 X116.105 Y108.785 E4.81634
G1 X116.206 Y109.522 E4.84152
G1 X116.219 Y110.267 E4.86674
G1 X116.144 Y110.993 E4.89144
G1 X116.015 Y111.574 E4.91159
G1 X115.562 Y112.795 E4.95567
G1 X115.202 Y113.419 E4.98005
G1 X114.667 Y114.106 E5.00952
G1 X114.182 Y114.58 E5.03247
G1 X113.673 Y115.025 E5.05536
G1 X113.185 Y115.339 E5.075
G1 X112.658 Y115.617 E5.09517
G1 X111.982 Y115.898 E5.11995
G1 X111.492 Y116.036 E5.13718
G1 X110.943 Y116.132 E5.15604
G1 X110.204 Y116.221 E5.18123
G1 X109.14 Y116.16 E5.2173
G1 X108.356 Y116.004 E5.24436
G1 X108.046 Y115.888 E5.25556
G1 X107.671 Y115.747 F9000
G1 E4.45556 F2100
G92 E0
G1 X104.269 Y114.869 F9000
G1 E.8 F2100
;TYPE:Perimeter
;WIDTH:0.510291
G1 F2700
G1 X103.958 Y114.466 E.81978
;WIDTH:0.506984
G1 X103.623 Y114.001 E.84189
G1 X103.235 Y113.292 E.87308
;WIDTH:0.505654
G1 X102.921 Y112.565 E.90355
;WIDTH:0.518147
G1 X102.752 Y112.024 E.92595
G1 X102.565 Y111.152 E.96119
;WIDTH:0.508423
G1 X102.473 Y110.214 E.99767
;WIDTH:0.516319
G1 X102.5 Y109.365 E1.03111
G1 X102.558 Y108.864 E1.05096
;WIDTH:0.51771
G1 X102.666 Y108.323 E1.07274
G1 X102.821 Y107.737 E1.09667
;WIDTH:0.512269
G1 X103.011 Y107.2 E1.1189
G1 X103.224 Y106.722 E1.13932
;WIDTH:0.51751
G1 X103.477 Y106.252 E1.16038
G1 X103.897 Y105.593 E1.19122
;WIDTH:0.505926
G1 X104.465 Y104.899 E1.22575
;WIDTH:0.509296
G1 X104.891 Y104.472 E1.24914
;WIDTH:0.511482
G1 X105.335 Y104.092 E1.27191
G1 X106.052 Y103.59 E1.30601
;WIDTH:0.511022
G1 X106.657 Y103.256 E1.33291
G1 X107.467 Y102.909 E1.36721
;WIDTH:0.50795
G1 X108.294 Y102.672 E1.40048
;WIDTH:0.503153
G1 X109.027 Y102.542 E1.42897
;WIDTH:0.517113
G1 X109.583 Y102.486 E1.451
G1 X110.339 Y102.481 E1.48081
;WIDTH:0.511762
G1 X110.871 Y102.523 E1.50161
;WIDTH:0.515491
G1 X111.732 Y102.677 E1.53598
G1 X112.723 Y102.984 E1.57675
;WIDTH:0.504204
G1 X113.488 Y103.336 E1.60905
;WIDTH:0.518038
G1 X113.978 Y103.613 E1.63129
G1 X114.667 Y104.098 E1.66458
;WIDTH:0.503451
G1 X115.225 Y104.589 E1.69304
;WIDTH:0.511743
G1 X115.614 Y104.985 E1.71468
G1 X116.047 Y105.518 E1.74145
;WIDTH:0.509558
G1 X116.446 Y106.108 E1.76909
;WIDTH:0.507741
G1 X116.83 Y106.832 E1.80076
;WIDTH:0.509598
G1 X117.094 Y107.483 E1.82802
;WIDTH:0.512117
G1 X117.277 Y108.069 E1.85197
G1 X117.452 Y108.926 E1.88609
;WIDTH:0.511918
G1 X117.52 Y109.667 E1.91511
;WIDTH:0.51206
G1 X117.495 Y110.717 E1.95608
G1 X117.409 Y111.317 E1.97972
;WIDTH:0.505537
G1 X117.19 Y112.221 E2.0155
;WIDTH:0.518387
G1 X116.955 Y112.875 E2.04297
G1 X116.692 Y113.442 E2.06768
;WIDTH:0.503948
G1 X116.252 Y114.19 E2.10095
;WIDTH:0.504188
G1 X115.918 Y114.646 E2.12263
G1 X115.422 Y115.213 E2.15152
;WIDTH:0.51757
G1 X115.045 Y115.582 E2.17234
G1 X114.354 Y116.143 E2.20747
;WIDTH:0.506765
G1 X113.595 Y116.609 E2.24182
;WIDTH:0.507042
G1 X112.801 Y116.991 E2.27582
G1 X112.27 Y117.176 E2.29752
;WIDTH:0.50572
G1 X111.632 Y117.345 E2.32292
;WIDTH:0.517195
G1 X111.097 Y117.445 E2.34438
G1 X110.337 Y117.516 E2.37448
;WIDTH:0.516845
G1 X109.764 Y117.522 E2.39706
G1 X108.988 Y117.458 E2.42774
;WIDTH:0.511888
G1 X108.44 Y117.365 E2.44941
;WIDTH:0.512053
G1 X107.731 Y117.175 E2.47804
;WIDTH:0.517408
G1 X107.162 Y116.97 E2.5019
G1 X106.496 Y116.661 E2.53087
;WIDTH:0.517687
G1 X105.965 Y116.353 E2.5551
G1 X105.476 Y116.012 E2.57863
;WIDTH:0.517575
G1 X104.935 Y115.564 E2.60635
G1 X104.339 Y114.96 E2.63984
;WIDTH:0.510291
G1 X104.305 Y114.916 E2.642
G1 X103.936 Y115.151 F9000
;WIDTH:0.449999
G1 F2700
G1 X103.614 Y114.724 E2.6601
G1 X103.247 Y114.22 E2.6812
G1 X102.843 Y113.477 E2.70983
G1 X102.474 Y112.614 E2.7416
G1 X102.322 Y112.124 E2.75897
G1 X102.136 Y111.215 E2.79038
G1 X102.045 Y110.396 E2.81827
G1 X102.035 Y109.827 E2.83753
G1 X102.063 Y109.315 E2.85489
G1 X102.13 Y108.783 E2.87304
G1 X102.241 Y108.205 E2.89296
G1 X102.455 Y107.442 E2.91978
G1 X102.788 Y106.614 E2.94999
G1 X103.09 Y106.04 E2.97194
G1 X103.503 Y105.388 E2.99806
G1 X104.071 Y104.678 E3.02884
G1 X104.586 Y104.158 E3.05361
G1 X105.056 Y103.753 E3.07461
G1 X105.809 Y103.225 E3.10574
G1 X106.453 Y102.867 E3.13068
G1 X107.304 Y102.503 E3.16201
G1 X107.902 Y102.316 E3.18322
G1 X108.627 Y102.152 E3.20838
G1 X109.543 Y102.046 E3.23959
G1 X110.287 Y102.041 E3.26477
G1 X110.912 Y102.085 E3.28598
G1 X111.82 Y102.244 E3.31718
G1 X112.703 Y102.506 E3.34836
G1 X113.384 Y102.788 E3.37331
G1 X114.198 Y103.229 E3.40465
G1 X114.717 Y103.581 E3.42588
G1 X115.286 Y104.039 E3.4506
G1 X115.932 Y104.681 E3.48143
G1 X116.392 Y105.249 E3.50617
G1 X116.747 Y105.764 E3.52734
G1 X117.006 Y106.206 E3.54468
G1 X117.233 Y106.667 E3.56207
G1 X117.595 Y107.619 E3.59655
G1 X117.801 Y108.381 E3.62327
G1 X117.888 Y108.886 E3.64062
G1 X117.957 Y109.664 E3.66706
G1 X117.962 Y110.26 E3.68723
G1 X117.929 Y110.771 E3.70456
G1 X117.835 Y111.405 E3.72625
G1 X117.708 Y112.005 E3.74701
G1 X117.523 Y112.622 E3.76881
G1 X117.175 Y113.463 E3.79962
G1 X116.802 Y114.147 E3.82599
G1 X116.445 Y114.683 E3.84779
G1 X115.99 Y115.252 E3.87245
G1 X115.352 Y115.901 E3.90326
G1 X114.645 Y116.473 E3.93404
G1 X114.109 Y116.823 E3.95571
G1 X113.423 Y117.195 E3.98212
G1 X112.953 Y117.399 E3.99946
G1 X112.39 Y117.594 E4.01963
G1 X111.637 Y117.786 E4.04593
G1 X111.142 Y117.883 E4.063
G1 X110.347 Y117.95 E4.09001
G1 X109.728 Y117.961 E4.11097
G1 X108.918 Y117.888 E4.1385
G1 X108.328 Y117.788 E4.15876
G1 X107.585 Y117.588 E4.1848
G1 X106.975 Y117.369 E4.20674
G1 X106.279 Y117.041 E4.23278
G1 X105.358 Y116.476 E4.26935
G1 X104.648 Y115.901 E4.30028
G1 X104.017 Y115.259 E4.33075
G1 X103.972 Y115.199 E4.33329
G1 X103.624 Y115.415 F9000
;TYPE:External perimeter
G1 F1800
G1 X102.944 Y114.51 E4.37161
G1 X102.604 Y113.926 E4.39448
G1 X102.257 Y113.191 E4.42199
G1 X102.073 Y112.698 E4.4398
G1 X101.926 Y112.217 E4.45682
G1 X101.733 Y111.274 E4.4894
G1 X101.66 Y110.745 E4.50748
G1 X101.63 Y110.219 E4.52531
G1 X101.653 Y109.334 E4.55528
G1 X101.71 Y108.809 E4.57316
G1 X101.837 Y108.14 E4.59621
G1 X102.042 Y107.398 E4.62227
G1 X102.212 Y106.922 E4.63938
G1 X102.42 Y106.438 E4.65721
G1 X102.737 Y105.835 E4.68027
G1 X103.172 Y105.151 E4.70771
G1 X103.767 Y104.407 E4.73996
G1 X104.308 Y103.86 E4.766
G1 X104.806 Y103.431 E4.78825
G1 X105.593 Y102.88 E4.82077
G1 X106.274 Y102.501 E4.84715
G1 X107.163 Y102.121 E4.87988
G1 X107.796 Y101.922 E4.90234
G1 X108.559 Y101.75 E4.92881
G1 X109.518 Y101.639 E4.96149
G1 X110.3 Y101.634 E4.98796
G1 X110.962 Y101.681 E5.01042
G1 X111.913 Y101.847 E5.0431
G1 X112.839 Y102.122 E5.0758
G1 X113.559 Y102.42 E5.10218
G1 X114.41 Y102.881 E5.13494
G1 X114.959 Y103.253 E5.15739
G1 X115.558 Y103.735 E5.18341
G1 X116.234 Y104.408 E5.2157
G1 X116.718 Y105.005 E5.24171
G1 X117.082 Y105.533 E5.26342
G1 X117.338 Y105.966 E5.28045
G1 X117.578 Y106.435 E5.29828
G1 X117.886 Y107.187 E5.32579
G1 X118.09 Y107.836 E5.34882
G1 X118.21 Y108.35 E5.36669
G1 X118.293 Y108.849 E5.38381
G1 X118.364 Y109.66 E5.41137
G1 X118.369 Y110.257 E5.43158
G1 X118.339 Y110.758 E5.44857
G1 X118.276 Y111.281 E5.4664
G1 X118.111 Y112.077 E5.49392
G1 X117.928 Y112.692 E5.51564
G1 X117.753 Y113.163 E5.53265
G1 X117.54 Y113.644 E5.55046
G1 X117.15 Y114.357 E5.57797
G1 X116.775 Y114.923 E5.60095
G1 X116.295 Y115.523 E5.62696
G1 X115.626 Y116.203 E5.65925
G1 X114.885 Y116.802 E5.6915
G1 X114.317 Y117.173 E5.71446
G1 X113.641 Y117.539 E5.74048
G1 X113.179 Y117.747 E5.75763
G1 X112.686 Y117.932 E5.77545
G1 X112.032 Y118.121 E5.79849
G1 X111.237 Y118.283 E5.82595
G1 X110.562 Y118.353 E5.84892
G1 X109.752 Y118.371 E5.87634
G1 X108.944 Y118.305 E5.90378
G1 X108.274 Y118.195 E5.92676
G1 X107.49 Y117.987 E5.95422
G1 X106.85 Y117.76 E5.97721
G1 X106.116 Y117.416 E6.00465
G1 X105.559 Y117.098 E6.02636
G1 X105.116 Y116.803 E6.04438
G1 X104.374 Y116.203 E6.07668
G1 X103.707 Y115.525 E6.10887
G1 X103.66 Y115.462 E6.11153
G1 X103.42 Y115.143 F9000
;LAYER_CHANGE
;Z:4.2
;HEIGHT:0.2
G1 E5.31153 F2100
G92 E0
G1 Z4.2 F9000
G1 X107.692 Y116.659
G1 E.8 F2100
;TYPE:Perimeter
;WIDTH:0.517492
G1 F2700
G1 X107.351 Y116.534 E.81433
G1 X106.851 Y116.322 E.83576
;WIDTH:0.517777
G1 X106.224 Y115.955 E.86445
G1 X105.797 Y115.678 E.88455
;WIDTH:0.507408
G1 X105.251 Y115.232 E.91178
;WIDTH:0.517538
G1 X104.717 Y114.667 E.94246
G1 X104.351 Y114.237 E.96474
;WIDTH:0.517981
G1 X103.769 Y113.319 E1.00768
;WIDTH:0.511527
G1 X103.463 Y112.667 E1.03574
;WIDTH:0.51186
G1 X103.199 Y111.895 E1.06755
G1 X103.07 Y111.372 E1.08855
;WIDTH:0.511346
G1 X102.969 Y110.642 E1.11725
;WIDTH:0.518319
G1 X102.952 Y109.827 E1.14947
G1 X102.988 Y109.144 E1.17651
;WIDTH:0.517784
G1 X103.12 Y108.464 E1.20386
G1 X103.254 Y107.906 E1.22652
;WIDTH:0.512258
G1 X103.447 Y107.375 E1.24857
G1 X103.63 Y106.946 E1.26677
;WIDTH:0.507503
G1 X104.171 Y106.011 E1.3085
;WIDTH:0.505571
G1 X104.708 Y105.319 E1.3422
;WIDTH:0.508989
G1 X105.225 Y104.796 E1.3707
G1 X105.97 Y104.2 E1.40767
;WIDTH:0.503581
G1 X106.631 Y103.792 E1.43742
G1 X107.453 Y103.412 E1.47211
;WIDTH:0.509763
G1 X108.123 Y103.193 E1.49947
;WIDTH:0.511606
G1 X108.788 Y103.045 E1.52602
;WIDTH:0.517104
G1 X109.592 Y102.961 E1.55789
G1 X110.302 Y102.944 E1.58589
;WIDTH:0.50846
G1 X111.2 Y103.039 E1.62085
;WIDTH:0.507961
G1 X112.395 Y103.354 E1.66864
;WIDTH:0.510481
G1 X113.015 Y103.616 E1.69481
G1 X113.66 Y103.958 E1.72319
;WIDTH:0.509388
G1 X114.169 Y104.3 E1.74698
;WIDTH:0.511595
G1 X114.688 Y104.722 E1.77305
;WIDTH:0.511723
G1 X115.258 Y105.29 E1.80442
;WIDTH:0.51277
G1 X115.674 Y105.805 E1.83028
;WIDTH:0.517758
G1 X116.265 Y106.736 E1.87382
;WIDTH:0.509944
G1 X116.666 Y107.67 E1.91329
;WIDTH:0.512125
G1 X116.82 Y108.176 E1.93393
G1 X116.944 Y108.696 E1.95479
;WIDTH:0.506473
G1 X117.039 Y109.41 E1.98255
;WIDTH:0.507628
G1 X117.062 Y110.255 E2.01521
;WIDTH:0.508193
G1 X116.984 Y111.071 E2.04692
;WIDTH:0.518053
G1 X116.682 Y112.295 E2.09673
;WIDTH:0.50858
G1 X116.366 Y113.064 E2.12892
;WIDTH:0.510101
G1 X116.014 Y113.701 E2.15719
G1 X115.723 Y114.141 E2.17768
;WIDTH:0.510534
G1 X115.3 Y114.665 E2.20386
;WIDTH:0.511206
G1 X114.735 Y115.237 E2.23517
G1 X114.118 Y115.742 E2.26622
;WIDTH:0.507145
G1 X113.493 Y116.142 E2.29486
;WIDTH:0.51002
G1 X112.924 Y116.426 E2.31956
G1 X112.251 Y116.698 E2.34775
;WIDTH:0.509711
G1 X111.743 Y116.842 E2.36824
;WIDTH:0.517261
G1 X111.041 Y116.974 E2.39641
G1 X110.497 Y117.038 E2.41801
;WIDTH:0.516793
G1 X109.798 Y117.049 E2.44556
G1 X109.058 Y117 E2.47478
;WIDTH:0.5119
G1 X108.553 Y116.909 E2.49479
G1 X108.031 Y116.783 E2.51573
;WIDTH:0.517492
G1 X107.749 Y116.68 E2.52758
G1 X107.849 Y116.242 F9000
;WIDTH:0.449999
G1 F2700
G1 X107.074 Y115.949 E2.55562
G1 X106.147 Y115.395 E2.59217
G1 X105.528 Y114.895 E2.6191
G1 X104.694 Y113.979 E2.66103
G1 X104.095 Y113.014 E2.69948
G1 X103.865 Y112.494 E2.71873
G1 X103.62 Y111.773 E2.74451
G1 X103.499 Y111.291 E2.76133
G1 X103.375 Y110.243 E2.79705
G1 X103.423 Y109.164 E2.83361
G1 X103.678 Y108.003 E2.87385
G1 X103.855 Y107.535 E2.89079
G1 X104.008 Y107.163 E2.90441
G1 X104.548 Y106.228 E2.94096
G1 X105.048 Y105.59 E2.9684
G1 X105.532 Y105.107 E2.99154
G1 X106.234 Y104.542 E3.02204
G1 X106.855 Y104.164 E3.04665
G1 X107.632 Y103.806 E3.07561
G1 X108.252 Y103.61 E3.09762
G1 X108.866 Y103.476 E3.11889
G1 X109.263 Y103.411 E3.13251
G1 X110.342 Y103.379 E3.16905
G1 X111.148 Y103.469 E3.1965
G1 X112.279 Y103.774 E3.23615
G1 X112.837 Y104.015 E3.25672
G1 X113.445 Y104.335 E3.27998
G1 X113.922 Y104.66 E3.29952
G1 X114.4 Y105.051 E3.32042
G1 X114.933 Y105.583 E3.34591
G1 X115.308 Y106.046 E3.36608
G1 X115.812 Y106.811 E3.39709
G1 X116.264 Y107.842 E3.43519
G1 X116.499 Y108.683 E3.46475
G1 X116.61 Y109.468 E3.49159
G1 X116.626 Y110.261 E3.51844
G1 X116.55 Y111.026 E3.54446
G1 X116.259 Y112.185 E3.58491
G1 X115.965 Y112.892 E3.61083
G1 X115.635 Y113.482 E3.63371
G1 X115.274 Y114.019 E3.65561
G1 X114.817 Y114.557 E3.6795
G1 X114.437 Y114.916 E3.69719
G1 X113.855 Y115.395 E3.7227
G1 X113.26 Y115.775 E3.7466
G1 X112.735 Y116.032 E3.76639
G1 X112.102 Y116.288 E3.7895
G1 X111.413 Y116.479 E3.8137
G1 X110.143 Y116.628 E3.85698
G1 X109.066 Y116.564 E3.8935
G1 X108.271 Y116.402 E3.92096
G1 X107.905 Y116.263 E3.93421
G1 X107.99 Y115.867 F9000
;TYPE:External perimeter
G1 F1500
G1 X107.648 Y115.741 E3.94655
G1 X107.142 Y115.516 E3.96529
G1 X106.356 Y115.046 E3.99629
G1 X105.786 Y114.581 E4.02119
G1 X105.009 Y113.719 E4.06047
G1 X104.441 Y112.8 E4.09704
G1 X104.24 Y112.334 E4.11422
G1 X104.01 Y111.658 E4.13839
G1 X103.899 Y111.216 E4.15382
G1 X103.809 Y110.556 E4.17637
G1 X103.799 Y109.865 E4.19976
G1 X103.83 Y109.182 E4.2229
G1 X104.075 Y108.094 E4.26065
G1 X104.347 Y107.394 E4.28607
G1 X104.9 Y106.432 E4.32363
G1 X105.366 Y105.844 E4.34903
G1 X105.817 Y105.397 E4.37052
G1 X106.483 Y104.864 E4.39939
G1 X107.065 Y104.513 E4.4224
G1 X107.8 Y104.177 E4.44976
G1 X108.372 Y103.999 E4.47004
G1 X108.939 Y103.877 E4.48967
G1 X109.275 Y103.818 E4.50122
G1 X110.354 Y103.786 E4.53776
G1 X111.099 Y103.873 E4.56315
G1 X112.17 Y104.166 E4.60073
G1 X112.671 Y104.387 E4.61926
G1 X113.244 Y104.689 E4.64118
G1 X113.692 Y104.995 E4.65954
G1 X114.132 Y105.358 E4.67885
G1 X114.63 Y105.855 E4.70267
G1 X114.968 Y106.27 E4.72079
G1 X115.473 Y107.035 E4.75182
G1 X115.89 Y108.002 E4.78747
G1 X116.105 Y108.785 E4.81495
G1 X116.206 Y109.522 E4.84013
G1 X116.219 Y110.267 E4.86535
G1 X116.145 Y110.983 E4.88971
G1 X115.865 Y112.086 E4.92823
G1 X115.59 Y112.732 E4.952
G1 X115.283 Y113.278 E4.9732
G1 X114.943 Y113.781 E4.99375
G1 X114.507 Y114.293 E5.01651
G1 X113.963 Y114.8 E5.04168
G1 X113.316 Y115.257 E5.06849
G1 X112.558 Y115.665 E5.09763
G1 X111.962 Y115.906 E5.11939
G1 X111.305 Y116.086 E5.14245
G1 X110.396 Y116.198 E5.17345
G1 X109.849 Y116.203 E5.19197
G1 X109.09 Y116.157 E5.21771
G1 X108.356 Y116.004 E5.24309
G1 X108.046 Y115.888 E5.25429
G1 X107.672 Y115.747 F9000
G1 E4.45429 F2100
G92 E0
G1 X104.271 Y114.867 F9000
G1 E.8 F2100
;TYPE:Perimeter
;WIDTH:0.517538
G1 F2700
G1 X103.99 Y114.508 E.81799
;WIDTH:0.517981
G1 X103.638 Y114.017 E.84185
G1 X103.235 Y113.292 E.87462
;WIDTH:0.508313
G1 X102.875 Y112.437 E.91052
G1 X102.651 Y111.628 E.943
;WIDTH:0.504312
G1 X102.556 Y111.085 E.96415
;WIDTH:0.508525
G1 X102.473 Y110.214 E.99802
;WIDTH:0.516198
G1 X102.5 Y109.365 E1.03145
G1 X102.558 Y108.864 E1.0513
;WIDTH:0.517784
G1 X102.66 Y108.348 E1.07207
G1 X102.821 Y107.739 E1.09694
;WIDTH:0.512258
G1 X103.013 Y107.195 E1.11945
G1 X103.223 Y106.722 E1.13965
;WIDTH:0.517563
G1 X103.463 Y106.277 E1.1596
G1 X103.897 Y105.593 E1.19157
;WIDTH:0.506029
G1 X104.465 Y104.899 E1.2261
;WIDTH:0.508989
G1 X104.91 Y104.454 E1.25049
;WIDTH:0.511484
G1 X105.327 Y104.098 E1.27185
G1 X106.04 Y103.598 E1.30578
;WIDTH:0.510797
G1 X106.671 Y103.249 E1.33383
G1 X107.477 Y102.905 E1.36792
;WIDTH:0.508271
G1 X108.294 Y102.672 E1.40079
;WIDTH:0.502821
G1 X109.027 Y102.541 E1.42926
;WIDTH:0.517104
G1 X109.584 Y102.486 E1.45133
G1 X110.339 Y102.48 E1.4811
;WIDTH:0.511798
G1 X110.866 Y102.522 E1.50171
;WIDTH:0.515376
G1 X111.726 Y102.675 E1.53603
G1 X112.723 Y102.985 E1.57705
;WIDTH:0.503904
G1 X113.512 Y103.349 E1.61036
;WIDTH:0.507687
G1 X113.997 Y103.619 E1.63181
G1 X114.666 Y104.098 E1.66361
;WIDTH:0.503124
G1 X115.225 Y104.589 E1.69208
;WIDTH:0.511723
G1 X115.615 Y104.985 E1.71375
;WIDTH:0.51277
G1 X116.063 Y105.542 E1.74168
G1 X116.571 Y106.325 E1.77814
;WIDTH:0.516197
G1 X116.808 Y106.791 E1.79871
G1 X117.123 Y107.568 E1.8317
;WIDTH:0.512125
G1 X117.275 Y108.062 E1.85186
G1 X117.45 Y108.919 E1.88599
;WIDTH:0.511873
G1 X117.521 Y109.692 E1.91626
;WIDTH:0.512032
G1 X117.495 Y110.709 E1.95594
G1 X117.401 Y111.354 E1.98137
;WIDTH:0.518053
G1 X117.28 Y111.901 E2.0035
G1 X116.962 Y112.867 E2.04368
;WIDTH:0.511834
G1 X116.692 Y113.441 E2.06841
;WIDTH:0.504062
G1 X116.254 Y114.188 E2.10161
G1 X115.928 Y114.634 E2.12279
;WIDTH:0.503878
G1 X115.381 Y115.255 E2.15451
;WIDTH:0.501162
G1 X114.737 Y115.842 E2.18771
;WIDTH:0.511828
G1 X114.025 Y116.363 E2.22211
G1 X113.59 Y116.618 E2.24177
;WIDTH:0.506794
G1 X112.805 Y116.98 E2.27511
;WIDTH:0.506075
G1 X112.285 Y117.172 E2.29646
G1 X111.633 Y117.344 E2.32243
;WIDTH:0.517261
G1 X111.094 Y117.445 E2.34406
G1 X110.338 Y117.515 E2.37401
;WIDTH:0.516793
G1 X109.764 Y117.522 E2.39663
G1 X108.988 Y117.459 E2.42731
;WIDTH:0.5119
G1 X108.444 Y117.365 E2.44884
;WIDTH:0.512969
G1 X107.702 Y117.166 E2.47887
;WIDTH:0.517492
G1 X107.166 Y116.971 E2.50138
G1 X106.471 Y116.647 E2.53164
;WIDTH:0.517777
G1 X105.969 Y116.356 E2.55455
G1 X105.505 Y116.036 E2.57681
;WIDTH:0.50425
G1 X104.793 Y115.429 E2.6127
;WIDTH:0.517538
G1 X104.351 Y114.969 E2.63788
G1 X104.308 Y114.914 E2.64064
G1 X103.936 Y115.15 F9000
;WIDTH:0.449999
G1 F2700
G1 X103.277 Y114.273 E2.67777
G1 X102.975 Y113.755 E2.69807
G1 X102.64 Y113.046 E2.72461
G1 X102.458 Y112.567 E2.74195
G1 X102.229 Y111.727 E2.77142
G1 X102.127 Y111.147 E2.79135
G1 X102.038 Y110.292 E2.82045
G1 X102.036 Y109.78 E2.83778
G1 X102.114 Y108.863 E2.86893
G1 X102.227 Y108.258 E2.88976
G1 X102.436 Y107.502 E2.91631
G1 X102.611 Y107.02 E2.93367
G1 X102.837 Y106.52 E2.95224
G1 X103.09 Y106.041 E2.97058
G1 X103.557 Y105.321 E2.99963
G1 X104.156 Y104.592 E3.03157
G1 X104.625 Y104.123 E3.05402
G1 X105.075 Y103.74 E3.07402
G1 X105.828 Y103.215 E3.10509
G1 X106.5 Y102.846 E3.13104
G1 X107.346 Y102.489 E3.16212
G1 X108.199 Y102.249 E3.19211
G1 X109.06 Y102.102 E3.22168
G1 X109.582 Y102.046 E3.23945
G1 X110.561 Y102.059 E3.27259
G1 X111.341 Y102.16 E3.29921
G1 X111.85 Y102.253 E3.31672
G1 X112.889 Y102.584 E3.35363
G1 X113.719 Y102.969 E3.3846
G1 X114.241 Y103.258 E3.4048
G1 X114.938 Y103.76 E3.43387
G1 X115.589 Y104.341 E3.46341
G1 X115.955 Y104.71 E3.481
G1 X116.425 Y105.294 E3.50637
G1 X116.985 Y106.168 E3.54151
G1 X117.216 Y106.625 E3.55884
G1 X117.596 Y107.62 E3.59489
G1 X117.799 Y108.375 E3.62135
G1 X117.887 Y108.879 E3.63867
G1 X117.958 Y109.689 E3.66619
G1 X117.962 Y110.252 E3.68525
G1 X117.93 Y110.763 E3.70258
G1 X117.826 Y111.442 E3.72583
G1 X117.702 Y112.028 E3.7461
G1 X117.467 Y112.769 E3.77241
G1 X117.18 Y113.452 E3.79749
G1 X116.791 Y114.165 E3.82498
G1 X116.453 Y114.672 E3.84561
G1 X115.98 Y115.264 E3.87126
G1 X115.345 Y115.907 E3.90185
G1 X114.661 Y116.46 E3.93162
G1 X114.236 Y116.747 E3.94898
G1 X113.784 Y117.008 E3.96665
G1 X112.965 Y117.382 E3.99713
G1 X112.406 Y117.59 E4.01732
G1 X111.64 Y117.785 E4.04408
G1 X111.14 Y117.884 E4.06133
G1 X110.348 Y117.949 E4.08823
G1 X109.728 Y117.96 E4.10922
G1 X108.916 Y117.889 E4.13681
G1 X108.331 Y117.789 E4.1569
G1 X107.555 Y117.579 E4.18411
G1 X106.979 Y117.37 E4.20485
G1 X106.253 Y117.027 E4.23203
G1 X105.362 Y116.478 E4.26745
G1 X104.655 Y115.907 E4.29821
G1 X104.026 Y115.27 E4.32851
G1 X103.973 Y115.198 E4.33154
G1 X103.625 Y115.414 F9000
;TYPE:External perimeter
G1 F1800
G1 X102.937 Y114.499 E4.37029
G1 X102.614 Y113.945 E4.392
G1 X102.253 Y113.18 E4.42063
G1 X102.069 Y112.687 E4.43844
G1 X101.832 Y111.82 E4.46886
G1 X101.659 Y110.735 E4.50605
G1 X101.63 Y110.218 E4.52358
G1 X101.653 Y109.326 E4.55378
G1 X101.711 Y108.802 E4.57163
G1 X101.83 Y108.167 E4.5935
G1 X102.044 Y107.394 E4.62065
G1 X102.214 Y106.917 E4.63779
G1 X102.423 Y106.433 E4.65563
G1 X102.722 Y105.861 E4.67748
G1 X103.174 Y105.148 E4.70606
G1 X103.766 Y104.408 E4.73814
G1 X104.327 Y103.842 E4.76511
G1 X104.798 Y103.437 E4.78614
G1 X105.58 Y102.887 E4.8185
G1 X106.288 Y102.494 E4.84591
G1 X107.174 Y102.117 E4.8785
G1 X107.773 Y101.928 E4.89976
G1 X108.565 Y101.749 E4.92724
G1 X109.52 Y101.639 E4.95978
G1 X110.332 Y101.635 E4.98727
G1 X110.958 Y101.68 E5.00851
G1 X111.906 Y101.845 E5.04108
G1 X112.828 Y102.118 E5.07363
G1 X113.575 Y102.428 E5.10101
G1 X114.422 Y102.888 E5.13364
G1 X114.942 Y103.24 E5.15489
G1 X115.563 Y103.74 E5.18188
G1 X116.235 Y104.409 E5.21398
G1 X116.737 Y105.029 E5.24098
G1 X117.08 Y105.53 E5.26153
G1 X117.336 Y105.962 E5.27853
G1 X117.576 Y106.43 E5.29633
G1 X117.895 Y107.213 E5.32495
G1 X118.089 Y107.83 E5.34684
G1 X118.208 Y108.343 E5.36467
G1 X118.292 Y108.842 E5.3818
G1 X118.366 Y109.686 E5.41048
G1 X118.369 Y110.249 E5.42954
G1 X118.34 Y110.749 E5.44649
G1 X118.278 Y111.271 E5.46428
G1 X118.106 Y112.099 E5.49291
G1 X117.932 Y112.683 E5.51354
G1 X117.758 Y113.152 E5.53047
G1 X117.545 Y113.633 E5.54828
G1 X117.139 Y114.376 E5.57694
G1 X116.782 Y114.912 E5.59874
G1 X116.285 Y115.534 E5.62569
G1 X115.619 Y116.209 E5.65779
G1 X114.916 Y116.777 E5.68838
G1 X114.497 Y117.064 E5.70557
G1 X114.045 Y117.333 E5.72337
G1 X113.466 Y117.621 E5.74526
G1 X112.681 Y117.934 E5.77387
G1 X112.063 Y118.114 E5.79566
G1 X111.235 Y118.283 E5.82426
G1 X110.595 Y118.351 E5.84605
G1 X109.752 Y118.371 E5.87459
G1 X108.911 Y118.301 E5.90316
G1 X108.276 Y118.195 E5.92495
G1 X107.46 Y117.977 E5.95354
G1 X106.854 Y117.761 E5.97532
G1 X106.089 Y117.403 E6.00391
G1 X105.562 Y117.1 E6.02449
G1 X105.12 Y116.806 E6.04246
G1 X104.381 Y116.209 E6.07462
G1 X103.717 Y115.536 E6.10662
G1 X103.661 Y115.462 E6.10976
G1 X103.421 Y115.142 F9000
;LAYER_CHANGE
;Z:4.4
;HEIGHT:0.2
G1 E5.30976 F2100
G92 E0
G1 Z4.4 F9000
G1 X107.694 Y116.655
G1 E.8 F2100
;TYPE:Perimeter
;WIDTH:0.517897
G1 F2700
G1 X107.346 Y116.533 E.81456
G1 X106.85 Y116.323 E.83583
;WIDTH:0.50767
G1 X105.924 Y115.769 E.87753
;WIDTH:0.517867
G1 X105.27 Y115.228 E.91105
G1 X104.85 Y114.837 E.93371
;WIDTH:0.509585
G1 X104.455 Y114.374 E.95733
;WIDTH:0.511311
G1 X104.031 Y113.772 E.98601
G1 X103.668 Y113.136 E1.01453
;WIDTH:0.509876
G1 X103.429 Y112.587 E1.03778
;WIDTH:0.518436
G1 X103.202 Y111.869 E1.06755
G1 X103.047 Y111.249 E1.09282
;WIDTH:0.510237
G1 X102.961 Y110.557 E1.11992
;WIDTH:0.518316
G1 X102.953 Y109.805 E1.14965
G1 X102.988 Y109.144 E1.17582
;WIDTH:0.510374
G1 X103.105 Y108.48 E1.20203
;WIDTH:0.516548
G1 X103.457 Y107.366 E1.24804
G1 X103.63 Y106.945 E1.26597
;WIDTH:0.507722
G1 X104.171 Y106.011 E1.30769
;WIDTH:0.505626
G1 X104.708 Y105.319 E1.34139
;WIDTH:0.508684
G1 X105.244 Y104.778 E1.37088
G1 X105.97 Y104.199 E1.40684
;WIDTH:0.503227
G1 X106.644 Y103.785 E1.43712
G1 X107.454 Y103.411 E1.47127
;WIDTH:0.503483
G1 X108.265 Y103.152 E1.50387
;WIDTH:0.510449
G1 X108.888 Y103.028 E1.52856
;WIDTH:0.517137
G1 X109.59 Y102.961 E1.55637
G1 X110.332 Y102.943 E1.58564
;WIDTH:0.50759
G1 X111.2 Y103.039 E1.61938
;WIDTH:0.508287
G1 X112.395 Y103.353 E1.66719
;WIDTH:0.510325
G1 X113.03 Y103.623 E1.69401
G1 X113.647 Y103.949 E1.72113
;WIDTH:0.50984
G1 X114.152 Y104.288 E1.74474
;WIDTH:0.511554
G1 X114.693 Y104.726 E1.77186
;WIDTH:0.51171
G1 X115.258 Y105.29 E1.80298
G1 X115.697 Y105.831 E1.83014
;WIDTH:0.510498
G1 X115.986 Y106.245 E1.84977
;WIDTH:0.507417
G1 X116.361 Y106.926 E1.8798
G1 X116.696 Y107.753 E1.91426
;WIDTH:0.507759
G1 X116.921 Y108.573 E1.94713
G1 X117.039 Y109.41 E1.9798
;WIDTH:0.507866
G1 X117.062 Y110.251 E2.01233
;WIDTH:0.508409
G1 X116.985 Y111.062 E2.04386
;WIDTH:0.518158
G1 X116.682 Y112.295 E2.09403
;WIDTH:0.508835
G1 X116.37 Y113.053 E2.12579
;WIDTH:0.518281
G1 X115.996 Y113.706 E2.15553
G1 X115.722 Y114.142 E2.17588
;WIDTH:0.510755
G1 X115.289 Y114.677 E2.20265
;WIDTH:0.517781
G1 X114.727 Y115.23 E2.23378
G1 X114.227 Y115.659 E2.25979
;WIDTH:0.512299
G1 X113.764 Y115.972 E2.2816
G1 X112.95 Y116.414 E2.31775
;WIDTH:0.510491
G1 X112.258 Y116.695 E2.34679
;WIDTH:0.510229
G1 X111.771 Y116.834 E2.36647
;WIDTH:0.51734
G1 X111.038 Y116.975 E2.39592
G1 X110.528 Y117.034 E2.41617
;WIDTH:0.517457
G1 X109.782 Y117.048 E2.44561
G1 X109.04 Y116.999 E2.47495
;WIDTH:0.507969
G1 X108.181 Y116.825 E2.50884
;WIDTH:0.517897
G1 X107.751 Y116.674 E2.52684
G1 X107.849 Y116.242 F9000
;WIDTH:0.449999
G1 F2700
G1 X107.074 Y115.949 E2.55488
G1 X106.147 Y115.395 E2.59143
G1 X105.182 Y114.556 E2.63471
G1 X104.716 Y114.007 E2.65908
G1 X104.397 Y113.53 E2.6785
G1 X104.053 Y112.933 E2.70182
G1 X103.831 Y112.416 E2.72086
G1 X103.63 Y111.758 E2.74415
G1 X103.469 Y111.14 E2.76577
G1 X103.396 Y110.511 E2.7872
G1 X103.393 Y109.824 E2.81045
G1 X103.423 Y109.164 E2.83281
G1 X103.583 Y108.323 E2.86179
G1 X104.008 Y107.163 E2.90361
G1 X104.548 Y106.228 E2.94016
G1 X105.048 Y105.59 E2.9676
G1 X105.55 Y105.089 E2.99161
G1 X106.234 Y104.542 E3.02126
G1 X106.868 Y104.157 E3.04637
G1 X107.633 Y103.806 E3.07486
G1 X108.392 Y103.567 E3.10179
G1 X108.966 Y103.458 E3.12157
G1 X109.603 Y103.401 E3.14322
G1 X110.344 Y103.379 E3.16831
G1 X111.148 Y103.469 E3.19569
G1 X112.279 Y103.774 E3.23534
G1 X112.852 Y104.022 E3.25647
G1 X113.432 Y104.327 E3.27865
G1 X113.905 Y104.648 E3.298
G1 X114.405 Y105.056 E3.31984
G1 X114.933 Y105.583 E3.34509
G1 X115.34 Y106.083 E3.36691
G1 X115.633 Y106.5 E3.38416
G1 X115.978 Y107.133 E3.40856
G1 X116.294 Y107.913 E3.43705
G1 X116.499 Y108.683 E3.46402
G1 X116.61 Y109.468 E3.49086
G1 X116.626 Y110.258 E3.51761
G1 X116.551 Y111.016 E3.54339
G1 X116.258 Y112.19 E3.58435
G1 X115.969 Y112.882 E3.60973
G1 X115.621 Y113.474 E3.63297
G1 X115.337 Y113.933 E3.65124
G1 X114.956 Y114.394 E3.67148
G1 X114.437 Y114.898 E3.69597
G1 X113.941 Y115.332 E3.71828
G1 X113.261 Y115.774 E3.74573
G1 X112.76 Y116.02 E3.76462
G1 X112.108 Y116.286 E3.78846
G1 X111.413 Y116.479 E3.81288
G1 X110.475 Y116.598 E3.84488
G1 X110.143 Y116.628 E3.85616
G1 X109.066 Y116.564 E3.89268
G1 X108.271 Y116.402 E3.92014
G1 X107.905 Y116.263 E3.93339
G1 X107.99 Y115.866 F9000
;TYPE:External perimeter
G1 F1500
G1 X107.283 Y115.6 E3.95896
G1 X106.356 Y115.046 E3.99551
G1 X105.418 Y114.205 E4.03815
G1 X105.027 Y113.743 E4.05864
G1 X104.736 Y113.306 E4.07641
G1 X104.413 Y112.743 E4.09838
G1 X104.206 Y112.257 E4.11626
G1 X104.023 Y111.656 E4.13753
G1 X103.863 Y111.037 E4.15917
G1 X103.801 Y110.469 E4.17851
G1 X103.8 Y109.843 E4.1997
G1 X103.83 Y109.182 E4.2221
G1 X103.976 Y108.431 E4.248
G1 X104.36 Y107.367 E4.28629
G1 X104.9 Y106.432 E4.32284
G1 X105.366 Y105.844 E4.34824
G1 X105.836 Y105.379 E4.37062
G1 X106.483 Y104.864 E4.39861
G1 X107.077 Y104.506 E4.42209
G1 X107.801 Y104.177 E4.44901
G1 X108.512 Y103.956 E4.47421
G1 X109.038 Y103.859 E4.49231
G1 X109.616 Y103.808 E4.51195
G1 X110.355 Y103.786 E4.53698
G1 X111.099 Y103.873 E4.56234
G1 X112.17 Y104.166 E4.59992
G1 X112.687 Y104.394 E4.61905
G1 X113.232 Y104.681 E4.6399
G1 X113.675 Y104.984 E4.65807
G1 X114.137 Y105.363 E4.6783
G1 X114.63 Y105.856 E4.7019
G1 X115.007 Y106.317 E4.72206
G1 X115.298 Y106.732 E4.73922
G1 X115.62 Y107.327 E4.76212
G1 X115.916 Y108.064 E4.789
G1 X116.105 Y108.785 E4.81423
G1 X116.206 Y109.522 E4.83941
G1 X116.219 Y110.264 E4.86453
G1 X116.146 Y110.974 E4.88869
G1 X115.865 Y112.084 E4.92745
G1 X115.595 Y112.722 E4.9509
G1 X115.275 Y113.26 E4.97209
G1 X114.991 Y113.719 E4.99036
G1 X114.645 Y114.131 E5.00857
G1 X114.169 Y114.592 E5.031
G1 X113.673 Y115.025 E5.05329
G1 X113.042 Y115.431 E5.07869
G1 X112.584 Y115.653 E5.09592
G1 X111.968 Y115.904 E5.11844
G1 X111.306 Y116.086 E5.14168
G1 X110.427 Y116.194 E5.17166
G1 X110.168 Y116.222 E5.18048
G1 X109.09 Y116.157 E5.21704
G1 X108.356 Y116.004 E5.24242
G1 X108.046 Y115.887 E5.25364
G1 X107.672 Y115.746 F9000
G1 E4.45364 F2100
G92 E0
G1 X104.27 Y114.868 F9000
G1 E.8 F2100
;TYPE:Perimeter
;WIDTH:0.509655
G1 F2700
G1 X103.931 Y114.447 E.82098
;WIDTH:0.50627
G1 X103.457 Y113.726 E.85422
;WIDTH:0.507826
G1 X103.203 Y113.24 E.87542
G1 X102.907 Y112.508 E.90594
;WIDTH:0.518436
G1 X102.741 Y111.985 E.92764
G1 X102.555 Y111.134 E.96208
;WIDTH:0.508052
G1 X102.483 Y110.312 E.99399
;WIDTH:0.518316
G1 X102.478 Y109.781 E1.01498
G1 X102.55 Y108.902 E1.04984
;WIDTH:0.507586
G1 X102.724 Y108.087 E1.08204
;WIDTH:0.51815
G1 X102.869 Y107.595 E1.10231
G1 X103.197 Y106.771 E1.13736
;WIDTH:0.517618
G1 X103.449 Y106.301 E1.15841
G1 X103.897 Y105.593 E1.19148
;WIDTH:0.506124
G1 X104.465 Y104.899 E1.22602
;WIDTH:0.508684
G1 X104.929 Y104.436 E1.25141
;WIDTH:0.511486
G1 X105.319 Y104.104 E1.27137
G1 X106.029 Y103.605 E1.30518
;WIDTH:0.510625
G1 X106.684 Y103.242 E1.3343
G1 X107.481 Y102.905 E1.36795
;WIDTH:0.50796
G1 X108.314 Y102.661 E1.40151
;WIDTH:0.507777
G1 X109.028 Y102.539 E1.42951
;WIDTH:0.517137
G1 X109.582 Y102.486 E1.45145
G1 X110.343 Y102.479 E1.48146
;WIDTH:0.511838
G1 X110.861 Y102.521 E1.50172
;WIDTH:0.515262
G1 X111.719 Y102.673 E1.53594
G1 X112.723 Y102.985 E1.57723
;WIDTH:0.5036
G1 X113.511 Y103.348 E1.61046
;WIDTH:0.508271
G1 X114.003 Y103.623 E1.63227
G1 X114.666 Y104.098 E1.66383
;WIDTH:0.50281
G1 X115.225 Y104.589 E1.69228
;WIDTH:0.51171
G1 X115.615 Y104.986 E1.71397
G1 X116.082 Y105.565 E1.74297
;WIDTH:0.510498
G1 X116.446 Y106.109 E1.76842
;WIDTH:0.507417
G1 X116.773 Y106.71 E1.79485
;WIDTH:0.513172
G1 X116.985 Y107.193 E1.81548
G1 X117.276 Y108.068 E1.85154
;WIDTH:0.511995
G1 X117.449 Y108.912 E1.88514
;WIDTH:0.511827
G1 X117.523 Y109.717 E1.91666
;WIDTH:0.512001
G1 X117.496 Y110.701 E1.95505
G1 X117.4 Y111.354 E1.98079
;WIDTH:0.518158
G1 X117.274 Y111.924 E2.00386
G1 X116.965 Y112.858 E2.04274
;WIDTH:0.51179
G1 X116.673 Y113.475 E2.06935
;WIDTH:0.518281
G1 X116.396 Y113.963 E2.09153
G1 X115.97 Y114.58 E2.12117
;WIDTH:0.503566
G1 X115.419 Y115.217 E2.15343
;WIDTH:0.517781
G1 X115.032 Y115.594 E2.17476
G1 X114.484 Y116.044 E2.20276
;WIDTH:0.512299
G1 X114.022 Y116.365 E2.22472
G1 X113.591 Y116.618 E2.24423
;WIDTH:0.506969
G1 X112.807 Y116.979 E2.27753
;WIDTH:0.506411
G1 X112.3 Y117.168 E2.29838
G1 X111.634 Y117.343 E2.32492
;WIDTH:0.51734
G1 X111.092 Y117.446 E2.34668
G1 X110.109 Y117.521 E2.38557
;WIDTH:0.517597
G1 X109.325 Y117.496 E2.41653
G1 X108.795 Y117.433 E2.4376
;WIDTH:0.50691
G1 X108.073 Y117.27 E2.46616
;WIDTH:0.517129
G1 X107.567 Y117.122 E2.48695
G1 X106.844 Y116.836 E2.51761
;WIDTH:0.516231
G1 X106.374 Y116.595 E2.5384
G1 X105.476 Y116.012 E2.58054
;WIDTH:0.517867
G1 X104.946 Y115.575 E2.60767
G1 X104.418 Y115.052 E2.63702
;WIDTH:0.509655
G1 X104.307 Y114.915 E2.64386
G1 X103.937 Y115.15 F9000
;WIDTH:0.449999
G1 F2700
G1 X103.578 Y114.698 E2.6634
G1 X103.035 Y113.868 E2.69697
G1 X102.803 Y113.414 E2.71423
G1 X102.469 Y112.563 E2.74517
G1 X102.214 Y111.686 E2.77608
G1 X102.122 Y111.183 E2.79339
G1 X102.051 Y110.323 E2.8226
G1 X102.037 Y109.756 E2.8418
G1 X102.115 Y108.855 E2.87241
G1 X102.221 Y108.284 E2.89207
G1 X102.438 Y107.497 E2.9197
G1 X102.613 Y107.015 E2.93706
G1 X102.836 Y106.52 E2.95544
G1 X103.076 Y106.065 E2.97285
G1 X103.557 Y105.321 E3.00284
G1 X104.157 Y104.592 E3.0348
G1 X104.645 Y104.104 E3.05816
G1 X105.067 Y103.746 E3.07689
G1 X105.817 Y103.222 E3.10786
G1 X106.514 Y102.839 E3.13478
G1 X107.358 Y102.487 E3.16573
G1 X108.231 Y102.233 E3.19651
G1 X109.07 Y102.098 E3.22527
G1 X109.58 Y102.046 E3.24262
G1 X110.562 Y102.059 E3.27586
G1 X111.34 Y102.16 E3.30242
G1 X111.843 Y102.252 E3.31973
G1 X112.889 Y102.585 E3.35689
G1 X113.718 Y102.969 E3.38781
G1 X114.248 Y103.261 E3.40829
G1 X114.937 Y103.76 E3.43709
G1 X115.59 Y104.341 E3.46668
G1 X115.956 Y104.711 E3.4843
G1 X116.443 Y105.318 E3.51064
G1 X116.822 Y105.889 E3.53384
G1 X117.176 Y106.542 E3.55898
G1 X117.391 Y107.026 E3.57691
G1 X117.586 Y107.61 E3.59775
G1 X117.798 Y108.368 E3.62439
G1 X117.886 Y108.873 E3.64174
G1 X117.96 Y109.714 E3.67032
G1 X117.952 Y110.446 E3.6951
G1 X117.877 Y111.195 E3.72058
G1 X117.705 Y112.022 E3.74917
G1 X117.545 Y112.557 E3.76807
G1 X117.366 Y113.036 E3.78538
G1 X117.053 Y113.683 E3.80971
G1 X116.763 Y114.207 E3.82998
G1 X116.309 Y114.851 E3.85665
G1 X115.727 Y115.521 E3.88669
G1 X115.309 Y115.937 E3.90665
G1 X114.6 Y116.504 E3.93738
G1 X113.846 Y116.978 E3.96753
G1 X113.326 Y117.237 E3.98719
G1 X112.545 Y117.55 E4.01567
G1 X111.995 Y117.711 E4.03507
G1 X111.171 Y117.881 E4.06355
G1 X110.601 Y117.942 E4.08295
G1 X109.785 Y117.963 E4.11058
G1 X109.273 Y117.934 E4.12794
G1 X108.719 Y117.861 E4.14685
G1 X107.959 Y117.687 E4.17324
G1 X107.414 Y117.535 E4.19239
G1 X106.594 Y117.202 E4.22235
G1 X106.139 Y116.967 E4.23968
G1 X105.203 Y116.35 E4.27763
G1 X104.635 Y115.887 E4.30243
G1 X104.084 Y115.335 E4.32883
G1 X103.975 Y115.197 E4.33478
G1 X103.621 Y115.417 F9000
;TYPE:External perimeter
G1 F1800
G1 X103.425 Y115.186 E4.34503
G1 X102.956 Y114.525 E4.37246
G1 X102.695 Y114.093 E4.38954
G1 X102.451 Y113.626 E4.40737
G1 X102.207 Y113.065 E4.42808
G1 X101.942 Y112.274 E4.45632
G1 X101.818 Y111.783 E4.47346
G1 X101.721 Y111.265 E4.4913
G1 X101.653 Y110.657 E4.51201
G1 X101.63 Y109.824 E4.54022
G1 X101.654 Y109.318 E4.55737
G1 X101.712 Y108.795 E4.57518
G1 X101.824 Y108.193 E4.59591
G1 X102.045 Y107.389 E4.62413
G1 X102.216 Y106.912 E4.64128
G1 X102.425 Y106.429 E4.65909
G1 X102.708 Y105.886 E4.67982
G1 X103.176 Y105.145 E4.70949
G1 X103.764 Y104.41 E4.74135
G1 X104.347 Y103.823 E4.76935
G1 X104.791 Y103.443 E4.78913
G1 X105.568 Y102.894 E4.82133
G1 X106.302 Y102.487 E4.84974
G1 X107.184 Y102.113 E4.88217
G1 X108.103 Y101.843 E4.91459
G1 X108.685 Y101.731 E4.93465
G1 X109.521 Y101.639 E4.96312
G1 X110.363 Y101.636 E4.99162
G1 X110.902 Y101.676 E5.00991
G1 X111.958 Y101.861 E5.0462
G1 X113.046 Y102.209 E5.08487
G1 X113.914 Y102.611 E5.11725
G1 X114.476 Y102.924 E5.13902
G1 X115.192 Y103.443 E5.16895
G1 X115.877 Y104.053 E5.2
G1 X116.273 Y104.455 E5.2191
G1 X116.779 Y105.088 E5.24653
G1 X117.173 Y105.684 E5.27071
G1 X117.56 Y106.399 E5.29823
G1 X117.772 Y106.88 E5.31602
G1 X118.088 Y107.826 E5.34978
G1 X118.207 Y108.336 E5.36751
G1 X118.291 Y108.836 E5.38467
G1 X118.367 Y109.712 E5.41443
G1 X118.341 Y110.74 E5.44924
G1 X118.279 Y111.262 E5.46703
G1 X118.1 Y112.122 E5.49676
G1 X117.938 Y112.662 E5.51584
G1 X117.762 Y113.142 E5.53315
G1 X117.55 Y113.623 E5.55094
G1 X117.128 Y114.394 E5.58069
G1 X116.79 Y114.901 E5.60132
G1 X116.274 Y115.546 E5.62928
G1 X115.612 Y116.216 E5.66116
G1 X114.876 Y116.809 E5.69315
G1 X114.44 Y117.1 E5.71089
G1 X113.967 Y117.372 E5.72936
G1 X113.119 Y117.759 E5.76091
G1 X112.537 Y117.976 E5.78193
G1 X111.724 Y118.183 E5.81033
G1 X111.182 Y118.289 E5.82902
G1 X110.24 Y118.359 E5.86099
G1 X109.704 Y118.368 E5.87914
G1 X108.796 Y118.287 E5.91
G1 X108.279 Y118.196 E5.92777
G1 X107.272 Y117.917 E5.96314
G1 X106.43 Y117.575 E5.9939
G1 X105.963 Y117.337 E6.01164
G1 X105.121 Y116.807 E6.04532
G1 X104.388 Y116.216 E6.07719
G1 X103.803 Y115.632 E6.10517
G1 X103.66 Y115.463 E6.11266
G1 X103.407 Y115.153 F9000
;LAYER_CHANGE
;Z:4.6
;HEIGHT:0.2
G1 E5.31266 F2100
G92 E0
G1 Z4.6 F9000
G1 X107.694 Y116.655
G1 E.8 F2100
;TYPE:Perimeter
;WIDTH:0.517931
G1 F2700
G1 X107.349 Y116.534 E.81444
G1 X106.878 Y116.339 E.83457
;WIDTH:0.506698
G1 X106.25 Y115.985 E.86237
;WIDTH:0.501853
G1 X105.592 Y115.519 E.89314
;WIDTH:0.502845
G1 X104.941 Y114.929 E.92674
;WIDTH:0.509986
G1 X104.466 Y114.388 E.9547
;WIDTH:0.519516
G1 X104.039 Y113.761 E.98476
G1 X103.707 Y113.207 E1.01036
;WIDTH:0.510346
G1 X103.437 Y112.607 E1.03593
;WIDTH:0.519384
G1 X103.201 Y111.86 E1.06697
G1 X103.041 Y111.21 E1.09349
;WIDTH:0.510524
G1 X102.963 Y110.581 E1.11813
;WIDTH:0.518388
G1 X102.953 Y109.797 E1.14913
G1 X102.988 Y109.144 E1.17498
;WIDTH:0.510831
G1 X103.1 Y108.505 E1.20022
;WIDTH:0.518206
G1 X103.318 Y107.751 E1.23124
G1 X103.551 Y107.116 E1.25797
;WIDTH:0.517666
G1 X103.841 Y106.57 E1.28238
G1 X104.171 Y106.011 E1.308
;WIDTH:0.50568
G1 X104.708 Y105.319 E1.3417
;WIDTH:0.508376
G1 X105.262 Y104.76 E1.37216
G1 X105.97 Y104.199 E1.40712
;WIDTH:0.502873
G1 X106.658 Y103.778 E1.43797
G1 X107.456 Y103.41 E1.47158
;WIDTH:0.503408
G1 X108.265 Y103.152 E1.50409
;WIDTH:0.510911
G1 X108.861 Y103.032 E1.52775
;WIDTH:0.517798
G1 X109.609 Y102.96 E1.55742
G1 X110.329 Y102.946 E1.58586
;WIDTH:0.502741
G1 X111.2 Y103.039 E1.61935
;WIDTH:0.508704
G1 X112.385 Y103.351 E1.66681
;WIDTH:0.510169
G1 X113.045 Y103.629 E1.69463
;WIDTH:0.518501
G1 X113.751 Y104.032 E1.72678
G1 X114.247 Y104.356 E1.75021
;WIDTH:0.511514
G1 X114.698 Y104.731 E1.77306
;WIDTH:0.511697
G1 X115.259 Y105.29 E1.80393
;WIDTH:0.514559
G1 X115.706 Y105.851 E1.83206
G1 X116.176 Y106.57 E1.86575
;WIDTH:0.518159
G1 X116.537 Y107.358 E1.9
G1 X116.737 Y107.877 E1.92198
;WIDTH:0.507857
G1 X116.921 Y108.573 E1.94981
;WIDTH:0.508239
G1 X117.039 Y109.384 E1.98152
G1 X117.062 Y110.255 E2.01523
;WIDTH:0.50849
G1 X116.984 Y111.069 E2.04689
G1 X116.682 Y112.295 E2.09577
;WIDTH:0.518714
G1 X116.358 Y113.045 E2.12809
G1 X116.096 Y113.57 E2.1513
;WIDTH:0.508462
G1 X115.725 Y114.138 E2.17756
;WIDTH:0.510636
G1 X115.28 Y114.688 E2.20507
;WIDTH:0.517886
G1 X114.72 Y115.236 E2.23601
G1 X114.227 Y115.659 E2.26166
;WIDTH:0.512292
G1 X113.761 Y115.974 E2.28361
G1 X113.354 Y116.217 E2.30211
;WIDTH:0.507872
G1 X112.333 Y116.666 E2.34523
;WIDTH:0.510757
G1 X111.8 Y116.826 E2.36688
;WIDTH:0.517424
G1 X111.034 Y116.975 E2.39767
G1 X110.304 Y117.056 E2.42665
G1 X109.781 Y117.048 E2.44729
G1 X109.04 Y116.999 E2.47659
;WIDTH:0.507979
G1 X108.181 Y116.825 E2.51048
;WIDTH:0.517931
G1 X107.751 Y116.674 E2.52848
G1 X107.847 Y116.247 F9000
;WIDTH:0.449999
G1 F2700
G1 X107.504 Y116.121 E2.54085
G1 X107.09 Y115.958 E2.55591
G1 X106.461 Y115.608 E2.58028
G1 X105.846 Y115.168 E2.60588
G1 X105.234 Y114.61 E2.63391
G1 X104.8 Y114.105 E2.65645
G1 X104.416 Y113.531 E2.67983
G1 X104.079 Y112.98 E2.70169
G1 X103.84 Y112.435 E2.72183
G1 X103.629 Y111.75 E2.74609
G1 X103.463 Y111.102 E2.76873
G1 X103.398 Y110.536 E2.78801
G1 X103.394 Y109.817 E2.81235
G1 X103.423 Y109.164 E2.83448
G1 X103.597 Y108.279 E2.86501
G1 X103.962 Y107.263 E2.90155
G1 X104.548 Y106.228 E2.94181
G1 X105.048 Y105.59 E2.96925
G1 X105.568 Y105.071 E2.99412
G1 X106.234 Y104.542 E3.02291
G1 X106.881 Y104.149 E3.04853
G1 X107.634 Y103.806 E3.07654
G1 X108.392 Y103.567 E3.10344
G1 X108.939 Y103.463 E3.12229
G1 X109.622 Y103.4 E3.14551
G1 X110.342 Y103.379 E3.16989
G1 X111.148 Y103.469 E3.19734
G1 X112.269 Y103.771 E3.23664
G1 X112.868 Y104.029 E3.25872
G1 X113.514 Y104.404 E3.284
G1 X114.012 Y104.722 E3.304
G1 X114.41 Y105.061 E3.3217
G1 X114.933 Y105.583 E3.34671
G1 X115.339 Y106.093 E3.36878
G1 X115.812 Y106.811 E3.39788
G1 X116.318 Y107.986 E3.44118
G1 X116.499 Y108.684 E3.46559
G1 X116.606 Y109.442 E3.4915
G1 X116.626 Y110.261 E3.51923
G1 X116.55 Y111.024 E3.54518
G1 X116.259 Y112.185 E3.58569
G1 X115.73 Y113.338 E3.62863
G1 X115.361 Y113.897 E3.6513
G1 X114.946 Y114.405 E3.6735
G1 X114.43 Y114.904 E3.6978
G1 X113.941 Y115.332 E3.7198
G1 X113.261 Y115.774 E3.74725
G1 X112.801 Y115.984 E3.76437
G1 X112.158 Y116.268 E3.78816
G1 X111.413 Y116.479 E3.81437
G1 X110.143 Y116.628 E3.85765
G1 X109.066 Y116.564 E3.89417
G1 X108.271 Y116.402 E3.92163
G1 X107.904 Y116.267 E3.93487
G1 X107.99 Y115.867 F9000
;TYPE:External perimeter
G1 F1500
G1 X107.647 Y115.74 E3.94725
G1 X107.288 Y115.603 E3.96026
G1 X106.659 Y115.252 E3.98464
G1 X106.085 Y114.838 E4.0086
G1 X105.51 Y114.311 E4.035
G1 X105.11 Y113.842 E4.05586
G1 X104.426 Y112.767 E4.09899
G1 X104.214 Y112.276 E4.11709
G1 X104.024 Y111.65 E4.13923
G1 X103.858 Y111.001 E4.16191
G1 X103.803 Y110.494 E4.17917
G1 X103.8 Y109.835 E4.20148
G1 X103.83 Y109.182 E4.22361
G1 X103.929 Y108.668 E4.24133
G1 X104.116 Y108.038 E4.26357
G1 X104.345 Y107.4 E4.28651
G1 X104.9 Y106.432 E4.32428
G1 X105.366 Y105.844 E4.34968
G1 X105.854 Y105.361 E4.37292
G1 X106.483 Y104.864 E4.40006
G1 X107.09 Y104.499 E4.42403
G1 X107.801 Y104.177 E4.45045
G1 X108.512 Y103.956 E4.47565
G1 X109.012 Y103.864 E4.49286
G1 X109.634 Y103.807 E4.514
G1 X110.354 Y103.786 E4.53838
G1 X111.099 Y103.873 E4.56377
G1 X112.16 Y104.164 E4.60101
G1 X112.702 Y104.401 E4.62103
G1 X113.295 Y104.747 E4.64427
G1 X113.793 Y105.065 E4.66427
G1 X114.36 Y105.557 E4.68968
G1 X114.859 Y106.109 E4.71487
G1 X115.49 Y107.067 E4.7537
G1 X115.914 Y108.06 E4.79025
G1 X116.105 Y108.785 E4.81563
G1 X116.203 Y109.497 E4.83996
G1 X116.219 Y110.267 E4.86603
G1 X116.145 Y110.981 E4.89033
G1 X115.865 Y112.083 E4.92882
G1 X115.384 Y113.123 E4.96761
G1 X114.988 Y113.724 E4.99197
G1 X114.636 Y114.142 E5.01047
G1 X114.162 Y114.597 E5.03271
G1 X113.673 Y115.025 E5.05471
G1 X113.042 Y115.431 E5.08011
G1 X111.994 Y115.895 E5.1189
G1 X111.306 Y116.086 E5.14307
G1 X110.168 Y116.222 E5.18186
G1 X109.09 Y116.157 E5.21842
G1 X108.356 Y116.004 E5.2438
G1 X108.046 Y115.888 E5.255
G1 X107.671 Y115.749 F9000
G1 E4.455 F2100
G92 E0
G1 X104.269 Y114.869 F9000
G1 E.8 F2100
;TYPE:Perimeter
;WIDTH:0.510062
G1 F2700
G1 X103.957 Y114.482 E.81931
;WIDTH:0.519516
G1 X103.631 Y114.007 E.84214
G1 X103.205 Y113.246 E.8767
;WIDTH:0.50831
G1 X102.908 Y112.509 E.90745
;WIDTH:0.519384
G1 X102.739 Y111.975 E.92964
G1 X102.552 Y111.109 E.96474
;WIDTH:0.507867
G1 X102.484 Y110.312 E.99566
;WIDTH:0.518388
G1 X102.478 Y109.773 E1.01697
G1 X102.55 Y108.902 E1.05152
;WIDTH:0.507784
G1 X102.724 Y108.089 E1.08366
;WIDTH:0.518206
G1 X102.871 Y107.589 E1.10426
G1 X103.195 Y106.773 E1.13896
;WIDTH:0.517666
G1 X103.435 Y106.325 E1.15902
G1 X103.897 Y105.592 E1.19322
;WIDTH:0.506225
G1 X104.466 Y104.898 E1.22779
;WIDTH:0.51149
G1 X105.311 Y104.11 E1.27281
G1 X106.018 Y103.612 E1.3065
;WIDTH:0.510606
G1 X106.698 Y103.235 E1.33674
;WIDTH:0.510349
G1 X107.49 Y102.902 E1.37013
;WIDTH:0.508222
G1 X108.321 Y102.659 E1.40363
;WIDTH:0.50804
G1 X109.028 Y102.54 E1.43136
;WIDTH:0.517798
G1 X109.595 Y102.485 E1.45385
G1 X110.335 Y102.486 E1.48307
;WIDTH:0.511548
G1 X110.869 Y102.523 E1.50393
;WIDTH:0.51515
G1 X111.712 Y102.672 E1.53754
G1 X112.723 Y102.986 E1.57911
;WIDTH:0.503298
G1 X113.57 Y103.381 E1.61489
;WIDTH:0.518501
G1 X114.012 Y103.634 E1.63503
G1 X114.666 Y104.098 E1.66674
;WIDTH:0.502506
G1 X115.226 Y104.589 E1.6952
;WIDTH:0.511697
G1 X115.615 Y104.987 E1.71689
;WIDTH:0.514559
G1 X116.098 Y105.589 E1.74716
G1 X116.571 Y106.324 E1.78144
;WIDTH:0.516549
G1 X116.809 Y106.792 E1.80212
G1 X117.115 Y107.566 E1.8349
;WIDTH:0.51199
G1 X117.275 Y108.062 E1.85523
G1 X117.402 Y108.624 E1.8777
;WIDTH:0.508239
G1 X117.509 Y109.509 E1.91219
;WIDTH:0.507559
G1 X117.526 Y110.245 E1.94063
;WIDTH:0.511975
G1 X117.497 Y110.693 E1.95814
;WIDTH:0.514671
G1 X117.363 Y111.561 E1.99259
G1 X117.046 Y112.65 E2.03708
;WIDTH:0.518714
G1 X116.786 Y113.254 E2.0631
G1 X116.471 Y113.835 E2.08925
;WIDTH:0.503264
G1 X115.97 Y114.58 E2.12362
G1 X115.418 Y115.218 E2.15591
;WIDTH:0.517886
G1 X115.026 Y115.6 E2.17753
G1 X114.357 Y116.142 E2.21153
;WIDTH:0.507574
G1 X113.627 Y116.6 E2.24483
;WIDTH:0.518304
G1 X113.163 Y116.826 E2.26523
G1 X112.315 Y117.164 E2.30131
;WIDTH:0.506723
G1 X111.635 Y117.342 E2.32842
;WIDTH:0.517424
G1 X111.111 Y117.443 E2.34948
G1 X110.613 Y117.5 E2.36926
;WIDTH:0.515094
G1 X110.11 Y117.521 E2.38903
;WIDTH:0.517607
G1 X109.326 Y117.496 E2.41999
G1 X108.796 Y117.433 E2.44106
;WIDTH:0.506903
G1 X108.073 Y117.27 E2.46965
;WIDTH:0.517097
G1 X107.569 Y117.123 E2.49035
G1 X106.844 Y116.836 E2.52109
;WIDTH:0.511977
G1 X106.376 Y116.599 E2.54155
G1 X105.606 Y116.112 E2.57708
;WIDTH:0.51227
G1 X104.952 Y115.583 E2.60991
G1 X104.405 Y115.038 E2.64004
;WIDTH:0.510062
G1 X104.306 Y114.916 E2.64614
G1 X103.937 Y115.15 F9000
;WIDTH:0.449999
G1 F2700
G1 X103.553 Y114.662 E2.66716
G1 X103.039 Y113.875 E2.69898
G1 X102.805 Y113.42 E2.7163
G1 X102.468 Y112.558 E2.74763
G1 X102.207 Y111.658 E2.77935
G1 X102.119 Y111.158 E2.79653
G1 X102.049 Y110.232 E2.82796
G1 X102.061 Y109.334 E2.85836
G1 X102.121 Y108.823 E2.87578
G1 X102.333 Y107.88 E2.9085
G1 X102.6 Y107.048 E2.93808
G1 X102.809 Y106.572 E2.95568
G1 X103.062 Y106.09 E2.97411
G1 X103.557 Y105.321 E3.00507
G1 X104.158 Y104.592 E3.03705
G1 X104.664 Y104.086 E3.06127
G1 X105.059 Y103.753 E3.07876
G1 X105.805 Y103.229 E3.10962
G1 X106.528 Y102.832 E3.13754
G1 X107.368 Y102.483 E3.16833
G1 X108.238 Y102.231 E3.19899
G1 X109.17 Y102.088 E3.23091
G1 X109.991 Y102.033 E3.25876
G1 X110.905 Y102.085 E3.28975
G1 X111.799 Y102.239 E3.32046
G1 X112.67 Y102.494 E3.35118
G1 X113.398 Y102.797 E3.37787
G1 X114.259 Y103.268 E3.41109
G1 X114.937 Y103.76 E3.43945
G1 X115.591 Y104.342 E3.46908
G1 X115.957 Y104.712 E3.4867
G1 X116.461 Y105.342 E3.51401
G1 X116.981 Y106.16 E3.54682
G1 X117.212 Y106.615 E3.56409
G1 X117.526 Y107.429 E3.59362
G1 X117.701 Y107.961 E3.61258
G1 X117.88 Y108.826 E3.64248
G1 X117.938 Y109.334 E3.65979
G1 X117.962 Y110.235 E3.6903
G1 X117.932 Y110.746 E3.70763
G1 X117.795 Y111.649 E3.73855
G1 X117.548 Y112.546 E3.77004
G1 X117.37 Y113.026 E3.78737
G1 X116.975 Y113.85 E3.8183
G1 X116.465 Y114.655 E3.85056
G1 X115.982 Y115.258 E3.87671
G1 X115.302 Y115.944 E3.90941
G1 X114.6 Y116.504 E3.93981
G1 X113.843 Y116.98 E3.97008
G1 X113.354 Y117.225 E3.98859
G1 X112.542 Y117.551 E4.01821
G1 X112.025 Y117.704 E4.03646
G1 X111.169 Y117.881 E4.06605
G1 X110.633 Y117.94 E4.0843
G1 X109.785 Y117.963 E4.11301
G1 X109.274 Y117.934 E4.13033
G1 X108.719 Y117.861 E4.14928
G1 X107.96 Y117.687 E4.17564
G1 X107.416 Y117.536 E4.19475
G1 X106.668 Y117.235 E4.22204
G1 X106.168 Y116.985 E4.24096
G1 X105.659 Y116.665 E4.26131
G1 X105.042 Y116.221 E4.28704
G1 X104.642 Y115.893 E4.30455
G1 X104.072 Y115.321 E4.33188
G1 X103.974 Y115.197 E4.33723
G1 X103.62 Y115.418 F9000
;TYPE:External perimeter
G1 F1800
G1 X103.436 Y115.2 E4.34689
G1 X102.95 Y114.515 E4.37532
G1 X102.689 Y114.082 E4.39243
G1 X102.446 Y113.615 E4.41025
G1 X102.215 Y113.085 E4.42982
G1 X101.94 Y112.265 E4.4591
G1 X101.816 Y111.774 E4.47624
G1 X101.72 Y111.256 E4.49407
G1 X101.654 Y110.682 E4.51363
G1 X101.63 Y109.817 E4.54292
G1 X101.655 Y109.31 E4.5601
G1 X101.714 Y108.787 E4.57792
G1 X101.818 Y108.219 E4.59747
G1 X102.047 Y107.384 E4.62678
G1 X102.218 Y106.907 E4.64393
G1 X102.427 Y106.424 E4.66174
G1 X102.693 Y105.911 E4.6813
G1 X103.178 Y105.142 E4.71207
G1 X103.763 Y104.411 E4.74376
G1 X104.367 Y103.805 E4.77272
G1 X104.783 Y103.449 E4.79125
G1 X105.556 Y102.902 E4.8233
G1 X106.316 Y102.48 E4.85272
G1 X107.195 Y102.109 E4.88501
G1 X108.111 Y101.841 E4.91732
G1 X108.657 Y101.735 E4.93615
G1 X109.482 Y101.643 E4.96425
G1 X109.997 Y101.625 E4.98169
G1 X110.952 Y101.68 E5.01407
G1 X111.891 Y101.842 E5.04632
G1 X112.806 Y102.11 E5.07859
G1 X113.554 Y102.421 E5.10601
G1 X113.974 Y102.644 E5.12211
G1 X114.487 Y102.931 E5.14201
G1 X115.192 Y103.443 E5.1715
G1 X115.878 Y104.054 E5.2026
G1 X116.274 Y104.457 E5.22172
G1 X116.798 Y105.113 E5.25014
G1 X117.299 Y105.898 E5.28166
G1 X117.558 Y106.395 E5.30063
G1 X117.77 Y106.874 E5.31836
G1 X118.071 Y107.774 E5.35048
G1 X118.2 Y108.298 E5.36875
G1 X118.29 Y108.818 E5.38661
G1 X118.345 Y109.323 E5.4038
G1 X118.369 Y110.224 E5.43431
G1 X118.34 Y110.763 E5.45258
G1 X118.274 Y111.286 E5.47042
G1 X118.179 Y111.786 E5.48765
G1 X117.836 Y112.945 E5.52856
G1 X117.567 Y113.585 E5.55206
G1 X117.329 Y114.052 E5.5698
G1 X116.797 Y114.892 E5.60346
G1 X116.264 Y115.557 E5.63231
G1 X115.605 Y116.223 E5.66402
G1 X114.873 Y116.811 E5.6958
G1 X114.436 Y117.102 E5.71357
G1 X113.931 Y117.391 E5.73326
G1 X113.479 Y117.614 E5.75032
G1 X112.554 Y117.972 E5.78389
G1 X111.726 Y118.181 E5.8128
G1 X111.182 Y118.289 E5.83157
G1 X110.243 Y118.358 E5.86344
G1 X109.703 Y118.368 E5.88172
G1 X108.797 Y118.287 E5.91251
G1 X108.281 Y118.196 E5.93025
G1 X107.274 Y117.918 E5.96561
G1 X106.433 Y117.576 E5.99634
G1 X105.966 Y117.339 E6.01407
G1 X105.125 Y116.809 E6.04772
G1 X104.395 Y116.223 E6.07941
G1 X103.79 Y115.618 E6.10837
G1 X103.659 Y115.464 E6.11521
G1 X103.407 Y115.153 F9000
;LAYER_CHANGE
;Z:4.8
;HEIGHT:0.2
G1 E5.31521 F2100
G92 E0
G1 Z4.8 F9000
G1 X107.694 Y116.655
G1 E.8 F2100
;TYPE:Perimeter
;WIDTH:0.517969
G1 F2700
G1 X107.351 Y116.535 E.81435
G1 X106.85 Y116.323 E.83584
;WIDTH:0.507658
G1 X105.924 Y115.769 E.87754
;WIDTH:0.508122
G1 X105.27 Y115.247 E.90991
;WIDTH:0.509968
G1 X104.751 Y114.724 E.93852
;WIDTH:0.511045
G1 X104.25 Y114.098 E.96973
;WIDTH:0.511579
G1 X103.816 Y113.408 E1.0015
G1 X103.363 Y112.418 E1.04393
;WIDTH:0.517988
G1 X103.194 Y111.84 E1.06772
G1 X103.049 Y111.248 E1.0918
;WIDTH:0.518773
G1 X102.978 Y110.611 E1.11716
G1 X102.938 Y109.964 E1.14281
;WIDTH:0.511947
G1 X102.967 Y109.383 E1.1655
G1 X103.095 Y108.53 E1.19914
;WIDTH:0.518261
G1 X103.32 Y107.746 E1.23138
G1 X103.551 Y107.116 E1.2579
;WIDTH:0.517708
G1 X103.827 Y106.594 E1.28121
G1 X104.171 Y106.011 E1.30793
;WIDTH:0.505732
G1 X104.708 Y105.319 E1.34164
;WIDTH:0.507288
G1 X105.301 Y104.722 E1.37413
;WIDTH:0.508604
G1 X105.917 Y104.236 E1.40451
;WIDTH:0.510272
G1 X106.569 Y103.827 E1.43442
G1 X107.46 Y103.408 E1.47268
;WIDTH:0.503348
G1 X108.265 Y103.152 E1.50502
;WIDTH:0.511373
G1 X108.836 Y103.037 E1.52771
;WIDTH:0.517824
G1 X109.611 Y102.96 E1.55846
G1 X110.329 Y102.946 E1.58682
;WIDTH:0.502791
G1 X111.2 Y103.039 E1.62031
;WIDTH:0.50913
G1 X112.374 Y103.347 E1.66736
;WIDTH:0.510012
G1 X113.061 Y103.636 E1.69631
;WIDTH:0.518657
G1 X113.763 Y104.039 E1.72833
G1 X114.247 Y104.356 E1.75122
;WIDTH:0.517746
G1 X114.692 Y104.738 E1.77438
G1 X115.186 Y105.205 E1.80122
;WIDTH:0.506325
G1 X115.742 Y105.882 E1.83498
G1 X116.19 Y106.598 E1.86752
;WIDTH:0.518213
G1 X116.535 Y107.354 E1.90036
G1 X116.737 Y107.877 E1.92252
;WIDTH:0.507992
G1 X116.92 Y108.57 E1.95024
;WIDTH:0.518419
G1 X117.022 Y109.371 E1.98217
G1 X117.063 Y109.881 E2.0024
;WIDTH:0.508594
G1 X117.036 Y110.647 E2.03208
;WIDTH:0.508954
G1 X116.913 Y111.453 E2.06367
;WIDTH:0.518372
G1 X116.67 Y112.283 E2.09786
G1 X116.493 Y112.789 E2.11905
;WIDTH:0.509444
G1 X116.19 Y113.403 E2.14561
;WIDTH:0.509599
G1 X115.732 Y114.126 E2.17882
;WIDTH:0.510433
G1 X115.271 Y114.699 E2.20741
;WIDTH:0.518503
G1 X114.714 Y115.241 E2.23814
G1 X114.207 Y115.673 E2.26448
;WIDTH:0.512143
G1 X113.759 Y115.976 E2.28558
G1 X113.356 Y116.216 E2.30388
;WIDTH:0.508049
G1 X112.348 Y116.661 E2.3465
;WIDTH:0.511294
G1 X111.828 Y116.819 E2.36767
;WIDTH:0.51752
G1 X111.031 Y116.976 E2.39973
G1 X110.304 Y117.055 E2.42859
G1 X109.781 Y117.048 E2.44923
G1 X109.04 Y116.999 E2.47854
;WIDTH:0.507988
G1 X108.181 Y116.825 E2.51243
;WIDTH:0.517969
G1 X107.751 Y116.674 E2.53043
G1 X107.847 Y116.247 F9000
;WIDTH:0.449999
G1 F2700
G1 X107.506 Y116.122 E2.54272
G1 X107.074 Y115.949 E2.55847
G1 X106.147 Y115.395 E2.59502
G1 X105.547 Y114.91 E2.62113
G1 X105.067 Y114.422 E2.6443
G1 X104.6 Y113.835 E2.66969
G1 X104.195 Y113.189 E2.6955
G1 X103.763 Y112.249 E2.73052
G1 X103.469 Y111.139 E2.76939
G1 X103.371 Y109.932 E2.81038
G1 X103.404 Y109.416 E2.82788
G1 X103.524 Y108.615 E2.8553
G1 X103.597 Y108.279 E2.86694
G1 X103.962 Y107.263 E2.90348
G1 X104.548 Y106.228 E2.94374
G1 X105.048 Y105.59 E2.97118
G1 X105.607 Y105.033 E2.99789
G1 X106.184 Y104.581 E3.0227
G1 X106.793 Y104.203 E3.04696
G1 X107.636 Y103.805 E3.07851
G1 X108.392 Y103.567 E3.10534
G1 X109.263 Y103.411 E3.13529
G1 X110.342 Y103.379 E3.17183
G1 X111.148 Y103.469 E3.19928
G1 X112.258 Y103.768 E3.23819
G1 X112.883 Y104.036 E3.26121
G1 X113.525 Y104.411 E3.28638
G1 X114.012 Y104.722 E3.30594
G1 X114.89 Y105.523 E3.34617
G1 X115.401 Y106.153 E3.37363
G1 X115.822 Y106.826 E3.4005
G1 X116.318 Y107.986 E3.4432
G1 X116.499 Y108.683 E3.46758
G1 X116.583 Y109.417 E3.49259
G1 X116.631 Y109.938 E3.5103
G1 X116.599 Y110.657 E3.53466
G1 X116.483 Y111.382 E3.55951
G1 X116.25 Y112.147 E3.58658
G1 X116.083 Y112.64 E3.6042
G1 X115.761 Y113.284 E3.62857
G1 X115.368 Y113.885 E3.65288
G1 X114.937 Y114.415 E3.676
G1 X114.424 Y114.908 E3.70008
G1 X113.922 Y115.345 E3.72261
G1 X113.261 Y115.774 E3.74928
G1 X112.172 Y116.263 E3.78969
G1 X111.414 Y116.479 E3.81637
G1 X110.143 Y116.628 E3.85969
G1 X109.066 Y116.564 E3.89621
G1 X108.271 Y116.402 E3.92367
G1 X107.904 Y116.267 E3.93691
G1 X107.99 Y115.867 F9000
;TYPE:External perimeter
G1 F1500
G1 X107.649 Y115.741 E3.94922
G1 X107.283 Y115.6 E3.9625
G1 X106.356 Y115.046 E3.99905
G1 X105.805 Y114.596 E4.02313
G1 X105.361 Y114.14 E4.04467
G1 X104.925 Y113.591 E4.0684
G1 X104.548 Y112.985 E4.09256
G1 X104.137 Y112.09 E4.1259
G1 X103.863 Y111.037 E4.16273
G1 X103.777 Y109.903 E4.20122
G1 X103.83 Y109.176 E4.22589
G1 X103.972 Y108.446 E4.25106
G1 X104.36 Y107.367 E4.28987
G1 X104.9 Y106.432 E4.32642
G1 X105.366 Y105.844 E4.35182
G1 X105.893 Y105.323 E4.3769
G1 X106.433 Y104.903 E4.40006
G1 X107.002 Y104.552 E4.42269
G1 X107.802 Y104.176 E4.45261
G1 X108.512 Y103.956 E4.47777
G1 X109.245 Y103.821 E4.503
G1 X110.385 Y103.787 E4.5416
G1 X111.099 Y103.873 E4.56594
G1 X112.149 Y104.161 E4.60279
G1 X112.718 Y104.408 E4.62379
G1 X113.793 Y105.065 E4.66644
G1 X114.613 Y105.822 E4.70422
G1 X115.083 Y106.407 E4.72962
G1 X115.476 Y107.04 E4.75484
G1 X115.924 Y108.088 E4.79342
G1 X116.105 Y108.785 E4.8178
G1 X116.224 Y109.919 E4.8564
G1 X116.192 Y110.639 E4.8808
G1 X116.081 Y111.315 E4.90399
G1 X115.863 Y112.021 E4.929
G1 X115.62 Y112.656 E4.95201
G1 X115.387 Y113.119 E4.96955
G1 X115.028 Y113.659 E4.9915
G1 X114.627 Y114.152 E5.01301
G1 X114.157 Y114.601 E5.03501
G1 X113.655 Y115.037 E5.05752
G1 X113.042 Y115.431 E5.08219
G1 X112.008 Y115.891 E5.1205
G1 X111.306 Y116.086 E5.14516
G1 X110.168 Y116.222 E5.18395
G1 X109.09 Y116.157 E5.22051
G1 X108.356 Y116.004 E5.24589
G1 X108.046 Y115.888 E5.25709
G1 X107.671 Y115.749 F9000
G1 E4.45709 F2100
G92 E0
G1 X104.271 Y114.867 F9000
G1 E.8 F2100
;TYPE:Perimeter
;WIDTH:0.503413
G1 F2700
G1 X104.209 Y114.801 E.80347
;WIDTH:0.509442
G1 X103.629 Y114.014 E.84139
G1 X103.189 Y113.211 E.87691
G1 X102.929 Y112.573 E.90364
;WIDTH:0.517988
G1 X102.732 Y111.948 E.92953
G1 X102.587 Y111.294 E.95599
;WIDTH:0.518773
G1 X102.503 Y110.635 E.98228
G1 X102.473 Y109.764 E1.01676
;WIDTH:0.508195
G1 X102.55 Y108.897 E1.05043
;WIDTH:0.508007
G1 X102.725 Y108.09 E1.08236
;WIDTH:0.518261
G1 X102.873 Y107.583 E1.10324
G1 X103.154 Y106.864 E1.13375
;WIDTH:0.517708
G1 X103.421 Y106.349 E1.15665
G1 X103.897 Y105.592 E1.19195
;WIDTH:0.506328
G1 X104.466 Y104.898 E1.22653
;WIDTH:0.504894
G1 X105.115 Y104.277 E1.26103
;WIDTH:0.503683
G1 X105.832 Y103.737 E1.29542
;WIDTH:0.510233
G1 X106.74 Y103.214 E1.33614
G1 X107.499 Y102.899 E1.36807
;WIDTH:0.508504
G1 X108.329 Y102.657 E1.40154
;WIDTH:0.50831
G1 X109.028 Y102.54 E1.42897
;WIDTH:0.517824
G1 X109.597 Y102.485 E1.45154
G1 X110.335 Y102.486 E1.48068
;WIDTH:0.511553
G1 X110.865 Y102.522 E1.50138
;WIDTH:0.515038
G1 X111.705 Y102.67 E1.53486
G1 X112.723 Y102.986 E1.5767
;WIDTH:0.502995
G1 X113.571 Y103.381 E1.61249
;WIDTH:0.518657
G1 X114.024 Y103.641 E1.63315
G1 X114.623 Y104.065 E1.66218
;WIDTH:0.517746
G1 X115.021 Y104.396 E1.68262
G1 X115.653 Y105.029 E1.71794
;WIDTH:0.506325
G1 X116.104 Y105.593 E1.74577
;WIDTH:0.511953
G1 X116.375 Y105.996 E1.76471
;WIDTH:0.51656
G1 X116.815 Y106.805 E1.80098
G1 X117.115 Y107.566 E1.8332
;WIDTH:0.511985
G1 X117.273 Y108.057 E1.85332
G1 X117.408 Y108.662 E1.8775
;WIDTH:0.518419
G1 X117.496 Y109.34 E1.90453
G1 X117.524 Y110.26 E1.94092
;WIDTH:0.511903
G1 X117.444 Y111.127 E1.97487
G1 X117.305 Y111.795 E2.00148
;WIDTH:0.518372
G1 X117.119 Y112.439 E2.02798
G1 X116.793 Y113.246 E2.06239
;WIDTH:0.511648
G1 X116.47 Y113.837 E2.08864
;WIDTH:0.502962
G1 X115.955 Y114.597 E2.12376
G1 X115.417 Y115.22 E2.15525
;WIDTH:0.518503
G1 X115.019 Y115.606 E2.17718
G1 X114.338 Y116.155 E2.21177
;WIDTH:0.507571
G1 X113.698 Y116.56 E2.24103
;WIDTH:0.517988
G1 X113.189 Y116.815 E2.26352
G1 X112.488 Y117.104 E2.29347
;WIDTH:0.511294
G1 X111.948 Y117.272 E2.31549
G1 X111.451 Y117.38 E2.3353
;WIDTH:0.516017
G1 X110.624 Y117.499 E2.36817
G1 X110.11 Y117.52 E2.38841
;WIDTH:0.517616
G1 X109.327 Y117.496 E2.41933
G1 X108.796 Y117.433 E2.44044
;WIDTH:0.506896
G1 X108.073 Y117.27 E2.46903
;WIDTH:0.517067
G1 X107.571 Y117.123 E2.48965
G1 X106.844 Y116.836 E2.52046
;WIDTH:0.516114
G1 X106.38 Y116.598 E2.54098
G1 X105.506 Y116.036 E2.58186
;WIDTH:0.504136
G1 X104.82 Y115.458 E2.61626
;WIDTH:0.503413
G1 X104.312 Y114.911 E2.64484
G1 X103.941 Y115.147 F9000
;WIDTH:0.449999
G1 F2700
G1 X103.872 Y115.073 E2.64826
G1 X103.314 Y114.329 E2.67974
G1 X103.024 Y113.849 E2.69872
G1 X102.791 Y113.392 E2.71608
G1 X102.452 Y112.55 E2.7468
G1 X102.306 Y112.067 E2.76388
G1 X102.12 Y111.178 E2.79462
G1 X102.062 Y110.677 E2.81169
G1 X102.041 Y109.944 E2.83651
G1 X102.062 Y109.326 E2.85744
G1 X102.121 Y108.819 E2.87472
G1 X102.308 Y107.976 E2.90395
G1 X102.459 Y107.431 E2.92309
G1 X102.797 Y106.594 E2.95364
G1 X103.032 Y106.139 E2.97097
G1 X103.513 Y105.376 E3.0015
G1 X104.066 Y104.684 E3.03148
G1 X104.693 Y104.058 E3.06147
G1 X105.386 Y103.505 E3.09148
G1 X106.091 Y103.06 E3.1197
G1 X106.545 Y102.821 E3.13707
G1 X107.341 Y102.49 E3.16625
G1 X108.157 Y102.252 E3.19502
G1 X108.664 Y102.147 E3.21255
G1 X109.169 Y102.088 E3.22976
G1 X109.991 Y102.033 E3.25765
G1 X110.902 Y102.084 E3.28853
G1 X111.791 Y102.237 E3.31906
G1 X112.659 Y102.49 E3.34966
G1 X113.413 Y102.804 E3.37731
G1 X114.27 Y103.275 E3.41041
G1 X114.894 Y103.727 E3.43649
G1 X115.333 Y104.084 E3.45564
G1 X115.994 Y104.759 E3.48762
G1 X116.566 Y105.491 E3.51906
G1 X116.965 Y106.16 E3.54543
G1 X117.218 Y106.629 E3.56347
G1 X117.526 Y107.428 E3.59245
G1 X117.7 Y107.955 E3.61124
G1 X117.879 Y108.819 E3.64111
G1 X117.937 Y109.327 E3.65842
G1 X117.955 Y109.949 E3.67948
G1 X117.936 Y110.698 E3.70484
G1 X117.875 Y111.205 E3.72213
G1 X117.723 Y111.909 E3.74651
G1 X117.533 Y112.593 E3.77054
G1 X117.29 Y113.207 E3.79289
G1 X116.981 Y113.84 E3.81673
G1 X116.473 Y114.645 E3.84895
G1 X115.973 Y115.269 E3.87602
G1 X115.295 Y115.95 E3.90855
G1 X114.581 Y116.517 E3.93941
G1 X113.839 Y116.982 E3.96905
G1 X113.381 Y117.213 E3.98641
G1 X112.539 Y117.552 E4.01713
G1 X112.055 Y117.696 E4.03422
G1 X111.166 Y117.881 E4.06496
G1 X110.665 Y117.938 E4.08203
G1 X109.786 Y117.963 E4.1118
G1 X109.275 Y117.934 E4.12912
G1 X108.719 Y117.861 E4.1481
G1 X107.96 Y117.687 E4.17446
G1 X107.418 Y117.537 E4.1935
G1 X106.6 Y117.205 E4.22338
G1 X106.145 Y116.971 E4.2407
G1 X105.234 Y116.375 E4.27755
G1 X104.514 Y115.765 E4.30949
G1 X103.981 Y115.191 E4.336
G1 X103.625 Y115.414 F9000
;TYPE:External perimeter
G1 F1800
G1 X103.222 Y114.915 E4.35771
G1 X102.936 Y114.497 E4.37485
G1 X102.667 Y114.045 E4.39265
G1 X102.42 Y113.561 E4.41104
G1 X102.067 Y112.685 E4.44301
G1 X101.911 Y112.168 E4.46129
G1 X101.718 Y111.243 E4.49327
G1 X101.656 Y110.707 E4.51153
G1 X101.63 Y109.809 E4.54194
G1 X101.655 Y109.303 E4.55909
G1 X101.715 Y108.78 E4.57691
G1 X101.812 Y108.245 E4.59531
G1 X102.049 Y107.379 E4.6257
G1 X102.22 Y106.902 E4.64285
G1 X102.429 Y106.419 E4.66066
G1 X102.678 Y105.936 E4.67905
G1 X103.18 Y105.139 E4.71093
G1 X103.762 Y104.412 E4.74245
G1 X104.421 Y103.754 E4.77397
G1 X105.15 Y103.173 E4.80552
G1 X105.912 Y102.691 E4.83604
G1 X106.373 Y102.452 E4.85362
G1 X107.206 Y102.105 E4.88416
G1 X108.119 Y101.839 E4.91635
G1 X108.63 Y101.739 E4.93397
G1 X109.483 Y101.643 E4.96303
G1 X109.997 Y101.625 E4.98044
G1 X110.948 Y101.679 E5.01268
G1 X111.883 Y101.84 E5.04479
G1 X112.794 Y102.105 E5.0769
G1 X113.625 Y102.451 E5.10737
G1 X114.458 Y102.911 E5.13958
G1 X114.889 Y103.201 E5.15716
G1 X115.579 Y103.754 E5.18709
G1 X116.238 Y104.412 E5.21861
G1 X116.793 Y105.106 E5.24869
G1 X117.094 Y105.548 E5.26679
G1 X117.549 Y106.379 E5.29886
G1 X117.768 Y106.869 E5.31703
G1 X118.069 Y107.768 E5.34912
G1 X118.199 Y108.292 E5.36739
G1 X118.289 Y108.811 E5.38522
G1 X118.344 Y109.316 E5.40241
G1 X118.369 Y110.215 E5.43285
G1 X118.341 Y110.754 E5.45112
G1 X118.276 Y111.277 E5.46896
G1 X118.115 Y112.017 E5.49459
G1 X117.914 Y112.735 E5.51983
G1 X117.572 Y113.575 E5.55053
G1 X117.335 Y114.042 E5.56826
G1 X116.805 Y114.881 E5.60185
G1 X116.254 Y115.569 E5.63169
G1 X115.597 Y116.229 E5.66321
G1 X114.869 Y116.814 E5.69482
G1 X114.432 Y117.105 E5.71259
G1 X113.994 Y117.36 E5.72975
G1 X113.506 Y117.602 E5.74819
G1 X112.572 Y117.967 E5.78213
G1 X111.729 Y118.18 E5.81156
G1 X111.181 Y118.289 E5.83047
G1 X110.245 Y118.357 E5.86224
G1 X109.702 Y118.368 E5.88062
G1 X108.798 Y118.287 E5.91134
G1 X108.282 Y118.197 E5.92907
G1 X107.277 Y117.918 E5.96437
G1 X106.436 Y117.578 E5.99508
G1 X105.969 Y117.341 E6.01281
G1 X105.129 Y116.812 E6.04641
G1 X104.403 Y116.229 E6.07793
G1 X103.779 Y115.606 E6.10778
G1 X103.662 Y115.461 E6.11409
G1 X103.411 Y115.15 F9000
;LAYER_CHANGE
;Z:5
;HEIGHT:0.2
G1 E5.31409 F2100
G92 E0
G1 Z5 F9000
G1 X107.691 Y116.663
G1 E.8 F2100
;TYPE:Perimeter
;WIDTH:0.517407
G1 F2700
G1 X107.262 Y116.514 E.81792
;WIDTH:0.507554
G1 X106.614 Y116.202 E.84571
G1 X105.897 Y115.753 E.87839
;WIDTH:0.518115
G1 X105.292 Y115.247 E.90955
G1 X104.91 Y114.899 E.92997
;WIDTH:0.50251
G1 X104.386 Y114.287 E.96076
;WIDTH:0.519164
G1 X104.034 Y113.756 E.98599
G1 X103.721 Y113.236 E1.01002
;WIDTH:0.507547
G1 X103.371 Y112.441 E1.04358
;WIDTH:0.518636
G1 X103.201 Y111.861 E1.06749
G1 X103.048 Y111.241 E1.09275
;WIDTH:0.518364
G1 X102.979 Y110.634 E1.1169
G1 X102.938 Y109.979 E1.14285
;WIDTH:0.512012
G1 X102.967 Y109.376 E1.1664
G1 X103.09 Y108.555 E1.19878
;WIDTH:0.518317
G1 X103.322 Y107.74 E1.23228
G1 X103.551 Y107.115 E1.25859
;WIDTH:0.51775
G1 X103.813 Y106.618 E1.28077
G1 X104.171 Y106.011 E1.30859
;WIDTH:0.505787
G1 X104.708 Y105.319 E1.3423
;WIDTH:0.507461
G1 X105.297 Y104.726 E1.37458
;WIDTH:0.508867
G1 X105.908 Y104.242 E1.40478
;WIDTH:0.510054
G1 X106.584 Y103.818 E1.43577
G1 X107.459 Y103.409 E1.47329
;WIDTH:0.503293
G1 X108.265 Y103.152 E1.50567
;WIDTH:0.511827
G1 X108.81 Y103.041 E1.52736
;WIDTH:0.517848
G1 X109.614 Y102.96 E1.55927
G1 X110.329 Y102.946 E1.58751
;WIDTH:0.502841
G1 X111.2 Y103.039 E1.62101
;WIDTH:0.509551
G1 X112.363 Y103.344 E1.66766
;WIDTH:0.509866
G1 X113.076 Y103.643 E1.69768
;WIDTH:0.518816
G1 X113.774 Y104.046 E1.72957
G1 X114.246 Y104.356 E1.75192
;WIDTH:0.511441
G1 X114.709 Y104.74 E1.77535
;WIDTH:0.511669
G1 X115.259 Y105.291 E1.80569
;WIDTH:0.512117
G1 X115.756 Y105.912 E1.83672
G1 X116.038 Y106.332 E1.85646
;WIDTH:0.506704
G1 X116.385 Y106.973 E1.88457
G1 X116.698 Y107.758 E1.91716
;WIDTH:0.508156
G1 X116.919 Y108.564 E1.94949
;WIDTH:0.51849
G1 X117.021 Y109.365 E1.98142
G1 X117.063 Y109.88 E2.00185
;WIDTH:0.518738
G1 X117.022 Y110.631 E2.03161
G1 X116.969 Y111.172 E2.05312
;WIDTH:0.508969
G1 X116.683 Y112.292 E2.09792
;WIDTH:0.518928
G1 X116.367 Y113.027 E2.12959
G1 X116.098 Y113.567 E2.15347
;WIDTH:0.509016
G1 X115.739 Y114.117 E2.17892
;WIDTH:0.510408
G1 X115.261 Y114.709 E2.2085
;WIDTH:0.518276
G1 X114.708 Y115.247 E2.239
G1 X114.22 Y115.663 E2.26435
;WIDTH:0.512235
G1 X113.755 Y115.978 E2.28627
G1 X113.357 Y116.216 E2.30437
;WIDTH:0.508224
G1 X112.363 Y116.656 E2.34643
;WIDTH:0.511841
G1 X111.857 Y116.811 E2.36706
;WIDTH:0.517629
G1 X111.027 Y116.976 E2.40046
G1 X110.304 Y117.055 E2.42917
;WIDTH:0.512113
G1 X109.773 Y117.056 E2.44989
;WIDTH:0.512381
G1 X108.962 Y116.983 E2.48168
G1 X108.44 Y116.889 E2.50238
;WIDTH:0.517407
G1 X107.748 Y116.682 E2.53088
G1 X107.848 Y116.244 F9000
;WIDTH:0.449999
G1 F2700
G1 X107.451 Y116.122 E2.54494
G1 X106.799 Y115.807 E2.56945
G1 X106.132 Y115.386 E2.59615
G1 X105.216 Y114.593 E2.63716
G1 X104.716 Y114.007 E2.66323
G1 X104.41 Y113.524 E2.68258
G1 X104.092 Y113.007 E2.70313
G1 X103.77 Y112.271 E2.73032
G1 X103.468 Y111.132 E2.77021
G1 X103.371 Y109.947 E2.81045
G1 X103.404 Y109.409 E2.82869
G1 X103.519 Y108.64 E2.85501
G1 X103.597 Y108.279 E2.86751
G1 X103.962 Y107.263 E2.90405
G1 X104.548 Y106.228 E2.94431
G1 X105.048 Y105.59 E2.97175
G1 X105.603 Y105.037 E2.99827
G1 X106.175 Y104.588 E3.02288
G1 X106.808 Y104.194 E3.04812
G1 X107.636 Y103.805 E3.07909
G1 X108.392 Y103.567 E3.10592
G1 X109.263 Y103.411 E3.13587
G1 X110.342 Y103.379 E3.17241
G1 X111.148 Y103.469 E3.19986
G1 X112.247 Y103.765 E3.23839
G1 X112.898 Y104.042 E3.26234
G1 X114.012 Y104.722 E3.30652
G1 X114.421 Y105.07 E3.3247
G1 X114.934 Y105.584 E3.34928
G1 X115.397 Y106.165 E3.37443
G1 X115.66 Y106.545 E3.39007
G1 X116.001 Y107.179 E3.41444
G1 X116.295 Y107.916 E3.4413
G1 X116.497 Y108.674 E3.46785
G1 X116.63 Y109.956 E3.51148
G1 X116.549 Y111.032 E3.548
G1 X116.26 Y112.182 E3.58814
G1 X115.966 Y112.841 E3.61257
G1 X115.731 Y113.336 E3.63112
G1 X115.375 Y113.877 E3.65304
G1 X114.928 Y114.427 E3.67703
G1 X114.418 Y114.915 E3.70092
G1 X113.934 Y115.336 E3.72263
G1 X113.261 Y115.774 E3.74981
G1 X112.187 Y116.259 E3.7897
G1 X111.414 Y116.479 E3.8169
G1 X110.567 Y116.587 E3.8458
G1 X110.162 Y116.629 E3.85958
G1 X109.442 Y116.608 E3.88396
G1 X108.657 Y116.494 E3.91081
G1 X107.905 Y116.262 E3.93745
G1 X107.99 Y115.867 F9000
;TYPE:External perimeter
G1 F1500
G1 X107.628 Y115.755 E3.95028
G1 X106.978 Y115.442 E3.9747
G1 X106.351 Y115.043 E3.99986
G1 X105.504 Y114.305 E4.03789
G1 X105.027 Y113.743 E4.06284
G1 X104.757 Y113.31 E4.08011
G1 X104.438 Y112.794 E4.10064
G1 X104.144 Y112.111 E4.12581
G1 X103.862 Y111.03 E4.16363
G1 X103.777 Y109.917 E4.20141
G1 X103.83 Y109.176 E4.22656
G1 X103.972 Y108.446 E4.25173
G1 X104.36 Y107.367 E4.29054
G1 X104.9 Y106.432 E4.32709
G1 X105.366 Y105.844 E4.35249
G1 X105.889 Y105.327 E4.37738
G1 X106.424 Y104.91 E4.40034
G1 X107.017 Y104.543 E4.42395
G1 X107.802 Y104.177 E4.45327
G1 X108.512 Y103.956 E4.47844
G1 X109.245 Y103.821 E4.50367
G1 X110.385 Y103.787 E4.54227
G1 X111.099 Y103.873 E4.56661
G1 X112.139 Y104.158 E4.60311
G1 X112.733 Y104.414 E4.625
G1 X113.793 Y105.065 E4.66711
G1 X114.36 Y105.557 E4.69252
G1 X114.859 Y106.109 E4.71771
G1 X115.289 Y106.717 E4.74292
G1 X115.643 Y107.372 E4.76812
G1 X115.916 Y108.065 E4.79333
G1 X116.103 Y108.776 E4.81821
G1 X116.224 Y109.925 E4.85732
G1 X116.143 Y111.002 E4.89388
G1 X115.866 Y112.079 E4.93152
G1 X115.384 Y113.123 E4.97044
G1 X114.988 Y113.724 E4.9948
G1 X114.617 Y114.163 E5.01426
G1 X114.15 Y114.608 E5.03609
G1 X113.667 Y115.029 E5.05778
G1 X113.042 Y115.431 E5.08293
G1 X112.022 Y115.887 E5.12075
G1 X111.306 Y116.086 E5.1459
G1 X110.174 Y116.222 E5.18449
G1 X109.454 Y116.201 E5.20887
G1 X108.718 Y116.091 E5.23406
G1 X108.047 Y115.884 E5.25783
G1 X107.666 Y115.764 F9000
G1 E4.45783 F2100
G92 E0
G1 X104.267 Y114.868 F9000
G1 E.8 F2100
;TYPE:Perimeter
;WIDTH:0.510171
G1 F2700
G1 X103.913 Y114.428 E.82194
;WIDTH:0.519164
G1 X103.627 Y114.002 E.84226
G1 X103.198 Y113.231 E.8772
;WIDTH:0.508998
G1 X102.937 Y112.594 E.90388
;WIDTH:0.518636
G1 X102.738 Y111.97 E.92979
G1 X102.587 Y111.287 E.95746
;WIDTH:0.518364
G1 X102.504 Y110.659 E.9825
G1 X102.474 Y109.756 E1.01822
;WIDTH:0.508598
G1 X102.551 Y108.89 E1.05188
;WIDTH:0.508252
G1 X102.725 Y108.091 E1.08352
;WIDTH:0.518317
G1 X102.875 Y107.577 E1.10469
G1 X103.154 Y106.863 E1.13499
;WIDTH:0.51775
G1 X103.407 Y106.373 E1.15676
G1 X103.896 Y105.592 E1.19314
;WIDTH:0.506429
G1 X104.466 Y104.898 E1.22775
;WIDTH:0.504894
G1 X105.114 Y104.277 E1.26223
;WIDTH:0.503645
G1 X105.831 Y103.737 E1.29662
;WIDTH:0.510366
G1 X106.723 Y103.221 E1.33667
G1 X107.509 Y102.895 E1.36974
;WIDTH:0.508759
G1 X108.337 Y102.656 E1.40312
;WIDTH:0.508588
G1 X109.028 Y102.541 E1.43024
;WIDTH:0.517848
G1 X109.6 Y102.485 E1.45294
G1 X110.335 Y102.486 E1.48197
;WIDTH:0.511557
G1 X110.861 Y102.522 E1.50251
;WIDTH:0.514927
G1 X111.698 Y102.668 E1.53586
G1 X112.723 Y102.987 E1.57799
;WIDTH:0.502755
G1 X113.571 Y103.381 E1.61374
;WIDTH:0.518816
G1 X114.035 Y103.648 E1.63492
G1 X114.665 Y104.099 E1.66558
;WIDTH:0.501919
G1 X115.334 Y104.696 E1.6998
;WIDTH:0.50179
G1 X115.833 Y105.25 E1.72825
;WIDTH:0.512117
G1 X116.143 Y105.647 E1.7479
G1 X116.443 Y106.111 E1.76946
;WIDTH:0.506704
G1 X116.792 Y106.751 E1.79757
;WIDTH:0.511866
G1 X116.98 Y107.179 E1.8158
;WIDTH:0.51198
G1 X117.272 Y108.051 E1.85167
G1 X117.408 Y108.662 E1.87608
;WIDTH:0.51849
G1 X117.495 Y109.333 E1.90284
G1 X117.522 Y109.999 E1.9292
;WIDTH:0.518738
G1 X117.495 Y110.677 E1.95605
G1 X117.367 Y111.544 E1.99072
;WIDTH:0.514322
G1 X117.047 Y112.65 E2.03585
;WIDTH:0.518928
G1 X116.795 Y113.235 E2.06106
G1 X116.472 Y113.835 E2.08803
;WIDTH:0.502672
G1 X115.969 Y114.579 E2.12236
G1 X115.415 Y115.222 E2.15481
;WIDTH:0.518276
G1 X115.012 Y115.612 E2.17698
G1 X114.351 Y116.147 E2.21059
;WIDTH:0.507676
G1 X113.697 Y116.56 E2.24048
;WIDTH:0.517706
G1 X113.216 Y116.803 E2.26175
G1 X112.503 Y117.098 E2.29221
;WIDTH:0.511841
G1 X111.967 Y117.266 E2.31411
G1 X111.451 Y117.379 E2.33471
;WIDTH:0.51693
G1 X110.655 Y117.497 E2.36643
G1 X110.148 Y117.519 E2.38643
;WIDTH:0.507098
G1 X109.408 Y117.507 E2.415
;WIDTH:0.512381
G1 X108.885 Y117.446 E2.43555
G1 X108.311 Y117.332 E2.45839
;WIDTH:0.508194
G1 X107.258 Y117.012 E2.50097
;WIDTH:0.512321
G1 X106.767 Y116.799 E2.52186
G1 X106.259 Y116.529 E2.54431
;WIDTH:0.504634
G1 X105.477 Y116.012 E2.5803
;WIDTH:0.518115
G1 X104.968 Y115.594 E2.60632
G1 X104.389 Y115.019 E2.63856
;WIDTH:0.510171
G1 X104.305 Y114.915 E2.64375
G1 X103.934 Y115.151 F9000
;WIDTH:0.449999
G1 F2700
G1 X103.532 Y114.649 E2.66552
G1 X103.246 Y114.226 E2.6828
G1 X102.8 Y113.412 E2.71422
G1 X102.474 Y112.602 E2.74377
G1 X102.312 Y112.089 E2.76198
G1 X102.128 Y111.21 E2.79238
G1 X102.064 Y110.701 E2.80974
G1 X102.038 Y109.826 E2.83937
G1 X102.062 Y109.319 E2.85655
G1 X102.122 Y108.812 E2.87383
G1 X102.308 Y107.977 E2.90279
G1 X102.461 Y107.425 E2.92218
G1 X102.799 Y106.589 E2.9527
G1 X103.034 Y106.138 E2.96991
G1 X103.557 Y105.32 E3.00277
G1 X104.159 Y104.591 E3.03477
G1 X104.844 Y103.938 E3.0668
G1 X105.6 Y103.371 E3.09879
G1 X106.529 Y102.828 E3.13521
G1 X107.352 Y102.486 E3.16538
G1 X108.158 Y102.252 E3.19379
G1 X108.664 Y102.146 E3.21129
G1 X109.169 Y102.089 E3.22849
G1 X109.991 Y102.033 E3.25638
G1 X110.898 Y102.084 E3.28713
G1 X111.784 Y102.235 E3.31755
G1 X112.648 Y102.486 E3.348
G1 X113.429 Y102.811 E3.37663
G1 X113.781 Y103.002 E3.39019
G1 X114.63 Y103.517 E3.4238
G1 X115.283 Y104.039 E3.4521
G1 X115.64 Y104.39 E3.46905
G1 X116.171 Y104.98 E3.49592
G1 X116.507 Y105.403 E3.51421
G1 X116.828 Y105.911 E3.53455
G1 X117.374 Y106.984 E3.5753
G1 X117.698 Y107.949 E3.60976
G1 X117.878 Y108.812 E3.6396
G1 X117.937 Y109.32 E3.65691
G1 X117.963 Y110.218 E3.68732
G1 X117.934 Y110.729 E3.70464
G1 X117.799 Y111.63 E3.73548
G1 X117.554 Y112.527 E3.76695
G1 X117.378 Y113.006 E3.78422
G1 X116.987 Y113.829 E3.81506
G1 X116.48 Y114.634 E3.84726
G1 X115.964 Y115.28 E3.87525
G1 X115.288 Y115.956 E3.90761
G1 X114.593 Y116.509 E3.93767
G1 X113.918 Y116.935 E3.96469
G1 X113.408 Y117.201 E3.98416
G1 X112.665 Y117.501 E4.01128
G1 X112.086 Y117.689 E4.03189
G1 X111.194 Y117.876 E4.06274
G1 X110.698 Y117.936 E4.07965
G1 X110.161 Y117.952 E4.09783
G1 X109.315 Y117.938 E4.12647
G1 X108.808 Y117.877 E4.14376
G1 X108.197 Y117.752 E4.16487
G1 X107.42 Y117.537 E4.19216
G1 X106.894 Y117.334 E4.21124
G1 X106.174 Y116.989 E4.23826
G1 X105.369 Y116.483 E4.27044
G1 X104.682 Y115.932 E4.30025
G1 X104.071 Y115.321 E4.3295
G1 X103.972 Y115.198 E4.33484
G1 X103.624 Y115.415 F9000
;TYPE:External perimeter
G1 F1800
G1 X103.214 Y114.904 E4.35702
G1 X102.929 Y114.487 E4.37412
G1 X102.661 Y114.034 E4.39194
G1 X102.43 Y113.581 E4.40915
G1 X102.064 Y112.674 E4.44226
G1 X101.917 Y112.19 E4.45938
G1 X101.717 Y111.233 E4.49247
G1 X101.657 Y110.731 E4.50958
G1 X101.63 Y109.801 E4.54107
G1 X101.656 Y109.295 E4.55822
G1 X101.716 Y108.772 E4.57604
G1 X101.806 Y108.272 E4.59324
G1 X102.05 Y107.374 E4.62474
G1 X102.222 Y106.897 E4.6419
G1 X102.432 Y106.414 E4.65973
G1 X102.664 Y105.962 E4.67693
G1 X103.183 Y105.136 E4.70995
G1 X103.761 Y104.413 E4.74128
G1 X104.416 Y103.758 E4.77263
G1 X105.14 Y103.18 E4.80399
G1 X105.888 Y102.707 E4.83395
G1 X106.357 Y102.459 E4.85191
G1 X107.216 Y102.102 E4.8834
G1 X108.082 Y101.85 E4.91393
G1 X108.602 Y101.743 E4.9319
G1 X109.485 Y101.643 E4.96198
G1 X109.997 Y101.625 E4.97932
G1 X110.944 Y101.679 E5.01143
G1 X111.876 Y101.838 E5.04343
G1 X112.784 Y102.102 E5.07544
G1 X113.641 Y102.458 E5.10685
G1 X114.429 Y102.895 E5.13735
G1 X114.872 Y103.188 E5.15533
G1 X115.584 Y103.758 E5.1862
G1 X116.239 Y104.413 E5.21755
G1 X116.791 Y105.103 E5.24746
G1 X117.091 Y105.545 E5.26554
G1 X117.547 Y106.375 E5.2976
G1 X117.766 Y106.864 E5.31574
G1 X118.067 Y107.762 E5.3478
G1 X118.197 Y108.285 E5.36604
G1 X118.288 Y108.804 E5.38388
G1 X118.343 Y109.308 E5.40104
G1 X118.37 Y110.206 E5.43145
G1 X118.342 Y110.745 E5.44972
G1 X118.277 Y111.273 E5.46773
G1 X118.184 Y111.766 E5.48471
G1 X117.837 Y112.943 E5.52625
G1 X117.578 Y113.564 E5.54903
G1 X117.341 Y114.031 E5.56676
G1 X116.812 Y114.871 E5.60036
G1 X116.244 Y115.58 E5.63111
G1 X115.59 Y116.236 E5.66246
G1 X114.901 Y116.788 E5.69234
G1 X114.483 Y117.073 E5.70946
G1 X114.03 Y117.341 E5.72728
G1 X113.577 Y117.572 E5.74449
G1 X112.67 Y117.938 E5.7776
G1 X112.186 Y118.084 E5.79471
G1 X111.229 Y118.284 E5.8278
G1 X110.727 Y118.343 E5.84491
G1 X110.173 Y118.359 E5.86367
G1 X109.321 Y118.346 E5.89251
G1 X108.8 Y118.288 E5.91025
G1 X108.284 Y118.197 E5.92799
G1 X107.371 Y117.948 E5.96002
G1 X106.9 Y117.779 E5.97696
G1 X106.44 Y117.579 E5.99394
G1 X105.973 Y117.343 E6.01165
G1 X105.133 Y116.815 E6.04523
G1 X104.41 Y116.236 E6.07658
G1 X103.767 Y115.593 E6.10736
G1 X103.661 Y115.461 E6.11309
G1 X103.411 Y115.149 F9000
M106 S79.05
;LAYER_CHANGE
;Z:5.2
;HEIGHT:0.2
G1 E5.31309 F2100
G92 E0
G1 Z5.2 F9000
G1 X104.98 Y118.039
G1 E.8 F2100
;TYPE:Overhang perimeter
;WIDTH:0.4
;HEIGHT:0.4
M106 S127.5
G1 F1500
G1 X102.979 Y118.039 E.90454
G1 X102.745 Y118.012 E.91685
G1 X102.347 Y117.819 E.93996
G1 X102.075 Y117.49 E.96226
G1 X101.961 Y117.152 E.9809
G1 X101.961 Y113.571 E1.16799
M106 S79.05
;TYPE:Perimeter
;WIDTH:0.449999
;HEIGHT:0.2
G1 F2700
G1 X101.961 Y106.429 E1.40974
;TYPE:Overhang perimeter
;WIDTH:0.4
;HEIGHT:0.4
M106 S127.5
G1 F1500
G1 X101.961 Y102.979 E1.58998
G1 X101.991 Y102.734 E1.60288
G1 X102.075 Y102.51 E1.61538
G1 X102.347 Y102.181 E1.63768
G1 X102.745 Y101.988 E1.66079
G1 X102.979 Y101.961 E1.6731
G1 X106.429 Y101.961 E1.85334
M106 S79.05
;TYPE:Perimeter
;WIDTH:0.449999
;HEIGHT:0.2
G1 F2700
G1 X113.571 Y101.961 E2.09509
;TYPE:Overhang perimeter
;WIDTH:0.4
;HEIGHT:0.4
M106 S127.5
G1 F1500
G1 X117.021 Y101.961 E2.27533
G1 X117.255 Y101.988 E2.28764
G1 X117.653 Y102.181 E2.31075
G1 X117.925 Y102.51 E2.33305
G1 X118.009 Y102.734 E2.34555
G1 X118.039 Y102.979 E2.35845
G1 X118.039 Y106.429 E2.53869
M106 S79.05
;TYPE:Perimeter
;WIDTH:0.449999
;HEIGHT:0.2
G1 F2700
G1 X118.039 Y113.571 E2.78044
;TYPE:Overhang perimeter
;WIDTH:0.4
;HEIGHT:0.4
M106 S127.5
G1 F1500
G1 X118.039 Y117.021 E2.96068
G1 X118.009 Y117.266 E2.97358
G1 X117.925 Y117.49 E2.98608
G1 X117.653 Y117.819 E3.00838
G1 X117.255 Y118.012 E3.03149
G1 X117.021 Y118.039 E3.0438
G1 X113.57 Y118.039 E3.2241
M106 S79.05
;TYPE:Perimeter
;WIDTH:0.449999
;HEIGHT:0.2
G1 F2700
G1 X106.43 Y118.039 E3.46578
;TYPE:Overhang perimeter
;WIDTH:0.4
;HEIGHT:0.4
M106 S127.5
G1 F1500
G1 X105.04 Y118.039 E3.5384
M106 S79.05
G1 X104.98 Y117.632 F9000
M106 S127.5
G1 F1500
G1 X102.979 Y117.632 E3.64294
G1 X102.71 Y117.57 E3.65736
G1 X102.512 Y117.416 E3.67047
G1 X102.368 Y117.107 E3.68828
G1 X102.368 Y114.375 E3.83101
M106 S79.05
;TYPE:Perimeter
;WIDTH:0.449999
;HEIGHT:0.2
G1 F2700
G1 X102.368 Y105.626 E4.12715
;TYPE:Overhang perimeter
;WIDTH:0.4
;HEIGHT:0.4
M106 S127.5
G1 F1500
G1 X102.368 Y102.979 E4.26544
G1 X102.437 Y102.697 E4.28061
G1 X102.599 Y102.5 E4.29394
G1 X102.894 Y102.368 E4.31082
G1 X105.624 Y102.368 E4.45345
M106 S79.05
;TYPE:Perimeter
;WIDTH:0.449999
;HEIGHT:0.2
G1 F2700
G1 X114.376 Y102.368 E4.74969
;TYPE:Overhang perimeter
;WIDTH:0.4
;HEIGHT:0.4
M106 S127.5
G1 F1500
G1 X117.021 Y102.368 E4.88788
G1 X117.29 Y102.43 E4.9023
G1 X117.488 Y102.584 E4.91541
G1 X117.632 Y102.867 E4.932
G1 X117.632 Y105.626 E5.07614
M106 S79.05
;TYPE:Perimeter
;WIDTH:0.449999
;HEIGHT:0.2
G1 F2700
G1 X117.632 Y114.375 E5.37228
;TYPE:Overhang perimeter
;WIDTH:0.4
;HEIGHT:0.4
M106 S127.5
G1 F1500
G1 X117.632 Y117.021 E5.51052
G1 X117.563 Y117.303 E5.52569
G1 X117.401 Y117.5 E5.53902
G1 X117.107 Y117.632 E5.55586
G1 X114.374 Y117.632 E5.69865
M106 S79.05
;TYPE:Perimeter
;WIDTH:0.449999
;HEIGHT:0.2
G1 F2700
G1 X105.626 Y117.632 E5.99476
;TYPE:Overhang perimeter
;WIDTH:0.4
;HEIGHT:0.4
M106 S127.5
G1 F1500
G1 X105.04 Y117.632 E6.02538
M106 S79.05
G1 X104.98 Y117.225 F9000
M106 S127.5
G1 F1500
G1 X102.979 Y117.225 E6.12992
G1 X102.823 Y117.153 E6.1389
G1 X102.775 Y117.021 E6.14624
G1 X102.775 Y115.02 E6.25078
M106 S79.05
;TYPE:External perimeter
;WIDTH:0.449999
;HEIGHT:0.2
G1 F1800
G1 X102.775 Y104.98 E6.59062
;TYPE:Overhang perimeter
;WIDTH:0.4
;HEIGHT:0.4
M106 S127.5
G1 F1500
G1 X102.775 Y102.979 E6.69516
G1 X102.823 Y102.847 E6.7025
G1 X102.979 Y102.775 E6.71148
G1 X104.98 Y102.775 E6.81602
M106 S79.05
;TYPE:External perimeter
;WIDTH:0.449999
;HEIGHT:0.2
G1 F1800
G1 X115.02 Y102.775 E7.15586
;TYPE:Overhang perimeter
;WIDTH:0.4
;HEIGHT:0.4
M106 S127.5
G1 F1500
G1 X117.021 Y102.775 E7.2604
G1 X117.177 Y102.847 E7.26938
G1 X117.225 Y102.979 E7.27672
G1 X117.225 Y104.98 E7.38126
M106 S79.05
;TYPE:External perimeter
;WIDTH:0.449999
;HEIGHT:0.2
G1 F1800
G1 X117.225 Y115.02 E7.7211
;TYPE:Overhang perimeter
;WIDTH:0.4
;HEIGHT:0.4
M106 S127.5
G1 F1500
G1 X117.225 Y117.021 E7.82564
G1 X117.177 Y117.153 E7.83298
G1 X117.021 Y117.225 E7.84196
G1 X115.02 Y117.225 E7.9465
M106 S79.05
;TYPE:External perimeter
;WIDTH:0.449999
;HEIGHT:0.2
G1 F1800
G1 X105.04 Y117.225 E8.28431
G1 X104.64 Y117.225 F9000
G1 E7.48431 F2100
G92 E0
G1 X96.539 Y97.039 F9000
G1 E.8 F2100
;TYPE:Overhang perimeter
;WIDTH:0.4
;HEIGHT:0.4
M106 S127.5
G1 F1500
G1 X123.461 Y97.039 E2.20654
G1 X123.461 Y122.961 E3.56083
G1 X96.539 Y122.961 E4.96737
G1 X96.539 Y97.099 E6.31853
M106 S79.05
G1 X96.132 Y96.632 F9000
M106 S127.5
G1 F1500
G1 X123.868 Y96.632 E7.76759
G1 X123.868 Y123.368 E9.16441
G1 X96.132 Y123.368 E10.61347
G1 X96.132 Y96.692 E12.00715
M106 S79.05
G1 X95.725 Y96.225 F9000
M106 S127.5
G1 F1500
G1 X124.275 Y96.225 E13.49874
G1 X124.275 Y123.775 E14.93809
G1 X95.725 Y123.775 E16.42968
G1 X95.725 Y96.285 E17.86589
M106 S79.05
G1 X96.121 Y96.226 F9000
G1 E17.06589 F2100
G92 E0
G1 X96.663 Y122.633 F9000
G1 E.8 F2100
;TYPE:Bridge infill
;WIDTH:0.401195
M106 S127.5
G1 F1500
G1 X123.134 Y122.633 E2.19125
G1 X123.134 Y122.182 E2.21495
G1 X96.866 Y122.182 E3.59553
G1 X96.866 Y121.731 E3.61923
G1 X123.134 Y121.731 E4.99981
G1 X123.134 Y121.28 E5.02351
G1 X96.866 Y121.28 E6.40409
G1 X96.866 Y120.829 E6.42779
G1 X123.134 Y120.829 E7.80837
G1 X123.134 Y120.377 E7.83213
G1 X96.866 Y120.377 E9.21271
G1 X96.866 Y119.926 E9.23641
G1 X123.134 Y119.926 E10.61699
G1 X123.134 Y119.475 E10.64069
G1 X96.866 Y119.475 E12.02127
G1 X96.866 Y119.024 E12.04497
G1 X123.134 Y119.024 E13.42555
G1 X123.134 Y118.573 E13.44925
G1 X96.866 Y118.573 E14.82983
G1 X96.866 Y118.121 E14.85359
G1 X102.216 Y118.121 E15.13477
G1 X102.144 Y118.076 E15.13923
G1 X101.951 Y117.889 E15.15335
G1 X101.804 Y117.67 E15.16721
G1 X96.866 Y117.67 E15.42674
G1 X96.866 Y117.219 E15.45044
G1 X101.657 Y117.219 E15.70224
G1 X101.634 Y117.029 E15.7123
G1 X101.634 Y116.768 E15.72602
G1 X96.866 Y116.768 E15.97661
G1 X96.866 Y116.317 E16.00031
G1 X101.634 Y116.317 E16.2509
G1 X101.634 Y115.866 E16.2746
G1 X96.866 Y115.866 E16.52519
G1 X96.866 Y115.414 E16.54895
G1 X101.634 Y115.414 E16.79954
G1 X101.634 Y114.963 E16.82324
G1 X96.866 Y114.963 E17.07383
G1 X96.866 Y114.512 E17.09753
G1 X101.634 Y114.512 E17.34812
G1 X101.634 Y114.061 E17.37182
G1 X96.866 Y114.061 E17.62241
G1 X96.866 Y113.61 E17.64611
G1 X101.634 Y113.61 E17.8967
G1 X101.634 Y113.158 E17.92046
G1 X96.866 Y113.158 E18.17105
G1 X96.866 Y112.707 E18.19475
G1 X101.603 Y112.707 E18.44372
G1 X101.47 Y112.256 E18.46843
G1 X96.866 Y112.256 E18.7104
G1 X96.866 Y111.805 E18.7341
G1 X101.361 Y111.805 E18.97035
G1 X101.355 Y111.777 E18.97186
G1 X101.634 Y111.749 E18.9866
G1 X101.634 Y111.354 E19.00736
G1 X96.866 Y111.354 E19.25795
G1 X96.866 Y110.902 E19.28171
G1 X101.634 Y110.902 E19.5323
G1 X101.634 Y110.451 E19.556
G1 X96.866 Y110.451 E19.80659
G1 X96.866 Y110 E19.83029
G1 X101.634 Y110 E20.08088
G1 X101.634 Y109.549 E20.10458
G1 X96.866 Y109.549 E20.35517
G1 X96.866 Y109.098 E20.37887
G1 X101.634 Y109.098 E20.62946
G1 X101.634 Y108.646 E20.65322
G1 X96.866 Y108.646 E20.90381
G1 X96.866 Y108.195 E20.92751
G1 X101.361 Y108.195 E21.16376
G1 X101.47 Y107.744 E21.18815
G1 X96.866 Y107.744 E21.43012
G1 X96.866 Y107.293 E21.45382
G1 X101.603 Y107.293 E21.70279
G1 X101.634 Y107.191 E21.70839
G1 X101.634 Y106.842 E21.72673
G1 X96.866 Y106.842 E21.97732
G1 X96.866 Y106.39 E22.00108
G1 X101.634 Y106.39 E22.25167
G1 X101.634 Y105.939 E22.27537
G1 X96.866 Y105.939 E22.52596
G1 X96.866 Y105.488 E22.54966
G1 X101.634 Y105.488 E22.80025
G1 X101.634 Y105.037 E22.82395
G1 X96.866 Y105.037 E23.07454
G1 X96.866 Y104.586 E23.09824
G1 X101.634 Y104.586 E23.34883
G1 X101.634 Y104.134 E23.37259
G1 X96.866 Y104.134 E23.62318
G1 X96.866 Y103.683 E23.64688
G1 X101.634 Y103.683 E23.89747
G1 X101.634 Y103.232 E23.92117
G1 X96.866 Y103.232 E24.17176
G1 X96.866 Y102.781 E24.19546
G1 X101.657 Y102.781 E24.44726
G1 X101.673 Y102.655 E24.45394
G1 X101.804 Y102.33 E24.47236
G1 X96.866 Y102.33 E24.73189
G1 X96.866 Y101.878 E24.75565
G1 X102.686 Y101.878 E25.06153
M106 S79.05
G1 E24.26153 F2100
G92 E0
G1 X117.314 Y118.121 F9000
G1 E.8 F2100
M106 S127.5
G1 F1500
G1 X123.134 Y118.121 E1.10588
G1 X123.134 Y117.67 E1.12958
G1 X118.196 Y117.67 E1.38911
G1 X118.327 Y117.345 E1.40753
G1 X118.343 Y117.219 E1.41421
G1 X123.134 Y117.219 E1.66601
G1 X123.134 Y116.768 E1.68971
G1 X118.366 Y116.768 E1.9403
G1 X118.366 Y116.317 E1.964
G1 X123.134 Y116.317 E2.21459
G1 X123.134 Y115.866 E2.23829
G1 X118.366 Y115.866 E2.48888
G1 X118.366 Y115.414 E2.51264
G1 X123.134 Y115.414 E2.76323
G1 X123.134 Y114.963 E2.78693
G1 X118.366 Y114.963 E3.03752
G1 X118.366 Y114.512 E3.06122
G1 X123.134 Y114.512 E3.31181
G1 X123.134 Y114.061 E3.33551
G1 X118.366 Y114.061 E3.5861
G1 X118.366 Y113.61 E3.6098
G1 X123.134 Y113.61 E3.86039
G1 X123.134 Y113.158 E3.88415
G1 X118.366 Y113.158 E4.13474
G1 X118.366 Y112.809 E4.15308
G1 X118.397 Y112.707 E4.15868
G1 X123.134 Y112.707 E4.40765
G1 X123.134 Y112.256 E4.43135
G1 X118.53 Y112.256 E4.67332
G1 X118.639 Y111.805 E4.69771
G1 X123.134 Y111.805 E4.93396
G1 X123.134 Y111.354 E4.95766
G1 X118.366 Y111.354 E5.20825
G1 X118.366 Y110.902 E5.23201
G1 X123.134 Y110.902 E5.4826
G1 X123.134 Y110.451 E5.5063
G1 X118.366 Y110.451 E5.75689
G1 X118.366 Y110 E5.78059
G1 X123.134 Y110 E6.03118
G1 X123.134 Y109.549 E6.05488
G1 X118.366 Y109.549 E6.30547
G1 X118.366 Y109.098 E6.32917
G1 X123.134 Y109.098 E6.57976
G1 X123.134 Y108.646 E6.60352
G1 X118.366 Y108.646 E6.85411
G1 X118.366 Y108.25 E6.87492
G1 X118.644 Y108.219 E6.88962
G1 X118.639 Y108.195 E6.89091
G1 X123.134 Y108.195 E7.12716
G1 X123.134 Y107.744 E7.15086
G1 X118.53 Y107.744 E7.39283
G1 X118.397 Y107.293 E7.41754
G1 X123.134 Y107.293 E7.66651
G1 X123.134 Y106.842 E7.69021
G1 X118.366 Y106.842 E7.9408
G1 X118.366 Y106.39 E7.96456
G1 X123.134 Y106.39 E8.21515
G1 X123.134 Y105.939 E8.23885
G1 X118.366 Y105.939 E8.48944
G1 X118.366 Y105.488 E8.51314
G1 X123.134 Y105.488 E8.76373
G1 X123.134 Y105.037 E8.78743
G1 X118.366 Y105.037 E9.03802
G1 X118.366 Y104.586 E9.06172
G1 X123.134 Y104.586 E9.31231
G1 X123.134 Y104.134 E9.33607
G1 X118.366 Y104.134 E9.58666
G1 X118.366 Y103.683 E9.61036
G1 X123.134 Y103.683 E9.86095
G1 X123.134 Y103.232 E9.88465
G1 X118.366 Y103.232 E10.13524
G1 X118.366 Y102.971 E10.14896
G1 X118.343 Y102.781 E10.15902
G1 X123.134 Y102.781 E10.41082
G1 X123.134 Y102.33 E10.43452
G1 X118.196 Y102.33 E10.69405
G1 X118.049 Y102.111 E10.70791
G1 X117.856 Y101.924 E10.72203
G1 X117.784 Y101.878 E10.72652
G1 X123.134 Y101.878 E11.0077
G1 X123.134 Y101.427 E11.0314
G1 X96.866 Y101.427 E12.41198
G1 X96.866 Y100.976 E12.43568
G1 X123.134 Y100.976 E13.81626
G1 X123.134 Y100.525 E13.83996
G1 X96.866 Y100.525 E15.22054
G1 X96.866 Y100.074 E15.24424
G1 X123.134 Y100.074 E16.62482
G1 X123.134 Y99.622 E16.64858
G1 X96.866 Y99.622 E18.02916
G1 X96.866 Y99.171 E18.05286
G1 X123.134 Y99.171 E19.43344
G1 X123.134 Y98.72 E19.45714
G1 X96.866 Y98.72 E20.83772
G1 X96.866 Y98.269 E20.86142
G1 X123.134 Y98.269 E22.242
G1 X123.134 Y97.818 E22.2657
G1 X96.866 Y97.818 E23.64628
G1 X96.866 Y97.367 E23.66998
G1 X123.337 Y97.367 E25.06123
M106 S79.05
M106 S94.35
;LAYER_CHANGE
;Z:5.4
;HEIGHT:0.2
G1 E24.26123 F2100
G92 E0
G1 Z5.4 F9000
G1 X102.271 Y117.728
G1 E.8 F2100
;TYPE:Perimeter
;WIDTH:0.449999
G1 F2700
G1 X102.075 Y117.49 E.81044
G1 X101.961 Y117.152 E.82251
G1 X101.961 Y102.979 E1.30225
G1 X101.991 Y102.734 E1.3106
G1 X102.075 Y102.51 E1.3187
G1 X102.347 Y102.181 E1.33315
G1 X102.745 Y101.988 E1.34812
G1 X102.979 Y101.961 E1.35609
G1 X117.021 Y101.961 E1.83139
G1 X117.255 Y101.988 E1.83936
G1 X117.653 Y102.181 E1.85433
G1 X117.925 Y102.51 E1.86878
G1 X118.009 Y102.734 E1.87688
G1 X118.039 Y102.979 E1.88523
G1 X118.039 Y117.021 E2.36053
G1 X118.009 Y117.266 E2.36888
G1 X117.925 Y117.49 E2.37698
G1 X117.653 Y117.819 E2.39143
G1 X117.255 Y118.012 E2.4064
G1 X117.021 Y118.039 E2.41437
G1 X102.979 Y118.039 E2.88967
G1 X102.745 Y118.012 E2.89764
G1 X102.347 Y117.819 E2.91261
G1 X102.309 Y117.774 E2.9146
G1 X102.554 Y117.448 F9000
G1 F2700
G1 X102.512 Y117.416 E2.91639
G1 X102.368 Y117.107 E2.92793
G1 X102.368 Y102.979 E3.40615
G1 X102.437 Y102.697 E3.41598
G1 X102.599 Y102.5 E3.42461
G1 X102.893 Y102.368 E3.43552
G1 X117.021 Y102.368 E3.91374
G1 X117.29 Y102.43 E3.92308
G1 X117.488 Y102.584 E3.93157
G1 X117.632 Y102.867 E3.94232
G1 X117.632 Y117.021 E4.42142
G1 X117.563 Y117.303 E4.43125
G1 X117.401 Y117.5 E4.43988
G1 X117.107 Y117.632 E4.45079
G1 X102.979 Y117.632 E4.92901
G1 X102.71 Y117.57 E4.93835
G1 X102.601 Y117.485 E4.94303
G1 X102.844 Y117.162 F9000
;TYPE:External perimeter
G1 F1800
G1 X102.823 Y117.153 E4.9438
G1 X102.775 Y117.021 E4.94855
G1 X102.775 Y102.979 E5.42385
G1 X102.823 Y102.847 E5.4286
G1 X102.979 Y102.775 E5.43442
G1 X117.021 Y102.775 E5.90972
G1 X117.177 Y102.847 E5.91554
G1 X117.225 Y102.979 E5.92029
G1 X117.225 Y117.021 E6.39559
G1 X117.177 Y117.153 E6.40034
G1 X117.021 Y117.225 E6.40616
G1 X102.979 Y117.225 E6.88146
G1 X102.898 Y117.188 E6.88447
G1 X102.781 Y116.805 F9000
G1 E6.08447 F2100
G92 E0
G1 X96.539 Y97.039 F9000
G1 E.8 F2100
;TYPE:Perimeter
G1 F2700
G1 X123.461 Y97.039 E1.71128
G1 X123.461 Y122.961 E2.58871
G1 X96.539 Y122.961 E3.49999
G1 X96.539 Y97.099 E4.37539
G1 X96.132 Y96.632 F9000
G1 F2700
G1 X123.868 Y96.632 E5.31422
G1 X123.868 Y123.368 E6.2192
G1 X96.132 Y123.368 E7.15803
G1 X96.132 Y96.692 E8.06098
G1 X95.725 Y96.225 F9000
;TYPE:External perimeter
G1 F1800
G1 X124.275 Y96.225 E9.02736
G1 X124.275 Y123.775 E9.95989
G1 X95.725 Y123.775 E10.92627
G1 X95.725 Y96.285 E11.85677
G1 X96.121 Y96.226 F9000
G1 E11.05677 F2100
G92 E0
G1 X96.877 Y122.545 F9000
G1 E.8 F2100
;TYPE:Solid infill
;WIDTH:0.548766
G1 F2400
G1 X96.833 Y122.59 E.80265
G1 X96.849 Y122.651 E.8053
G1 X96.91 Y122.667 E.80795
G1 X96.955 Y122.623 E.8106
G1 X96.939 Y122.561 E.81329
G1 X97.734 Y122.788 F9000
;WIDTH:0.38292
G1 F2400
G1 X97.715 Y122.859 E.81537
G1 X97.786 Y122.84 E.81745
G1 X97.775 Y122.799 E.81865
;WIDTH:0.41646
G1 X97.682 Y122.727 E.8223
;WIDTH:0.449999
G1 X97.589 Y122.656 E.82626
G1 X96.844 Y121.911 E.86192
G1 X96.773 Y121.818 E.86588
;WIDTH:0.41646
G1 X96.701 Y121.725 E.86953
;WIDTH:0.38292
G1 X96.712 Y121.766 E.87073
G1 X96.641 Y121.785 E.87281
G1 X96.66 Y121.714 E.87489
;WIDTH:0.449999
G1 X96.844 Y121.336 E.88912
G1 X98.164 Y122.656 E.95231
G1 X98.74 Y122.656 E.97181
G1 X96.844 Y120.76 E1.06257
G1 X96.844 Y120.184 E1.08207
G1 X99.316 Y122.656 E1.2004
G1 X99.892 Y122.656 E1.2199
G1 X96.844 Y119.608 E1.36581
G1 X96.844 Y119.033 E1.38527
G1 X100.467 Y122.656 E1.5587
G1 X101.043 Y122.656 E1.5782
G1 X96.844 Y118.457 E1.7792
G1 X96.844 Y117.881 E1.7987
G1 X101.619 Y122.656 E2.02728
G1 X102.194 Y122.656 E2.04674
G1 X96.844 Y117.306 E2.30284
G1 X96.844 Y116.73 E2.32234
G1 X102.77 Y122.656 E2.60601
G1 X103.346 Y122.656 E2.62551
G1 X96.844 Y116.154 E2.93676
G1 X96.844 Y115.579 E2.95622
G1 X103.921 Y122.656 E3.29499
G1 X104.497 Y122.656 E3.31449
G1 X96.844 Y115.003 E3.68083
G1 X96.844 Y114.427 E3.70033
G1 X105.073 Y122.656 E4.09425
G1 X105.649 Y122.656 E4.11375
G1 X96.844 Y113.851 E4.53524
G1 X96.844 Y113.276 E4.5547
G1 X106.224 Y122.656 E5.00371
G1 X106.363 Y122.695 E5.0086
;WIDTH:0.41646
G1 X106.501 Y122.734 E5.01305
;WIDTH:0.38292
G1 X106.482 Y122.805 E5.01513
G1 X106.553 Y122.786 E5.01721
G1 X106.542 Y122.745 E5.01841
G1 E4.21841 F2100
G92 E0
G1 X102.119 Y117.881 F9000
G1 E.8 F2100
G1 F2400
G1 X101.995 Y118.004 E.80494
;WIDTH:0.41646
G1 X101.928 Y117.86 E.80987
;WIDTH:0.449999
G1 X101.861 Y117.716 E.81525
G1 X96.844 Y112.7 E1.05539
G1 X96.844 Y112.124 E1.07489
G1 X101.656 Y116.935 E1.30521
G1 X101.656 Y116.36 E1.32467
G1 X96.844 Y111.549 E1.55499
G1 X96.844 Y110.973 E1.57449
G1 X101.656 Y115.784 E1.80481
G1 X101.656 Y115.208 E1.82431
G1 X96.844 Y110.397 E2.05463
G1 X96.844 Y109.822 E2.07409
G1 X101.656 Y114.633 E2.30441
G1 X101.656 Y114.057 E2.32391
G1 X96.844 Y109.246 E2.55423
G1 X96.844 Y108.67 E2.57373
G1 X101.656 Y113.481 E2.80405
G1 X101.656 Y112.906 E2.82351
G1 X96.844 Y108.095 E3.05383
G1 X96.844 Y107.519 E3.07333
G1 X101.656 Y112.33 E3.30365
G1 X101.656 Y111.754 E3.32315
G1 X96.844 Y106.943 E3.55347
G1 X96.844 Y106.367 E3.57297
G1 X101.656 Y111.178 E3.80329
G1 X101.656 Y110.603 E3.82275
G1 X96.844 Y105.792 E4.05307
G1 X96.844 Y105.216 E4.07257
G1 X101.656 Y110.027 E4.30289
G1 X101.656 Y109.451 E4.32239
G1 X96.844 Y104.64 E4.55271
G1 X96.844 Y104.065 E4.57217
G1 X101.656 Y108.876 E4.80249
G1 X101.656 Y108.3 E4.82199
G1 X96.844 Y103.489 E5.05231
G1 X96.844 Y102.913 E5.07181
G1 X101.656 Y107.724 E5.30213
G1 X101.656 Y107.149 E5.32159
G1 X96.844 Y102.338 E5.55191
G1 X96.844 Y101.762 E5.57141
G1 X101.656 Y106.573 E5.80173
G1 X101.656 Y105.997 E5.82123
G1 X96.844 Y101.186 E6.05155
G1 X96.844 Y100.61 E6.07105
G1 X101.656 Y105.422 E6.3014
G1 X101.656 Y104.846 E6.3209
G1 X96.844 Y100.035 E6.55122
G1 X96.844 Y99.459 E6.57072
G1 X101.656 Y104.27 E6.80104
G1 X101.656 Y103.694 E6.82054
G1 X96.844 Y98.883 E7.05086
G1 X96.844 Y98.308 E7.07032
G1 X101.656 Y103.119 E7.30064
G1 X101.715 Y102.603 E7.31822
G1 X96.844 Y97.732 E7.55139
G1 X96.736 Y97.206 E7.56957
;WIDTH:0.38292
G1 X96.717 Y97.278 E7.57168
G1 X96.789 Y97.258 E7.57379
G1 X96.778 Y97.217 E7.57499
;WIDTH:0.41646
G1 X96.905 Y97.281 E7.57941
;WIDTH:0.449999
G1 X97.033 Y97.344 E7.58424
G1 X101.905 Y102.217 E7.81748
G1 X102.186 Y101.922 E7.83127
G1 X97.608 Y97.344 E8.05042
G1 X98.184 Y97.344 E8.06992
G1 X102.568 Y101.728 E8.27978
G1 X103.071 Y101.656 E8.29698
G1 X98.76 Y97.344 E8.50337
G1 X99.335 Y97.344 E8.52283
G1 X103.647 Y101.656 E8.72924
G1 X104.222 Y101.656 E8.7487
G1 X99.911 Y97.344 E8.95509
G1 X100.487 Y97.344 E8.97459
G1 X104.798 Y101.656 E9.18098
G1 X105.374 Y101.656 E9.20048
G1 X101.063 Y97.344 E9.40687
G1 X101.638 Y97.344 E9.42633
G1 X105.949 Y101.656 E9.63272
G1 X106.525 Y101.656 E9.65222
G1 X102.214 Y97.344 E9.85861
G1 X102.79 Y97.344 E9.87811
G1 X107.101 Y101.656 E10.0845
G1 X107.676 Y101.656 E10.10396
G1 X103.365 Y97.344 E10.31035
G1 X103.941 Y97.344 E10.32985
G1 X108.252 Y101.656 E10.53624
G1 X108.828 Y101.656 E10.55574
G1 X104.517 Y97.344 E10.76213
G1 X105.092 Y97.344 E10.78159
G1 X109.403 Y101.656 E10.98798
G1 X109.979 Y101.656 E11.00748
G1 X105.668 Y97.344 E11.21387
G1 X106.244 Y97.344 E11.23337
G1 X110.555 Y101.656 E11.43976
G1 X111.131 Y101.656 E11.45926
G1 X106.82 Y97.344 E11.66565
G1 X107.395 Y97.344 E11.68511
G1 X111.706 Y101.656 E11.8915
G1 X112.282 Y101.656 E11.911
G1 X107.971 Y97.344 E12.11739
G1 X108.547 Y97.344 E12.13689
G1 X112.858 Y101.656 E12.34328
G1 X113.433 Y101.656 E12.36274
G1 X109.122 Y97.344 E12.56913
G1 X109.698 Y97.344 E12.58863
G1 X114.009 Y101.656 E12.79502
G1 X114.585 Y101.656 E12.81452
G1 X110.274 Y97.344 E13.02091
G1 X110.849 Y97.344 E13.04037
G1 X115.16 Y101.656 E13.24676
G1 X115.736 Y101.656 E13.26626
G1 X111.425 Y97.344 E13.47265
G1 X112.001 Y97.344 E13.49215
G1 X116.312 Y101.656 E13.69854
G1 X116.888 Y101.656 E13.71804
G1 X112.576 Y97.344 E13.92445
G1 E13.12445 F2100
G92 E0
G1 X102.283 Y118.139 F9000
G1 E.8 F2100
G1 F2400
G1 X106.8 Y122.656 E1.01623
G1 X107.376 Y122.656 E1.03573
G1 X103.065 Y118.344 E1.24212
G1 X103.64 Y118.344 E1.26158
G1 X107.951 Y122.656 E1.46797
G1 X108.527 Y122.656 E1.48747
G1 X104.216 Y118.344 E1.69386
G1 X104.792 Y118.344 E1.71336
G1 X109.103 Y122.656 E1.91975
G1 X109.678 Y122.656 E1.93921
G1 X105.367 Y118.344 E2.1456
G1 X105.943 Y118.344 E2.1651
G1 X110.254 Y122.656 E2.37149
G1 X110.83 Y122.656 E2.39099
G1 X106.519 Y118.344 E2.59738
G1 X107.094 Y118.344 E2.61684
G1 X111.406 Y122.656 E2.82325
G1 X111.981 Y122.656 E2.84271
G1 X107.67 Y118.344 E3.0491
G1 X108.246 Y118.344 E3.0686
G1 X112.557 Y122.656 E3.27499
G1 X113.133 Y122.656 E3.29449
G1 X108.822 Y118.344 E3.50088
G1 X109.397 Y118.344 E3.52034
G1 X113.708 Y122.656 E3.72673
G1 X114.284 Y122.656 E3.74623
G1 X109.973 Y118.344 E3.95262
G1 X110.549 Y118.344 E3.97212
G1 X114.86 Y122.656 E4.17851
G1 X115.435 Y122.656 E4.19797
G1 X111.124 Y118.344 E4.40436
G1 X111.7 Y118.344 E4.42386
G1 X116.011 Y122.656 E4.63025
G1 X116.587 Y122.656 E4.64975
G1 X112.276 Y118.344 E4.85614
G1 X112.851 Y118.344 E4.8756
G1 X117.162 Y122.656 E5.08199
G1 X117.738 Y122.656 E5.10149
G1 X113.427 Y118.344 E5.30788
G1 X114.003 Y118.344 E5.32738
G1 X118.314 Y122.656 E5.53377
G1 X118.89 Y122.656 E5.55327
G1 X114.578 Y118.344 E5.75968
G1 X115.154 Y118.344 E5.77918
G1 X119.465 Y122.656 E5.98557
G1 X120.041 Y122.656 E6.00507
G1 X115.73 Y118.344 E6.21146
G1 X116.306 Y118.344 E6.23096
G1 X120.617 Y122.656 E6.43735
G1 X121.192 Y122.656 E6.45681
G1 X116.881 Y118.344 E6.6632
G1 X117.397 Y118.284 E6.68078
G1 X121.768 Y122.656 E6.89004
G1 X122.344 Y122.656 E6.90954
G1 X117.784 Y118.096 E7.12782
G1 X118.075 Y117.812 E7.14158
G1 X122.919 Y122.656 E7.37346
G1 X123.076 Y122.679 E7.37883
;WIDTH:0.41646
G1 X123.232 Y122.702 E7.38373
;WIDTH:0.38292
G1 X123.213 Y122.773 E7.38581
G1 X123.284 Y122.754 E7.38789
G1 X123.273 Y122.713 E7.38909
;WIDTH:0.449999
G1 X123.156 Y122.316 E7.4031
G1 X118.272 Y117.432 E7.63689
G1 X118.344 Y116.929 E7.65409
G1 X123.156 Y121.74 E7.88441
G1 X123.156 Y121.165 E7.90387
G1 X118.344 Y116.353 E8.13422
G1 X118.344 Y115.778 E8.15368
G1 X123.156 Y120.589 E8.384
G1 X123.156 Y120.013 E8.4035
G1 X118.344 Y115.202 E8.63382
G1 X118.344 Y114.626 E8.65332
G1 X123.156 Y119.437 E8.88364
G1 X123.156 Y118.862 E8.9031
G1 X118.344 Y114.051 E9.13342
G1 X118.344 Y113.475 E9.15292
G1 X123.156 Y118.286 E9.38324
G1 X123.156 Y117.71 E9.40274
G1 X118.344 Y112.899 E9.63306
G1 X118.344 Y112.324 E9.65252
G1 X123.156 Y117.135 E9.88284
G1 X123.156 Y116.559 E9.90234
G1 X118.344 Y111.748 E10.13266
G1 X118.344 Y111.172 E10.15216
G1 X123.156 Y115.983 E10.38248
G1 X123.156 Y115.408 E10.40194
G1 X118.344 Y110.597 E10.63226
G1 X118.344 Y110.021 E10.65176
G1 X123.156 Y114.832 E10.88208
G1 X123.156 Y114.256 E10.90158
G1 X118.344 Y109.445 E11.1319
G1 X118.344 Y108.869 E11.1514
G1 X123.156 Y113.68 E11.38172
G1 X123.156 Y113.105 E11.40118
G1 X118.344 Y108.294 E11.6315
G1 X118.344 Y107.718 E11.651
G1 X123.156 Y112.529 E11.88132
G1 X123.156 Y111.953 E11.90082
G1 X118.344 Y107.142 E12.13114
G1 X118.344 Y106.567 E12.1506
G1 X123.156 Y111.378 E12.38092
G1 X123.156 Y110.802 E12.40042
G1 X118.344 Y105.991 E12.63074
G1 X118.344 Y105.415 E12.65024
G1 X123.156 Y110.226 E12.88056
G1 X123.156 Y109.651 E12.90002
G1 X118.344 Y104.84 E13.13034
G1 X118.344 Y104.264 E13.14984
G1 X123.156 Y109.075 E13.38016
G1 X123.156 Y108.499 E13.39966
G1 X118.344 Y103.688 E13.62998
G1 X118.344 Y103.112 E13.64948
G1 X123.156 Y107.924 E13.87983
G1 X123.359 Y107.474 E13.89654
;WIDTH:0.38292
G1 X123.37 Y107.515 E13.89774
G1 X123.299 Y107.534 E13.89982
G1 X123.318 Y107.463 E13.9019
;WIDTH:0.41646
G1 X123.237 Y107.405 E13.90499
;WIDTH:0.449999
G1 X123.156 Y107.348 E13.90834
G1 X118.208 Y102.401 E14.14517
G1 X117.957 Y102.113 E14.1581
;WIDTH:0.399094
G1 X117.882 Y102.031 E14.16139
;WIDTH:0.419233
G1 X117.738 Y101.909 E14.1673
;WIDTH:0.449999
G1 X117.594 Y101.787 E14.17369
G1 X113.152 Y97.344 E14.38635
G1 X113.728 Y97.344 E14.40585
G1 X123.156 Y106.772 E14.85716
G1 X123.21 Y106.896 E14.86174
;WIDTH:0.41646
G1 X123.264 Y107.019 E14.86591
;WIDTH:0.38292
G1 X123.245 Y107.09 E14.86799
G1 X123.316 Y107.071 E14.87007
G1 X123.305 Y107.03 E14.87127
G1 X123.156 Y106.196 F9000
;WIDTH:0.449999
G1 F2400
G1 X114.304 Y97.344 E15.29501
G1 X114.879 Y97.344 E15.31447
G1 X123.156 Y105.621 E15.71068
G1 X123.156 Y105.045 E15.73018
G1 X115.455 Y97.344 E16.09882
G1 X116.031 Y97.344 E16.11832
G1 X123.156 Y104.469 E16.45939
G1 X123.156 Y103.894 E16.47885
G1 X116.606 Y97.344 E16.79239
G1 X117.182 Y97.344 E16.81189
G1 X123.156 Y103.318 E17.09786
G1 X123.156 Y102.742 E17.11736
G1 X117.758 Y97.344 E17.37576
G1 X118.333 Y97.344 E17.39522
G1 X123.156 Y102.167 E17.62609
G1 X123.156 Y101.591 E17.64559
G1 X118.909 Y97.344 E17.84889
G1 X119.485 Y97.344 E17.86839
G1 X123.156 Y101.015 E18.04412
G1 X123.156 Y100.439 E18.06362
G1 X120.061 Y97.344 E18.21178
G1 X120.636 Y97.344 E18.23124
G1 X123.156 Y99.864 E18.35187
G1 X123.318 Y99.403 E18.36841
;WIDTH:0.38292
G1 X123.299 Y99.474 E18.37049
G1 X123.37 Y99.455 E18.37257
G1 X123.359 Y99.414 E18.37377
;WIDTH:0.41646
G1 X123.257 Y99.351 E18.37749
;WIDTH:0.449999
G1 X123.156 Y99.288 E18.38152
G1 X121.212 Y97.344 E18.47458
G1 X121.149 Y97.243 E18.47861
;WIDTH:0.41646
G1 X121.086 Y97.141 E18.48233
;WIDTH:0.38292
G1 X121.097 Y97.182 E18.48353
G1 X121.026 Y97.201 E18.48561
G1 X121.045 Y97.13 E18.48769
;WIDTH:0.449999
G1 X121.788 Y97.344 E18.51386
G1 X123.156 Y97.344 E18.56017
G1 X123.156 Y98.712 E18.60648
G1 X121.932 Y97.488 E18.66507
;LAYER_CHANGE
;Z:5.6
;HEIGHT:0.2
G1 E17.86507 F2100
G92 E0
G1 Z5.6 F9000
G1 X102.271 Y117.728
G1 E.8 F2100
;TYPE:Perimeter
G1 F2700
G1 X102.075 Y117.49 E.81044
G1 X101.961 Y117.152 E.82251
G1 X101.961 Y102.979 E1.30225
G1 X101.991 Y102.734 E1.3106
G1 X102.075 Y102.51 E1.3187
G1 X102.347 Y102.181 E1.33315
G1 X102.745 Y101.988 E1.34812
G1 X102.979 Y101.961 E1.35609
G1 X117.021 Y101.961 E1.83139
G1 X117.255 Y101.988 E1.83936
G1 X117.653 Y102.181 E1.85433
G1 X117.925 Y102.51 E1.86878
G1 X118.009 Y102.734 E1.87688
G1 X118.039 Y102.979 E1.88523
G1 X118.039 Y117.021 E2.36053
G1 X118.009 Y117.266 E2.36888
G1 X117.925 Y117.49 E2.37698
G1 X117.653 Y117.819 E2.39143
G1 X117.255 Y118.012 E2.4064
G1 X117.021 Y118.039 E2.41437
G1 X102.979 Y118.039 E2.88967
G1 X102.745 Y118.012 E2.89764
G1 X102.347 Y117.819 E2.91261
G1 X102.309 Y117.774 E2.9146
G1 X102.554 Y117.448 F9000
G1 F2700
G1 X102.512 Y117.416 E2.91639
G1 X102.368 Y117.107 E2.92793
G1 X102.368 Y102.979 E3.40615
G1 X102.437 Y102.697 E3.41598
G1 X102.599 Y102.5 E3.42461
G1 X102.893 Y102.368 E3.43552
G1 X117.021 Y102.368 E3.91374
G1 X117.29 Y102.43 E3.92308
G1 X117.488 Y102.584 E3.93157
G1 X117.632 Y102.867 E3.94232
G1 X117.632 Y117.021 E4.42142
G1 X117.563 Y117.303 E4.43125
G1 X117.401 Y117.5 E4.43988
G1 X117.107 Y117.632 E4.45079
G1 X102.979 Y117.632 E4.92901
G1 X102.71 Y117.57 E4.93835
G1 X102.601 Y117.485 E4.94303
G1 X102.844 Y117.162 F9000
;TYPE:External perimeter
G1 F1800
G1 X102.823 Y117.153 E4.9438
G1 X102.775 Y117.021 E4.94855
G1 X102.775 Y102.979 E5.42385
G1 X102.823 Y102.847 E5.4286
G1 X102.979 Y102.775 E5.43442
G1 X117.021 Y102.775 E5.90972
G1 X117.177 Y102.847 E5.91554
G1 X117.225 Y102.979 E5.92029
G1 X117.225 Y117.021 E6.39559
G1 X117.177 Y117.153 E6.40034
G1 X117.021 Y117.225 E6.40616
G1 X102.979 Y117.225 E6.88146
G1 X102.898 Y117.188 E6.88447
G1 X102.781 Y116.805 F9000
G1 E6.08447 F2100
G92 E0
G1 X96.539 Y97.039 F9000
G1 E.8 F2100
;TYPE:Perimeter
G1 F2700
G1 X123.461 Y97.039 E1.71128
G1 X123.461 Y122.961 E2.58871
G1 X96.539 Y122.961 E3.49999
G1 X96.539 Y97.099 E4.37539
G1 X96.132 Y96.632 F9000
G1 F2700
G1 X123.868 Y96.632 E5.31422
G1 X123.868 Y123.368 E6.2192
G1 X96.132 Y123.368 E7.15803
G1 X96.132 Y96.692 E8.06098
G1 X95.725 Y96.225 F9000
;TYPE:External perimeter
G1 F1800
G1 X124.275 Y96.225 E9.02736
G1 X124.275 Y123.775 E9.95989
G1 X95.725 Y123.775 E10.92627
G1 X95.725 Y96.285 E11.85677
G1 X96.121 Y96.226 F9000
G1 X96.955 Y97.377
;TYPE:Solid infill
;WIDTH:0.548766
G1 F2400
G1 X96.91 Y97.333 E11.85942
G1 X96.849 Y97.349 E11.86207
G1 X96.833 Y97.41 E11.86472
G1 X96.877 Y97.455 E11.86737
G1 X96.939 Y97.439 E11.87006
G1 X96.712 Y98.234 F9000
;WIDTH:0.38292
G1 F2400
G1 X96.641 Y98.215 E11.87214
G1 X96.66 Y98.286 E11.87422
G1 X96.701 Y98.275 E11.87542
;WIDTH:0.41646
G1 X96.773 Y98.182 E11.87907
;WIDTH:0.449999
G1 X96.844 Y98.089 E11.88303
G1 X97.589 Y97.344 E11.91869
G1 X97.682 Y97.273 E11.92265
;WIDTH:0.41646
G1 X97.775 Y97.201 E11.9263
;WIDTH:0.38292
G1 X97.734 Y97.212 E11.9275
G1 X97.715 Y97.141 E11.92958
G1 X97.786 Y97.16 E11.93166
;WIDTH:0.449999
G1 X98.164 Y97.344 E11.94589
G1 X96.844 Y98.664 E12.00908
G1 X96.844 Y99.24 E12.02858
G1 X98.74 Y97.344 E12.11934
G1 X99.316 Y97.344 E12.13884
G1 X96.844 Y99.816 E12.25717
G1 X96.844 Y100.392 E12.27667
G1 X99.892 Y97.344 E12.42258
G1 X100.467 Y97.344 E12.44204
G1 X96.844 Y100.967 E12.61547
G1 X96.844 Y101.543 E12.63497
G1 X101.043 Y97.344 E12.83597
G1 X101.619 Y97.344 E12.85547
G1 X96.844 Y102.119 E13.08405
G1 X96.844 Y102.694 E13.10351
G1 X102.194 Y97.344 E13.35961
G1 X102.77 Y97.344 E13.37911
G1 X96.844 Y103.27 E13.66278
G1 X96.844 Y103.846 E13.68228
G1 X103.346 Y97.344 E13.99353
G1 X103.921 Y97.344 E14.01299
G1 X96.844 Y104.421 E14.35176
G1 X96.844 Y104.997 E14.37126
G1 X104.497 Y97.344 E14.7376
G1 X105.073 Y97.344 E14.7571
G1 X96.844 Y105.573 E15.15102
G1 X96.844 Y106.149 E15.17052
G1 X105.649 Y97.344 E15.59201
G1 X106.224 Y97.344 E15.61147
G1 X96.844 Y106.724 E16.06048
G1 X96.805 Y106.863 E16.06537
;WIDTH:0.41646
G1 X96.766 Y107.001 E16.06982
;WIDTH:0.38292
G1 X96.695 Y106.982 E16.0719
G1 X96.714 Y107.053 E16.07398
G1 X96.755 Y107.042 E16.07518
G1 E15.27518 F2100
G92 E0
G1 X102.117 Y102.117 F9000
G1 E.8 F2100
G1 F2400
G1 X101.995 Y101.996 E.80486
;WIDTH:0.41646
G1 X102.139 Y101.928 E.80981
;WIDTH:0.449999
G1 X102.283 Y101.861 E.81519
G1 X106.8 Y97.344 E1.03142
G1 X107.376 Y97.344 E1.05092
G1 X103.065 Y101.656 E1.25731
G1 X103.64 Y101.656 E1.27677
G1 X107.951 Y97.344 E1.48316
G1 X108.527 Y97.344 E1.50266
G1 X104.216 Y101.656 E1.70905
G1 X104.792 Y101.656 E1.72855
G1 X109.103 Y97.344 E1.93494
G1 X109.678 Y97.344 E1.9544
G1 X105.367 Y101.656 E2.16079
G1 X105.943 Y101.656 E2.18029
G1 X110.254 Y97.344 E2.38668
G1 X110.83 Y97.344 E2.40618
G1 X106.519 Y101.656 E2.61257
G1 X107.094 Y101.656 E2.63203
G1 X111.406 Y97.344 E2.83844
G1 X111.981 Y97.344 E2.8579
G1 X107.67 Y101.656 E3.06429
G1 X108.246 Y101.656 E3.08379
G1 X112.557 Y97.344 E3.29018
G1 X113.133 Y97.344 E3.30968
G1 X108.822 Y101.656 E3.51607
G1 X109.397 Y101.656 E3.53553
G1 X113.708 Y97.344 E3.74192
G1 X114.284 Y97.344 E3.76142
G1 X109.973 Y101.656 E3.96781
G1 X110.549 Y101.656 E3.98731
G1 X114.86 Y97.344 E4.1937
G1 X115.435 Y97.344 E4.21316
G1 X111.124 Y101.656 E4.41955
G1 X111.7 Y101.656 E4.43905
G1 X116.011 Y97.344 E4.64544
G1 X116.587 Y97.344 E4.66494
G1 X112.276 Y101.656 E4.87133
G1 X112.851 Y101.656 E4.89079
G1 X117.162 Y97.344 E5.09718
G1 X117.738 Y97.344 E5.11668
G1 X113.427 Y101.656 E5.32307
G1 X114.003 Y101.656 E5.34257
G1 X118.314 Y97.344 E5.54896
G1 X118.89 Y97.344 E5.56846
G1 X114.578 Y101.656 E5.77487
G1 X115.154 Y101.656 E5.79437
G1 X119.465 Y97.344 E6.00076
G1 X120.041 Y97.344 E6.02026
G1 X115.73 Y101.656 E6.22665
G1 X116.306 Y101.656 E6.24615
G1 X120.617 Y97.344 E6.45254
G1 X121.192 Y97.344 E6.472
G1 X116.881 Y101.656 E6.67839
G1 X117.397 Y101.716 E6.69597
G1 X121.768 Y97.344 E6.90523
G1 X122.344 Y97.344 E6.92473
G1 X117.784 Y101.904 E7.14301
G1 X118.075 Y102.188 E7.15677
G1 X122.919 Y97.344 E7.38865
G1 X123.156 Y97.684 E7.40268
G1 X118.272 Y102.568 E7.63647
G1 X118.344 Y103.071 E7.65367
G1 X123.156 Y98.26 E7.88399
G1 X123.156 Y98.835 E7.90345
G1 X118.344 Y103.647 E8.1338
G1 X118.344 Y104.222 E8.15326
G1 X123.156 Y99.411 E8.38358
G1 X123.156 Y99.987 E8.40308
G1 X118.344 Y104.798 E8.6334
G1 X118.344 Y105.374 E8.6529
G1 X123.156 Y100.563 E8.88322
G1 X123.156 Y101.138 E8.90268
G1 X118.344 Y105.949 E9.133
G1 X118.344 Y106.525 E9.1525
G1 X123.156 Y101.714 E9.38282
G1 X123.156 Y102.29 E9.40232
G1 X118.344 Y107.101 E9.63264
G1 X118.344 Y107.676 E9.6521
G1 X123.156 Y102.865 E9.88242
G1 X123.156 Y103.441 E9.90192
G1 X118.344 Y108.252 E10.13224
G1 X118.344 Y108.828 E10.15174
G1 X123.156 Y104.017 E10.38206
G1 X123.156 Y104.592 E10.40152
G1 X118.344 Y109.403 E10.63184
G1 X118.344 Y109.979 E10.65134
G1 X123.156 Y105.168 E10.88166
G1 X123.156 Y105.744 E10.90116
G1 X118.344 Y110.555 E11.13148
G1 X118.344 Y111.131 E11.15098
G1 X123.156 Y106.32 E11.3813
G1 X123.156 Y106.895 E11.40076
G1 X118.344 Y111.706 E11.63108
G1 X118.344 Y112.282 E11.65058
G1 X123.156 Y107.471 E11.8809
G1 X123.156 Y108.047 E11.9004
G1 X118.344 Y112.858 E12.13072
G1 X118.344 Y113.433 E12.15018
G1 X123.156 Y108.622 E12.3805
G1 X123.156 Y109.198 E12.4
G1 X118.344 Y114.009 E12.63032
G1 X118.344 Y114.585 E12.64982
G1 X123.156 Y109.774 E12.88014
G1 X123.156 Y110.349 E12.8996
G1 X118.344 Y115.16 E13.12992
G1 X118.344 Y115.736 E13.14942
G1 X123.156 Y110.925 E13.37974
G1 X123.156 Y111.501 E13.39924
G1 X118.344 Y116.312 E13.62956
G1 X118.344 Y116.888 E13.64906
G1 X123.156 Y112.076 E13.87941
G1 E13.07941 F2100
G92 E0
G1 X101.861 Y102.284 F9000
G1 E.8 F2100
G1 F2400
G1 X96.844 Y107.3 E1.04014
G1 X96.844 Y107.876 E1.05964
G1 X101.656 Y103.065 E1.28996
G1 X101.656 Y103.64 E1.30942
G1 X96.844 Y108.451 E1.53974
G1 X96.844 Y109.027 E1.55924
G1 X101.656 Y104.216 E1.78956
G1 X101.656 Y104.792 E1.80906
G1 X96.844 Y109.603 E2.03938
G1 X96.844 Y110.178 E2.05884
G1 X101.656 Y105.367 E2.28916
G1 X101.656 Y105.943 E2.30866
G1 X96.844 Y110.754 E2.53898
G1 X96.844 Y111.33 E2.55848
G1 X101.656 Y106.519 E2.7888
G1 X101.656 Y107.094 E2.80826
G1 X96.844 Y111.906 E3.03861
G1 X96.844 Y112.481 E3.05807
G1 X101.656 Y107.67 E3.28839
G1 X101.656 Y108.246 E3.30789
G1 X96.844 Y113.057 E3.53821
G1 X96.844 Y113.633 E3.55771
G1 X101.656 Y108.822 E3.78803
G1 X101.656 Y109.397 E3.80749
G1 X96.844 Y114.208 E4.03781
G1 X96.844 Y114.784 E4.05731
G1 X101.656 Y109.973 E4.28763
G1 X101.656 Y110.549 E4.30713
G1 X96.844 Y115.36 E4.53745
G1 X96.844 Y115.935 E4.55691
G1 X101.656 Y111.124 E4.78723
G1 X101.656 Y111.7 E4.80673
G1 X96.844 Y116.511 E5.03705
G1 X96.844 Y117.087 E5.05655
G1 X101.656 Y112.276 E5.28687
G1 X101.656 Y112.851 E5.30633
G1 X96.844 Y117.662 E5.53665
G1 X96.844 Y118.238 E5.55615
G1 X101.656 Y113.427 E5.78647
G1 X101.656 Y114.003 E5.80597
G1 X96.844 Y118.814 E6.03629
G1 X96.844 Y119.39 E6.05579
G1 X101.656 Y114.578 E6.28614
G1 X101.656 Y115.154 E6.30564
G1 X96.844 Y119.965 E6.53596
G1 X96.844 Y120.541 E6.55546
G1 X101.656 Y115.73 E6.78578
G1 X101.656 Y116.306 E6.80528
G1 X96.844 Y121.117 E7.0356
G1 X96.844 Y121.692 E7.05506
G1 X101.656 Y116.881 E7.28538
G1 X101.715 Y117.397 E7.30296
G1 X96.844 Y122.268 E7.53613
G1 X96.778 Y122.783 E7.5537
;WIDTH:0.38292
G1 X96.736 Y122.794 E7.55493
G1 X96.717 Y122.722 E7.55704
G1 X96.789 Y122.742 E7.55915
;WIDTH:0.41646
G1 X96.911 Y122.699 E7.56317
;WIDTH:0.449999
G1 X97.033 Y122.656 E7.56755
G1 X101.905 Y117.783 E7.80079
G1 X102.186 Y118.078 E7.81458
G1 X97.608 Y122.656 E8.03373
G1 X98.184 Y122.656 E8.05323
G1 X102.568 Y118.272 E8.26309
G1 X103.071 Y118.344 E8.28029
G1 X98.76 Y122.656 E8.48668
G1 X99.335 Y122.656 E8.50614
G1 X103.647 Y118.344 E8.71255
G1 X104.222 Y118.344 E8.73201
G1 X99.911 Y122.656 E8.9384
G1 X100.487 Y122.656 E8.9579
G1 X104.798 Y118.344 E9.16429
G1 X105.374 Y118.344 E9.18379
G1 X101.063 Y122.656 E9.39018
G1 X101.638 Y122.656 E9.40964
G1 X105.949 Y118.344 E9.61603
G1 X106.525 Y118.344 E9.63553
G1 X102.214 Y122.656 E9.84192
G1 X102.79 Y122.656 E9.86142
G1 X107.101 Y118.344 E10.06781
G1 X107.676 Y118.344 E10.08727
G1 X103.365 Y122.656 E10.29366
G1 X103.941 Y122.656 E10.31316
G1 X108.252 Y118.344 E10.51955
G1 X108.828 Y118.344 E10.53905
G1 X104.517 Y122.656 E10.74544
G1 X105.092 Y122.656 E10.7649
G1 X109.403 Y118.344 E10.97129
G1 X109.979 Y118.344 E10.99079
G1 X105.668 Y122.656 E11.19718
G1 X106.244 Y122.656 E11.21668
G1 X110.555 Y118.344 E11.42307
G1 X111.131 Y118.344 E11.44257
G1 X106.82 Y122.656 E11.64896
G1 X107.395 Y122.656 E11.66842
G1 X111.706 Y118.344 E11.87481
G1 X112.282 Y118.344 E11.89431
G1 X107.971 Y122.656 E12.1007
G1 X108.547 Y122.656 E12.1202
G1 X112.858 Y118.344 E12.32659
G1 X113.433 Y118.344 E12.34605
G1 X109.122 Y122.656 E12.55244
G1 X109.698 Y122.656 E12.57194
G1 X114.009 Y118.344 E12.77833
G1 X114.585 Y118.344 E12.79783
G1 X110.274 Y122.656 E13.00422
G1 X110.849 Y122.656 E13.02368
G1 X115.16 Y118.344 E13.23007
G1 X115.736 Y118.344 E13.24957
G1 X111.425 Y122.656 E13.45596
G1 X112.001 Y122.656 E13.47546
G1 X116.312 Y118.344 E13.68185
G1 X116.888 Y118.344 E13.70135
G1 X112.576 Y122.656 E13.90776
G1 X113.026 Y122.859 E13.92447
;WIDTH:0.38292
G1 X112.985 Y122.87 E13.92567
G1 X112.966 Y122.799 E13.92775
G1 X113.037 Y122.818 E13.92983
;WIDTH:0.41646
G1 X113.095 Y122.737 E13.93292
;WIDTH:0.449999
G1 X113.152 Y122.656 E13.93627
G1 X117.594 Y118.213 E14.14893
G1 X117.882 Y117.963 E14.16184
;WIDTH:0.396572
G1 X117.968 Y117.887 E14.16521
;WIDTH:0.41646
G1 X118.088 Y117.743 E14.17103
;WIDTH:0.449999
G1 X118.208 Y117.599 E14.17737
G1 X123.156 Y112.652 E14.4142
G1 X123.156 Y113.228 E14.4337
G1 X113.728 Y122.656 E14.88501
G1 X113.604 Y122.71 E14.88959
;WIDTH:0.41646
G1 X113.481 Y122.764 E14.89376
;WIDTH:0.38292
G1 X113.41 Y122.745 E14.89584
G1 X113.429 Y122.816 E14.89792
G1 X113.47 Y122.805 E14.89912
G1 X114.304 Y122.656 F9000
;WIDTH:0.449999
G1 F2400
G1 X123.156 Y113.804 E15.32286
G1 X123.156 Y114.379 E15.34232
G1 X114.879 Y122.656 E15.73853
G1 X115.455 Y122.656 E15.75803
G1 X123.156 Y114.955 E16.12667
G1 X123.156 Y115.531 E16.14617
G1 X116.031 Y122.656 E16.48724
G1 X116.606 Y122.656 E16.5067
G1 X123.156 Y116.106 E16.82024
G1 X123.156 Y116.682 E16.83974
G1 X117.182 Y122.656 E17.12571
G1 X117.758 Y122.656 E17.14521
G1 X123.156 Y117.258 E17.40361
G1 X123.156 Y117.833 E17.42307
G1 X118.333 Y122.656 E17.65394
G1 X118.909 Y122.656 E17.67344
G1 X123.156 Y118.409 E17.87674
G1 X123.156 Y118.985 E17.89624
G1 X119.485 Y122.656 E18.07197
G1 X120.061 Y122.656 E18.09147
G1 X123.156 Y119.561 E18.23963
G1 X123.156 Y120.136 E18.25909
G1 X120.636 Y122.656 E18.37972
G1 X121.097 Y122.818 E18.39626
;WIDTH:0.38292
G1 X121.026 Y122.799 E18.39834
G1 X121.045 Y122.87 E18.40042
G1 X121.086 Y122.859 E18.40162
;WIDTH:0.41646
G1 X121.149 Y122.757 E18.40534
;WIDTH:0.449999
G1 X121.212 Y122.656 E18.40937
G1 X123.156 Y120.712 E18.50243
G1 X123.257 Y120.649 E18.50646
;WIDTH:0.41646
G1 X123.359 Y120.586 E18.51018
;WIDTH:0.38292
G1 X123.318 Y120.597 E18.51138
G1 X123.299 Y120.526 E18.51346
G1 X123.37 Y120.545 E18.51554
;WIDTH:0.449999
G1 X123.156 Y121.288 E18.54171
G1 X123.156 Y122.656 E18.58802
G1 X121.788 Y122.656 E18.63433
G1 X123.012 Y121.432 E18.69292
;LAYER_CHANGE
;Z:5.8
;HEIGHT:0.2
G1 E17.89292 F2100
G92 E0
G1 Z5.8 F9000
G1 X102.271 Y117.728
G1 E.8 F2100
;TYPE:Perimeter
G1 F2700
G1 X102.075 Y117.49 E.81044
G1 X101.961 Y117.152 E.82251
G1 X101.961 Y102.979 E1.30225
G1 X101.991 Y102.734 E1.3106
G1 X102.075 Y102.51 E1.3187
G1 X102.347 Y102.181 E1.33315
G1 X102.745 Y101.988 E1.34812
G1 X102.979 Y101.961 E1.35609
G1 X117.021 Y101.961 E1.83139
G1 X117.255 Y101.988 E1.83936
G1 X117.653 Y102.181 E1.85433
G1 X117.925 Y102.51 E1.86878
G1 X118.009 Y102.734 E1.87688
G1 X118.039 Y102.979 E1.88523
G1 X118.039 Y117.021 E2.36053
G1 X118.009 Y117.266 E2.36888
G1 X117.925 Y117.49 E2.37698
G1 X117.653 Y117.819 E2.39143
G1 X117.255 Y118.012 E2.4064
G1 X117.021 Y118.039 E2.41437
G1 X102.979 Y118.039 E2.88967
G1 X102.745 Y118.012 E2.89764
G1 X102.347 Y117.819 E2.91261
G1 X102.309 Y117.774 E2.9146
G1 X102.554 Y117.448 F9000
G1 F2700
G1 X102.512 Y117.416 E2.91639
G1 X102.368 Y117.107 E2.92793
G1 X102.368 Y102.979 E3.40615
G1 X102.437 Y102.697 E3.41598
G1 X102.599 Y102.5 E3.42461
G1 X102.894 Y102.368 E3.43555
G1 X117.021 Y102.368 E3.91373
G1 X117.29 Y102.43 E3.92307
G1 X117.488 Y102.584 E3.93156
G1 X117.632 Y102.867 E3.94231
G1 X117.632 Y117.021 E4.42141
G1 X117.563 Y117.303 E4.43124
G1 X117.401 Y117.5 E4.43987
G1 X117.107 Y117.632 E4.45078
G1 X102.979 Y117.632 E4.929
G1 X102.71 Y117.57 E4.93834
G1 X102.601 Y117.485 E4.94302
G1 X102.844 Y117.162 F9000
;TYPE:External perimeter
G1 F1800
G1 X102.823 Y117.153 E4.94379
G1 X102.775 Y117.021 E4.94854
G1 X102.775 Y102.979 E5.42384
G1 X102.823 Y102.847 E5.42859
G1 X102.979 Y102.775 E5.43441
G1 X117.021 Y102.775 E5.90971
G1 X117.177 Y102.847 E5.91553
G1 X117.225 Y102.979 E5.92028
G1 X117.225 Y117.021 E6.39558
G1 X117.177 Y117.153 E6.40033
G1 X117.021 Y117.225 E6.40615
G1 X102.979 Y117.225 E6.88145
G1 X102.898 Y117.188 E6.88446
G1 X102.781 Y116.805 F9000
G1 E6.08446 F2100
G92 E0
G1 X96.539 Y97.039 F9000
G1 E.8 F2100
;TYPE:Perimeter
G1 F2700
G1 X123.461 Y97.039 E1.71128
G1 X123.461 Y122.961 E2.58871
G1 X96.539 Y122.961 E3.49999
G1 X96.539 Y97.099 E4.37539
G1 X96.132 Y96.632 F9000
G1 F2700
G1 X123.868 Y96.632 E5.31422
G1 X123.868 Y123.368 E6.2192
G1 X96.132 Y123.368 E7.15803
G1 X96.132 Y96.692 E8.06098
G1 X95.725 Y96.225 F9000
;TYPE:External perimeter
G1 F1800
G1 X124.275 Y96.225 E9.02736
G1 X124.275 Y123.775 E9.95989
G1 X95.725 Y123.775 E10.92627
G1 X95.725 Y96.285 E11.85677
G1 X96.121 Y96.226 F9000
G1 E11.05677 F2100
G92 E0
G1 X96.877 Y122.545 F9000
G1 E.8 F2100
;TYPE:Solid infill
;WIDTH:0.548766
G1 F2400
G1 X96.833 Y122.59 E.80265
G1 X96.849 Y122.651 E.8053
G1 X96.91 Y122.667 E.80795
G1 X96.955 Y122.623 E.8106
G1 X96.939 Y122.561 E.81329
G1 X97.734 Y122.788 F9000
;WIDTH:0.38292
G1 F2400
G1 X97.715 Y122.859 E.81537
G1 X97.786 Y122.84 E.81745
G1 X97.775 Y122.799 E.81865
;WIDTH:0.41646
G1 X97.682 Y122.727 E.8223
;WIDTH:0.449999
G1 X97.589 Y122.656 E.82626
G1 X96.844 Y121.911 E.86192
G1 X96.773 Y121.818 E.86588
;WIDTH:0.41646
G1 X96.701 Y121.725 E.86953
;WIDTH:0.38292
G1 X96.712 Y121.766 E.87073
G1 X96.641 Y121.785 E.87281
G1 X96.66 Y121.714 E.87489
;WIDTH:0.449999
G1 X96.844 Y121.336 E.88912
G1 X98.164 Y122.656 E.95231
G1 X98.74 Y122.656 E.97181
G1 X96.844 Y120.76 E1.06257
G1 X96.844 Y120.184 E1.08207
G1 X99.316 Y122.656 E1.2004
G1 X99.892 Y122.656 E1.2199
G1 X96.844 Y119.608 E1.36581
G1 X96.844 Y119.033 E1.38527
G1 X100.467 Y122.656 E1.5587
G1 X101.043 Y122.656 E1.5782
G1 X96.844 Y118.457 E1.7792
G1 X96.844 Y117.881 E1.7987
G1 X101.619 Y122.656 E2.02728
G1 X102.194 Y122.656 E2.04674
G1 X96.844 Y117.306 E2.30284
G1 X96.844 Y116.73 E2.32234
G1 X102.77 Y122.656 E2.60601
G1 X103.346 Y122.656 E2.62551
G1 X96.844 Y116.154 E2.93676
G1 X96.844 Y115.579 E2.95622
G1 X103.921 Y122.656 E3.29499
G1 X104.497 Y122.656 E3.31449
G1 X96.844 Y115.003 E3.68083
G1 X96.844 Y114.427 E3.70033
G1 X105.073 Y122.656 E4.09425
G1 X105.649 Y122.656 E4.11375
G1 X96.844 Y113.851 E4.53524
G1 X96.844 Y113.276 E4.5547
G1 X106.224 Y122.656 E5.00371
G1 X106.363 Y122.695 E5.0086
;WIDTH:0.41646
G1 X106.501 Y122.734 E5.01305
;WIDTH:0.38292
G1 X106.482 Y122.805 E5.01513
G1 X106.553 Y122.786 E5.01721
G1 X106.542 Y122.745 E5.01841
G1 E4.21841 F2100
G92 E0
G1 X102.119 Y117.881 F9000
G1 E.8 F2100
G1 F2400
G1 X101.995 Y118.004 E.80494
;WIDTH:0.41646
G1 X101.928 Y117.86 E.80987
;WIDTH:0.449999
G1 X101.861 Y117.716 E.81525
G1 X96.844 Y112.7 E1.05539
G1 X96.844 Y112.124 E1.07489
G1 X101.656 Y116.935 E1.30521
G1 X101.656 Y116.36 E1.32467
G1 X96.844 Y111.549 E1.55499
G1 X96.844 Y110.973 E1.57449
G1 X101.656 Y115.784 E1.80481
G1 X101.656 Y115.208 E1.82431
G1 X96.844 Y110.397 E2.05463
G1 X96.844 Y109.822 E2.07409
G1 X101.656 Y114.633 E2.30441
G1 X101.656 Y114.057 E2.32391
G1 X96.844 Y109.246 E2.55423
G1 X96.844 Y108.67 E2.57373
G1 X101.656 Y113.481 E2.80405
G1 X101.656 Y112.906 E2.82351
G1 X96.844 Y108.095 E3.05383
G1 X96.844 Y107.519 E3.07333
G1 X101.607 Y112.281 E3.30131
G1 X101.444 Y111.542 E3.32693
G1 X96.844 Y106.943 E3.54711
G1 X96.844 Y106.367 E3.56661
G1 X101.348 Y110.871 E3.78221
G1 X101.306 Y110.253 E3.80318
G1 X96.844 Y105.792 E4.01675
G1 X96.844 Y105.216 E4.03625
G1 X101.31 Y109.681 E4.25001
G1 X101.347 Y109.143 E4.26826
G1 X96.844 Y104.64 E4.48382
G1 X96.844 Y104.065 E4.50328
G1 X101.413 Y108.633 E4.72197
G1 X101.503 Y108.148 E4.73867
G1 X96.844 Y103.489 E4.96169
G1 X96.844 Y102.913 E4.98119
G1 X101.617 Y107.685 E5.20965
G1 X101.656 Y107.149 E5.22784
G1 X96.844 Y102.338 E5.45816
G1 X96.844 Y101.762 E5.47766
G1 X101.656 Y106.573 E5.70798
G1 X101.656 Y105.997 E5.72748
G1 X96.844 Y101.186 E5.9578
G1 X96.844 Y100.61 E5.9773
G1 X101.656 Y105.422 E6.20765
G1 X101.656 Y104.846 E6.22715
G1 X96.844 Y100.035 E6.45747
G1 X96.844 Y99.459 E6.47697
G1 X101.656 Y104.27 E6.70729
G1 X101.656 Y103.694 E6.72679
G1 X96.844 Y98.883 E6.95711
G1 X96.844 Y98.308 E6.97657
G1 X101.656 Y103.119 E7.20689
G1 X101.715 Y102.603 E7.22447
G1 X96.844 Y97.732 E7.45764
G1 X96.736 Y97.206 E7.47582
;WIDTH:0.38292
G1 X96.717 Y97.278 E7.47793
G1 X96.789 Y97.258 E7.48004
G1 X96.778 Y97.217 E7.48124
;WIDTH:0.41646
G1 X96.905 Y97.281 E7.48566
;WIDTH:0.449999
G1 X97.033 Y97.344 E7.49049
G1 X101.905 Y102.217 E7.72373
G1 X102.186 Y101.922 E7.73752
G1 X97.608 Y97.344 E7.95667
G1 X98.184 Y97.344 E7.97617
G1 X102.568 Y101.728 E8.18603
G1 X103.071 Y101.656 E8.20323
G1 X98.76 Y97.344 E8.40962
G1 X99.335 Y97.344 E8.42908
G1 X103.647 Y101.656 E8.63549
G1 X104.222 Y101.656 E8.65495
G1 X99.911 Y97.344 E8.86134
G1 X100.487 Y97.344 E8.88084
G1 X104.798 Y101.656 E9.08723
G1 X105.374 Y101.656 E9.10673
G1 X101.063 Y97.344 E9.31312
G1 X101.638 Y97.344 E9.33258
G1 X105.949 Y101.656 E9.53897
G1 X106.525 Y101.656 E9.55847
G1 X102.214 Y97.344 E9.76486
G1 X102.79 Y97.344 E9.78436
G1 X107.101 Y101.656 E9.99075
G1 X107.649 Y101.628 E10.00932
G1 X103.365 Y97.344 E10.21439
G1 X103.941 Y97.344 E10.23389
G1 X108.108 Y101.512 E10.43339
G1 X108.591 Y101.419 E10.45004
G1 X104.517 Y97.344 E10.64508
G1 X105.092 Y97.344 E10.66454
G1 X109.099 Y101.351 E10.85635
G1 X109.636 Y101.313 E10.87457
G1 X105.668 Y97.344 E11.06454
G1 X106.244 Y97.344 E11.08404
G1 X110.207 Y101.308 E11.27377
G1 X110.819 Y101.344 E11.29452
G1 X106.82 Y97.344 E11.48597
G1 X107.395 Y97.344 E11.50543
G1 X111.48 Y101.43 E11.701
G1 X112.22 Y101.594 E11.72666
G1 X107.971 Y97.344 E11.93008
G1 X108.547 Y97.344 E11.94958
G1 X112.858 Y101.656 E12.15597
G1 X113.433 Y101.656 E12.17543
G1 X109.122 Y97.344 E12.38182
G1 X109.698 Y97.344 E12.40132
G1 X114.009 Y101.656 E12.60771
G1 X114.585 Y101.656 E12.62721
G1 X110.274 Y97.344 E12.8336
G1 X110.849 Y97.344 E12.85306
G1 X115.16 Y101.656 E13.05945
G1 X115.736 Y101.656 E13.07895
G1 X111.425 Y97.344 E13.28534
G1 X112.001 Y97.344 E13.30484
G1 X116.312 Y101.656 E13.51123
G1 X116.888 Y101.656 E13.53073
G1 X112.576 Y97.344 E13.73714
G1 X113.152 Y97.344 E13.75664
G1 X117.594 Y101.787 E13.9693
G1 X117.738 Y101.909 E13.97569
;WIDTH:0.419232
G1 X117.882 Y102.031 E13.9816
;WIDTH:0.399092
G1 X117.957 Y102.113 E13.98489
G1 E13.18489 F2100
G92 E0
G1 X102.283 Y118.139 F9000
G1 E.8 F2100
;WIDTH:0.449999
G1 F2400
G1 X106.8 Y122.656 E1.01623
G1 X107.376 Y122.656 E1.03573
G1 X103.065 Y118.344 E1.24212
G1 X103.64 Y118.344 E1.26158
G1 X107.951 Y122.656 E1.46797
G1 X108.527 Y122.656 E1.48747
G1 X104.216 Y118.344 E1.69386
G1 X104.792 Y118.344 E1.71336
G1 X109.103 Y122.656 E1.91975
G1 X109.678 Y122.656 E1.93921
G1 X105.367 Y118.344 E2.1456
G1 X105.943 Y118.344 E2.1651
G1 X110.254 Y122.656 E2.37149
G1 X110.83 Y122.656 E2.39099
G1 X106.519 Y118.344 E2.59738
G1 X107.094 Y118.344 E2.61684
G1 X111.406 Y122.656 E2.82325
G1 X111.981 Y122.656 E2.84271
G1 X107.719 Y118.393 E3.04675
G1 X107.649 Y118.294 E3.05085
;WIDTH:0.41646
G1 X107.579 Y118.195 E3.05462
;WIDTH:0.38292
G1 X107.587 Y118.196 E3.05485
G1 X108.457 Y118.556 F9000
;WIDTH:0.449999
G1 F2400
G1 X112.557 Y122.656 E3.25111
G1 X113.133 Y122.656 E3.27061
G1 X109.129 Y118.652 E3.46228
G1 X109.747 Y118.694 E3.48325
G1 X113.708 Y122.656 E3.67288
G1 X114.284 Y122.656 E3.69238
G1 X110.319 Y118.69 E3.88221
G1 X110.857 Y118.653 E3.90046
G1 X114.86 Y122.656 E4.09208
G1 X115.435 Y122.656 E4.11154
G1 X111.367 Y118.587 E4.3063
G1 X111.852 Y118.496 E4.323
G1 X116.011 Y122.656 E4.52211
G1 X116.587 Y122.656 E4.54161
G1 X112.314 Y118.383 E4.74616
G1 X112.851 Y118.344 E4.76438
G1 X117.162 Y122.656 E4.97077
G1 X117.738 Y122.656 E4.99027
G1 X113.427 Y118.344 E5.19666
G1 X114.003 Y118.344 E5.21616
G1 X118.314 Y122.656 E5.42255
G1 X118.89 Y122.656 E5.44205
G1 X114.578 Y118.344 E5.64846
G1 X115.154 Y118.344 E5.66796
G1 X119.465 Y122.656 E5.87435
G1 X120.041 Y122.656 E5.89385
G1 X115.73 Y118.344 E6.10024
G1 X116.306 Y118.344 E6.11974
G1 X120.617 Y122.656 E6.32613
G1 X121.192 Y122.656 E6.34559
G1 X116.881 Y118.344 E6.55198
G1 X117.397 Y118.284 E6.56956
G1 X121.768 Y122.656 E6.77882
G1 X122.344 Y122.656 E6.79832
G1 X117.784 Y118.096 E7.0166
G1 X118.075 Y117.812 E7.03036
G1 X122.919 Y122.656 E7.26224
G1 X123.076 Y122.679 E7.26761
;WIDTH:0.41646
G1 X123.232 Y122.702 E7.27251
;WIDTH:0.38292
G1 X123.213 Y122.773 E7.27459
G1 X123.284 Y122.754 E7.27667
G1 X123.273 Y122.713 E7.27787
;WIDTH:0.449999
G1 X123.156 Y122.316 E7.29188
G1 X118.272 Y117.432 E7.52567
G1 X118.344 Y116.929 E7.54287
G1 X123.156 Y121.74 E7.77319
G1 X123.156 Y121.165 E7.79265
G1 X118.344 Y116.353 E8.023
G1 X118.344 Y115.778 E8.04246
G1 X123.156 Y120.589 E8.27278
G1 X123.156 Y120.013 E8.29228
G1 X118.344 Y115.202 E8.5226
G1 X118.344 Y114.626 E8.5421
G1 X123.156 Y119.437 E8.77242
G1 X123.156 Y118.862 E8.79188
G1 X118.344 Y114.051 E9.0222
G1 X118.344 Y113.475 E9.0417
G1 X123.156 Y118.286 E9.27202
G1 X123.156 Y117.71 E9.29152
G1 X118.344 Y112.899 E9.52184
G1 X118.372 Y112.351 E9.54041
G1 X123.156 Y117.135 E9.76942
G1 X123.156 Y116.559 E9.78892
G1 X118.487 Y111.891 E10.0124
G1 X118.58 Y111.408 E10.02905
G1 X123.156 Y115.983 E10.24808
G1 X123.156 Y115.408 E10.26754
G1 X118.648 Y110.9 E10.48334
G1 X118.688 Y110.364 E10.50153
G1 X123.156 Y114.832 E10.71541
G1 X123.156 Y114.256 E10.73491
G1 X118.694 Y109.795 E10.94848
G1 X118.658 Y109.183 E10.96923
G1 X123.156 Y113.68 E11.18452
G1 X123.156 Y113.105 E11.20398
G1 X118.567 Y108.516 E11.42365
G1 X118.408 Y107.782 E11.44907
G1 X123.156 Y112.529 E11.67633
G1 X123.156 Y111.953 E11.69583
G1 X118.344 Y107.142 E11.92615
G1 X118.344 Y106.567 E11.94561
G1 X123.156 Y111.378 E12.17593
G1 X123.156 Y110.802 E12.19543
G1 X118.344 Y105.991 E12.42575
G1 X118.344 Y105.415 E12.44525
G1 X123.156 Y110.226 E12.67557
G1 X123.156 Y109.651 E12.69503
G1 X118.344 Y104.84 E12.92535
G1 X118.344 Y104.264 E12.94485
G1 X123.156 Y109.075 E13.17517
G1 X123.156 Y108.499 E13.19467
G1 X118.344 Y103.688 E13.42499
G1 X118.344 Y103.112 E13.44449
G1 X123.156 Y107.924 E13.67484
G1 X123.264 Y107.019 F9000
;WIDTH:0.38292
G1 F2400
G1 X123.245 Y107.09 E13.67692
G1 X123.316 Y107.071 E13.679
G1 X123.305 Y107.03 E13.6802
;WIDTH:0.41646
G1 X123.23 Y107.189 E13.68566
;WIDTH:0.449999
G1 X123.156 Y107.348 E13.6916
G1 X118.208 Y102.401 E13.92843
G1 E13.12843 F2100
G92 E0
G1 X123.156 Y106.772 F9000
G1 E.8 F2100
G1 F2400
G1 X113.728 Y97.344 E1.25131
G1 X114.304 Y97.344 E1.27081
G1 X123.156 Y106.196 E1.69455
G1 X123.156 Y105.621 E1.71401
G1 X114.879 Y97.344 E2.11022
G1 X115.455 Y97.344 E2.12972
G1 X123.156 Y105.045 E2.49836
G1 X123.156 Y104.469 E2.51786
G1 X116.031 Y97.344 E2.85893
G1 X116.606 Y97.344 E2.87839
G1 X123.156 Y103.894 E3.19193
G1 X123.156 Y103.318 E3.21143
G1 X117.182 Y97.344 E3.4974
G1 X117.758 Y97.344 E3.5169
G1 X123.156 Y102.742 E3.7753
G1 X123.156 Y102.167 E3.79476
G1 X118.333 Y97.344 E4.02563
G1 X118.909 Y97.344 E4.04513
G1 X123.156 Y101.591 E4.24843
G1 X123.156 Y101.015 E4.26793
G1 X119.485 Y97.344 E4.44366
G1 X120.061 Y97.344 E4.46316
G1 X123.156 Y100.439 E4.61132
G1 X123.156 Y99.864 E4.63078
G1 X120.636 Y97.344 E4.75141
G1 X121.045 Y97.13 E4.76703
;WIDTH:0.38292
G1 X121.026 Y97.201 E4.76911
G1 X121.097 Y97.182 E4.77119
G1 X121.086 Y97.141 E4.77239
;WIDTH:0.41646
G1 X121.149 Y97.243 E4.77611
;WIDTH:0.449999
G1 X121.212 Y97.344 E4.78014
G1 X123.156 Y99.288 E4.8732
G1 X123.257 Y99.351 E4.87723
;WIDTH:0.41646
G1 X123.359 Y99.414 E4.88095
;WIDTH:0.38292
G1 X123.37 Y99.455 E4.88215
G1 X123.299 Y99.474 E4.88423
G1 X123.318 Y99.403 E4.88631
G1 E4.08631 F2100
G92 E0
G1 X121.932 Y97.488 F9000
G1 E.8 F2100
;WIDTH:0.449999
G1 F2400
G1 X123.156 Y98.712 E.85859
G1 X123.156 Y97.344 E.9049
G1 X121.788 Y97.344 E.95121
M106 S112.2
;LAYER_CHANGE
;Z:6
;HEIGHT:0.2
G1 E.15121 F2100
G92 E0
G1 Z6 F9000
G1 X102.271 Y117.728
G1 E.8 F2100
;TYPE:Perimeter
G1 F2700
G1 X102.075 Y117.49 E.81044
G1 X101.961 Y117.152 E.82251
G1 X101.961 Y102.979 E1.30225
G1 X101.991 Y102.734 E1.3106
G1 X102.075 Y102.51 E1.3187
G1 X102.347 Y102.181 E1.33315
G1 X102.745 Y101.988 E1.34812
G1 X102.979 Y101.961 E1.35609
G1 X117.021 Y101.961 E1.83139
G1 X117.255 Y101.988 E1.83936
G1 X117.653 Y102.181 E1.85433
G1 X117.925 Y102.51 E1.86878
G1 X118.009 Y102.734 E1.87688
G1 X118.039 Y102.979 E1.88523
G1 X118.039 Y117.021 E2.36053
G1 X118.009 Y117.266 E2.36888
G1 X117.925 Y117.49 E2.37698
G1 X117.653 Y117.819 E2.39143
G1 X117.255 Y118.012 E2.4064
G1 X117.021 Y118.039 E2.41437
G1 X102.979 Y118.039 E2.88967
G1 X102.745 Y118.012 E2.89764
G1 X102.347 Y117.819 E2.91261
G1 X102.309 Y117.774 E2.9146
G1 X102.554 Y117.448 F9000
G1 F2700
G1 X102.512 Y117.416 E2.91639
G1 X102.368 Y117.107 E2.92793
G1 X102.368 Y102.979 E3.40615
G1 X102.437 Y102.697 E3.41598
G1 X102.599 Y102.5 E3.42461
G1 X102.894 Y102.368 E3.43555
G1 X117.021 Y102.368 E3.91373
G1 X117.29 Y102.43 E3.92307
G1 X117.488 Y102.584 E3.93156
G1 X117.632 Y102.867 E3.94231
G1 X117.632 Y117.021 E4.42141
G1 X117.563 Y117.303 E4.43124
G1 X117.401 Y117.5 E4.43987
G1 X117.107 Y117.632 E4.45078
G1 X102.979 Y117.632 E4.929
G1 X102.71 Y117.57 E4.93834
G1 X102.601 Y117.485 E4.94302
G1 X102.844 Y117.162 F9000
;TYPE:External perimeter
G1 F1800
G1 X102.823 Y117.153 E4.94379
G1 X102.775 Y117.021 E4.94854
G1 X102.775 Y102.979 E5.42384
G1 X102.823 Y102.847 E5.42859
G1 X102.979 Y102.775 E5.43441
G1 X117.021 Y102.775 E5.90971
G1 X117.177 Y102.847 E5.91553
G1 X117.225 Y102.979 E5.92028
G1 X117.225 Y117.021 E6.39558
G1 X117.177 Y117.153 E6.40033
G1 X117.021 Y117.225 E6.40615
G1 X102.979 Y117.225 E6.88145
G1 X102.898 Y117.188 E6.88446
G1 X102.781 Y116.805 F9000
G1 E6.08446 F2100
G92 E0
G1 X96.539 Y97.039 F9000
G1 E.8 F2100
;TYPE:Perimeter
G1 F2700
G1 X123.461 Y97.039 E1.71128
G1 X123.461 Y122.961 E2.58871
G1 X96.539 Y122.961 E3.49999
G1 X96.539 Y97.099 E4.37539
G1 X96.132 Y96.632 F9000
G1 F2700
G1 X123.868 Y96.632 E5.31422
G1 X123.868 Y123.368 E6.2192
G1 X96.132 Y123.368 E7.15803
G1 X96.132 Y96.692 E8.06098
G1 X95.725 Y96.225 F9000
;TYPE:External perimeter
G1 F1800
G1 X124.275 Y96.225 E9.02736
G1 X124.275 Y123.775 E9.95989
G1 X95.725 Y123.775 E10.92627
G1 X95.725 Y96.285 E11.85677
G1 X96.121 Y96.226 F9000
G1 E11.05677 F2100
G92 E0
G1 X98.141 Y97.344 F9000
G1 E.8 F2100
;TYPE:Internal infill
;WIDTH:0.45
G1 F3000
G1 X96.844 Y97.344 E.8439
G1 X96.844 Y98.491 E.88272
G1 X97.334 Y98.925 E.90488
G1 X97.77 Y99.087 E.92062
G1 X98.207 Y99.059 E.93544
G1 X98.644 Y98.761 E.95334
G1 X99.081 Y98.363 E.97335
G1 X99.517 Y98.201 E.98909
G1 X99.954 Y98.229 E1.00391
G1 X100.391 Y98.526 E1.02179
G1 X100.828 Y98.925 E1.04182
G1 X101.265 Y99.087 E1.0576
G1 X101.701 Y99.059 E1.07239
G1 X102.138 Y98.761 E1.09029
G1 X102.575 Y98.363 E1.1103
G1 X103.012 Y98.201 E1.12608
G1 X103.448 Y98.229 E1.14087
G1 X103.885 Y98.526 E1.15875
G1 X104.322 Y98.925 E1.17878
G1 X104.759 Y99.087 E1.19456
G1 X105.195 Y99.059 E1.20935
G1 X105.632 Y98.761 E1.22725
G1 X106.069 Y98.363 E1.24726
G1 X106.506 Y98.201 E1.26304
G1 X106.943 Y98.229 E1.27786
G1 X107.379 Y98.526 E1.29572
G1 X107.816 Y98.925 E1.31575
G1 X108.253 Y99.087 E1.33153
G1 X108.69 Y99.059 E1.34635
G1 X109.126 Y98.761 E1.36423
G1 X109.563 Y98.363 E1.38424
G1 X110 Y98.201 E1.40002
G1 X110.437 Y98.229 E1.41484
G1 X110.874 Y98.526 E1.43272
G1 X111.31 Y98.925 E1.45273
G1 X111.747 Y99.087 E1.46851
G1 X112.184 Y99.059 E1.48333
G1 X112.621 Y98.761 E1.50123
G1 X113.057 Y98.363 E1.52121
G1 X113.494 Y98.201 E1.53699
G1 X113.931 Y98.229 E1.55181
G1 X114.368 Y98.526 E1.56969
G1 X114.805 Y98.925 E1.58972
G1 X115.241 Y99.087 E1.60546
G1 X115.678 Y99.059 E1.62028
G1 X116.115 Y98.761 E1.63818
G1 X116.552 Y98.363 E1.65819
G1 X116.988 Y98.201 E1.67393
G1 X117.425 Y98.229 E1.68875
G1 X117.862 Y98.526 E1.70663
G1 X118.299 Y98.925 E1.72666
G1 X118.736 Y99.087 E1.74244
G1 X119.172 Y99.059 E1.75723
G1 X119.609 Y98.761 E1.77513
G1 X120.046 Y98.363 E1.79514
G1 X120.483 Y98.201 E1.81092
G1 X120.919 Y98.229 E1.82571
G1 X121.356 Y98.526 E1.84359
G1 X121.793 Y98.925 E1.86362
G1 X122.23 Y99.087 E1.8794
G1 X122.667 Y99.059 E1.89422
G1 X123.156 Y98.714 E1.91448
G1 X123.156 Y100.238 E1.96607
G1 X122.667 Y100.672 E1.9882
G1 X122.23 Y100.834 E2.00398
G1 X121.793 Y100.806 E2.0188
G1 X121.356 Y100.508 E2.0367
G1 X120.919 Y100.11 E2.05671
G1 X120.483 Y99.948 E2.07245
G1 X120.046 Y99.976 E2.08727
G1 X119.609 Y100.274 E2.10517
G1 X119.172 Y100.672 E2.12518
G1 X118.736 Y100.834 E2.14092
G1 X118.299 Y100.806 E2.15574
G1 X117.862 Y100.508 E2.17364
G1 X117.425 Y100.11 E2.19365
G1 X116.988 Y99.948 E2.20943
G1 X116.552 Y99.976 E2.22422
G1 X116.115 Y100.274 E2.24212
G1 X115.678 Y100.672 E2.26213
G1 X115.241 Y100.834 E2.27791
G1 X114.805 Y100.806 E2.2927
G1 X114.368 Y100.508 E2.3106
G1 X113.931 Y100.11 E2.33061
G1 X113.494 Y99.948 E2.34639
G1 X113.057 Y99.976 E2.36121
G1 X112.621 Y100.274 E2.37909
G1 X112.184 Y100.672 E2.3991
G1 X111.747 Y100.834 E2.41488
G1 X111.31 Y100.806 E2.4297
G1 X110.874 Y100.508 E2.44758
G1 X110.437 Y100.11 E2.46759
G1 X110 Y99.948 E2.48337
G1 X109.563 Y99.976 E2.49819
G1 X109.126 Y100.274 E2.51609
G1 X108.69 Y100.672 E2.53607
G1 X108.253 Y100.834 E2.55185
G1 X107.816 Y100.806 E2.56667
G1 X107.379 Y100.508 E2.58457
G1 X106.943 Y100.11 E2.60455
G1 X106.506 Y99.948 E2.62033
G1 X106.069 Y99.976 E2.63515
G1 X105.632 Y100.274 E2.65305
G1 X105.195 Y100.672 E2.67306
G1 X104.759 Y100.834 E2.6888
G1 X104.322 Y100.806 E2.70362
G1 X103.885 Y100.508 E2.72152
G1 X103.448 Y100.11 E2.74153
G1 X103.012 Y99.948 E2.75727
G1 X102.575 Y99.976 E2.77209
G1 X102.138 Y100.274 E2.78999
G1 X101.701 Y100.672 E2.81
G1 X101.265 Y100.834 E2.82574
G1 X100.828 Y100.806 E2.84056
G1 X100.391 Y100.508 E2.85846
G1 X99.954 Y100.11 E2.87847
G1 X99.517 Y99.948 E2.89425
G1 X99.081 Y99.976 E2.90904
G1 X98.644 Y100.274 E2.92694
G1 X98.207 Y100.672 E2.94695
G1 X97.77 Y100.834 E2.96273
G1 X97.334 Y100.806 E2.97752
G1 X96.844 Y100.461 E2.9978
G1 X96.844 Y101.985 E3.04939
G1 X97.334 Y102.419 E3.07155
G1 X97.77 Y102.581 E3.08729
G1 X98.207 Y102.553 E3.10211
G1 X98.644 Y102.255 E3.12001
G1 X99.081 Y101.857 E3.14002
G1 X99.517 Y101.695 E3.15576
G1 X99.954 Y101.723 E3.17058
G1 X100.391 Y102.021 E3.18848
G1 X100.828 Y102.419 E3.20849
G1 X101.265 Y102.581 E3.22427
G1 X101.746 Y102.523 E3.24067
G1 X101.656 Y102.972 E3.25617
G1 X101.656 Y104.183 E3.29716
G1 X101.265 Y104.328 E3.31128
G1 X100.828 Y104.3 E3.3261
G1 X100.391 Y104.003 E3.34398
G1 X99.954 Y103.604 E3.36401
G1 X99.517 Y103.442 E3.37979
G1 X99.081 Y103.47 E3.39458
G1 X98.644 Y103.768 E3.41248
G1 X98.207 Y104.166 E3.43249
G1 X97.77 Y104.328 E3.44827
G1 X97.334 Y104.3 E3.46306
G1 X96.844 Y103.955 E3.48334
G1 X96.844 Y105.479 E3.53493
G1 X97.334 Y105.913 E3.55709
G1 X97.77 Y106.075 E3.57283
G1 X98.207 Y106.047 E3.58765
G1 X98.644 Y105.75 E3.60553
G1 X99.081 Y105.351 E3.62556
G1 X99.517 Y105.19 E3.64129
G1 X99.954 Y105.217 E3.65611
G1 X100.391 Y105.515 E3.67401
G1 X100.828 Y105.913 E3.69402
G1 X101.265 Y106.075 E3.7098
G1 X101.656 Y106.05 E3.72306
G1 X101.656 Y107.677 E3.77813
G1 X101.265 Y107.822 E3.79225
G1 X100.828 Y107.794 E3.80707
G1 X100.391 Y107.497 E3.82495
G1 X99.954 Y107.098 E3.84498
G1 X99.517 Y106.937 E3.86074
G1 X99.081 Y106.964 E3.87553
G1 X98.644 Y107.262 E3.89343
G1 X98.207 Y107.66 E3.91344
G1 X97.77 Y107.822 E3.92922
G1 X97.334 Y107.794 E3.94401
G1 X96.844 Y107.449 E3.96429
G1 X96.844 Y108.973 E4.01588
G1 X97.334 Y109.407 E4.03804
G1 X97.77 Y109.569 E4.05378
G1 X98.207 Y109.541 E4.0686
G1 X98.644 Y109.244 E4.08648
G1 X99.081 Y108.845 E4.10651
G1 X99.517 Y108.684 E4.12224
G1 X99.954 Y108.712 E4.13706
G1 X100.391 Y109.009 E4.15494
G1 X100.828 Y109.407 E4.17495
G1 X101.265 Y109.569 E4.19073
G1 X101.656 Y109.544 E4.20399
G1 X101.656 Y111.171 E4.25906
G1 X101.265 Y111.316 E4.27318
G1 X100.828 Y111.288 E4.288
G1 X100.391 Y110.991 E4.30588
G1 X99.954 Y110.593 E4.32589
G1 X99.517 Y110.431 E4.34167
G1 X99.081 Y110.459 E4.35646
G1 X98.644 Y110.756 E4.37434
G1 X98.207 Y111.155 E4.39437
G1 X97.77 Y111.316 E4.41013
G1 X97.334 Y111.288 E4.42492
G1 X96.844 Y110.943 E4.4452
G1 X96.844 Y112.468 E4.49682
G1 X97.334 Y112.902 E4.51898
G1 X97.77 Y113.063 E4.53471
G1 X98.207 Y113.036 E4.54953
G1 X98.644 Y112.738 E4.56743
G1 X99.081 Y112.34 E4.58744
G1 X99.517 Y112.178 E4.60318
G1 X99.954 Y112.206 E4.618
G1 X100.391 Y112.503 E4.63588
G1 X100.828 Y112.902 E4.65591
G1 X101.265 Y113.063 E4.67167
G1 X101.656 Y113.038 E4.68493
G1 X101.656 Y114.666 E4.74004
G1 X101.265 Y114.811 E4.75416
G1 X100.828 Y114.783 E4.76898
G1 X100.391 Y114.485 E4.78688
G1 X99.954 Y114.087 E4.80689
G1 X99.517 Y113.925 E4.82267
G1 X99.081 Y113.953 E4.83746
G1 X98.644 Y114.25 E4.85534
G1 X98.207 Y114.649 E4.87537
G1 X97.77 Y114.811 E4.89115
G1 X97.334 Y114.783 E4.90594
G1 X96.844 Y114.437 E4.92624
G1 X96.844 Y115.962 E4.97786
G1 X97.334 Y116.396 E5.00002
G1 X97.77 Y116.558 E5.01576
G1 X98.207 Y116.53 E5.03058
G1 X98.644 Y116.232 E5.04848
G1 X99.081 Y115.834 E5.06849
G1 X99.517 Y115.672 E5.08423
G1 X99.954 Y115.7 E5.09905
G1 X100.391 Y115.997 E5.11693
G1 X100.828 Y116.396 E5.13696
G1 X101.265 Y116.558 E5.15274
G1 X101.656 Y116.533 E5.166
G1 X101.694 Y117.34 E5.19335
G1 X101.803 Y117.631 E5.20387
G1 X101.981 Y117.888 E5.21445
G1 X101.701 Y118.143 E5.22727
G1 X101.265 Y118.305 E5.24301
G1 X100.828 Y118.277 E5.25783
G1 X100.391 Y117.979 E5.27573
G1 X99.954 Y117.581 E5.29574
G1 X99.517 Y117.419 E5.31152
G1 X99.081 Y117.447 E5.32631
G1 X98.644 Y117.745 E5.34421
G1 X98.207 Y118.143 E5.36422
G1 X97.77 Y118.305 E5.38
G1 X97.334 Y118.277 E5.39479
G1 X96.844 Y117.932 E5.41507
G1 X96.844 Y119.456 E5.46666
G1 X97.334 Y119.89 E5.48882
G1 X97.77 Y120.052 E5.50456
G1 X98.207 Y120.024 E5.51938
G1 X98.644 Y119.726 E5.53728
G1 X99.081 Y119.328 E5.55729
G1 X99.517 Y119.166 E5.57303
G1 X99.954 Y119.194 E5.58785
G1 X100.391 Y119.492 E5.60575
G1 X100.828 Y119.89 E5.62576
G1 X101.265 Y120.052 E5.64154
G1 X101.701 Y120.024 E5.65633
G1 X102.138 Y119.726 E5.67423
G1 X102.575 Y119.328 E5.69424
G1 X103.012 Y119.166 E5.71002
G1 X103.448 Y119.194 E5.72481
G1 X103.885 Y119.492 E5.74271
G1 X104.322 Y119.89 E5.76272
G1 X104.759 Y120.052 E5.7785
G1 X105.195 Y120.024 E5.79329
G1 X105.632 Y119.726 E5.81119
G1 X106.069 Y119.328 E5.8312
G1 X106.506 Y119.166 E5.84698
G1 X106.943 Y119.194 E5.8618
G1 X107.379 Y119.492 E5.87968
G1 X107.816 Y119.89 E5.89969
G1 X108.253 Y120.052 E5.91547
G1 X108.69 Y120.024 E5.93029
G1 X109.126 Y119.726 E5.94817
G1 X109.563 Y119.328 E5.96818
G1 X110 Y119.166 E5.98396
G1 X110.437 Y119.194 E5.99878
G1 X110.874 Y119.492 E6.01668
G1 X111.31 Y119.89 E6.03666
G1 X111.747 Y120.052 E6.05244
G1 X112.184 Y120.024 E6.06726
G1 X112.621 Y119.726 E6.08516
G1 X113.057 Y119.328 E6.10514
G1 X113.494 Y119.166 E6.12092
G1 X113.931 Y119.194 E6.13574
G1 X114.368 Y119.492 E6.15364
G1 X114.805 Y119.89 E6.17365
G1 X115.241 Y120.052 E6.18939
G1 X115.678 Y120.024 E6.20421
G1 X116.115 Y119.726 E6.22211
G1 X116.552 Y119.328 E6.24212
G1 X116.988 Y119.166 E6.25786
G1 X117.425 Y119.194 E6.27268
G1 X117.862 Y119.492 E6.29058
G1 X118.299 Y119.89 E6.31059
G1 X118.736 Y120.052 E6.32637
G1 X119.172 Y120.024 E6.34116
G1 X119.609 Y119.726 E6.35906
G1 X120.046 Y119.328 E6.37907
G1 X120.483 Y119.166 E6.39485
G1 X120.919 Y119.194 E6.40964
G1 X121.356 Y119.492 E6.42754
G1 X121.793 Y119.89 E6.44755
G1 X122.23 Y120.052 E6.46333
G1 X122.667 Y120.024 E6.47815
G1 X123.156 Y119.679 E6.49841
G1 X123.156 Y121.203 E6.55
G1 X122.667 Y121.637 E6.57213
G1 X122.23 Y121.799 E6.58791
G1 X121.793 Y121.771 E6.60273
G1 X121.356 Y121.474 E6.62061
G1 X120.919 Y121.075 E6.64064
G1 X120.483 Y120.913 E6.65638
G1 X120.046 Y120.941 E6.6712
G1 X119.609 Y121.239 E6.6891
G1 X119.172 Y121.637 E6.70911
G1 X118.736 Y121.799 E6.72485
G1 X118.299 Y121.771 E6.73967
G1 X117.862 Y121.474 E6.75755
G1 X117.425 Y121.075 E6.77758
G1 X116.988 Y120.913 E6.79336
G1 X116.552 Y120.941 E6.80815
G1 X116.115 Y121.239 E6.82605
G1 X115.678 Y121.637 E6.84606
G1 X115.241 Y121.799 E6.86184
G1 X114.805 Y121.771 E6.87663
G1 X114.368 Y121.474 E6.89451
G1 X113.931 Y121.075 E6.91454
G1 X113.494 Y120.913 E6.93032
G1 X113.057 Y120.941 E6.94514
G1 X112.621 Y121.239 E6.96302
G1 X112.184 Y121.637 E6.98303
G1 X111.747 Y121.799 E6.99881
G1 X111.31 Y121.771 E7.01363
G1 X110.874 Y121.474 E7.03149
G1 X110.437 Y121.075 E7.05152
G1 X110 Y120.913 E7.0673
G1 X109.563 Y120.941 E7.08212
G1 X109.126 Y121.239 E7.10002
G1 X108.69 Y121.637 E7.12
G1 X108.253 Y121.799 E7.13578
G1 X107.816 Y121.771 E7.1506
G1 X107.379 Y121.474 E7.16848
G1 X106.943 Y121.075 E7.18849
G1 X106.506 Y120.913 E7.20427
G1 X106.069 Y120.941 E7.21909
G1 X105.632 Y121.239 E7.23699
G1 X105.195 Y121.637 E7.257
G1 X104.759 Y121.799 E7.27274
G1 X104.322 Y121.771 E7.28756
G1 X103.885 Y121.474 E7.30544
G1 X103.448 Y121.075 E7.32547
G1 X103.012 Y120.913 E7.34121
G1 X102.575 Y120.941 E7.35603
G1 X102.138 Y121.239 E7.37393
G1 X101.701 Y121.637 E7.39394
G1 X101.265 Y121.799 E7.40968
G1 X100.828 Y121.771 E7.4245
G1 X100.391 Y121.474 E7.44238
G1 X99.954 Y121.075 E7.46241
G1 X99.517 Y120.913 E7.47819
G1 X99.081 Y120.941 E7.49298
G1 X98.644 Y121.239 E7.51088
G1 X98.207 Y121.637 E7.53089
G1 X97.77 Y121.799 E7.54667
G1 X97.334 Y121.771 E7.56146
G1 X96.844 Y121.426 E7.58174
G1 X96.844 Y122.656 E7.62337
G1 X98.057 Y122.656 E7.66443
G1 E6.86443 F2100
G92 E0
G1 X115.542 Y118.344 F9000
G1 E.8 F2100
G1 F3000
G1 X117.324 Y118.31 E.86033
G1 X117.604 Y118.21 E.87039
G1 X117.899 Y118.005 E.88255
G1 X118.299 Y118.277 E.89892
G1 X118.736 Y118.305 E.91374
G1 X119.172 Y118.143 E.92948
G1 X119.609 Y117.745 E.94949
G1 X120.046 Y117.447 E.96739
G1 X120.483 Y117.419 E.98221
G1 X120.919 Y117.581 E.99795
G1 X121.356 Y117.979 E1.01796
G1 X121.793 Y118.277 E1.03586
G1 X122.23 Y118.305 E1.05068
G1 X122.667 Y118.143 E1.06646
G1 X123.156 Y117.709 E1.08859
G1 X123.156 Y116.185 E1.14018
G1 X122.667 Y116.53 E1.16044
G1 X122.23 Y116.558 E1.17526
G1 X121.793 Y116.396 E1.19104
G1 X121.356 Y115.997 E1.21107
G1 X120.919 Y115.7 E1.22895
G1 X120.483 Y115.672 E1.24374
G1 X120.046 Y115.834 E1.25952
G1 X119.609 Y116.232 E1.27953
G1 X119.172 Y116.53 E1.29743
G1 X118.736 Y116.558 E1.31222
G1 X118.344 Y116.413 E1.32637
G1 X118.344 Y114.786 E1.38144
G1 X118.736 Y114.811 E1.39474
G1 X119.172 Y114.649 E1.41048
G1 X119.609 Y114.25 E1.43051
G1 X120.046 Y113.953 E1.44839
G1 X120.483 Y113.925 E1.46321
G1 X120.919 Y114.087 E1.47895
G1 X121.356 Y114.485 E1.49896
G1 X121.793 Y114.783 E1.51686
G1 X122.23 Y114.811 E1.53168
G1 X122.667 Y114.649 E1.54746
G1 X123.156 Y114.215 E1.56959
G1 X123.156 Y112.69 E1.62121
G1 X122.667 Y113.036 E1.64149
G1 X122.23 Y113.063 E1.65631
G1 X121.793 Y112.902 E1.67207
G1 X121.356 Y112.503 E1.6921
G1 X120.919 Y112.206 E1.70998
G1 X120.483 Y112.178 E1.72477
G1 X120.046 Y112.34 E1.74055
G1 X119.609 Y112.738 E1.76056
G1 X119.172 Y113.036 E1.77846
G1 X118.736 Y113.063 E1.79325
G1 X118.344 Y112.919 E1.80739
G1 X118.344 Y111.291 E1.8625
G1 X118.736 Y111.316 E1.8758
G1 X119.172 Y111.155 E1.89153
G1 X119.609 Y110.756 E1.91156
G1 X120.046 Y110.459 E1.92944
G1 X120.483 Y110.431 E1.94426
G1 X120.919 Y110.593 E1.96
G1 X121.356 Y110.991 E1.98001
G1 X121.793 Y111.288 E1.99789
G1 X122.23 Y111.316 E2.01271
G1 X122.667 Y111.155 E2.02847
G1 X123.156 Y110.721 E2.0506
G1 X123.156 Y109.196 E2.10222
G1 X122.667 Y109.541 E2.12248
G1 X122.23 Y109.569 E2.1373
G1 X121.793 Y109.407 E2.15308
G1 X121.356 Y109.009 E2.17309
G1 X120.919 Y108.712 E2.19097
G1 X120.483 Y108.684 E2.20576
G1 X120.046 Y108.845 E2.22152
G1 X119.609 Y109.244 E2.24155
G1 X119.172 Y109.541 E2.25943
G1 X118.736 Y109.569 E2.27422
G1 X118.344 Y109.424 E2.28837
G1 X118.344 Y107.797 E2.34344
G1 X118.736 Y107.822 E2.35674
G1 X119.172 Y107.66 E2.37248
G1 X119.609 Y107.262 E2.39249
G1 X120.046 Y106.964 E2.41039
G1 X120.483 Y106.937 E2.42521
G1 X120.919 Y107.098 E2.44094
G1 X121.356 Y107.497 E2.46097
G1 X121.793 Y107.794 E2.47885
G1 X122.23 Y107.822 E2.49367
G1 X122.667 Y107.66 E2.50945
G1 X123.156 Y107.226 E2.53158
G1 X123.156 Y105.702 E2.58317
G1 X122.667 Y106.047 E2.60343
G1 X122.23 Y106.075 E2.61825
G1 X121.793 Y105.913 E2.63403
G1 X121.356 Y105.515 E2.65404
G1 X120.919 Y105.217 E2.67194
G1 X120.483 Y105.19 E2.68673
G1 X120.046 Y105.351 E2.70249
G1 X119.609 Y105.75 E2.72252
G1 X119.172 Y106.047 E2.7404
G1 X118.736 Y106.075 E2.75519
G1 X118.344 Y105.93 E2.76934
G1 X118.344 Y104.303 E2.82441
G1 X118.736 Y104.328 E2.83771
G1 X119.172 Y104.166 E2.85345
G1 X119.609 Y103.768 E2.87346
G1 X120.046 Y103.47 E2.89136
G1 X120.483 Y103.442 E2.90618
G1 X120.919 Y103.604 E2.92192
G1 X121.356 Y104.003 E2.94195
G1 X121.793 Y104.3 E2.95983
G1 X122.23 Y104.328 E2.97465
G1 X122.667 Y104.166 E2.99043
G1 X123.156 Y103.732 E3.01256
G1 X123.156 Y102.208 E3.06415
G1 X122.667 Y102.553 E3.08441
G1 X122.23 Y102.581 E3.09923
G1 X121.793 Y102.419 E3.11501
G1 X121.356 Y102.021 E3.13502
G1 X120.919 Y101.723 E3.15292
G1 X120.483 Y101.695 E3.16771
G1 X120.046 Y101.857 E3.18349
G1 X119.609 Y102.255 E3.2035
G1 X119.172 Y102.553 E3.2214
G1 X118.736 Y102.581 E3.23619
G1 X118.299 Y102.419 E3.25197
G1 X117.843 Y101.941 E3.27433
G1 X117.324 Y101.69 E3.29384
G1 X115.888 Y101.656 E3.34246
;LAYER_CHANGE
;Z:6.2
;HEIGHT:0.2
G1 E2.54246 F2100
G92 E0
G1 Z6.2 F9000
G1 X102.271 Y117.728
G1 E.8 F2100
;TYPE:Perimeter
;WIDTH:0.449999
G1 F2700
G1 X102.075 Y117.49 E.81044
G1 X101.961 Y117.152 E.82251
G1 X101.961 Y102.979 E1.30225
G1 X101.991 Y102.734 E1.3106
G1 X102.075 Y102.51 E1.3187
G1 X102.347 Y102.181 E1.33315
G1 X102.745 Y101.988 E1.34812
G1 X102.979 Y101.961 E1.35609
G1 X117.021 Y101.961 E1.83139
G1 X117.255 Y101.988 E1.83936
G1 X117.653 Y102.181 E1.85433
G1 X117.925 Y102.51 E1.86878
G1 X118.009 Y102.734 E1.87688
G1 X118.039 Y102.979 E1.88523
G1 X118.039 Y117.021 E2.36053
G1 X118.009 Y117.266 E2.36888
G1 X117.925 Y117.49 E2.37698
G1 X117.653 Y117.819 E2.39143
G1 X117.255 Y118.012 E2.4064
G1 X117.021 Y118.039 E2.41437
G1 X102.979 Y118.039 E2.88967
G1 X102.745 Y118.012 E2.89764
G1 X102.347 Y117.819 E2.91261
G1 X102.309 Y117.774 E2.9146
G1 X102.554 Y117.448 F9000
G1 F2700
G1 X102.512 Y117.416 E2.91639
G1 X102.368 Y117.107 E2.92793
G1 X102.368 Y102.979 E3.40615
G1 X102.437 Y102.697 E3.41598
G1 X102.599 Y102.5 E3.42461
G1 X102.894 Y102.368 E3.43555
G1 X117.021 Y102.368 E3.91373
G1 X117.29 Y102.43 E3.92307
G1 X117.488 Y102.584 E3.93156
G1 X117.632 Y102.867 E3.94231
G1 X117.632 Y117.021 E4.42141
G1 X117.563 Y117.303 E4.43124
G1 X117.401 Y117.5 E4.43987
G1 X117.107 Y117.632 E4.45078
G1 X102.979 Y117.632 E4.929
G1 X102.71 Y117.57 E4.93834
G1 X102.601 Y117.485 E4.94302
G1 X102.844 Y117.162 F9000
;TYPE:External perimeter
G1 F1800
G1 X102.823 Y117.153 E4.94379
G1 X102.775 Y117.021 E4.94854
G1 X102.775 Y102.979 E5.42384
G1 X102.823 Y102.847 E5.42859
G1 X102.979 Y102.775 E5.43441
G1 X117.021 Y102.775 E5.90971
G1 X117.177 Y102.847 E5.91553
G1 X117.225 Y102.979 E5.92028
G1 X117.225 Y117.021 E6.39558
G1 X117.177 Y117.153 E6.40033
G1 X117.021 Y117.225 E6.40615
G1 X102.979 Y117.225 E6.88145
G1 X102.898 Y117.188 E6.88446
G1 X102.781 Y116.805 F9000
G1 E6.08446 F2100
G92 E0
G1 X96.539 Y97.039 F9000
G1 E.8 F2100
;TYPE:Perimeter
G1 F2700
G1 X123.461 Y97.039 E1.71128
G1 X123.461 Y122.961 E2.58871
G1 X96.539 Y122.961 E3.49999
G1 X96.539 Y97.099 E4.37539
G1 X96.132 Y96.632 F9000
G1 F2700
G1 X123.868 Y96.632 E5.31422
G1 X123.868 Y123.368 E6.2192
G1 X96.132 Y123.368 E7.15803
G1 X96.132 Y96.692 E8.06098
G1 X95.725 Y96.225 F9000
;TYPE:External perimeter
G1 F1800
G1 X124.275 Y96.225 E9.02736
G1 X124.275 Y123.775 E9.95989
G1 X95.725 Y123.775 E10.92627
G1 X95.725 Y96.285 E11.85677
G1 X96.121 Y96.226 F9000
G1 E11.05677 F2100
G92 E0
G1 X104.049 Y101.656 F9000
G1 E.8 F2100
;TYPE:Internal infill
;WIDTH:0.45
G1 F3000
G1 X102.676 Y101.69 E.84649
G1 X102.157 Y101.941 E.866
G1 X101.701 Y102.434 E.88873
G1 X101.265 Y102.578 E.90427
G1 X100.828 Y102.533 E.91914
G1 X99.954 Y101.842 E.95685
G1 X99.517 Y101.698 E.97242
G1 X99.081 Y101.743 E.98726
G1 X98.207 Y102.434 E1.02497
G1 X97.77 Y102.578 E1.04054
G1 X97.334 Y102.533 E1.05538
G1 X96.844 Y102.178 E1.07586
G1 X96.844 Y103.762 E1.12948
G1 X97.334 Y104.181 E1.1513
G1 X97.77 Y104.325 E1.16684
G1 X98.207 Y104.28 E1.18171
G1 X99.081 Y103.589 E1.21942
G1 X99.517 Y103.445 E1.23496
G1 X99.954 Y103.49 E1.24983
G1 X100.828 Y104.181 E1.28754
G1 X101.265 Y104.325 E1.30311
G1 X101.656 Y104.285 E1.31641
G1 X101.656 Y105.943 E1.37253
G1 X101.265 Y106.072 E1.38647
G1 X100.828 Y106.027 E1.40134
G1 X99.954 Y105.336 E1.43905
G1 X99.517 Y105.192 E1.45462
G1 X99.081 Y105.237 E1.46946
G1 X98.207 Y105.928 E1.50717
G1 X97.77 Y106.072 E1.52274
G1 X97.334 Y106.027 E1.53758
G1 X96.844 Y105.673 E1.55804
G1 X96.844 Y107.256 E1.61162
G1 X97.334 Y107.675 E1.63344
G1 X97.77 Y107.819 E1.64898
G1 X98.207 Y107.774 E1.66385
G1 X99.081 Y107.083 E1.70156
G1 X99.517 Y106.939 E1.7171
G1 X99.954 Y106.985 E1.73197
G1 X100.828 Y107.675 E1.76966
G1 X101.265 Y107.819 E1.78523
G1 X101.656 Y107.779 E1.79853
G1 X101.656 Y109.438 E1.85469
G1 X101.265 Y109.567 E1.86863
G1 X100.828 Y109.521 E1.8835
G1 X99.954 Y108.831 E1.92119
G1 X99.517 Y108.686 E1.93677
G1 X99.081 Y108.732 E1.95161
G1 X98.207 Y109.422 E1.9893
G1 X97.77 Y109.567 E2.00488
G1 X97.334 Y109.521 E2.01972
G1 X96.844 Y109.167 E2.04018
G1 X96.844 Y110.75 E2.09376
G1 X97.334 Y111.17 E2.1156
G1 X97.77 Y111.314 E2.13114
G1 X98.207 Y111.268 E2.14601
G1 X99.081 Y110.578 E2.1837
G1 X99.517 Y110.434 E2.19924
G1 X99.954 Y110.479 E2.21411
G1 X100.828 Y111.17 E2.25182
G1 X101.265 Y111.314 E2.26739
G1 X101.656 Y111.273 E2.2807
G1 X101.656 Y112.932 E2.33686
G1 X101.265 Y113.061 E2.3508
G1 X100.828 Y113.015 E2.36567
G1 X99.954 Y112.325 E2.40336
G1 X99.517 Y112.181 E2.41893
G1 X99.081 Y112.226 E2.43377
G1 X98.207 Y112.917 E2.47148
G1 X97.77 Y113.061 E2.48705
G1 X97.334 Y113.015 E2.50189
G1 X96.844 Y112.661 E2.52235
G1 X96.844 Y114.245 E2.57597
G1 X97.334 Y114.664 E2.59779
G1 X97.77 Y114.808 E2.61333
G1 X98.207 Y114.763 E2.6282
G1 X99.081 Y114.072 E2.66591
G1 X99.517 Y113.928 E2.68145
G1 X99.954 Y113.973 E2.69632
G1 X100.828 Y114.664 E2.73403
G1 X101.265 Y114.808 E2.7496
G1 X101.656 Y114.767 E2.76291
G1 X101.656 Y116.426 E2.81907
G1 X101.265 Y116.555 E2.83301
G1 X100.828 Y116.51 E2.84788
G1 X99.954 Y115.819 E2.88559
G1 X99.517 Y115.675 E2.90116
G1 X99.081 Y115.72 E2.916
G1 X98.207 Y116.411 E2.95371
G1 X97.77 Y116.555 E2.96928
G1 X97.334 Y116.51 E2.98412
G1 X96.844 Y116.155 E3.0046
G1 X96.844 Y117.739 E3.05822
G1 X97.334 Y118.158 E3.08004
G1 X97.77 Y118.302 E3.09558
G1 X98.207 Y118.257 E3.11045
G1 X99.081 Y117.566 E3.14816
G1 X99.517 Y117.422 E3.1637
G1 X99.954 Y117.467 E3.17857
G1 X100.828 Y118.158 E3.21628
G1 X101.265 Y118.302 E3.23185
G1 X101.701 Y118.257 E3.24669
G1 X102.083 Y117.987 E3.26252
G1 X102.396 Y118.21 E3.27553
G1 X102.676 Y118.31 E3.28559
G1 X104.433 Y118.344 E3.34507
G1 E2.54507 F2100
G92 E0
G1 X121.972 Y122.656 F9000
G1 E.8 F2100
G1 F3000
G1 X123.156 Y122.656 E.84008
G1 X123.156 Y121.397 E.8827
G1 X122.667 Y121.751 E.90313
G1 X122.23 Y121.796 E.918
G1 X121.793 Y121.652 E.93357
G1 X120.919 Y120.961 E.97128
G1 X120.483 Y120.916 E.98612
G1 X120.046 Y121.06 E1.00169
G1 X119.172 Y121.751 E1.0394
G1 X118.736 Y121.796 E1.05424
G1 X118.299 Y121.652 E1.06981
G1 X117.425 Y120.961 E1.10752
G1 X116.988 Y120.916 E1.12239
G1 X116.552 Y121.06 E1.13793
G1 X115.678 Y121.751 E1.17564
G1 X115.241 Y121.796 E1.19051
G1 X114.805 Y121.652 E1.20605
G1 X113.931 Y120.961 E1.24376
G1 X113.494 Y120.916 E1.25863
G1 X113.057 Y121.06 E1.2742
G1 X112.184 Y121.751 E1.31189
G1 X111.747 Y121.796 E1.32676
G1 X111.31 Y121.652 E1.34233
G1 X110.437 Y120.961 E1.38002
G1 X110 Y120.916 E1.39489
G1 X109.563 Y121.06 E1.41046
G1 X108.69 Y121.751 E1.44815
G1 X108.253 Y121.796 E1.46302
G1 X107.816 Y121.652 E1.47859
G1 X106.943 Y120.961 E1.51628
G1 X106.506 Y120.916 E1.53115
G1 X106.069 Y121.06 E1.54672
G1 X105.195 Y121.751 E1.58443
G1 X104.759 Y121.796 E1.59927
G1 X104.322 Y121.652 E1.61484
G1 X103.448 Y120.961 E1.65255
G1 X103.012 Y120.916 E1.66739
G1 X102.575 Y121.06 E1.68296
G1 X101.701 Y121.751 E1.72067
G1 X101.265 Y121.796 E1.73551
G1 X100.828 Y121.652 E1.75108
G1 X99.954 Y120.961 E1.78879
G1 X99.517 Y120.916 E1.80366
G1 X99.081 Y121.06 E1.8192
G1 X98.207 Y121.751 E1.85691
G1 X97.77 Y121.796 E1.87178
G1 X97.334 Y121.652 E1.88732
G1 X96.844 Y121.233 E1.90914
G1 X96.844 Y119.649 E1.96276
G1 X97.334 Y120.004 E1.98324
G1 X97.77 Y120.049 E1.99808
G1 X98.207 Y119.905 E2.01365
G1 X99.081 Y119.214 E2.05136
G1 X99.517 Y119.169 E2.0662
G1 X99.954 Y119.313 E2.08177
G1 X100.828 Y120.004 E2.11948
G1 X101.265 Y120.049 E2.13435
G1 X101.701 Y119.905 E2.14989
G1 X102.575 Y119.214 E2.1876
G1 X103.012 Y119.169 E2.20247
G1 X103.448 Y119.313 E2.21801
G1 X104.322 Y120.004 E2.25572
G1 X104.759 Y120.049 E2.27059
G1 X105.195 Y119.905 E2.28613
G1 X106.069 Y119.214 E2.32384
G1 X106.506 Y119.169 E2.33871
G1 X106.943 Y119.313 E2.35428
G1 X107.816 Y120.004 E2.39197
G1 X108.253 Y120.049 E2.40684
G1 X108.69 Y119.905 E2.42241
G1 X109.563 Y119.214 E2.4601
G1 X110 Y119.169 E2.47497
G1 X110.437 Y119.313 E2.49054
G1 X111.31 Y120.004 E2.52823
G1 X111.747 Y120.049 E2.5431
G1 X112.184 Y119.905 E2.55867
G1 X113.057 Y119.214 E2.59636
G1 X113.494 Y119.169 E2.61123
G1 X113.931 Y119.313 E2.6268
G1 X114.805 Y120.004 E2.66451
G1 X115.241 Y120.049 E2.67935
G1 X115.678 Y119.905 E2.69492
G1 X116.552 Y119.214 E2.73263
G1 X116.988 Y119.169 E2.74747
G1 X117.425 Y119.313 E2.76304
G1 X118.299 Y120.004 E2.80075
G1 X118.736 Y120.049 E2.81562
G1 X119.172 Y119.905 E2.83116
G1 X120.046 Y119.214 E2.86887
G1 X120.483 Y119.169 E2.88374
G1 X120.919 Y119.313 E2.89928
G1 X121.793 Y120.004 E2.93699
G1 X122.23 Y120.049 E2.95186
G1 X122.667 Y119.905 E2.96743
G1 X123.156 Y119.486 E2.98923
G1 X123.156 Y117.902 E3.04285
G1 X122.667 Y118.257 E3.0633
G1 X122.23 Y118.302 E3.07817
G1 X121.793 Y118.158 E3.09374
G1 X120.919 Y117.467 E3.13145
G1 X120.483 Y117.422 E3.14629
G1 X120.046 Y117.566 E3.16186
G1 X119.172 Y118.257 E3.19957
G1 X118.736 Y118.302 E3.21441
G1 X118.299 Y118.158 E3.22998
G1 X118.006 Y117.902 E3.24315
G1 X118.197 Y117.631 E3.25437
G1 X118.306 Y117.34 E3.26489
G1 X118.344 Y116.514 E3.29288
G1 X118.736 Y116.555 E3.30622
G1 X119.172 Y116.411 E3.32176
G1 X120.046 Y115.72 E3.35947
G1 X120.483 Y115.675 E3.37434
G1 X120.919 Y115.819 E3.38988
G1 X121.793 Y116.51 E3.42759
G1 X122.23 Y116.555 E3.44246
G1 X122.667 Y116.411 E3.45803
G1 X123.156 Y115.992 E3.47983
G1 X123.156 Y114.408 E3.53345
G1 X122.667 Y114.763 E3.5539
G1 X122.23 Y114.808 E3.56877
G1 X121.793 Y114.664 E3.58434
G1 X120.919 Y113.973 E3.62205
G1 X120.483 Y113.928 E3.63689
G1 X120.046 Y114.072 E3.65246
G1 X119.172 Y114.763 E3.69017
G1 X118.736 Y114.808 E3.70501
G1 X118.344 Y114.679 E3.71898
G1 X118.344 Y113.02 E3.77514
G1 X118.736 Y113.061 E3.78848
G1 X119.172 Y112.917 E3.80402
G1 X120.046 Y112.226 E3.84173
G1 X120.483 Y112.181 E3.8566
G1 X120.919 Y112.325 E3.87214
G1 X121.793 Y113.015 E3.90983
G1 X122.23 Y113.061 E3.9247
G1 X122.667 Y112.917 E3.94027
G1 X123.156 Y112.498 E3.96207
G1 X123.156 Y110.914 E4.01569
G1 X122.667 Y111.268 E4.03612
G1 X122.23 Y111.314 E4.05099
G1 X121.793 Y111.17 E4.06656
G1 X120.919 Y110.479 E4.10427
G1 X120.483 Y110.434 E4.11911
G1 X120.046 Y110.578 E4.13468
G1 X119.172 Y111.268 E4.17237
G1 X118.736 Y111.314 E4.18721
G1 X118.344 Y111.185 E4.20118
G1 X118.344 Y109.526 E4.25734
G1 X118.736 Y109.567 E4.27068
G1 X119.172 Y109.422 E4.28623
G1 X120.046 Y108.732 E4.32392
G1 X120.483 Y108.686 E4.33879
G1 X120.919 Y108.831 E4.35434
G1 X121.793 Y109.521 E4.39203
G1 X122.23 Y109.567 E4.4069
G1 X122.667 Y109.422 E4.42248
G1 X123.156 Y109.003 E4.44428
G1 X123.156 Y107.42 E4.49786
G1 X122.667 Y107.774 E4.51829
G1 X122.23 Y107.819 E4.53316
G1 X121.793 Y107.675 E4.54873
G1 X120.919 Y106.985 E4.58642
G1 X120.483 Y106.939 E4.60126
G1 X120.046 Y107.083 E4.61683
G1 X119.172 Y107.774 E4.65454
G1 X118.736 Y107.819 E4.66938
G1 X118.344 Y107.69 E4.68335
G1 X118.344 Y106.032 E4.73947
G1 X118.736 Y106.072 E4.75281
G1 X119.172 Y105.928 E4.76835
G1 X120.046 Y105.237 E4.80606
G1 X120.483 Y105.192 E4.82093
G1 X120.919 Y105.336 E4.83647
G1 X121.793 Y106.027 E4.87418
G1 X122.23 Y106.072 E4.88905
G1 X122.667 Y105.928 E4.90462
G1 X123.156 Y105.509 E4.92642
G1 X123.156 Y103.926 E4.98
G1 X122.667 Y104.28 E5.00043
G1 X122.23 Y104.325 E5.0153
G1 X121.793 Y104.181 E5.03087
G1 X120.919 Y103.49 E5.06858
G1 X120.483 Y103.445 E5.08342
G1 X120.046 Y103.589 E5.09899
G1 X119.172 Y104.28 E5.1367
G1 X118.736 Y104.325 E5.15154
G1 X118.344 Y104.196 E5.16551
G1 X118.344 Y102.972 E5.20694
G1 X118.244 Y102.494 E5.22347
G1 X118.736 Y102.578 E5.24036
G1 X119.172 Y102.434 E5.2559
G1 X120.046 Y101.743 E5.29361
G1 X120.483 Y101.698 E5.30848
G1 X120.919 Y101.842 E5.32402
G1 X121.793 Y102.533 E5.36173
G1 X122.23 Y102.578 E5.3766
G1 X122.667 Y102.434 E5.39217
G1 X123.156 Y102.015 E5.41397
G1 X123.156 Y100.431 E5.46759
G1 X122.667 Y100.786 E5.48804
G1 X122.23 Y100.831 E5.50291
G1 X121.793 Y100.687 E5.51848
G1 X120.919 Y99.996 E5.55619
G1 X120.483 Y99.951 E5.57103
G1 X120.046 Y100.095 E5.5866
G1 X119.172 Y100.786 E5.62431
G1 X118.736 Y100.831 E5.63915
G1 X118.299 Y100.687 E5.65472
G1 X117.425 Y99.996 E5.69243
G1 X116.988 Y99.951 E5.7073
G1 X116.552 Y100.095 E5.72284
G1 X115.678 Y100.786 E5.76055
G1 X115.241 Y100.831 E5.77542
G1 X114.805 Y100.687 E5.79096
G1 X113.931 Y99.996 E5.82867
G1 X113.494 Y99.951 E5.84354
G1 X113.057 Y100.095 E5.85911
G1 X112.184 Y100.786 E5.8968
G1 X111.747 Y100.831 E5.91167
G1 X111.31 Y100.687 E5.92724
G1 X110.437 Y99.996 E5.96493
G1 X110 Y99.951 E5.9798
G1 X109.563 Y100.095 E5.99537
G1 X108.69 Y100.786 E6.03306
G1 X108.253 Y100.831 E6.04793
G1 X107.816 Y100.687 E6.0635
G1 X106.943 Y99.996 E6.10119
G1 X106.506 Y99.951 E6.11606
G1 X106.069 Y100.095 E6.13163
G1 X105.195 Y100.786 E6.16934
G1 X104.759 Y100.831 E6.18418
G1 X104.322 Y100.687 E6.19975
G1 X103.448 Y99.996 E6.23746
G1 X103.012 Y99.951 E6.2523
G1 X102.575 Y100.095 E6.26787
G1 X101.701 Y100.786 E6.30558
G1 X101.265 Y100.831 E6.32042
G1 X100.828 Y100.687 E6.33599
G1 X99.954 Y99.996 E6.3737
G1 X99.517 Y99.951 E6.38857
G1 X99.081 Y100.095 E6.40411
G1 X98.207 Y100.786 E6.44182
G1 X97.77 Y100.831 E6.45669
G1 X97.334 Y100.687 E6.47223
G1 X96.844 Y100.268 E6.49405
G1 X96.844 Y98.684 E6.54767
G1 X97.334 Y99.039 E6.56815
G1 X97.77 Y99.084 E6.58299
G1 X98.207 Y98.94 E6.59856
G1 X99.081 Y98.249 E6.63627
G1 X99.517 Y98.204 E6.65111
G1 X99.954 Y98.348 E6.66668
G1 X100.828 Y99.039 E6.70439
G1 X101.265 Y99.084 E6.71926
G1 X101.701 Y98.94 E6.7348
G1 X102.575 Y98.249 E6.77251
G1 X103.012 Y98.204 E6.78738
G1 X103.448 Y98.348 E6.80292
G1 X104.322 Y99.039 E6.84063
G1 X104.759 Y99.084 E6.8555
G1 X105.195 Y98.94 E6.87104
G1 X106.069 Y98.249 E6.90875
G1 X106.506 Y98.204 E6.92362
G1 X106.943 Y98.348 E6.93919
G1 X107.816 Y99.039 E6.97688
G1 X108.253 Y99.084 E6.99175
G1 X108.69 Y98.94 E7.00732
G1 X109.563 Y98.249 E7.04501
G1 X110 Y98.204 E7.05988
G1 X110.437 Y98.348 E7.07545
G1 X111.31 Y99.039 E7.11314
G1 X111.747 Y99.084 E7.12801
G1 X112.184 Y98.94 E7.14358
G1 X113.057 Y98.249 E7.18127
G1 X113.494 Y98.204 E7.19614
G1 X113.931 Y98.348 E7.21171
G1 X114.805 Y99.039 E7.24942
G1 X115.241 Y99.084 E7.26426
G1 X115.678 Y98.94 E7.27983
G1 X116.552 Y98.249 E7.31754
G1 X116.988 Y98.204 E7.33238
G1 X117.425 Y98.348 E7.34795
G1 X118.299 Y99.039 E7.38566
G1 X118.736 Y99.084 E7.40053
G1 X119.172 Y98.94 E7.41607
G1 X120.046 Y98.249 E7.45378
G1 X120.483 Y98.204 E7.46865
G1 X120.919 Y98.348 E7.48419
G1 X121.793 Y99.039 E7.5219
G1 X122.23 Y99.084 E7.53677
G1 X122.667 Y98.94 E7.55234
G1 X123.156 Y98.521 E7.57414
G1 X123.156 Y97.344 E7.61398
G1 X121.889 Y97.344 E7.65687
;LAYER_CHANGE
;Z:6.4
;HEIGHT:0.2
G1 E6.85687 F2100
G92 E0
G1 Z6.4 F9000
G1 X102.271 Y117.728
G1 E.8 F2100
;TYPE:Perimeter
;WIDTH:0.449999
G1 F2700
G1 X102.075 Y117.49 E.81044
G1 X101.961 Y117.152 E.82251
G1 X101.961 Y102.979 E1.30225
G1 X101.991 Y102.734 E1.3106
G1 X102.075 Y102.51 E1.3187
G1 X102.347 Y102.181 E1.33315
G1 X102.745 Y101.988 E1.34812
G1 X102.979 Y101.961 E1.35609
G1 X117.021 Y101.961 E1.83139
G1 X117.255 Y101.988 E1.83936
G1 X117.653 Y102.181 E1.85433
G1 X117.925 Y102.51 E1.86878
G1 X118.009 Y102.734 E1.87688
G1 X118.039 Y102.979 E1.88523
G1 X118.039 Y117.021 E2.36053
G1 X118.009 Y117.266 E2.36888
G1 X117.925 Y117.49 E2.37698
G1 X117.653 Y117.819 E2.39143
G1 X117.255 Y118.012 E2.4064
G1 X117.021 Y118.039 E2.41437
G1 X102.979 Y118.039 E2.88967
G1 X102.745 Y118.012 E2.89764
G1 X102.347 Y117.819 E2.91261
G1 X102.309 Y117.774 E2.9146
G1 X102.554 Y117.448 F9000
G1 F2700
G1 X102.512 Y117.416 E2.91639
G1 X102.368 Y117.107 E2.92793
G1 X102.368 Y102.979 E3.40615
G1 X102.437 Y102.697 E3.41598
G1 X102.599 Y102.5 E3.42461
G1 X102.894 Y102.368 E3.43555
G1 X117.021 Y102.368 E3.91373
G1 X117.29 Y102.43 E3.92307
G1 X117.488 Y102.584 E3.93156
G1 X117.632 Y102.867 E3.94231
G1 X117.632 Y117.021 E4.42141
G1 X117.563 Y117.303 E4.43124
G1 X117.401 Y117.5 E4.43987
G1 X117.107 Y117.632 E4.45078
G1 X102.979 Y117.632 E4.929
G1 X102.71 Y117.57 E4.93834
G1 X102.601 Y117.485 E4.94302
G1 X102.844 Y117.162 F9000
;TYPE:External perimeter
G1 F1800
G1 X102.823 Y117.153 E4.94379
G1 X102.775 Y117.021 E4.94854
G1 X102.775 Y102.979 E5.42384
G1 X102.823 Y102.847 E5.42859
G1 X102.979 Y102.775 E5.43441
G1 X117.021 Y102.775 E5.90971
G1 X117.177 Y102.847 E5.91553
G1 X117.225 Y102.979 E5.92028
G1 X117.225 Y117.021 E6.39558
G1 X117.177 Y117.153 E6.40033
G1 X117.021 Y117.225 E6.40615
G1 X102.979 Y117.225 E6.88145
G1 X102.898 Y117.188 E6.88446
G1 X102.781 Y116.805 F9000
G1 E6.08446 F2100
G92 E0
G1 X96.539 Y97.039 F9000
G1 E.8 F2100
;TYPE:Perimeter
G1 F2700
G1 X123.461 Y97.039 E1.71128
G1 X123.461 Y122.961 E2.58871
G1 X96.539 Y122.961 E3.49999
G1 X96.539 Y97.099 E4.37539
G1 X96.132 Y96.632 F9000
G1 F2700
G1 X123.868 Y96.632 E5.31422
G1 X123.868 Y123.368 E6.2192
G1 X96.132 Y123.368 E7.15803
G1 X96.132 Y96.692 E8.06098
G1 X95.725 Y96.225 F9000
;TYPE:External perimeter
G1 F1800
G1 X124.275 Y96.225 E9.02736
G1 X124.275 Y123.775 E9.95989
G1 X95.725 Y123.775 E10.92627
G1 X95.725 Y96.285 E11.85677
G1 X96.121 Y96.226 F9000
G1 E11.05677 F2100
G92 E0
G1 X96.844 Y98.709 F9000
G1 E.8 F2100
;TYPE:Internal infill
;WIDTH:0.45
G1 F3000
G1 X96.844 Y97.344 E.8462
G1 X97.726 Y97.344 E.87605
G1 X98.207 Y97.451 E.89273
G1 X98.417 Y97.344 E.90071
G1 X101.221 Y97.344 E.99562
G1 X101.701 Y97.451 E1.01227
G1 X101.911 Y97.344 E1.02025
G1 X104.715 Y97.344 E1.11516
G1 X105.195 Y97.451 E1.13181
G1 X105.405 Y97.344 E1.13979
G1 X108.209 Y97.344 E1.2347
G1 X108.69 Y97.451 E1.25138
G1 X108.899 Y97.344 E1.25933
G1 X111.703 Y97.344 E1.35424
G1 X112.184 Y97.451 E1.37092
G1 X112.393 Y97.344 E1.37887
G1 X115.197 Y97.344 E1.47378
G1 X115.678 Y97.451 E1.49046
G1 X115.888 Y97.344 E1.49844
G1 X118.692 Y97.344 E1.59335
G1 X119.172 Y97.451 E1.61
G1 X119.382 Y97.344 E1.61798
G1 X122.186 Y97.344 E1.71289
G1 X122.667 Y97.451 E1.72957
G1 X122.876 Y97.344 E1.73752
G1 X123.156 Y97.344 E1.747
G1 X123.156 Y98.285 E1.77885
G1 X122.667 Y98.848 E1.80409
G1 X122.23 Y99.119 E1.8215
G1 X121.793 Y99.198 E1.83653
G1 X121.356 Y98.976 E1.85312
G1 X120.919 Y98.44 E1.87653
G1 X120.483 Y98.169 E1.89391
G1 X120.046 Y98.09 E1.90894
G1 X119.609 Y98.311 E1.92552
G1 X119.172 Y98.848 E1.94895
G1 X118.736 Y99.119 E1.96633
G1 X118.299 Y99.198 E1.98136
G1 X117.862 Y98.976 E1.99795
G1 X117.425 Y98.44 E2.02136
G1 X116.988 Y98.169 E2.03877
G1 X116.552 Y98.09 E2.05377
G1 X116.115 Y98.311 E2.07035
G1 X115.678 Y98.848 E2.09378
G1 X115.241 Y99.119 E2.11119
G1 X114.805 Y99.198 E2.12619
G1 X114.368 Y98.976 E2.14278
G1 X113.931 Y98.44 E2.16619
G1 X113.494 Y98.169 E2.1836
G1 X113.057 Y98.09 E2.19863
G1 X112.621 Y98.311 E2.21518
G1 X112.184 Y98.848 E2.23861
G1 X111.747 Y99.119 E2.25602
G1 X111.31 Y99.198 E2.27105
G1 X110.874 Y98.976 E2.28761
G1 X110.437 Y98.44 E2.31102
G1 X110 Y98.169 E2.32843
G1 X109.563 Y98.09 E2.34346
G1 X109.126 Y98.311 E2.36004
G1 X108.69 Y98.848 E2.38345
G1 X108.253 Y99.119 E2.40086
G1 X107.816 Y99.198 E2.41589
G1 X107.379 Y98.976 E2.43248
G1 X106.943 Y98.44 E2.45587
G1 X106.506 Y98.169 E2.47328
G1 X106.069 Y98.09 E2.48831
G1 X105.632 Y98.311 E2.50489
G1 X105.195 Y98.848 E2.52832
G1 X104.759 Y99.119 E2.5457
G1 X104.322 Y99.198 E2.56073
G1 X103.885 Y98.976 E2.57732
G1 X103.448 Y98.44 E2.60073
G1 X103.012 Y98.169 E2.61811
G1 X102.575 Y98.09 E2.63314
G1 X102.138 Y98.311 E2.64972
G1 X101.701 Y98.848 E2.67315
G1 X101.265 Y99.119 E2.69053
G1 X100.828 Y99.198 E2.70556
G1 X100.391 Y98.976 E2.72215
G1 X99.954 Y98.44 E2.74556
G1 X99.517 Y98.169 E2.76297
G1 X99.081 Y98.09 E2.77797
G1 X98.644 Y98.311 E2.79455
G1 X98.207 Y98.848 E2.81798
G1 X97.77 Y99.119 E2.83539
G1 X97.334 Y99.198 E2.85039
G1 X96.844 Y98.912 E2.86959
G1 X96.844 Y100.032 E2.9075
G1 X97.334 Y100.595 E2.93276
G1 X97.77 Y100.866 E2.95014
G1 X98.207 Y100.945 E2.96517
G1 X98.644 Y100.723 E2.98176
G1 X99.081 Y100.187 E3.00517
G1 X99.517 Y99.916 E3.02255
G1 X99.954 Y99.837 E3.03758
G1 X100.391 Y100.058 E3.05416
G1 X100.828 Y100.595 E3.07759
G1 X101.265 Y100.866 E3.095
G1 X101.701 Y100.945 E3.11
G1 X102.138 Y100.723 E3.12659
G1 X102.575 Y100.187 E3.15
G1 X103.012 Y99.916 E3.16741
G1 X103.448 Y99.837 E3.18241
G1 X103.885 Y100.058 E3.19899
G1 X104.322 Y100.595 E3.22242
G1 X104.759 Y100.866 E3.23983
G1 X105.195 Y100.945 E3.25483
G1 X105.632 Y100.723 E3.27142
G1 X106.069 Y100.187 E3.29483
G1 X106.506 Y99.916 E3.31224
G1 X106.943 Y99.837 E3.32727
G1 X107.379 Y100.058 E3.34382
G1 X107.816 Y100.595 E3.36725
G1 X108.253 Y100.866 E3.38466
G1 X108.69 Y100.945 E3.39969
G1 X109.126 Y100.723 E3.41625
G1 X109.563 Y100.187 E3.43966
G1 X110 Y99.916 E3.45707
G1 X110.437 Y99.837 E3.4721
G1 X110.874 Y100.058 E3.48868
G1 X111.31 Y100.595 E3.51209
G1 X111.747 Y100.866 E3.5295
G1 X112.184 Y100.945 E3.54453
G1 X112.621 Y100.723 E3.56112
G1 X113.057 Y100.187 E3.58451
G1 X113.494 Y99.916 E3.60192
G1 X113.931 Y99.837 E3.61695
G1 X114.368 Y100.058 E3.63353
G1 X114.805 Y100.595 E3.65696
G1 X115.241 Y100.866 E3.67434
G1 X115.678 Y100.945 E3.68937
G1 X116.115 Y100.723 E3.70596
G1 X116.552 Y100.187 E3.72937
G1 X116.988 Y99.916 E3.74675
G1 X117.425 Y99.837 E3.76178
G1 X117.862 Y100.058 E3.77836
G1 X118.299 Y100.595 E3.80179
G1 X118.736 Y100.866 E3.8192
G1 X119.172 Y100.945 E3.8342
G1 X119.609 Y100.723 E3.85079
G1 X120.046 Y100.187 E3.8742
G1 X120.483 Y99.916 E3.89161
G1 X120.919 Y99.837 E3.90661
G1 X121.356 Y100.058 E3.92319
G1 X121.793 Y100.595 E3.94662
G1 X122.23 Y100.866 E3.96403
G1 X122.667 Y100.945 E3.97906
G1 X123.156 Y100.659 E3.99824
G1 X123.156 Y101.779 E4.03615
G1 X122.667 Y102.342 E4.06139
G1 X122.23 Y102.613 E4.0788
G1 X121.793 Y102.692 E4.09383
G1 X121.356 Y102.471 E4.11041
G1 X120.919 Y101.934 E4.13384
G1 X120.483 Y101.663 E4.15122
G1 X120.046 Y101.584 E4.16625
G1 X119.609 Y101.806 E4.18284
G1 X119.172 Y102.342 E4.20625
G1 X118.736 Y102.613 E4.22363
G1 X118.31 Y102.69 E4.23828
G1 X118.344 Y104.118 E4.28663
G1 X118.736 Y104.36 E4.30222
G1 X119.172 Y104.439 E4.31722
G1 X119.609 Y104.218 E4.3338
G1 X120.046 Y103.681 E4.35723
G1 X120.483 Y103.41 E4.37464
G1 X120.919 Y103.331 E4.38964
G1 X121.356 Y103.553 E4.40623
G1 X121.793 Y104.089 E4.42964
G1 X122.23 Y104.36 E4.44705
G1 X122.667 Y104.439 E4.46208
G1 X123.156 Y104.153 E4.48126
G1 X123.156 Y105.273 E4.51917
G1 X122.667 Y105.837 E4.54444
G1 X122.23 Y106.107 E4.56183
G1 X121.793 Y106.186 E4.57686
G1 X121.356 Y105.965 E4.59344
G1 X120.919 Y105.428 E4.61687
G1 X120.483 Y105.157 E4.63425
G1 X120.046 Y105.078 E4.64928
G1 X119.609 Y105.3 E4.66587
G1 X119.172 Y105.837 E4.6893
G1 X118.736 Y106.107 E4.70666
G1 X118.344 Y106.178 E4.72014
G1 X118.344 Y107.612 E4.76868
G1 X118.736 Y107.854 E4.78427
G1 X119.172 Y107.933 E4.79927
G1 X119.609 Y107.712 E4.81585
G1 X120.046 Y107.175 E4.83928
G1 X120.483 Y106.904 E4.85669
G1 X120.919 Y106.826 E4.87168
G1 X121.356 Y107.047 E4.88826
G1 X121.793 Y107.584 E4.91169
G1 X122.23 Y107.854 E4.92908
G1 X122.667 Y107.933 E4.94411
G1 X123.156 Y107.648 E4.96327
G1 X123.156 Y108.767 E5.00115
G1 X122.667 Y109.331 E5.02642
G1 X122.23 Y109.601 E5.04381
G1 X121.793 Y109.68 E5.05884
G1 X121.356 Y109.459 E5.07542
G1 X120.919 Y108.922 E5.09885
G1 X120.483 Y108.652 E5.11621
G1 X120.046 Y108.573 E5.13124
G1 X119.609 Y108.794 E5.14782
G1 X119.172 Y109.331 E5.17125
G1 X118.736 Y109.601 E5.18861
G1 X118.344 Y109.672 E5.20209
G1 X118.344 Y111.106 E5.25063
G1 X118.736 Y111.348 E5.26622
G1 X119.172 Y111.427 E5.28122
G1 X119.609 Y111.206 E5.2978
G1 X120.046 Y110.669 E5.32123
G1 X120.483 Y110.399 E5.33862
G1 X120.919 Y110.32 E5.35362
G1 X121.356 Y110.541 E5.3702
G1 X121.793 Y111.078 E5.39363
G1 X122.23 Y111.348 E5.41102
G1 X122.667 Y111.427 E5.42605
G1 X123.156 Y111.142 E5.44521
G1 X123.156 Y112.262 E5.48312
G1 X122.667 Y112.825 E5.50836
G1 X122.23 Y113.096 E5.52577
G1 X121.793 Y113.175 E5.5408
G1 X121.356 Y112.953 E5.55739
G1 X120.919 Y112.416 E5.58082
G1 X120.483 Y112.146 E5.59818
G1 X120.046 Y112.067 E5.61321
G1 X119.609 Y112.288 E5.62979
G1 X119.172 Y112.825 E5.65322
G1 X118.736 Y113.096 E5.6706
G1 X118.344 Y113.166 E5.68408
G1 X118.344 Y114.6 E5.73262
G1 X118.736 Y114.843 E5.74823
G1 X119.172 Y114.922 E5.76323
G1 X119.609 Y114.7 E5.77982
G1 X120.046 Y114.163 E5.80325
G1 X120.483 Y113.893 E5.82064
G1 X120.919 Y113.814 E5.83564
G1 X121.356 Y114.035 E5.85222
G1 X121.793 Y114.572 E5.87565
G1 X122.23 Y114.843 E5.89306
G1 X122.667 Y114.922 E5.90809
G1 X123.156 Y114.636 E5.92727
G1 X123.156 Y115.756 E5.96518
G1 X122.667 Y116.319 E5.99042
G1 X122.23 Y116.59 E6.00783
G1 X121.793 Y116.669 E6.02286
G1 X121.356 Y116.447 E6.03945
G1 X120.919 Y115.911 E6.06286
G1 X120.483 Y115.64 E6.08024
G1 X120.046 Y115.561 E6.09527
G1 X119.609 Y115.782 E6.11185
G1 X119.172 Y116.319 E6.13528
G1 X118.736 Y116.59 E6.15266
G1 X118.344 Y116.66 E6.16614
G1 X118.306 Y117.34 E6.18919
G1 X118.083 Y117.801 E6.20652
G1 X118.299 Y118.066 E6.21809
G1 X118.736 Y118.337 E6.2355
G1 X119.172 Y118.416 E6.2505
G1 X119.609 Y118.195 E6.26708
G1 X120.046 Y117.658 E6.29051
G1 X120.483 Y117.387 E6.30792
G1 X120.919 Y117.308 E6.32292
G1 X121.356 Y117.529 E6.3395
G1 X121.793 Y118.066 E6.36293
G1 X122.23 Y118.337 E6.38034
G1 X122.667 Y118.416 E6.39537
G1 X123.156 Y118.13 E6.41455
G1 X123.156 Y119.25 E6.45246
G1 X122.667 Y119.813 E6.4777
G1 X122.23 Y120.084 E6.49511
G1 X121.793 Y120.163 E6.51014
G1 X121.356 Y119.942 E6.52672
G1 X120.919 Y119.405 E6.55015
G1 X120.483 Y119.134 E6.56753
G1 X120.046 Y119.055 E6.58256
G1 X119.609 Y119.277 E6.59915
G1 X119.172 Y119.813 E6.62256
G1 X118.736 Y120.084 E6.63994
G1 X118.299 Y120.163 E6.65497
G1 X117.862 Y119.942 E6.67155
G1 X117.425 Y119.405 E6.69498
G1 X116.988 Y119.134 E6.71239
G1 X116.552 Y119.055 E6.72739
G1 X116.115 Y119.277 E6.74398
G1 X115.678 Y119.813 E6.76739
G1 X115.241 Y120.084 E6.7848
G1 X114.805 Y120.163 E6.7998
G1 X114.368 Y119.942 E6.81638
G1 X113.931 Y119.405 E6.83981
G1 X113.494 Y119.134 E6.85722
G1 X113.057 Y119.055 E6.87225
G1 X112.621 Y119.277 E6.88881
G1 X112.184 Y119.813 E6.91222
G1 X111.747 Y120.084 E6.92963
G1 X111.31 Y120.163 E6.94466
G1 X110.874 Y119.942 E6.96121
G1 X110.437 Y119.405 E6.98464
G1 X110 Y119.134 E7.00205
G1 X109.563 Y119.055 E7.01708
G1 X109.126 Y119.277 E7.03367
G1 X108.69 Y119.813 E7.05706
G1 X108.253 Y120.084 E7.07447
G1 X107.816 Y120.163 E7.0895
G1 X107.379 Y119.942 E7.10608
G1 X106.943 Y119.405 E7.12949
G1 X106.506 Y119.134 E7.1469
G1 X106.069 Y119.055 E7.16193
G1 X105.632 Y119.277 E7.17852
G1 X105.195 Y119.813 E7.20193
G1 X104.759 Y120.084 E7.21931
G1 X104.322 Y120.163 E7.23434
G1 X103.885 Y119.942 E7.25092
G1 X103.448 Y119.405 E7.27435
G1 X103.012 Y119.134 E7.29173
G1 X102.575 Y119.055 E7.30676
G1 X102.138 Y119.277 E7.32335
G1 X101.701 Y119.813 E7.34676
G1 X101.265 Y120.084 E7.36414
G1 X100.828 Y120.163 E7.37917
G1 X100.391 Y119.942 E7.39575
G1 X99.954 Y119.405 E7.41918
G1 X99.517 Y119.134 E7.43659
G1 X99.081 Y119.055 E7.45159
G1 X98.644 Y119.277 E7.46818
G1 X98.207 Y119.813 E7.49159
G1 X97.77 Y120.084 E7.509
G1 X97.334 Y120.163 E7.524
G1 X96.844 Y119.877 E7.5432
G1 X96.844 Y120.997 E7.58111
G1 X97.334 Y121.561 E7.6064
G1 X97.77 Y121.831 E7.62376
G1 X98.207 Y121.91 E7.63879
G1 X98.644 Y121.689 E7.65537
G1 X99.081 Y121.152 E7.6788
G1 X99.517 Y120.881 E7.69618
G1 X99.954 Y120.802 E7.71121
G1 X100.391 Y121.024 E7.7278
G1 X100.828 Y121.561 E7.75123
G1 X101.265 Y121.831 E7.76862
G1 X101.701 Y121.91 E7.78362
G1 X102.138 Y121.689 E7.8002
G1 X102.575 Y121.152 E7.82363
G1 X103.012 Y120.881 E7.84104
G1 X103.448 Y120.802 E7.85604
G1 X103.885 Y121.024 E7.87263
G1 X104.322 Y121.561 E7.89606
G1 X104.759 Y121.831 E7.91345
G1 X105.195 Y121.91 E7.92845
G1 X105.632 Y121.689 E7.94503
G1 X106.069 Y121.152 E7.96846
G1 X106.506 Y120.881 E7.98587
G1 X106.943 Y120.802 E8.0009
G1 X107.379 Y121.024 E8.01746
G1 X107.816 Y121.561 E8.04089
G1 X108.253 Y121.831 E8.05828
G1 X108.69 Y121.91 E8.07331
G1 X109.126 Y121.689 E8.08986
G1 X109.563 Y121.152 E8.11329
G1 X110 Y120.881 E8.1307
G1 X110.437 Y120.802 E8.14573
G1 X110.874 Y121.024 E8.16232
G1 X111.31 Y121.561 E8.18573
G1 X111.747 Y121.831 E8.20312
G1 X112.184 Y121.91 E8.21815
G1 X112.621 Y121.689 E8.23473
G1 X113.057 Y121.152 E8.25814
G1 X113.494 Y120.881 E8.27555
G1 X113.931 Y120.802 E8.29058
G1 X114.368 Y121.024 E8.30717
G1 X114.805 Y121.561 E8.3306
G1 X115.241 Y121.831 E8.34796
G1 X115.678 Y121.91 E8.36299
G1 X116.115 Y121.689 E8.37957
G1 X116.552 Y121.152 E8.403
G1 X116.988 Y120.881 E8.42038
G1 X117.425 Y120.802 E8.43541
G1 X117.862 Y121.024 E8.452
G1 X118.299 Y121.561 E8.47543
G1 X118.736 Y121.831 E8.49282
G1 X119.172 Y121.91 E8.50782
G1 X119.609 Y121.689 E8.5244
G1 X120.046 Y121.152 E8.54783
G1 X120.483 Y120.881 E8.56524
G1 X120.919 Y120.802 E8.58024
G1 X121.356 Y121.024 E8.59683
G1 X121.793 Y121.561 E8.62026
G1 X122.23 Y121.831 E8.63765
G1 X122.667 Y121.91 E8.65268
G1 X123.156 Y121.624 E8.67186
G1 X123.156 Y122.656 E8.70679
G1 X120.617 Y122.656 E8.79273
G1 X120.046 Y122.549 E8.81239
G1 X119.769 Y122.656 E8.82244
G1 X117.122 Y122.656 E8.91204
G1 X116.552 Y122.549 E8.93167
G1 X116.275 Y122.656 E8.94172
G1 X113.628 Y122.656 E9.03132
G1 X113.057 Y122.549 E9.05098
G1 X112.781 Y122.656 E9.061
G1 X110.134 Y122.656 E9.1506
G1 X109.563 Y122.549 E9.17026
G1 X109.287 Y122.656 E9.18028
G1 X106.64 Y122.656 E9.26988
G1 X106.069 Y122.549 E9.28954
G1 X105.792 Y122.656 E9.29959
G1 X103.146 Y122.656 E9.38915
G1 X102.575 Y122.549 E9.40881
G1 X102.298 Y122.656 E9.41886
G1 X99.651 Y122.656 E9.50846
G1 X99.081 Y122.549 E9.52809
G1 X98.804 Y122.656 E9.53814
G1 X96.844 Y122.656 E9.60448
G1 X96.844 Y122.173 E9.62083
G1 E8.82083 F2100
G92 E0
G1 X117.951 Y117.955 F9000
G1 E.8 F2100
G1 F3000
G1 X117.604 Y118.21 E.81458
G1 X117.324 Y118.31 E.82464
G1 X115.819 Y118.344 E.8756
G1 X115.678 Y118.416 E.88096
G1 X115.283 Y118.344 E.89455
G1 X112.325 Y118.344 E.99467
G1 X112.184 Y118.416 E1.00003
G1 X111.789 Y118.344 E1.01362
G1 X108.831 Y118.344 E1.11374
G1 X108.69 Y118.416 E1.1191
G1 X108.295 Y118.344 E1.13269
G1 X105.336 Y118.344 E1.23285
G1 X105.195 Y118.416 E1.23821
G1 X104.801 Y118.344 E1.25177
G1 X102.973 Y118.344 E1.31365
G1 X102.676 Y118.31 E1.32377
G1 X102.217 Y118.097 E1.3409
G1 X102.138 Y118.195 E1.34516
G1 X101.701 Y118.416 E1.36174
G1 X101.265 Y118.337 E1.37674
G1 X100.828 Y118.066 E1.39415
G1 X100.391 Y117.529 E1.41758
G1 X99.954 Y117.308 E1.43416
G1 X99.517 Y117.387 E1.44919
G1 X99.081 Y117.658 E1.46657
G1 X98.644 Y118.195 E1.49
G1 X98.207 Y118.416 E1.50658
G1 X97.77 Y118.337 E1.52161
G1 X97.334 Y118.066 E1.53899
G1 X96.844 Y117.503 E1.56425
G1 X96.844 Y116.383 E1.60216
G1 X97.334 Y116.669 E1.62136
G1 X97.77 Y116.59 E1.63636
G1 X98.207 Y116.319 E1.65377
G1 X98.644 Y115.782 E1.6772
G1 X99.081 Y115.561 E1.69378
G1 X99.517 Y115.64 E1.70878
G1 X99.954 Y115.911 E1.72619
G1 X100.391 Y116.447 E1.7496
G1 X100.828 Y116.669 E1.76619
G1 X101.265 Y116.59 E1.78122
G1 X101.656 Y116.348 E1.79678
G1 X101.656 Y114.913 E1.84535
G1 X101.265 Y114.843 E1.8588
G1 X100.828 Y114.572 E1.87621
G1 X100.391 Y114.035 E1.89964
G1 X99.954 Y113.814 E1.91622
G1 X99.517 Y113.893 E1.93125
G1 X99.081 Y114.163 E1.94861
G1 X98.644 Y114.7 E1.97204
G1 X98.207 Y114.922 E1.98863
G1 X97.77 Y114.843 E2.00366
G1 X97.334 Y114.572 E2.02104
G1 X96.844 Y114.009 E2.0463
G1 X96.844 Y112.889 E2.08421
G1 X97.334 Y113.175 E2.10341
G1 X97.77 Y113.096 E2.11841
G1 X98.207 Y112.825 E2.13582
G1 X98.644 Y112.288 E2.15925
G1 X99.081 Y112.067 E2.17583
G1 X99.517 Y112.146 E2.19083
G1 X99.954 Y112.416 E2.20822
G1 X100.391 Y112.953 E2.23165
G1 X100.828 Y113.175 E2.24824
G1 X101.265 Y113.096 E2.26327
G1 X101.656 Y112.853 E2.27885
G1 X101.656 Y111.419 E2.32739
G1 X101.265 Y111.348 E2.34084
G1 X100.828 Y111.078 E2.35823
G1 X100.391 Y110.541 E2.38166
G1 X99.954 Y110.32 E2.39824
G1 X99.517 Y110.399 E2.41327
G1 X99.081 Y110.669 E2.43063
G1 X98.644 Y111.206 E2.45406
G1 X98.207 Y111.427 E2.47064
G1 X97.77 Y111.348 E2.48567
G1 X97.334 Y111.078 E2.50303
G1 X96.844 Y110.515 E2.52829
G1 X96.844 Y109.395 E2.5662
G1 X97.334 Y109.68 E2.58539
G1 X97.77 Y109.601 E2.60039
G1 X98.207 Y109.331 E2.61778
G1 X98.644 Y108.794 E2.64121
G1 X99.081 Y108.573 E2.65779
G1 X99.517 Y108.652 E2.67279
G1 X99.954 Y108.922 E2.69018
G1 X100.391 Y109.459 E2.71361
G1 X100.828 Y109.68 E2.73019
G1 X101.265 Y109.601 E2.74522
G1 X101.656 Y109.359 E2.76078
G1 X101.656 Y107.925 E2.80932
G1 X101.265 Y107.854 E2.82277
G1 X100.828 Y107.584 E2.84016
G1 X100.391 Y107.047 E2.86359
G1 X99.954 Y106.826 E2.88017
G1 X99.517 Y106.904 E2.8952
G1 X99.081 Y107.175 E2.91258
G1 X98.644 Y107.712 E2.93601
G1 X98.207 Y107.933 E2.95259
G1 X97.77 Y107.854 E2.96762
G1 X97.334 Y107.584 E2.98498
G1 X96.844 Y107.02 E3.01027
G1 X96.844 Y105.901 E3.04815
G1 X97.334 Y106.186 E3.06734
G1 X97.77 Y106.107 E3.08234
G1 X98.207 Y105.837 E3.09973
G1 X98.644 Y105.3 E3.12316
G1 X99.081 Y105.078 E3.13975
G1 X99.517 Y105.157 E3.15475
G1 X99.954 Y105.428 E3.17216
G1 X100.391 Y105.965 E3.19559
G1 X100.828 Y106.186 E3.21217
G1 X101.265 Y106.107 E3.2272
G1 X101.656 Y105.865 E3.24276
G1 X101.656 Y104.431 E3.2913
G1 X101.265 Y104.36 E3.30475
G1 X100.828 Y104.089 E3.32216
G1 X100.391 Y103.553 E3.34557
G1 X99.954 Y103.331 E3.36216
G1 X99.517 Y103.41 E3.37719
G1 X99.081 Y103.681 E3.39457
G1 X98.644 Y104.218 E3.418
G1 X98.207 Y104.439 E3.43458
G1 X97.77 Y104.36 E3.44961
G1 X97.334 Y104.089 E3.46699
G1 X96.844 Y103.526 E3.49225
G1 X96.844 Y102.406 E3.53016
G1 X97.334 Y102.692 E3.54936
G1 X97.77 Y102.613 E3.56436
G1 X98.207 Y102.342 E3.58177
G1 X98.644 Y101.806 E3.60518
G1 X99.081 Y101.584 E3.62177
G1 X99.517 Y101.663 E3.63677
G1 X99.954 Y101.934 E3.65418
G1 X100.391 Y102.471 E3.67761
G1 X100.828 Y102.692 E3.69419
G1 X101.265 Y102.613 E3.70922
G1 X101.701 Y102.342 E3.7266
G1 X102.138 Y101.806 E3.75001
G1 X102.575 Y101.584 E3.7666
G1 X102.971 Y101.656 E3.78022
G1 X105.928 Y101.656 E3.88031
G1 X106.069 Y101.584 E3.88567
G1 X106.464 Y101.656 E3.89926
G1 X109.422 Y101.656 E3.99938
G1 X109.563 Y101.584 E4.00474
G1 X109.958 Y101.656 E4.01833
G1 X112.917 Y101.656 E4.11849
G1 X113.057 Y101.584 E4.12382
G1 X113.452 Y101.656 E4.13741
G1 X116.411 Y101.656 E4.23757
G1 X116.552 Y101.584 E4.24293
G1 X117.324 Y101.69 E4.26931
G1 X117.604 Y101.79 E4.27937
G1 X118.033 Y102.125 E4.29779
G1 X118.245 Y102.498 E4.31231
M106 S107.1
;LAYER_CHANGE
;Z:6.6
;HEIGHT:0.2
G1 E3.51231 F2100
G92 E0
G1 Z6.6 F9000
G1 X102.271 Y117.728
G1 E.8 F2100
;TYPE:Perimeter
;WIDTH:0.449999
G1 F2700
G1 X102.075 Y117.49 E.81044
G1 X101.961 Y117.152 E.82251
G1 X101.961 Y102.979 E1.30225
G1 X101.991 Y102.734 E1.3106
G1 X102.075 Y102.51 E1.3187
G1 X102.347 Y102.181 E1.33315
G1 X102.745 Y101.988 E1.34812
G1 X102.979 Y101.961 E1.35609
G1 X117.021 Y101.961 E1.83139
G1 X117.255 Y101.988 E1.83936
G1 X117.653 Y102.181 E1.85433
G1 X117.925 Y102.51 E1.86878
G1 X118.009 Y102.734 E1.87688
G1 X118.039 Y102.979 E1.88523
G1 X118.039 Y117.021 E2.36053
G1 X118.009 Y117.266 E2.36888
G1 X117.925 Y117.49 E2.37698
G1 X117.653 Y117.819 E2.39143
G1 X117.255 Y118.012 E2.4064
G1 X117.021 Y118.039 E2.41437
G1 X102.979 Y118.039 E2.88967
G1 X102.745 Y118.012 E2.89764
G1 X102.347 Y117.819 E2.91261
G1 X102.309 Y117.774 E2.9146
G1 X102.554 Y117.448 F9000
G1 F2700
G1 X102.512 Y117.416 E2.91639
G1 X102.368 Y117.107 E2.92793
G1 X102.368 Y102.979 E3.40615
G1 X102.437 Y102.697 E3.41598
G1 X102.599 Y102.5 E3.42461
G1 X102.894 Y102.368 E3.43555
G1 X117.021 Y102.368 E3.91373
G1 X117.29 Y102.43 E3.92307
G1 X117.488 Y102.584 E3.93156
G1 X117.632 Y102.867 E3.94231
G1 X117.632 Y117.021 E4.42141
G1 X117.563 Y117.303 E4.43124
G1 X117.401 Y117.5 E4.43987
G1 X117.107 Y117.632 E4.45078
G1 X102.979 Y117.632 E4.929
G1 X102.71 Y117.57 E4.93834
G1 X102.601 Y117.485 E4.94302
G1 X102.844 Y117.162 F9000
;TYPE:External perimeter
G1 F1800
G1 X102.823 Y117.153 E4.94379
G1 X102.775 Y117.021 E4.94854
G1 X102.775 Y102.979 E5.42384
G1 X102.823 Y102.847 E5.42859
G1 X102.979 Y102.775 E5.43441
G1 X117.021 Y102.775 E5.90971
G1 X117.177 Y102.847 E5.91553
G1 X117.225 Y102.979 E5.92028
G1 X117.225 Y117.021 E6.39558
G1 X117.177 Y117.153 E6.40033
G1 X117.021 Y117.225 E6.40615
G1 X102.979 Y117.225 E6.88145
G1 X102.898 Y117.188 E6.88446
G1 X102.781 Y116.805 F9000
G1 E6.08446 F2100
G92 E0
G1 X96.539 Y97.039 F9000
G1 E.8 F2100
;TYPE:Perimeter
G1 F2700
G1 X123.461 Y97.039 E1.71128
G1 X123.461 Y122.961 E2.58871
G1 X96.539 Y122.961 E3.49999
G1 X96.539 Y97.099 E4.37539
G1 X96.132 Y96.632 F9000
G1 F2700
G1 X123.868 Y96.632 E5.31422
G1 X123.868 Y123.368 E6.2192
G1 X96.132 Y123.368 E7.15803
G1 X96.132 Y96.692 E8.06098
G1 X95.725 Y96.225 F9000
;TYPE:External perimeter
G1 F1800
G1 X124.275 Y96.225 E9.02736
G1 X124.275 Y123.775 E9.95989
G1 X95.725 Y123.775 E10.92627
G1 X95.725 Y96.285 E11.85677
G1 X96.121 Y96.226 F9000
G1 E11.05677 F2100
G92 E0
G1 X102.84 Y97.752 F9000
G1 E.8 F2100
;TYPE:Internal infill
;WIDTH:0.45
G1 F3000
G1 X105.313 Y97.77 E.88371
G1 X105.424 Y98.207 E.89897
G1 X105.269 Y98.644 E.91466
G1 X104.922 Y99.081 E.93355
G1 X104.205 Y99.517 E.96195
G1 X104.093 Y99.954 E.97722
G1 X104.249 Y100.391 E.99293
G1 X104.595 Y100.828 E1.0118
G1 X105.287 Y101.248 E1.0392
G1 X105.948 Y101.248 E1.06157
G1 X105.84 Y100.828 E1.07625
G1 X105.996 Y100.391 E1.09196
G1 X106.342 Y99.954 E1.11083
G1 X107.06 Y99.517 E1.13928
G1 X107.171 Y99.081 E1.15451
G1 X107.016 Y98.644 E1.1702
G1 X106.669 Y98.207 E1.18909
G1 X105.947 Y97.752 E1.21798
G1 X108.807 Y97.77 E1.31479
G1 X108.919 Y98.207 E1.33006
G1 X108.763 Y98.644 E1.34577
G1 X108.417 Y99.081 E1.36464
G1 X107.699 Y99.517 E1.39307
G1 X107.587 Y99.954 E1.40834
G1 X107.743 Y100.391 E1.42405
G1 X108.089 Y100.828 E1.44292
G1 X108.781 Y101.248 E1.47032
G1 X109.442 Y101.248 E1.49269
G1 X109.334 Y100.828 E1.50737
G1 X109.49 Y100.391 E1.52308
G1 X109.836 Y99.954 E1.54195
G1 X110.554 Y99.517 E1.5704
G1 X110.666 Y99.081 E1.58564
G1 X110.51 Y98.644 E1.60135
G1 X110.164 Y98.207 E1.62022
G1 X109.441 Y97.752 E1.64914
G1 X112.301 Y97.77 E1.74595
G1 X112.413 Y98.207 E1.76122
G1 X112.257 Y98.644 E1.77693
G1 X111.911 Y99.081 E1.7958
G1 X111.193 Y99.517 E1.82423
G1 X111.081 Y99.954 E1.8395
G1 X111.237 Y100.391 E1.85521
G1 X111.584 Y100.828 E1.8741
G1 X112.275 Y101.248 E1.90147
G1 X112.936 Y101.248 E1.92384
G1 X112.829 Y100.828 E1.93851
G1 X112.984 Y100.391 E1.9542
G1 X113.331 Y99.954 E1.97309
G1 X114.048 Y99.517 E2.00151
G1 X114.16 Y99.081 E2.01675
G1 X114.004 Y98.644 E2.03246
G1 X113.658 Y98.207 E2.05133
G1 X112.935 Y97.752 E2.08025
G1 X115.796 Y97.77 E2.17709
G1 X115.907 Y98.207 E2.19235
G1 X115.751 Y98.644 E2.20806
G1 X115.405 Y99.081 E2.22693
G1 X114.687 Y99.517 E2.25536
G1 X114.576 Y99.954 E2.27062
G1 X114.731 Y100.391 E2.28631
G1 X115.078 Y100.828 E2.3052
G1 X115.769 Y101.248 E2.33257
G1 X116.43 Y101.248 E2.35494
G1 X116.323 Y100.828 E2.36961
G1 X116.478 Y100.391 E2.3853
G1 X116.825 Y99.954 E2.40419
G1 X117.543 Y99.517 E2.43264
G1 X117.654 Y99.081 E2.44787
G1 X117.499 Y98.644 E2.46356
G1 X117.152 Y98.207 E2.48245
G1 X116.429 Y97.752 E2.51137
G1 X118.872 Y97.752 E2.59406
G1 E1.79406 F2100
G92 E0
G1 X121.174 Y97.752 F9000
G1 E.8 F2100
G1 F3000
G1 X122.748 Y97.752 E.85328
G1 X122.74 Y98.644 E.88347
G1 X122.393 Y99.081 E.90236
G1 X121.676 Y99.517 E.93076
G1 X121.564 Y99.954 E.94603
G1 X121.72 Y100.391 E.96174
G1 X122.066 Y100.828 E.98061
G1 X122.748 Y101.243 E1.00763
G1 X122.74 Y102.138 E1.03793
G1 X122.393 Y102.575 E1.05682
G1 X121.676 Y103.012 E1.08524
G1 X121.564 Y103.448 E1.10048
G1 X121.72 Y103.885 E1.11619
G1 X122.066 Y104.322 E1.13506
G1 X122.748 Y104.737 E1.16208
G1 X122.748 Y105.608 E1.19156
G1 X122.393 Y106.069 E1.21125
G1 X121.676 Y106.506 E1.23967
G1 X121.564 Y106.943 E1.25494
G1 X121.72 Y107.379 E1.27061
G1 X122.066 Y107.816 E1.28948
G1 X122.748 Y108.231 E1.3165
G1 X122.74 Y109.126 E1.3468
G1 X122.393 Y109.563 E1.36569
G1 X121.676 Y110 E1.39411
G1 X121.564 Y110.437 E1.40938
G1 X121.72 Y110.874 E1.42509
G1 X122.066 Y111.31 E1.44393
G1 X122.748 Y111.726 E1.47097
G1 X122.748 Y112.596 E1.50042
G1 X122.393 Y113.057 E1.52011
G1 X121.676 Y113.494 E1.54853
G1 X121.564 Y113.931 E1.5638
G1 X121.72 Y114.368 E1.57951
G1 X122.066 Y114.805 E1.59838
G1 X122.748 Y115.22 E1.6254
G1 X122.74 Y116.115 E1.6557
G1 X122.393 Y116.552 E1.67459
G1 X121.676 Y116.988 E1.70299
G1 X121.564 Y117.425 E1.71826
G1 X121.72 Y117.862 E1.73397
G1 X122.066 Y118.299 E1.75284
G1 X122.748 Y118.714 E1.77986
G1 X122.74 Y119.609 E1.81016
G1 X122.393 Y120.046 E1.82905
G1 X121.676 Y120.483 E1.85747
G1 X121.564 Y120.919 E1.87271
G1 X121.72 Y121.356 E1.88842
G1 X122.066 Y121.793 E1.90729
G1 X122.748 Y122.248 E1.93504
G1 X120.346 Y122.248 E2.01634
G1 X118.907 Y122.248 F9000
G1 F3000
G1 X116.434 Y122.23 E2.10005
G1 X116.323 Y121.793 E2.11531
G1 X116.478 Y121.356 E2.131
G1 X116.825 Y120.919 E2.14989
G1 X117.543 Y120.483 E2.17832
G1 X117.654 Y120.046 E2.19358
G1 X117.499 Y119.609 E2.20927
G1 X117.152 Y119.172 E2.22816
G1 X116.461 Y118.752 E2.25553
G1 X115.8 Y118.752 E2.2779
G1 X115.907 Y119.172 E2.29257
G1 X115.751 Y119.609 E2.30828
G1 X115.405 Y120.046 E2.32715
G1 X114.687 Y120.483 E2.3556
G1 X114.576 Y120.919 E2.37083
G1 X114.731 Y121.356 E2.38652
G1 X115.078 Y121.793 E2.40541
G1 X115.8 Y122.248 E2.4343
G1 X112.94 Y122.23 E2.53111
G1 X112.829 Y121.793 E2.54637
G1 X112.984 Y121.356 E2.56206
G1 X113.331 Y120.919 E2.58095
G1 X114.048 Y120.483 E2.60935
G1 X114.16 Y120.046 E2.62462
G1 X114.004 Y119.609 E2.64033
G1 X113.658 Y119.172 E2.6592
G1 X112.966 Y118.752 E2.6866
G1 X112.305 Y118.752 E2.70897
G1 X112.413 Y119.172 E2.72365
G1 X112.257 Y119.609 E2.73936
G1 X111.911 Y120.046 E2.75823
G1 X111.193 Y120.483 E2.78668
G1 X111.081 Y120.919 E2.80192
G1 X111.237 Y121.356 E2.81763
G1 X111.584 Y121.793 E2.83652
G1 X112.306 Y122.248 E2.86541
G1 X109.446 Y122.23 E2.96222
G1 X109.334 Y121.793 E2.97749
G1 X109.49 Y121.356 E2.9932
G1 X109.836 Y120.919 E3.01207
G1 X110.554 Y120.483 E3.0405
G1 X110.666 Y120.046 E3.05577
G1 X110.51 Y119.609 E3.07148
G1 X110.164 Y119.172 E3.09035
G1 X109.472 Y118.752 E3.11775
G1 X108.811 Y118.752 E3.14012
G1 X108.919 Y119.172 E3.1548
G1 X108.763 Y119.609 E3.17051
G1 X108.417 Y120.046 E3.18938
G1 X107.699 Y120.483 E3.21783
G1 X107.587 Y120.919 E3.23307
G1 X107.743 Y121.356 E3.24878
G1 X108.089 Y121.793 E3.26765
G1 X108.812 Y122.248 E3.29657
G1 X105.952 Y122.23 E3.39338
G1 X105.84 Y121.793 E3.40865
G1 X105.996 Y121.356 E3.42436
G1 X106.342 Y120.919 E3.44323
G1 X107.06 Y120.483 E3.47166
G1 X107.171 Y120.046 E3.48692
G1 X107.016 Y119.609 E3.50261
G1 X106.669 Y119.172 E3.5215
G1 X105.978 Y118.752 E3.54887
G1 X105.317 Y118.752 E3.57124
G1 X105.424 Y119.172 E3.58591
G1 X105.269 Y119.609 E3.6016
G1 X104.922 Y120.046 E3.62049
G1 X104.205 Y120.483 E3.64891
G1 X104.093 Y120.919 E3.66415
G1 X104.249 Y121.356 E3.67986
G1 X104.595 Y121.793 E3.69873
G1 X105.318 Y122.248 E3.72765
G1 X102.875 Y122.248 E3.81034
G1 E3.01034 F2100
G92 E0
G1 X101.248 Y116.865 F9000
G1 E.8 F2100
G1 F3000
G1 X101.295 Y117.437 E.81943
G1 X101.439 Y117.818 E.83322
G1 X101.653 Y118.138 E.84625
G1 X101.904 Y118.381 E.85808
G1 X102.437 Y118.657 E.8784
G1 X102.457 Y118.736 E.88116
G1 X103.175 Y119.172 E.90959
G1 X103.522 Y119.609 E.92848
G1 X103.677 Y120.046 E.94417
G1 X103.566 Y120.483 E.95943
G1 X102.848 Y120.919 E.98786
G1 X102.502 Y121.356 E1.00673
G1 X102.346 Y121.793 E1.02244
G1 X102.488 Y122.248 E1.03857
G1 X101.823 Y122.248 E1.06108
G1 X101.101 Y121.793 E1.08997
G1 X100.754 Y121.356 E1.10886
G1 X100.599 Y120.919 E1.12455
G1 X100.71 Y120.483 E1.13978
G1 X101.428 Y120.046 E1.16823
G1 X101.775 Y119.609 E1.18712
G1 X101.93 Y119.172 E1.20281
G1 X101.819 Y118.736 E1.21804
G1 X101.101 Y118.299 E1.24649
G1 X100.754 Y117.862 E1.26538
G1 X100.599 Y117.425 E1.28107
G1 X100.71 Y116.988 E1.29633
G1 X101.248 Y116.661 E1.31764
G1 X101.248 Y114.894 E1.37745
G1 X101.101 Y114.805 E1.38327
G1 X100.754 Y114.368 E1.40216
G1 X100.599 Y113.931 E1.41785
G1 X100.71 Y113.494 E1.43311
G1 X101.248 Y113.167 E1.45442
G1 X101.248 Y111.4 E1.51423
G1 X101.101 Y111.31 E1.52006
G1 X100.754 Y110.874 E1.53892
G1 X100.599 Y110.437 E1.55461
G1 X100.71 Y110 E1.56987
G1 X101.248 Y109.673 E1.59118
G1 X101.248 Y107.906 E1.65099
G1 X101.101 Y107.816 E1.65682
G1 X100.754 Y107.379 E1.67571
G1 X100.599 Y106.943 E1.69137
G1 X100.71 Y106.506 E1.70663
G1 X101.248 Y106.178 E1.72796
G1 X101.248 Y104.412 E1.78774
G1 X101.101 Y104.322 E1.79357
G1 X100.754 Y103.885 E1.81246
G1 X100.599 Y103.448 E1.82815
G1 X100.71 Y103.012 E1.84338
G1 X101.283 Y102.663 E1.86609
G1 X101.439 Y102.182 E1.88321
G1 X101.653 Y101.862 E1.89624
G1 X101.908 Y101.616 E1.90823
G1 X101.819 Y101.265 E1.92049
G1 X101.101 Y100.828 E1.94894
G1 X100.754 Y100.391 E1.96783
G1 X100.599 Y99.954 E1.98352
G1 X100.71 Y99.517 E1.99878
G1 X101.428 Y99.081 E2.02721
G1 X101.775 Y98.644 E2.0461
G1 X101.93 Y98.207 E2.06179
G1 X101.788 Y97.752 E2.07792
G1 X102.453 Y97.752 E2.10043
G1 X103.175 Y98.207 E2.12932
G1 X103.522 Y98.644 E2.14821
G1 X103.677 Y99.081 E2.1639
G1 X103.566 Y99.517 E2.17913
G1 X102.848 Y99.954 E2.20758
G1 X102.502 Y100.391 E2.22645
G1 X102.346 Y100.828 E2.24216
G1 X102.457 Y101.265 E2.25742
G1 X102.531 Y101.309 E2.26033
G1 X102.949 Y101.248 E2.27463
G1 X104.968 Y101.248 E2.34297
G1 E1.54297 F2100
G92 E0
G1 X101.656 Y102.985 F9000
G1 E.8 F2100
;TYPE:Solid infill
;WIDTH:0.45003
G1 F2400
G1 X101.691 Y102.685 E.81022
G1 X101.795 Y102.391 E.82078
;WIDTH:0.451166
G1 X101.968 Y102.125 E.83155
G1 X102.36 Y101.813 E.84856
;WIDTH:0.451032
G1 X102.654 Y101.698 E.85927
;WIDTH:0.450028
G1 X102.984 Y101.656 E.87053
G1 X117.016 Y101.656 E1.34553
G1 X117.301 Y101.687 E1.35523
G1 X117.583 Y101.783 E1.36531
;WIDTH:0.451116
G1 X117.843 Y101.941 E1.37564
G1 X118.172 Y102.333 E1.39301
G1 X118.298 Y102.638 E1.40421
;WIDTH:0.450028
G1 X118.344 Y102.985 E1.41606
G1 X118.344 Y117.015 E1.89099
G1 X118.309 Y117.315 E1.90121
G1 X118.205 Y117.609 E1.91177
;WIDTH:0.451166
G1 X118.032 Y117.875 E1.92254
G1 X117.64 Y118.187 E1.93955
;WIDTH:0.451032
G1 X117.346 Y118.302 E1.95026
;WIDTH:0.450028
G1 X117.016 Y118.344 E1.96152
G1 X102.984 Y118.344 E2.43652
G1 X102.699 Y118.313 E2.44622
G1 X102.417 Y118.217 E2.4563
;WIDTH:0.451116
G1 X102.157 Y118.059 E2.46663
G1 X101.828 Y117.667 E2.484
G1 X101.702 Y117.362 E2.4952
;WIDTH:0.45003
G1 X101.656 Y117.015 E2.50705
G1 X101.656 Y103.188 E2.97511
G1 E2.17511 F2100
G92 E0
G1 X97.252 Y111.053 F9000
G1 E.8 F2100
;TYPE:Internal infill
;WIDTH:0.45
G1 F3000
G1 X97.252 Y113.473 E.88191
G1 X97.934 Y113.057 E.90895
G1 X98.28 Y112.621 E.92779
G1 X98.436 Y112.184 E.9435
G1 X98.324 Y111.747 E.95877
G1 X97.607 Y111.31 E.98719
G1 X97.252 Y110.849 E1.00688
G1 X97.252 Y109.978 E1.03636
G1 X97.934 Y109.563 E1.06338
G1 X98.28 Y109.126 E1.08225
G1 X98.436 Y108.69 E1.09792
G1 X98.324 Y108.253 E1.11319
G1 X97.607 Y107.816 E1.14161
G1 X97.252 Y107.355 E1.1613
G1 X97.252 Y106.484 E1.19078
G1 X97.934 Y106.069 E1.2178
G1 X98.28 Y105.632 E1.23667
G1 X98.436 Y105.195 E1.25238
G1 X98.324 Y104.759 E1.26762
G1 X97.607 Y104.322 E1.29604
G1 X97.252 Y103.861 E1.31573
G1 X97.252 Y102.99 E1.34521
G1 X97.934 Y102.575 E1.37223
G1 X98.28 Y102.138 E1.3911
G1 X98.436 Y101.701 E1.40681
G1 X98.324 Y101.265 E1.42205
G1 X97.607 Y100.828 E1.45047
G1 X97.26 Y100.391 E1.46936
G1 X97.252 Y99.496 E1.49966
G1 X97.934 Y99.081 E1.52668
G1 X98.28 Y98.644 E1.54555
G1 X98.436 Y98.207 E1.56126
G1 X98.294 Y97.752 E1.57739
G1 X98.958 Y97.752 E1.59987
G1 X99.681 Y98.207 E1.62879
G1 X100.027 Y98.644 E1.64766
G1 X100.183 Y99.081 E1.66337
G1 X100.072 Y99.517 E1.6786
G1 X99.354 Y99.954 E1.70705
G1 X99.007 Y100.391 E1.72594
G1 X98.852 Y100.828 E1.74163
G1 X98.963 Y101.265 E1.75689
G1 X99.681 Y101.701 E1.78532
G1 X100.027 Y102.138 E1.80419
G1 X100.183 Y102.575 E1.8199
G1 X100.072 Y103.012 E1.83516
G1 X99.354 Y103.448 E1.86359
G1 X99.007 Y103.885 E1.88248
G1 X98.852 Y104.322 E1.89817
G1 X98.963 Y104.759 E1.91343
G1 X99.681 Y105.195 E1.94186
G1 X100.027 Y105.632 E1.96073
G1 X100.183 Y106.069 E1.97644
G1 X100.072 Y106.506 E1.9917
G1 X99.354 Y106.943 E2.02015
G1 X99.007 Y107.379 E2.03901
G1 X98.852 Y107.816 E2.0547
G1 X98.963 Y108.253 E2.06996
G1 X99.681 Y108.69 E2.09841
G1 X100.027 Y109.126 E2.11725
G1 X100.183 Y109.563 E2.13296
G1 X100.072 Y110 E2.14822
G1 X99.354 Y110.437 E2.17667
G1 X99.007 Y110.874 E2.19556
G1 X98.852 Y111.31 E2.21122
G1 X98.963 Y111.747 E2.22648
G1 X99.681 Y112.184 E2.25493
G1 X100.027 Y112.621 E2.2738
G1 X100.183 Y113.057 E2.28947
G1 X100.072 Y113.494 E2.30473
G1 X99.354 Y113.931 E2.33318
G1 X99.007 Y114.368 E2.35207
G1 X98.852 Y114.805 E2.36776
G1 X98.963 Y115.241 E2.38299
G1 X99.681 Y115.678 E2.41144
G1 X100.027 Y116.115 E2.43031
G1 X100.183 Y116.552 E2.44602
G1 X100.072 Y116.988 E2.46125
G1 X99.354 Y117.425 E2.4897
G1 X99.007 Y117.862 E2.50859
G1 X98.852 Y118.299 E2.52428
G1 X98.963 Y118.736 E2.53954
G1 X99.681 Y119.172 E2.56797
G1 X100.027 Y119.609 E2.58684
G1 X100.183 Y120.046 E2.60255
G1 X100.072 Y120.483 E2.61781
G1 X99.354 Y120.919 E2.64624
G1 X99.007 Y121.356 E2.66513
G1 X98.852 Y121.793 E2.68082
G1 X98.994 Y122.248 E2.69695
G1 X98.329 Y122.248 E2.71946
G1 X97.607 Y121.793 E2.74835
G1 X97.252 Y121.332 E2.76804
G1 X97.252 Y120.461 E2.79752
G1 X97.934 Y120.046 E2.82454
G1 X98.28 Y119.609 E2.84341
G1 X98.436 Y119.172 E2.85912
G1 X98.324 Y118.736 E2.87436
G1 X97.607 Y118.299 E2.90278
G1 X97.252 Y117.838 E2.92247
G1 X97.252 Y116.967 E2.95195
G1 X97.934 Y116.552 E2.97897
G1 X98.28 Y116.115 E2.99784
G1 X98.436 Y115.678 E3.01355
G1 X98.324 Y115.241 E3.02882
G1 X97.607 Y114.805 E3.05722
G1 X97.252 Y114.343 E3.07694
G1 X97.252 Y116.763 E3.15885
G1 E2.35885 F2100
G92 E0
G1 X96.844 Y122.452 F9000
G1 E.8 F2100
;TYPE:Solid infill
;WIDTH:0.450028
G1 F2400
G1 X96.844 Y97.548 E1.64303
;WIDTH:0.484953
G1 X96.862 Y97.464 E1.64619
;WIDTH:0.519878
G1 X96.879 Y97.379 E1.64963
G1 X96.964 Y97.362 E1.65307
;WIDTH:0.484953
G1 X97.048 Y97.344 E1.65623
;WIDTH:0.450028
G1 X122.952 Y97.344 E2.53311
;WIDTH:0.484953
G1 X123.036 Y97.362 E2.53627
;WIDTH:0.519878
G1 X123.121 Y97.379 E2.53971
G1 X123.138 Y97.449 E2.54257
;WIDTH:0.484953
G1 X123.156 Y97.519 E2.54523
;WIDTH:0.450028
G1 X123.156 Y122.452 E3.38924
;WIDTH:0.484952
G1 X123.138 Y122.536 E3.3924
;WIDTH:0.519876
G1 X123.121 Y122.621 E3.39584
G1 X123.036 Y122.638 E3.39928
;WIDTH:0.484952
G1 X122.952 Y122.656 E3.40244
;WIDTH:0.450028
G1 X97.048 Y122.656 E4.27932
;WIDTH:0.478599
G1 X96.979 Y122.641 E4.28188
;WIDTH:0.50717
G1 X96.91 Y122.627 E4.2846
G1 E3.4846 F2100
G92 E0
G1 X118.752 Y109.857 F9000
G1 E.8 F2100
;TYPE:Internal infill
;WIDTH:0.45
G1 F3000
G1 X118.752 Y111.42 E.85291
G1 X119.29 Y111.747 E.87422
G1 X119.401 Y112.184 E.88948
G1 X119.246 Y112.621 E.90517
G1 X118.899 Y113.057 E.92403
G1 X118.752 Y113.147 E.92986
G1 X118.752 Y114.914 E.98967
G1 X119.29 Y115.241 E1.01098
G1 X119.401 Y115.678 E1.02624
G1 X119.246 Y116.115 E1.04193
G1 X118.899 Y116.552 E1.06082
G1 X118.752 Y116.641 E1.06664
G1 X118.705 Y117.437 E1.09363
G1 X118.561 Y117.818 E1.10742
G1 X118.391 Y118.071 E1.11774
G1 X118.572 Y118.299 E1.12759
G1 X119.29 Y118.736 E1.15604
G1 X119.401 Y119.172 E1.17127
G1 X119.246 Y119.609 E1.18696
G1 X118.899 Y120.046 E1.20585
G1 X118.181 Y120.483 E1.2343
G1 X118.07 Y120.919 E1.24953
G1 X118.225 Y121.356 E1.26522
G1 X118.572 Y121.793 E1.28411
G1 X119.294 Y122.248 E1.313
G1 X119.959 Y122.248 E1.33551
G1 X119.817 Y121.793 E1.35164
G1 X119.973 Y121.356 E1.36735
G1 X120.319 Y120.919 E1.38622
G1 X121.037 Y120.483 E1.41465
G1 X121.148 Y120.046 E1.42991
G1 X120.993 Y119.609 E1.4456
G1 X120.646 Y119.172 E1.46449
G1 X119.928 Y118.736 E1.49292
G1 X119.817 Y118.299 E1.50818
G1 X119.973 Y117.862 E1.52389
G1 X120.319 Y117.425 E1.54276
G1 X121.037 Y116.988 E1.57121
G1 X121.148 Y116.552 E1.58644
G1 X120.993 Y116.115 E1.60213
G1 X120.646 Y115.678 E1.62102
G1 X119.928 Y115.241 E1.64947
G1 X119.817 Y114.805 E1.6647
G1 X119.973 Y114.368 E1.68041
G1 X120.319 Y113.931 E1.69928
G1 X121.037 Y113.494 E1.72773
G1 X121.148 Y113.057 E1.74299
G1 X120.993 Y112.621 E1.75865
G1 X120.646 Y112.184 E1.77754
G1 X119.928 Y111.747 E1.80599
G1 X119.817 Y111.31 E1.82125
G1 X119.973 Y110.874 E1.83692
G1 X120.319 Y110.437 E1.85579
G1 X121.037 Y110 E1.88424
G1 X121.148 Y109.563 E1.8995
G1 X120.993 Y109.126 E1.91519
G1 X120.646 Y108.69 E1.93405
G1 X119.928 Y108.253 E1.9625
G1 X119.817 Y107.816 E1.97776
G1 X119.973 Y107.379 E1.99347
G1 X120.319 Y106.943 E2.01231
G1 X121.037 Y106.506 E2.04076
G1 X121.148 Y106.069 E2.05602
G1 X120.993 Y105.632 E2.07171
G1 X120.646 Y105.195 E2.0906
G1 X119.928 Y104.759 E2.11903
G1 X119.817 Y104.322 E2.13429
G1 X119.973 Y103.885 E2.15
G1 X120.319 Y103.448 E2.16887
G1 X121.037 Y103.012 E2.1973
G1 X121.148 Y102.575 E2.21256
G1 X120.993 Y102.138 E2.22825
G1 X120.646 Y101.701 E2.24714
G1 X119.928 Y101.265 E2.27557
G1 X119.817 Y100.828 E2.29083
G1 X119.973 Y100.391 E2.30654
G1 X120.319 Y99.954 E2.32541
G1 X121.037 Y99.517 E2.35386
G1 X121.148 Y99.081 E2.36909
G1 X120.993 Y98.644 E2.38478
G1 X120.646 Y98.207 E2.40367
G1 X119.924 Y97.752 E2.43256
G1 X119.259 Y97.752 E2.45507
G1 X119.401 Y98.207 E2.4712
G1 X119.246 Y98.644 E2.48689
G1 X118.899 Y99.081 E2.50578
G1 X118.181 Y99.517 E2.53421
G1 X118.07 Y99.954 E2.54947
G1 X118.225 Y100.391 E2.56516
G1 X118.572 Y100.828 E2.58405
G1 X119.29 Y101.265 E2.6125
G1 X119.401 Y101.701 E2.62773
G1 X119.246 Y102.138 E2.64342
G1 X118.899 Y102.575 E2.66231
G1 X118.719 Y102.684 E2.66943
G1 X118.752 Y104.431 E2.72857
G1 X119.29 Y104.759 E2.7499
G1 X119.401 Y105.195 E2.76513
G1 X119.246 Y105.632 E2.78082
G1 X118.899 Y106.069 E2.79971
G1 X118.752 Y106.159 E2.80554
G1 X118.752 Y107.925 E2.86532
G1 X119.29 Y108.253 E2.88665
G1 X119.401 Y108.69 E2.90191
G1 X119.246 Y109.126 E2.91757
G1 X118.899 Y109.563 E2.93646
G1 X118.752 Y109.653 E2.94229
G1 X118.752 Y108.129 E2.99388
M106 S84.15
;LAYER_CHANGE
;Z:6.8
;HEIGHT:0.2
G1 E2.19388 F2100
G92 E0
G1 Z6.8 F9000
G1 X102.271 Y117.728
G1 E.8 F2100
;TYPE:Perimeter
;WIDTH:0.449999
G1 F2700
G1 X102.075 Y117.49 E.81044
G1 X101.961 Y117.152 E.82251
G1 X101.961 Y102.979 E1.30225
G1 X101.991 Y102.734 E1.3106
G1 X102.075 Y102.51 E1.3187
G1 X102.347 Y102.181 E1.33315
G1 X102.745 Y101.988 E1.34812
G1 X102.979 Y101.961 E1.35609
G1 X117.021 Y101.961 E1.83139
G1 X117.255 Y101.988 E1.83936
G1 X117.653 Y102.181 E1.85433
G1 X117.925 Y102.51 E1.86878
G1 X118.009 Y102.734 E1.87688
G1 X118.039 Y102.979 E1.88523
G1 X118.039 Y117.021 E2.36053
G1 X118.009 Y117.266 E2.36888
G1 X117.925 Y117.49 E2.37698
G1 X117.653 Y117.819 E2.39143
G1 X117.255 Y118.012 E2.4064
G1 X117.021 Y118.039 E2.41437
G1 X102.979 Y118.039 E2.88967
G1 X102.745 Y118.012 E2.89764
G1 X102.347 Y117.819 E2.91261
G1 X102.309 Y117.774 E2.9146
G1 X102.554 Y117.448 F9000
G1 F2700
G1 X102.512 Y117.416 E2.91639
G1 X102.368 Y117.107 E2.92793
G1 X102.368 Y102.979 E3.40615
G1 X102.437 Y102.697 E3.41598
G1 X102.599 Y102.5 E3.42461
G1 X102.894 Y102.368 E3.43555
G1 X117.021 Y102.368 E3.91373
G1 X117.29 Y102.43 E3.92307
G1 X117.488 Y102.584 E3.93156
G1 X117.632 Y102.867 E3.94231
G1 X117.632 Y117.021 E4.42141
G1 X117.563 Y117.303 E4.43124
G1 X117.401 Y117.5 E4.43987
G1 X117.107 Y117.632 E4.45078
G1 X102.979 Y117.632 E4.929
G1 X102.71 Y117.57 E4.93834
G1 X102.601 Y117.485 E4.94302
G1 X102.844 Y117.162 F9000
;TYPE:External perimeter
G1 F1800
G1 X102.823 Y117.153 E4.94379
G1 X102.775 Y117.021 E4.94854
G1 X102.775 Y102.979 E5.42384
G1 X102.823 Y102.847 E5.42859
G1 X102.979 Y102.775 E5.43441
G1 X117.021 Y102.775 E5.90971
G1 X117.177 Y102.847 E5.91553
G1 X117.225 Y102.979 E5.92028
G1 X117.225 Y117.021 E6.39558
G1 X117.177 Y117.153 E6.40033
G1 X117.021 Y117.225 E6.40615
G1 X102.979 Y117.225 E6.88145
G1 X102.898 Y117.188 E6.88446
G1 X102.781 Y116.805 F9000
G1 E6.08446 F2100
G92 E0
G1 X96.539 Y97.039 F9000
G1 E.8 F2100
;TYPE:Perimeter
G1 F2700
G1 X123.461 Y97.039 E1.71128
G1 X123.461 Y122.961 E2.58871
G1 X96.539 Y122.961 E3.49999
G1 X96.539 Y97.099 E4.37539
G1 X96.132 Y96.632 F9000
G1 F2700
G1 X123.868 Y96.632 E5.31422
G1 X123.868 Y123.368 E6.2192
G1 X96.132 Y123.368 E7.15803
G1 X96.132 Y96.692 E8.06098
G1 X95.725 Y96.225 F9000
;TYPE:External perimeter
G1 F1800
G1 X124.275 Y96.225 E9.02736
G1 X124.275 Y123.775 E9.95989
G1 X95.725 Y123.775 E10.92627
G1 X95.725 Y96.285 E11.85677
G1 X96.121 Y96.226 F9000
G1 E11.05677 F2100
G92 E0
G1 X120.887 Y122.837 F9000
G1 E.8 F2100
;TYPE:Bridge infill
;WIDTH:0.406304
;HEIGHT:0.4
M106 S127.5
G1 F1500
G1 X123.134 Y122.211 E.92574
G1 X123.134 Y121.738 E.95124
G1 X119.913 Y122.634 E1.13146
G1 X118.212 Y122.634 E1.22315
G1 X123.134 Y121.264 E1.49855
G1 X123.134 Y120.79 E1.5241
G1 X116.51 Y122.634 E1.89474
G1 X114.809 Y122.634 E1.98643
G1 X123.134 Y120.317 E2.45224
G1 X123.134 Y119.843 E2.47779
G1 X113.107 Y122.634 E3.03884
G1 X111.406 Y122.634 E3.13053
G1 X123.134 Y119.369 E3.78676
G1 X123.134 Y118.896 E3.81226
G1 X109.704 Y122.634 E4.56372
G1 X108.003 Y122.634 E4.65541
G1 X123.134 Y118.422 E5.50205
G1 X123.134 Y117.948 E5.5276
G1 X106.301 Y122.634 E6.46948
G1 X104.6 Y122.634 E6.56117
G1 X123.134 Y117.475 E7.59822
G1 X123.134 Y117.001 E7.62377
G1 X102.898 Y122.634 E8.75606
G1 X101.197 Y122.634 E8.84775
G1 X123.134 Y116.527 E10.07522
G1 X123.134 Y116.054 E10.10072
G1 X118.308 Y117.397 E10.37075
G1 X118.366 Y117.029 E10.39083
G1 X118.366 Y116.907 E10.39741
G1 X123.134 Y115.58 E10.6642
G1 X123.134 Y115.106 E10.68975
G1 X118.366 Y116.434 E10.95655
G1 X118.366 Y115.96 E10.9821
G1 X123.134 Y114.633 E11.24889
G1 X123.134 Y114.159 E11.27444
G1 X118.366 Y115.486 E11.54123
G1 X118.366 Y115.013 E11.56673
G1 X123.134 Y113.685 E11.83353
G1 X123.134 Y113.212 E11.85903
G1 X118.366 Y114.539 E12.12582
G1 X118.366 Y114.065 E12.15137
G1 X123.134 Y112.738 E12.41816
G1 X123.134 Y112.264 E12.44371
G1 X118.366 Y113.592 E12.71051
G1 X118.366 Y113.118 E12.73606
G1 X123.134 Y111.791 E13.00285
G1 X123.134 Y111.317 E13.0284
G1 X118.366 Y112.644 E13.29519
G1 X118.366 Y112.171 E13.32069
G1 X123.134 Y110.843 E13.58749
G1 X123.134 Y110.37 E13.61299
G1 X118.366 Y111.697 E13.87978
G1 X118.366 Y111.223 E13.90533
G1 X123.134 Y109.896 E14.17212
G1 X123.134 Y109.423 E14.19762
G1 X118.366 Y110.75 E14.46441
G1 X118.366 Y110.276 E14.48996
G1 X123.134 Y108.949 E14.75675
G1 X123.134 Y108.475 E14.7823
G1 X118.366 Y109.803 E15.0491
G1 X118.366 Y109.329 E15.07465
G1 X123.134 Y108.002 E15.34144
G1 X123.134 Y107.528 E15.36699
G1 X118.366 Y108.855 E15.63378
G1 X118.366 Y108.382 E15.65928
G1 X123.134 Y107.054 E15.92608
G1 X123.134 Y106.581 E15.95158
G1 X118.366 Y107.908 E16.21837
G1 X118.366 Y107.434 E16.24392
G1 X123.134 Y106.107 E16.51071
G1 X123.134 Y105.633 E16.53626
G1 X118.366 Y106.961 E16.80306
G1 X118.366 Y106.487 E16.82861
G1 X123.134 Y105.16 E17.0954
G1 X123.134 Y104.686 E17.12095
G1 X118.366 Y106.013 E17.38774
G1 X118.366 Y105.54 E17.41324
G1 X123.134 Y104.212 E17.68004
G1 X123.134 Y103.739 E17.70554
G1 X118.366 Y105.066 E17.97233
G1 X118.366 Y104.592 E17.99788
G1 X123.134 Y103.265 E18.26467
G1 X123.134 Y102.791 E18.29022
G1 X118.366 Y104.119 E18.55702
G1 X118.366 Y103.645 E18.58257
G1 X123.134 Y102.318 E18.84936
G1 X123.134 Y101.844 E18.87491
G1 X118.366 Y103.171 E19.1417
G1 X118.366 Y102.971 E19.15248
G1 X118.334 Y102.707 E19.16681
G1 X123.134 Y101.37 E19.4354
G1 X123.134 Y100.897 E19.4609
G1 X118.163 Y102.281 E19.73905
G1 X118.049 Y102.111 E19.75008
G1 X117.822 Y101.902 E19.76671
G1 X123.134 Y100.423 E20.06394
G1 X123.134 Y99.949 E20.08949
G1 X117.067 Y101.638 E20.42897
G1 X115.381 Y101.634 E20.51985
G1 X123.134 Y99.476 E20.95366
G1 X123.134 Y99.002 E20.97921
G1 X113.679 Y101.634 E21.50826
G1 X111.978 Y101.634 E21.59995
G1 X123.134 Y98.528 E22.22418
G1 X123.134 Y98.055 E22.24968
G1 X110.276 Y101.634 E22.96914
G1 X108.575 Y101.634 E23.06083
G1 X123.134 Y97.581 E23.87547
G1 X123.134 Y97.366 E23.88706
G1 X122.206 Y97.366 E23.93708
G1 X106.873 Y101.634 E24.79502
G1 X105.172 Y101.634 E24.88671
G1 X121.232 Y97.163 E25.78534
M106 S84.15
G1 E24.98534 F2100
G92 E0
G1 X115.555 Y118.163 F9000
G1 E.8 F2100
M106 S127.5
G1 F1500
G1 X99.495 Y122.634 E1.69863
G1 X97.794 Y122.634 E1.79032
G1 X113.126 Y118.366 E2.64821
G1 X111.425 Y118.366 E2.7399
G1 X96.866 Y122.419 E3.55454
G1 X96.866 Y121.945 E3.58009
G1 X109.723 Y118.366 E4.29949
G1 X108.022 Y118.366 E4.39118
G1 X96.866 Y121.471 E5.0154
G1 X96.866 Y120.998 E5.0409
G1 X106.32 Y118.366 E5.5699
G1 X104.619 Y118.366 E5.66159
G1 X96.866 Y120.524 E6.0954
G1 X96.866 Y120.05 E6.12095
G1 X102.933 Y118.361 E6.46043
G1 X102.671 Y118.331 E6.47465
G1 X102.386 Y118.229 E6.49097
G1 X102.178 Y118.098 E6.50422
G1 X96.866 Y119.577 E6.80145
G1 X96.866 Y119.103 E6.827
G1 X101.837 Y117.719 E7.10515
G1 X101.784 Y117.641 E7.11023
G1 X101.666 Y117.293 E7.13004
G1 X96.866 Y118.63 E7.39863
G1 X96.866 Y118.156 E7.42418
G1 X101.634 Y116.829 E7.69097
G1 X101.634 Y116.355 E7.71652
G1 X96.866 Y117.682 E7.98331
G1 X96.866 Y117.209 E8.00881
G1 X101.634 Y115.881 E8.27561
G1 X101.634 Y115.408 E8.30111
G1 X96.866 Y116.735 E8.5679
G1 X96.866 Y116.261 E8.59345
G1 X101.634 Y114.934 E8.86024
G1 X101.634 Y114.46 E8.88579
G1 X96.866 Y115.788 E9.15259
G1 X96.866 Y115.314 E9.17814
G1 X101.634 Y113.987 E9.44493
G1 X101.634 Y113.513 E9.47048
G1 X96.866 Y114.84 E9.73727
G1 X96.866 Y114.367 E9.76277
G1 X101.634 Y113.039 E10.02957
G1 X101.634 Y112.566 E10.05507
G1 X96.866 Y113.893 E10.32186
G1 X96.866 Y113.419 E10.34741
G1 X101.634 Y112.092 E10.6142
G1 X101.634 Y111.618 E10.63975
G1 X96.866 Y112.946 E10.90655
G1 X96.866 Y112.472 E10.9321
G1 X101.634 Y111.145 E11.19889
G1 X101.634 Y110.671 E11.22444
G1 X96.866 Y111.998 E11.49123
G1 X96.866 Y111.525 E11.51673
G1 X101.634 Y110.197 E11.78353
G1 X101.634 Y109.724 E11.80903
G1 X96.866 Y111.051 E12.07582
G1 X96.866 Y110.577 E12.10137
G1 X101.634 Y109.25 E12.36816
G1 X101.634 Y108.776 E12.39371
G1 X96.866 Y110.104 E12.66051
G1 X96.866 Y109.63 E12.68606
G1 X101.634 Y108.303 E12.95285
G1 X101.634 Y107.829 E12.9784
G1 X96.866 Y109.156 E13.24519
G1 X96.866 Y108.683 E13.27069
G1 X101.634 Y107.355 E13.53749
G1 X101.634 Y106.882 E13.56299
G1 X96.866 Y108.209 E13.82978
G1 X96.866 Y107.735 E13.85533
G1 X101.634 Y106.408 E14.12212
G1 X101.634 Y105.934 E14.14767
G1 X96.866 Y107.262 E14.41447
G1 X96.866 Y106.788 E14.44002
G1 X101.634 Y105.461 E14.70681
G1 X101.634 Y104.987 E14.73236
G1 X96.866 Y106.315 E14.99916
G1 X96.866 Y105.841 E15.02471
G1 X101.634 Y104.514 E15.2915
G1 X101.634 Y104.04 E15.31705
G1 X96.866 Y105.367 E15.58384
G1 X96.866 Y104.894 E15.60934
G1 X101.634 Y103.566 E15.87614
G1 X101.634 Y103.093 E15.90164
G1 X96.866 Y104.42 E16.16843
G1 X96.866 Y103.946 E16.19398
G1 X101.934 Y102.535 E16.47756
M106 S84.15
G1 E15.67756 F2100
G92 E0
G1 X96.663 Y103.529 F9000
G1 E.8 F2100
M106 S127.5
G1 F1500
G1 X118.803 Y97.366 E2.03882
G1 X117.101 Y97.366 E2.13057
G1 X96.866 Y102.999 E3.26281
G1 X96.866 Y102.525 E3.28836
G1 X115.4 Y97.366 E4.32541
G1 X113.698 Y97.366 E4.41716
G1 X96.866 Y102.052 E5.35899
G1 X96.866 Y101.578 E5.38454
G1 X111.997 Y97.366 E6.23118
G1 X110.295 Y97.366 E6.32293
G1 X96.866 Y101.104 E7.07434
G1 X96.866 Y100.631 E7.09984
G1 X108.594 Y97.366 E7.75607
G1 X106.892 Y97.366 E7.84782
G1 X96.866 Y100.157 E8.40882
G1 X96.866 Y99.683 E8.43437
G1 X105.191 Y97.366 E8.90018
G1 X103.489 Y97.366 E8.99193
G1 X96.866 Y99.21 E9.36252
G1 X96.866 Y98.736 E9.38807
G1 X101.788 Y97.366 E9.66347
G1 X100.086 Y97.366 E9.75522
G1 X96.866 Y98.262 E9.93539
G1 X96.866 Y97.789 E9.96089
G1 X99.112 Y97.163 E10.08657
M106 S84.15
M106 S94.35
;LAYER_CHANGE
;Z:7
;HEIGHT:0.2
G1 E9.28657 F2100
G92 E0
G1 Z7 F9000
G1 X102.271 Y117.728
G1 E.8 F2100
;TYPE:Perimeter
;WIDTH:0.449999
G1 F2700
G1 X102.075 Y117.49 E.81044
G1 X101.961 Y117.152 E.82251
G1 X101.961 Y102.979 E1.30225
G1 X101.991 Y102.734 E1.3106
G1 X102.075 Y102.51 E1.3187
G1 X102.347 Y102.181 E1.33315
G1 X102.745 Y101.988 E1.34812
G1 X102.979 Y101.961 E1.35609
G1 X117.021 Y101.961 E1.83139
G1 X117.255 Y101.988 E1.83936
G1 X117.653 Y102.181 E1.85433
G1 X117.925 Y102.51 E1.86878
G1 X118.009 Y102.734 E1.87688
G1 X118.039 Y102.979 E1.88523
G1 X118.039 Y117.021 E2.36053
G1 X118.009 Y117.266 E2.36888
G1 X117.925 Y117.49 E2.37698
G1 X117.653 Y117.819 E2.39143
G1 X117.255 Y118.012 E2.4064
G1 X117.021 Y118.039 E2.41437
G1 X102.979 Y118.039 E2.88967
G1 X102.745 Y118.012 E2.89764
G1 X102.347 Y117.819 E2.91261
G1 X102.309 Y117.774 E2.9146
G1 X102.554 Y117.448 F9000
G1 F2700
G1 X102.512 Y117.416 E2.91639
G1 X102.368 Y117.107 E2.92793
G1 X102.368 Y102.979 E3.40615
G1 X102.437 Y102.697 E3.41598
G1 X102.599 Y102.5 E3.42461
G1 X102.894 Y102.368 E3.43555
G1 X117.021 Y102.368 E3.91373
G1 X117.29 Y102.43 E3.92307
G1 X117.488 Y102.584 E3.93156
G1 X117.632 Y102.867 E3.94231
G1 X117.632 Y117.021 E4.42141
G1 X117.563 Y117.303 E4.43124
G1 X117.401 Y117.5 E4.43987
G1 X117.107 Y117.632 E4.45078
G1 X102.979 Y117.632 E4.929
G1 X102.71 Y117.57 E4.93834
G1 X102.601 Y117.485 E4.94302
G1 X102.844 Y117.162 F9000
;TYPE:External perimeter
G1 F1800
G1 X102.823 Y117.153 E4.94379
G1 X102.775 Y117.021 E4.94854
G1 X102.775 Y102.979 E5.42384
G1 X102.823 Y102.847 E5.42859
G1 X102.979 Y102.775 E5.43441
G1 X117.021 Y102.775 E5.90971
G1 X117.177 Y102.847 E5.91553
G1 X117.225 Y102.979 E5.92028
G1 X117.225 Y117.021 E6.39558
G1 X117.177 Y117.153 E6.40033
G1 X117.021 Y117.225 E6.40615
G1 X102.979 Y117.225 E6.88145
G1 X102.898 Y117.188 E6.88446
G1 X102.781 Y116.805 F9000
G1 E6.08446 F2100
G92 E0
G1 X96.539 Y97.039 F9000
G1 E.8 F2100
;TYPE:Perimeter
G1 F2700
G1 X123.461 Y97.039 E1.71128
G1 X123.461 Y122.961 E2.58871
G1 X96.539 Y122.961 E3.49999
G1 X96.539 Y97.099 E4.37539
G1 X96.132 Y96.632 F9000
G1 F2700
G1 X123.868 Y96.632 E5.31422
G1 X123.868 Y123.368 E6.2192
G1 X96.132 Y123.368 E7.15803
G1 X96.132 Y96.692 E8.06098
G1 X95.725 Y96.225 F9000
;TYPE:External perimeter
G1 F1800
G1 X124.275 Y96.225 E9.02736
G1 X124.275 Y123.775 E9.95989
G1 X95.725 Y123.775 E10.92627
G1 X95.725 Y96.285 E11.85677
G1 X96.121 Y96.226 F9000
G1 E11.05677 F2100
G92 E0
G1 X96.877 Y122.545 F9000
G1 E.8 F2100
;TYPE:Solid infill
;WIDTH:0.548766
G1 F2400
G1 X96.833 Y122.59 E.80265
G1 X96.849 Y122.651 E.8053
G1 X96.91 Y122.667 E.80795
G1 X96.955 Y122.623 E.8106
G1 X96.939 Y122.561 E.81329
G1 X97.734 Y122.788 F9000
;WIDTH:0.38292
G1 F2400
G1 X97.715 Y122.859 E.81537
G1 X97.786 Y122.84 E.81745
G1 X97.775 Y122.799 E.81865
;WIDTH:0.41646
G1 X97.682 Y122.727 E.8223
;WIDTH:0.449999
G1 X97.589 Y122.656 E.82626
G1 X96.844 Y121.911 E.86192
G1 X96.773 Y121.818 E.86588
;WIDTH:0.41646
G1 X96.701 Y121.725 E.86953
;WIDTH:0.38292
G1 X96.712 Y121.766 E.87073
G1 X96.641 Y121.785 E.87281
G1 X96.66 Y121.714 E.87489
;WIDTH:0.449999
G1 X96.844 Y121.336 E.88912
G1 X98.164 Y122.656 E.95231
G1 X98.74 Y122.656 E.97181
G1 X96.844 Y120.76 E1.06257
G1 X96.844 Y120.184 E1.08207
G1 X99.316 Y122.656 E1.2004
G1 X99.892 Y122.656 E1.2199
G1 X96.844 Y119.608 E1.36581
G1 X96.844 Y119.033 E1.38527
G1 X100.467 Y122.656 E1.5587
G1 X101.043 Y122.656 E1.5782
G1 X96.844 Y118.457 E1.7792
G1 X96.844 Y117.881 E1.7987
G1 X101.619 Y122.656 E2.02728
G1 X102.194 Y122.656 E2.04674
G1 X96.844 Y117.306 E2.30284
G1 X96.844 Y116.73 E2.32234
G1 X102.77 Y122.656 E2.60601
G1 X103.346 Y122.656 E2.62551
G1 X96.844 Y116.154 E2.93676
G1 X96.844 Y115.579 E2.95622
G1 X103.921 Y122.656 E3.29499
G1 X104.497 Y122.656 E3.31449
G1 X96.844 Y115.003 E3.68083
G1 X96.844 Y114.427 E3.70033
G1 X105.073 Y122.656 E4.09425
G1 X105.649 Y122.656 E4.11375
G1 X96.844 Y113.851 E4.53524
G1 X96.844 Y113.276 E4.5547
G1 X106.224 Y122.656 E5.00371
G1 X106.363 Y122.695 E5.0086
;WIDTH:0.41646
G1 X106.501 Y122.734 E5.01305
;WIDTH:0.38292
G1 X106.482 Y122.805 E5.01513
G1 X106.553 Y122.786 E5.01721
G1 X106.542 Y122.745 E5.01841
G1 E4.21841 F2100
G92 E0
G1 X102.119 Y117.881 F9000
G1 E.8 F2100
G1 F2400
G1 X101.995 Y118.004 E.80494
;WIDTH:0.41646
G1 X101.928 Y117.86 E.80987
;WIDTH:0.449999
G1 X101.861 Y117.716 E.81525
G1 X96.844 Y112.7 E1.05539
G1 X96.844 Y112.124 E1.07489
G1 X101.656 Y116.935 E1.30521
G1 X101.656 Y116.36 E1.32467
G1 X96.844 Y111.549 E1.55499
G1 X96.844 Y110.973 E1.57449
G1 X101.656 Y115.784 E1.80481
G1 X101.656 Y115.208 E1.82431
G1 X96.844 Y110.397 E2.05463
G1 X96.844 Y109.822 E2.07409
G1 X101.656 Y114.633 E2.30441
G1 X101.656 Y114.057 E2.32391
G1 X96.844 Y109.246 E2.55423
G1 X96.844 Y108.67 E2.57373
G1 X101.656 Y113.481 E2.80405
G1 X101.656 Y112.906 E2.82351
G1 X96.844 Y108.095 E3.05383
G1 X96.844 Y107.519 E3.07333
G1 X101.656 Y112.33 E3.30365
G1 X101.656 Y111.754 E3.32315
G1 X96.844 Y106.943 E3.55347
G1 X96.844 Y106.367 E3.57297
G1 X101.656 Y111.178 E3.80329
G1 X101.656 Y110.603 E3.82275
G1 X96.844 Y105.792 E4.05307
G1 X96.844 Y105.216 E4.07257
G1 X101.656 Y110.027 E4.30289
G1 X101.656 Y109.451 E4.32239
G1 X96.844 Y104.64 E4.55271
G1 X96.844 Y104.065 E4.57217
G1 X101.656 Y108.876 E4.80249
G1 X101.656 Y108.3 E4.82199
G1 X96.844 Y103.489 E5.05231
G1 X96.844 Y102.913 E5.07181
G1 X101.656 Y107.724 E5.30213
G1 X101.656 Y107.149 E5.32159
G1 X96.844 Y102.338 E5.55191
G1 X96.844 Y101.762 E5.57141
G1 X101.656 Y106.573 E5.80173
G1 X101.656 Y105.997 E5.82123
G1 X96.844 Y101.186 E6.05155
G1 X96.844 Y100.61 E6.07105
G1 X101.656 Y105.422 E6.3014
G1 X101.656 Y104.846 E6.3209
G1 X96.844 Y100.035 E6.55122
G1 X96.844 Y99.459 E6.57072
G1 X101.656 Y104.27 E6.80104
G1 X101.656 Y103.694 E6.82054
G1 X96.844 Y98.883 E7.05086
G1 X96.844 Y98.308 E7.07032
G1 X101.656 Y103.119 E7.30064
G1 X101.715 Y102.603 E7.31822
G1 X96.844 Y97.732 E7.55139
G1 X96.736 Y97.206 E7.56957
;WIDTH:0.38292
G1 X96.717 Y97.278 E7.57168
G1 X96.789 Y97.258 E7.57379
G1 X96.778 Y97.217 E7.57499
;WIDTH:0.41646
G1 X96.905 Y97.281 E7.57941
;WIDTH:0.449999
G1 X97.033 Y97.344 E7.58424
G1 X101.905 Y102.217 E7.81748
G1 X102.186 Y101.922 E7.83127
G1 X97.608 Y97.344 E8.05042
G1 X98.184 Y97.344 E8.06992
G1 X102.568 Y101.728 E8.27978
G1 X103.071 Y101.656 E8.29698
G1 X98.76 Y97.344 E8.50337
G1 X99.335 Y97.344 E8.52283
G1 X103.647 Y101.656 E8.72924
G1 X104.222 Y101.656 E8.7487
G1 X99.911 Y97.344 E8.95509
G1 X100.487 Y97.344 E8.97459
G1 X104.798 Y101.656 E9.18098
G1 X105.374 Y101.656 E9.20048
G1 X101.063 Y97.344 E9.40687
G1 X101.638 Y97.344 E9.42633
G1 X105.949 Y101.656 E9.63272
G1 X106.525 Y101.656 E9.65222
G1 X102.214 Y97.344 E9.85861
G1 X102.79 Y97.344 E9.87811
G1 X107.101 Y101.656 E10.0845
G1 X107.676 Y101.656 E10.10396
G1 X103.365 Y97.344 E10.31035
G1 X103.941 Y97.344 E10.32985
G1 X108.252 Y101.656 E10.53624
G1 X108.828 Y101.656 E10.55574
G1 X104.517 Y97.344 E10.76213
G1 X105.092 Y97.344 E10.78159
G1 X109.403 Y101.656 E10.98798
G1 X109.979 Y101.656 E11.00748
G1 X105.668 Y97.344 E11.21387
G1 X106.244 Y97.344 E11.23337
G1 X110.555 Y101.656 E11.43976
G1 X111.131 Y101.656 E11.45926
G1 X106.82 Y97.344 E11.66565
G1 X107.395 Y97.344 E11.68511
G1 X111.706 Y101.656 E11.8915
G1 X112.282 Y101.656 E11.911
G1 X107.971 Y97.344 E12.11739
G1 X108.547 Y97.344 E12.13689
G1 X112.858 Y101.656 E12.34328
G1 X113.433 Y101.656 E12.36274
G1 X109.122 Y97.344 E12.56913
G1 X109.698 Y97.344 E12.58863
G1 X114.009 Y101.656 E12.79502
G1 X114.585 Y101.656 E12.81452
G1 X110.274 Y97.344 E13.02091
G1 X110.849 Y97.344 E13.04037
G1 X115.16 Y101.656 E13.24676
G1 X115.736 Y101.656 E13.26626
G1 X111.425 Y97.344 E13.47265
G1 X112.001 Y97.344 E13.49215
G1 X116.312 Y101.656 E13.69854
G1 X116.888 Y101.656 E13.71804
G1 X112.576 Y97.344 E13.92445
G1 X113.152 Y97.344 E13.94395
G1 X117.594 Y101.787 E14.15661
G1 X117.738 Y101.909 E14.163
;WIDTH:0.419232
G1 X117.882 Y102.031 E14.16891
;WIDTH:0.399092
G1 X117.957 Y102.113 E14.1722
G1 E13.3722 F2100
G92 E0
G1 X102.283 Y118.139 F9000
G1 E.8 F2100
;WIDTH:0.449999
G1 F2400
G1 X106.8 Y122.656 E1.01623
G1 X107.376 Y122.656 E1.03573
G1 X103.065 Y118.344 E1.24212
G1 X103.64 Y118.344 E1.26158
G1 X107.951 Y122.656 E1.46797
G1 X108.527 Y122.656 E1.48747
G1 X104.216 Y118.344 E1.69386
G1 X104.792 Y118.344 E1.71336
G1 X109.103 Y122.656 E1.91975
G1 X109.678 Y122.656 E1.93921
G1 X105.367 Y118.344 E2.1456
G1 X105.943 Y118.344 E2.1651
G1 X110.254 Y122.656 E2.37149
G1 X110.83 Y122.656 E2.39099
G1 X106.519 Y118.344 E2.59738
G1 X107.094 Y118.344 E2.61684
G1 X111.406 Y122.656 E2.82325
G1 X111.981 Y122.656 E2.84271
G1 X107.67 Y118.344 E3.0491
G1 X108.246 Y118.344 E3.0686
G1 X112.557 Y122.656 E3.27499
G1 X113.133 Y122.656 E3.29449
G1 X108.822 Y118.344 E3.50088
G1 X109.397 Y118.344 E3.52034
G1 X113.708 Y122.656 E3.72673
G1 X114.284 Y122.656 E3.74623
G1 X109.973 Y118.344 E3.95262
G1 X110.549 Y118.344 E3.97212
G1 X114.86 Y122.656 E4.17851
G1 X115.435 Y122.656 E4.19797
G1 X111.124 Y118.344 E4.40436
G1 X111.7 Y118.344 E4.42386
G1 X116.011 Y122.656 E4.63025
G1 X116.587 Y122.656 E4.64975
G1 X112.276 Y118.344 E4.85614
G1 X112.851 Y118.344 E4.8756
G1 X117.162 Y122.656 E5.08199
G1 X117.738 Y122.656 E5.10149
G1 X113.427 Y118.344 E5.30788
G1 X114.003 Y118.344 E5.32738
G1 X118.314 Y122.656 E5.53377
G1 X118.89 Y122.656 E5.55327
G1 X114.578 Y118.344 E5.75968
G1 X115.154 Y118.344 E5.77918
G1 X119.465 Y122.656 E5.98557
G1 X120.041 Y122.656 E6.00507
G1 X115.73 Y118.344 E6.21146
G1 X116.306 Y118.344 E6.23096
G1 X120.617 Y122.656 E6.43735
G1 X121.192 Y122.656 E6.45681
G1 X116.881 Y118.344 E6.6632
G1 X117.397 Y118.284 E6.68078
G1 X121.768 Y122.656 E6.89004
G1 X122.344 Y122.656 E6.90954
G1 X117.784 Y118.096 E7.12782
G1 X118.075 Y117.812 E7.14158
G1 X122.919 Y122.656 E7.37346
G1 X123.076 Y122.679 E7.37883
;WIDTH:0.41646
G1 X123.232 Y122.702 E7.38373
;WIDTH:0.38292
G1 X123.213 Y122.773 E7.38581
G1 X123.284 Y122.754 E7.38789
G1 X123.273 Y122.713 E7.38909
;WIDTH:0.449999
G1 X123.156 Y122.316 E7.4031
G1 X118.272 Y117.432 E7.63689
G1 X118.344 Y116.929 E7.65409
G1 X123.156 Y121.74 E7.88441
G1 X123.156 Y121.165 E7.90387
G1 X118.344 Y116.353 E8.13422
G1 X118.344 Y115.778 E8.15368
G1 X123.156 Y120.589 E8.384
G1 X123.156 Y120.013 E8.4035
G1 X118.344 Y115.202 E8.63382
G1 X118.344 Y114.626 E8.65332
G1 X123.156 Y119.437 E8.88364
G1 X123.156 Y118.862 E8.9031
G1 X118.344 Y114.051 E9.13342
G1 X118.344 Y113.475 E9.15292
G1 X123.156 Y118.286 E9.38324
G1 X123.156 Y117.71 E9.40274
G1 X118.344 Y112.899 E9.63306
G1 X118.344 Y112.324 E9.65252
G1 X123.156 Y117.135 E9.88284
G1 X123.156 Y116.559 E9.90234
G1 X118.344 Y111.748 E10.13266
G1 X118.344 Y111.172 E10.15216
G1 X123.156 Y115.983 E10.38248
G1 X123.156 Y115.408 E10.40194
G1 X118.344 Y110.597 E10.63226
G1 X118.344 Y110.021 E10.65176
G1 X123.156 Y114.832 E10.88208
G1 X123.156 Y114.256 E10.90158
G1 X118.344 Y109.445 E11.1319
G1 X118.344 Y108.869 E11.1514
G1 X123.156 Y113.68 E11.38172
G1 X123.156 Y113.105 E11.40118
G1 X118.344 Y108.294 E11.6315
G1 X118.344 Y107.718 E11.651
G1 X123.156 Y112.529 E11.88132
G1 X123.156 Y111.953 E11.90082
G1 X118.344 Y107.142 E12.13114
G1 X118.344 Y106.567 E12.1506
G1 X123.156 Y111.378 E12.38092
G1 X123.156 Y110.802 E12.40042
G1 X118.344 Y105.991 E12.63074
G1 X118.344 Y105.415 E12.65024
G1 X123.156 Y110.226 E12.88056
G1 X123.156 Y109.651 E12.90002
G1 X118.344 Y104.84 E13.13034
G1 X118.344 Y104.264 E13.14984
G1 X123.156 Y109.075 E13.38016
G1 X123.156 Y108.499 E13.39966
G1 X118.344 Y103.688 E13.62998
G1 X118.344 Y103.112 E13.64948
G1 X123.156 Y107.924 E13.87983
G1 X123.264 Y107.019 F9000
;WIDTH:0.38292
G1 F2400
G1 X123.245 Y107.09 E13.88191
G1 X123.316 Y107.071 E13.88399
G1 X123.305 Y107.03 E13.88519
;WIDTH:0.41646
G1 X123.23 Y107.189 E13.89065
;WIDTH:0.449999
G1 X123.156 Y107.348 E13.89659
G1 X118.208 Y102.401 E14.13342
G1 E13.33342 F2100
G92 E0
G1 X123.156 Y106.772 F9000
G1 E.8 F2100
G1 F2400
G1 X113.728 Y97.344 E1.25131
G1 X114.304 Y97.344 E1.27081
G1 X123.156 Y106.196 E1.69455
G1 X123.156 Y105.621 E1.71401
G1 X114.879 Y97.344 E2.11022
G1 X115.455 Y97.344 E2.12972
G1 X123.156 Y105.045 E2.49836
G1 X123.156 Y104.469 E2.51786
G1 X116.031 Y97.344 E2.85893
G1 X116.606 Y97.344 E2.87839
G1 X123.156 Y103.894 E3.19193
G1 X123.156 Y103.318 E3.21143
G1 X117.182 Y97.344 E3.4974
G1 X117.758 Y97.344 E3.5169
G1 X123.156 Y102.742 E3.7753
G1 X123.156 Y102.167 E3.79476
G1 X118.333 Y97.344 E4.02563
G1 X118.909 Y97.344 E4.04513
G1 X123.156 Y101.591 E4.24843
G1 X123.156 Y101.015 E4.26793
G1 X119.485 Y97.344 E4.44366
G1 X120.061 Y97.344 E4.46316
G1 X123.156 Y100.439 E4.61132
G1 X123.156 Y99.864 E4.63078
G1 X120.636 Y97.344 E4.75141
G1 X121.045 Y97.13 E4.76703
;WIDTH:0.38292
G1 X121.026 Y97.201 E4.76911
G1 X121.097 Y97.182 E4.77119
G1 X121.086 Y97.141 E4.77239
;WIDTH:0.41646
G1 X121.149 Y97.243 E4.77611
;WIDTH:0.449999
G1 X121.212 Y97.344 E4.78014
G1 X123.156 Y99.288 E4.8732
G1 X123.257 Y99.351 E4.87723
;WIDTH:0.41646
G1 X123.359 Y99.414 E4.88095
;WIDTH:0.38292
G1 X123.37 Y99.455 E4.88215
G1 X123.299 Y99.474 E4.88423
G1 X123.318 Y99.403 E4.88631
G1 E4.08631 F2100
G92 E0
G1 X121.932 Y97.488 F9000
G1 E.8 F2100
;WIDTH:0.449999
G1 F2400
G1 X123.156 Y98.712 E.85859
G1 X123.156 Y97.344 E.9049
G1 X121.788 Y97.344 E.95121
;LAYER_CHANGE
;Z:7.2
;HEIGHT:0.2
G1 E.15121 F2100
G92 E0
G1 Z7.2 F9000
G1 X102.271 Y117.728
G1 E.8 F2100
;TYPE:Perimeter
G1 F2700
G1 X102.075 Y117.49 E.81044
G1 X101.961 Y117.152 E.82251
G1 X101.961 Y102.979 E1.30225
G1 X101.991 Y102.734 E1.3106
G1 X102.075 Y102.51 E1.3187
G1 X102.347 Y102.181 E1.33315
G1 X102.745 Y101.988 E1.34812
G1 X102.979 Y101.961 E1.35609
G1 X117.021 Y101.961 E1.83139
G1 X117.255 Y101.988 E1.83936
G1 X117.653 Y102.181 E1.85433
G1 X117.925 Y102.51 E1.86878
G1 X118.009 Y102.734 E1.87688
G1 X118.039 Y102.979 E1.88523
G1 X118.039 Y117.021 E2.36053
G1 X118.009 Y117.266 E2.36888
G1 X117.925 Y117.49 E2.37698
G1 X117.653 Y117.819 E2.39143
G1 X117.255 Y118.012 E2.4064
G1 X117.021 Y118.039 E2.41437
G1 X102.979 Y118.039 E2.88967
G1 X102.745 Y118.012 E2.89764
G1 X102.347 Y117.819 E2.91261
G1 X102.309 Y117.774 E2.9146
G1 X102.554 Y117.448 F9000
G1 F2700
G1 X102.512 Y117.416 E2.91639
G1 X102.368 Y117.107 E2.92793
G1 X102.368 Y102.979 E3.40615
G1 X102.437 Y102.697 E3.41598
G1 X102.599 Y102.5 E3.42461
G1 X102.894 Y102.368 E3.43555
G1 X117.021 Y102.368 E3.91373
G1 X117.29 Y102.43 E3.92307
G1 X117.488 Y102.584 E3.93156
G1 X117.632 Y102.867 E3.94231
G1 X117.632 Y117.021 E4.42141
G1 X117.563 Y117.303 E4.43124
G1 X117.401 Y117.5 E4.43987
G1 X117.107 Y117.632 E4.45078
G1 X102.979 Y117.632 E4.929
G1 X102.71 Y117.57 E4.93834
G1 X102.601 Y117.485 E4.94302
G1 X102.844 Y117.162 F9000
;TYPE:External perimeter
G1 F1800
G1 X102.823 Y117.153 E4.94379
G1 X102.775 Y117.021 E4.94854
G1 X102.775 Y102.979 E5.42384
G1 X102.823 Y102.847 E5.42859
G1 X102.979 Y102.775 E5.43441
G1 X117.021 Y102.775 E5.90971
G1 X117.177 Y102.847 E5.91553
G1 X117.225 Y102.979 E5.92028
G1 X117.225 Y117.021 E6.39558
G1 X117.177 Y117.153 E6.40033
G1 X117.021 Y117.225 E6.40615
G1 X102.979 Y117.225 E6.88145
G1 X102.898 Y117.188 E6.88446
G1 X102.781 Y116.805 F9000
G1 E6.08446 F2100
G92 E0
G1 X96.539 Y97.039 F9000
G1 E.8 F2100
;TYPE:Perimeter
G1 F2700
G1 X123.461 Y97.039 E1.71128
G1 X123.461 Y122.961 E2.58871
G1 X96.539 Y122.961 E3.49999
G1 X96.539 Y97.099 E4.37539
G1 X96.132 Y96.632 F9000
G1 F2700
G1 X123.868 Y96.632 E5.31422
G1 X123.868 Y123.368 E6.2192
G1 X96.132 Y123.368 E7.15803
G1 X96.132 Y96.692 E8.06098
G1 X95.725 Y96.225 F9000
;TYPE:External perimeter
G1 F1800
G1 X124.275 Y96.225 E9.02736
G1 X124.275 Y123.775 E9.95989
G1 X95.725 Y123.775 E10.92627
G1 X95.725 Y96.285 E11.85677
G1 X96.121 Y96.226 F9000
G1 X96.955 Y97.377
;TYPE:Solid infill
;WIDTH:0.548766
G1 F2400
G1 X96.91 Y97.333 E11.85942
G1 X96.849 Y97.349 E11.86207
G1 X96.833 Y97.41 E11.86472
G1 X96.877 Y97.455 E11.86737
G1 X96.939 Y97.439 E11.87006
G1 X96.712 Y98.234 F9000
;WIDTH:0.38292
G1 F2400
G1 X96.641 Y98.215 E11.87214
G1 X96.66 Y98.286 E11.87422
G1 X96.701 Y98.275 E11.87542
;WIDTH:0.41646
G1 X96.773 Y98.182 E11.87907
;WIDTH:0.449999
G1 X96.844 Y98.089 E11.88303
G1 X97.589 Y97.344 E11.91869
G1 X97.682 Y97.273 E11.92265
;WIDTH:0.41646
G1 X97.775 Y97.201 E11.9263
;WIDTH:0.38292
G1 X97.734 Y97.212 E11.9275
G1 X97.715 Y97.141 E11.92958
G1 X97.786 Y97.16 E11.93166
;WIDTH:0.449999
G1 X98.164 Y97.344 E11.94589
G1 X96.844 Y98.664 E12.00908
G1 X96.844 Y99.24 E12.02858
G1 X98.74 Y97.344 E12.11934
G1 X99.316 Y97.344 E12.13884
G1 X96.844 Y99.816 E12.25717
G1 X96.844 Y100.392 E12.27667
G1 X99.892 Y97.344 E12.42258
G1 X100.467 Y97.344 E12.44204
G1 X96.844 Y100.967 E12.61547
G1 X96.844 Y101.543 E12.63497
G1 X101.043 Y97.344 E12.83597
G1 X101.619 Y97.344 E12.85547
G1 X96.844 Y102.119 E13.08405
G1 X96.844 Y102.694 E13.10351
G1 X102.194 Y97.344 E13.35961
G1 X102.77 Y97.344 E13.37911
G1 X96.844 Y103.27 E13.66278
G1 X96.844 Y103.846 E13.68228
G1 X103.346 Y97.344 E13.99353
G1 X103.921 Y97.344 E14.01299
G1 X96.844 Y104.421 E14.35176
G1 X96.844 Y104.997 E14.37126
G1 X104.497 Y97.344 E14.7376
G1 X105.073 Y97.344 E14.7571
G1 X96.844 Y105.573 E15.15102
G1 X96.844 Y106.149 E15.17052
G1 X105.649 Y97.344 E15.59201
G1 X106.224 Y97.344 E15.61147
G1 X96.844 Y106.724 E16.06048
G1 X96.805 Y106.863 E16.06537
;WIDTH:0.41646
G1 X96.766 Y107.001 E16.06982
;WIDTH:0.38292
G1 X96.695 Y106.982 E16.0719
G1 X96.714 Y107.053 E16.07398
G1 X96.755 Y107.042 E16.07518
G1 E15.27518 F2100
G92 E0
G1 X102.117 Y102.117 F9000
G1 E.8 F2100
G1 F2400
G1 X101.995 Y101.996 E.80486
;WIDTH:0.41646
G1 X102.139 Y101.928 E.80981
;WIDTH:0.449999
G1 X102.283 Y101.861 E.81519
G1 X106.8 Y97.344 E1.03142
G1 X107.376 Y97.344 E1.05092
G1 X103.065 Y101.656 E1.25731
G1 X103.64 Y101.656 E1.27677
G1 X107.951 Y97.344 E1.48316
G1 X108.527 Y97.344 E1.50266
G1 X104.216 Y101.656 E1.70905
G1 X104.792 Y101.656 E1.72855
G1 X109.103 Y97.344 E1.93494
G1 X109.678 Y97.344 E1.9544
G1 X105.367 Y101.656 E2.16079
G1 X105.943 Y101.656 E2.18029
G1 X110.254 Y97.344 E2.38668
G1 X110.83 Y97.344 E2.40618
G1 X106.519 Y101.656 E2.61257
G1 X107.094 Y101.656 E2.63203
G1 X111.406 Y97.344 E2.83844
G1 X111.981 Y97.344 E2.8579
G1 X107.67 Y101.656 E3.06429
G1 X108.246 Y101.656 E3.08379
G1 X112.557 Y97.344 E3.29018
G1 X113.133 Y97.344 E3.30968
G1 X108.822 Y101.656 E3.51607
G1 X109.397 Y101.656 E3.53553
G1 X113.708 Y97.344 E3.74192
G1 X114.284 Y97.344 E3.76142
G1 X109.973 Y101.656 E3.96781
G1 X110.549 Y101.656 E3.98731
G1 X114.86 Y97.344 E4.1937
G1 X115.435 Y97.344 E4.21316
G1 X111.124 Y101.656 E4.41955
G1 X111.7 Y101.656 E4.43905
G1 X116.011 Y97.344 E4.64544
G1 X116.587 Y97.344 E4.66494
G1 X112.276 Y101.656 E4.87133
G1 X112.851 Y101.656 E4.89079
G1 X117.162 Y97.344 E5.09718
G1 X117.738 Y97.344 E5.11668
G1 X113.427 Y101.656 E5.32307
G1 X114.003 Y101.656 E5.34257
G1 X118.314 Y97.344 E5.54896
G1 X118.89 Y97.344 E5.56846
G1 X114.578 Y101.656 E5.77487
G1 X115.154 Y101.656 E5.79437
G1 X119.465 Y97.344 E6.00076
G1 X120.041 Y97.344 E6.02026
G1 X115.73 Y101.656 E6.22665
G1 X116.306 Y101.656 E6.24615
G1 X120.617 Y97.344 E6.45254
G1 X121.192 Y97.344 E6.472
G1 X116.881 Y101.656 E6.67839
G1 X117.397 Y101.716 E6.69597
G1 X121.768 Y97.344 E6.90523
G1 X122.344 Y97.344 E6.92473
G1 X117.784 Y101.904 E7.14301
G1 X118.075 Y102.188 E7.15677
G1 X122.919 Y97.344 E7.38865
G1 X123.156 Y97.684 E7.40268
G1 X118.272 Y102.568 E7.63647
G1 X118.344 Y103.071 E7.65367
G1 X123.156 Y98.26 E7.88399
G1 X123.156 Y98.835 E7.90345
G1 X118.344 Y103.647 E8.1338
G1 X118.344 Y104.222 E8.15326
G1 X123.156 Y99.411 E8.38358
G1 X123.156 Y99.987 E8.40308
G1 X118.344 Y104.798 E8.6334
G1 X118.344 Y105.374 E8.6529
G1 X123.156 Y100.563 E8.88322
G1 X123.156 Y101.138 E8.90268
G1 X118.344 Y105.949 E9.133
G1 X118.344 Y106.525 E9.1525
G1 X123.156 Y101.714 E9.38282
G1 X123.156 Y102.29 E9.40232
G1 X118.344 Y107.101 E9.63264
G1 X118.344 Y107.676 E9.6521
G1 X123.156 Y102.865 E9.88242
G1 X123.156 Y103.441 E9.90192
G1 X118.344 Y108.252 E10.13224
G1 X118.344 Y108.828 E10.15174
G1 X123.156 Y104.017 E10.38206
G1 X123.156 Y104.592 E10.40152
G1 X118.344 Y109.403 E10.63184
G1 X118.344 Y109.979 E10.65134
G1 X123.156 Y105.168 E10.88166
G1 X123.156 Y105.744 E10.90116
G1 X118.344 Y110.555 E11.13148
G1 X118.344 Y111.131 E11.15098
G1 X123.156 Y106.32 E11.3813
G1 X123.156 Y106.895 E11.40076
G1 X118.344 Y111.706 E11.63108
G1 X118.344 Y112.282 E11.65058
G1 X123.156 Y107.471 E11.8809
G1 X123.156 Y108.047 E11.9004
G1 X118.344 Y112.858 E12.13072
G1 X118.344 Y113.433 E12.15018
G1 X123.156 Y108.622 E12.3805
G1 X123.156 Y109.198 E12.4
G1 X118.344 Y114.009 E12.63032
G1 X118.344 Y114.585 E12.64982
G1 X123.156 Y109.774 E12.88014
G1 X123.156 Y110.349 E12.8996
G1 X118.344 Y115.16 E13.12992
G1 X118.344 Y115.736 E13.14942
G1 X123.156 Y110.925 E13.37974
G1 X123.156 Y111.501 E13.39924
G1 X118.344 Y116.312 E13.62956
G1 X118.344 Y116.888 E13.64906
G1 X123.156 Y112.076 E13.87941
G1 E13.07941 F2100
G92 E0
G1 X101.861 Y102.284 F9000
G1 E.8 F2100
G1 F2400
G1 X96.844 Y107.3 E1.04014
G1 X96.844 Y107.876 E1.05964
G1 X101.656 Y103.065 E1.28996
G1 X101.656 Y103.64 E1.30942
G1 X96.844 Y108.451 E1.53974
G1 X96.844 Y109.027 E1.55924
G1 X101.656 Y104.216 E1.78956
G1 X101.656 Y104.792 E1.80906
G1 X96.844 Y109.603 E2.03938
G1 X96.844 Y110.178 E2.05884
G1 X101.656 Y105.367 E2.28916
G1 X101.656 Y105.943 E2.30866
G1 X96.844 Y110.754 E2.53898
G1 X96.844 Y111.33 E2.55848
G1 X101.656 Y106.519 E2.7888
G1 X101.656 Y107.094 E2.80826
G1 X96.844 Y111.906 E3.03861
G1 X96.844 Y112.481 E3.05807
G1 X101.656 Y107.67 E3.28839
G1 X101.656 Y108.246 E3.30789
G1 X96.844 Y113.057 E3.53821
G1 X96.844 Y113.633 E3.55771
G1 X101.656 Y108.822 E3.78803
G1 X101.656 Y109.397 E3.80749
G1 X96.844 Y114.208 E4.03781
G1 X96.844 Y114.784 E4.05731
G1 X101.656 Y109.973 E4.28763
G1 X101.656 Y110.549 E4.30713
G1 X96.844 Y115.36 E4.53745
G1 X96.844 Y115.935 E4.55691
G1 X101.656 Y111.124 E4.78723
G1 X101.656 Y111.7 E4.80673
G1 X96.844 Y116.511 E5.03705
G1 X96.844 Y117.087 E5.05655
G1 X101.656 Y112.276 E5.28687
G1 X101.656 Y112.851 E5.30633
G1 X96.844 Y117.662 E5.53665
G1 X96.844 Y118.238 E5.55615
G1 X101.656 Y113.427 E5.78647
G1 X101.656 Y114.003 E5.80597
G1 X96.844 Y118.814 E6.03629
G1 X96.844 Y119.39 E6.05579
G1 X101.656 Y114.578 E6.28614
G1 X101.656 Y115.154 E6.30564
G1 X96.844 Y119.965 E6.53596
G1 X96.844 Y120.541 E6.55546
G1 X101.656 Y115.73 E6.78578
G1 X101.656 Y116.306 E6.80528
G1 X96.844 Y121.117 E7.0356
G1 X96.844 Y121.692 E7.05506
G1 X101.656 Y116.881 E7.28538
G1 X101.715 Y117.397 E7.30296
G1 X96.844 Y122.268 E7.53613
G1 X96.778 Y122.783 E7.5537
;WIDTH:0.38292
G1 X96.736 Y122.794 E7.55493
G1 X96.717 Y122.722 E7.55704
G1 X96.789 Y122.742 E7.55915
;WIDTH:0.41646
G1 X96.911 Y122.699 E7.56317
;WIDTH:0.449999
G1 X97.033 Y122.656 E7.56755
G1 X101.905 Y117.783 E7.80079
G1 X102.186 Y118.078 E7.81458
G1 X97.608 Y122.656 E8.03373
G1 X98.184 Y122.656 E8.05323
G1 X102.568 Y118.272 E8.26309
G1 X103.071 Y118.344 E8.28029
G1 X98.76 Y122.656 E8.48668
G1 X99.335 Y122.656 E8.50614
G1 X103.647 Y118.344 E8.71255
G1 X104.222 Y118.344 E8.73201
G1 X99.911 Y122.656 E8.9384
G1 X100.487 Y122.656 E8.9579
G1 X104.798 Y118.344 E9.16429
G1 X105.374 Y118.344 E9.18379
G1 X101.063 Y122.656 E9.39018
G1 X101.638 Y122.656 E9.40964
G1 X105.949 Y118.344 E9.61603
G1 X106.525 Y118.344 E9.63553
G1 X102.214 Y122.656 E9.84192
G1 X102.79 Y122.656 E9.86142
G1 X107.101 Y118.344 E10.06781
G1 X107.676 Y118.344 E10.08727
G1 X103.365 Y122.656 E10.29366
G1 X103.941 Y122.656 E10.31316
G1 X108.252 Y118.344 E10.51955
G1 X108.828 Y118.344 E10.53905
G1 X104.517 Y122.656 E10.74544
G1 X105.092 Y122.656 E10.7649
G1 X109.403 Y118.344 E10.97129
G1 X109.979 Y118.344 E10.99079
G1 X105.668 Y122.656 E11.19718
G1 X106.244 Y122.656 E11.21668
G1 X110.555 Y118.344 E11.42307
G1 X111.131 Y118.344 E11.44257
G1 X106.82 Y122.656 E11.64896
G1 X107.395 Y122.656 E11.66842
G1 X111.706 Y118.344 E11.87481
G1 X112.282 Y118.344 E11.89431
G1 X107.971 Y122.656 E12.1007
G1 X108.547 Y122.656 E12.1202
G1 X112.858 Y118.344 E12.32659
G1 X113.433 Y118.344 E12.34605
G1 X109.122 Y122.656 E12.55244
G1 X109.698 Y122.656 E12.57194
G1 X114.009 Y118.344 E12.77833
G1 X114.585 Y118.344 E12.79783
G1 X110.274 Y122.656 E13.00422
G1 X110.849 Y122.656 E13.02368
G1 X115.16 Y118.344 E13.23007
G1 X115.736 Y118.344 E13.24957
G1 X111.425 Y122.656 E13.45596
G1 X112.001 Y122.656 E13.47546
G1 X116.312 Y118.344 E13.68185
G1 X116.888 Y118.344 E13.70135
G1 X112.576 Y122.656 E13.90776
G1 X113.026 Y122.859 E13.92447
;WIDTH:0.38292
G1 X112.985 Y122.87 E13.92567
G1 X112.966 Y122.799 E13.92775
G1 X113.037 Y122.818 E13.92983
;WIDTH:0.41646
G1 X113.095 Y122.737 E13.93292
;WIDTH:0.449999
G1 X113.152 Y122.656 E13.93627
G1 X117.594 Y118.213 E14.14893
G1 X117.882 Y117.963 E14.16184
;WIDTH:0.396572
G1 X117.968 Y117.887 E14.16521
;WIDTH:0.41646
G1 X118.088 Y117.743 E14.17103
;WIDTH:0.449999
G1 X118.208 Y117.599 E14.17737
G1 X123.156 Y112.652 E14.4142
G1 X123.156 Y113.228 E14.4337
G1 X113.728 Y122.656 E14.88501
G1 X113.604 Y122.71 E14.88959
;WIDTH:0.41646
G1 X113.481 Y122.764 E14.89376
;WIDTH:0.38292
G1 X113.41 Y122.745 E14.89584
G1 X113.429 Y122.816 E14.89792
G1 X113.47 Y122.805 E14.89912
G1 X114.304 Y122.656 F9000
;WIDTH:0.449999
G1 F2400
G1 X123.156 Y113.804 E15.32286
G1 X123.156 Y114.379 E15.34232
G1 X114.879 Y122.656 E15.73853
G1 X115.455 Y122.656 E15.75803
G1 X123.156 Y114.955 E16.12667
G1 X123.156 Y115.531 E16.14617
G1 X116.031 Y122.656 E16.48724
G1 X116.606 Y122.656 E16.5067
G1 X123.156 Y116.106 E16.82024
G1 X123.156 Y116.682 E16.83974
G1 X117.182 Y122.656 E17.12571
G1 X117.758 Y122.656 E17.14521
G1 X123.156 Y117.258 E17.40361
G1 X123.156 Y117.833 E17.42307
G1 X118.333 Y122.656 E17.65394
G1 X118.909 Y122.656 E17.67344
G1 X123.156 Y118.409 E17.87674
G1 X123.156 Y118.985 E17.89624
G1 X119.485 Y122.656 E18.07197
G1 X120.061 Y122.656 E18.09147
G1 X123.156 Y119.561 E18.23963
G1 X123.156 Y120.136 E18.25909
G1 X120.636 Y122.656 E18.37972
G1 X121.097 Y122.818 E18.39626
;WIDTH:0.38292
G1 X121.026 Y122.799 E18.39834
G1 X121.045 Y122.87 E18.40042
G1 X121.086 Y122.859 E18.40162
;WIDTH:0.41646
G1 X121.149 Y122.757 E18.40534
;WIDTH:0.449999
G1 X121.212 Y122.656 E18.40937
G1 X123.156 Y120.712 E18.50243
G1 X123.257 Y120.649 E18.50646
;WIDTH:0.41646
G1 X123.359 Y120.586 E18.51018
;WIDTH:0.38292
G1 X123.318 Y120.597 E18.51138
G1 X123.299 Y120.526 E18.51346
G1 X123.37 Y120.545 E18.51554
;WIDTH:0.449999
G1 X123.156 Y121.288 E18.54171
G1 X123.156 Y122.656 E18.58802
G1 X121.788 Y122.656 E18.63433
G1 X123.012 Y121.432 E18.69292
M106 S81.6
;LAYER_CHANGE
;Z:7.4
;HEIGHT:0.2
G1 E17.89292 F2100
G92 E0
G1 Z7.4 F9000
G1 X102.271 Y117.728
G1 E.8 F2100
;TYPE:Perimeter
G1 F2700
G1 X102.075 Y117.49 E.81044
G1 X101.961 Y117.152 E.82251
G1 X101.961 Y102.979 E1.30225
G1 X101.991 Y102.734 E1.3106
G1 X102.075 Y102.51 E1.3187
G1 X102.347 Y102.181 E1.33315
G1 X102.745 Y101.988 E1.34812
G1 X102.979 Y101.961 E1.35609
G1 X117.021 Y101.961 E1.83139
G1 X117.255 Y101.988 E1.83936
G1 X117.653 Y102.181 E1.85433
G1 X117.925 Y102.51 E1.86878
G1 X118.009 Y102.734 E1.87688
G1 X118.039 Y102.979 E1.88523
G1 X118.039 Y117.021 E2.36053
G1 X118.009 Y117.266 E2.36888
G1 X117.925 Y117.49 E2.37698
G1 X117.653 Y117.819 E2.39143
G1 X117.255 Y118.012 E2.4064
G1 X117.021 Y118.039 E2.41437
G1 X102.979 Y118.039 E2.88967
G1 X102.745 Y118.012 E2.89764
G1 X102.347 Y117.819 E2.91261
G1 X102.309 Y117.774 E2.9146
G1 X102.554 Y117.448 F9000
G1 F2700
G1 X102.512 Y117.416 E2.91639
G1 X102.368 Y117.107 E2.92793
G1 X102.368 Y102.979 E3.40615
G1 X102.437 Y102.697 E3.41598
G1 X102.599 Y102.5 E3.42461
G1 X102.894 Y102.368 E3.43555
G1 X117.021 Y102.368 E3.91373
G1 X117.29 Y102.43 E3.92307
G1 X117.488 Y102.584 E3.93156
G1 X117.632 Y102.867 E3.94231
G1 X117.632 Y117.021 E4.42141
G1 X117.563 Y117.303 E4.43124
G1 X117.401 Y117.5 E4.43987
G1 X117.107 Y117.632 E4.45078
G1 X102.979 Y117.632 E4.929
G1 X102.71 Y117.57 E4.93834
G1 X102.601 Y117.485 E4.94302
G1 X102.844 Y117.162 F9000
;TYPE:External perimeter
G1 F1800
G1 X102.823 Y117.153 E4.94379
G1 X102.775 Y117.021 E4.94854
G1 X102.775 Y102.979 E5.42384
G1 X102.823 Y102.847 E5.42859
G1 X102.979 Y102.775 E5.43441
G1 X117.021 Y102.775 E5.90971
G1 X117.177 Y102.847 E5.91553
G1 X117.225 Y102.979 E5.92028
G1 X117.225 Y117.021 E6.39558
G1 X117.177 Y117.153 E6.40033
G1 X117.021 Y117.225 E6.40615
G1 X102.979 Y117.225 E6.88145
G1 X102.898 Y117.188 E6.88446
G1 X102.781 Y116.805 F9000
G1 E6.08446 F2100
G92 E0
G1 X96.539 Y97.039 F9000
G1 E.8 F2100
;TYPE:Perimeter
G1 F2700
G1 X123.461 Y97.039 E1.71128
G1 X123.461 Y122.961 E2.58871
G1 X96.539 Y122.961 E3.49999
G1 X96.539 Y97.099 E4.37539
G1 X96.132 Y96.632 F9000
G1 F2700
G1 X123.868 Y96.632 E5.31422
G1 X123.868 Y123.368 E6.2192
G1 X96.132 Y123.368 E7.15803
G1 X96.132 Y96.692 E8.06098
G1 X95.725 Y96.225 F9000
;TYPE:External perimeter
G1 F1800
G1 X124.275 Y96.225 E9.02736
G1 X124.275 Y123.775 E9.95989
G1 X95.725 Y123.775 E10.92627
G1 X95.725 Y96.285 E11.85677
G1 X96.121 Y96.226 F9000
G1 E11.05677 F2100
G92 E0
G1 X122.613 Y97.159 F9000
G1 E.8 F2100
;TYPE:Top solid infill
;WIDTH:0.402901
G1 F1800
G1 X123.181 Y97.726 E.82402
G1 X123.181 Y98.235 E.83926
G1 X122.265 Y97.319 E.87804
G1 X121.756 Y97.319 E.89328
G1 X123.181 Y98.744 E.9536
G1 X123.181 Y99.253 E.96884
G1 X121.247 Y97.319 E1.05071
G1 X120.738 Y97.319 E1.06595
G1 X123.181 Y99.762 E1.16936
G1 X123.181 Y100.272 E1.18463
G1 X120.228 Y97.319 E1.30963
G1 X119.719 Y97.319 E1.32487
G1 X123.181 Y100.781 E1.47142
G1 X123.181 Y101.29 E1.48666
G1 X119.21 Y97.319 E1.65476
G1 X118.701 Y97.319 E1.67
G1 X123.181 Y101.799 E1.85964
G1 X123.181 Y102.308 E1.87488
G1 X118.192 Y97.319 E2.08607
G1 X117.683 Y97.319 E2.10131
G1 X123.181 Y102.817 E2.33405
G1 X123.181 Y103.326 E2.34929
G1 X117.174 Y97.319 E2.60357
G1 X116.665 Y97.319 E2.61881
G1 X123.181 Y103.835 E2.89464
G1 X123.181 Y104.344 E2.90988
G1 X116.156 Y97.319 E3.20726
G1 X115.647 Y97.319 E3.2225
G1 X123.181 Y104.853 E3.54142
G1 X123.181 Y105.362 E3.55666
G1 X115.138 Y97.319 E3.89713
G1 X114.628 Y97.319 E3.9124
G1 X123.181 Y105.872 E4.27446
G1 X123.181 Y106.381 E4.2897
G1 X114.119 Y97.319 E4.6733
G1 X113.61 Y97.319 E4.68854
G1 X123.181 Y106.89 E5.09369
G1 X123.181 Y107.399 E5.10893
G1 X113.101 Y97.319 E5.53563
G1 X112.592 Y97.319 E5.55087
G1 X116.953 Y101.681 E5.7355
G1 X116.444 Y101.681 E5.75074
G1 X112.083 Y97.319 E5.93537
G1 X111.574 Y97.319 E5.95061
G1 X115.935 Y101.681 E6.13524
G1 X115.426 Y101.681 E6.15048
G1 X111.065 Y97.319 E6.33511
G1 X110.556 Y97.319 E6.35035
G1 X114.917 Y101.681 E6.53498
G1 X114.408 Y101.681 E6.55022
G1 X110.047 Y97.319 E6.73485
G1 X109.538 Y97.319 E6.75009
G1 X113.899 Y101.681 E6.93472
G1 X113.39 Y101.681 E6.94996
G1 X109.028 Y97.319 E7.13461
G1 X108.519 Y97.319 E7.14985
G1 X112.88 Y101.681 E7.33448
G1 X112.371 Y101.681 E7.34972
G1 X108.01 Y97.319 E7.53435
G1 X107.501 Y97.319 E7.54959
G1 X111.862 Y101.681 E7.73422
G1 X111.353 Y101.681 E7.74946
G1 X106.992 Y97.319 E7.93409
G1 X106.483 Y97.319 E7.94933
G1 X110.844 Y101.681 E8.13396
G1 X110.335 Y101.681 E8.1492
G1 X105.974 Y97.319 E8.33383
G1 X105.465 Y97.319 E8.34907
G1 X109.826 Y101.681 E8.5337
G1 X109.317 Y101.681 E8.54894
G1 X104.956 Y97.319 E8.73357
G1 X104.447 Y97.319 E8.74881
G1 X108.808 Y101.681 E8.93344
G1 X108.299 Y101.681 E8.94868
G1 X103.938 Y97.319 E9.13331
G1 X103.428 Y97.319 E9.14858
G1 X107.79 Y101.681 E9.33323
G1 X107.28 Y101.681 E9.3485
G1 X102.919 Y97.319 E9.53313
G1 X102.41 Y97.319 E9.54837
G1 X106.771 Y101.681 E9.733
G1 X106.262 Y101.681 E9.74824
G1 X101.901 Y97.319 E9.93287
G1 X101.392 Y97.319 E9.94811
G1 X105.753 Y101.681 E10.13274
G1 X105.244 Y101.681 E10.14798
G1 X100.883 Y97.319 E10.33261
G1 X100.374 Y97.319 E10.34785
G1 X104.735 Y101.681 E10.53248
G1 X104.226 Y101.681 E10.54772
G1 X99.865 Y97.319 E10.73235
G1 X99.356 Y97.319 E10.74759
G1 X103.717 Y101.681 E10.93222
G1 X103.208 Y101.681 E10.94746
G1 X98.847 Y97.319 E11.13209
G1 X98.338 Y97.319 E11.14733
G1 X102.727 Y101.709 E11.33314
G1 X102.407 Y101.813 E11.34321
G1 X102.355 Y101.846 E11.34505
G1 X97.828 Y97.319 E11.53668
G1 X97.319 Y97.319 E11.55192
G1 X102.065 Y102.065 E11.75282
G1 X101.987 Y102.141 E11.75608
G1 X101.844 Y102.353 E11.76373
G1 X96.819 Y97.329 E11.97642
G1 X96.819 Y97.838 E11.99166
G1 X101.71 Y102.729 E12.1987
G1 X101.681 Y102.974 E12.20608
G1 X101.681 Y103.208 E12.21308
G1 X96.819 Y98.347 E12.41887
G1 X96.819 Y98.856 E12.43411
G1 X101.681 Y103.717 E12.6399
G1 X101.681 Y104.226 E12.65514
G1 X96.819 Y99.365 E12.86093
G1 X96.819 Y99.874 E12.87617
G1 X101.681 Y104.735 E13.08196
G1 X101.681 Y105.244 E13.0972
G1 X96.819 Y100.383 E13.30299
G1 X96.819 Y100.892 E13.31823
G1 X101.681 Y105.753 E13.52402
G1 X101.681 Y106.262 E13.53926
G1 X96.819 Y101.401 E13.74505
G1 X96.819 Y101.91 E13.76029
G1 X101.681 Y106.771 E13.96608
G1 X101.681 Y107.281 E13.98135
G1 X96.819 Y102.42 E14.18714
G1 X96.819 Y102.929 E14.20238
G1 X101.681 Y107.79 E14.40817
G1 X101.681 Y108.299 E14.42341
G1 X96.819 Y103.438 E14.6292
G1 X96.819 Y103.947 E14.64444
G1 X101.681 Y108.808 E14.85023
G1 X101.681 Y109.317 E14.86547
G1 X96.819 Y104.456 E15.07126
G1 X96.819 Y104.965 E15.0865
G1 X101.681 Y109.826 E15.29229
G1 X101.681 Y110.335 E15.30753
G1 X96.819 Y105.474 E15.51332
G1 X96.819 Y105.983 E15.52856
G1 X101.681 Y110.844 E15.73435
G1 X101.681 Y111.353 E15.74959
G1 X96.819 Y106.492 E15.95538
G1 X96.819 Y107.001 E15.97062
G1 X101.681 Y111.862 E16.17641
G1 X101.681 Y112.371 E16.19165
G1 X96.819 Y107.51 E16.39744
G1 X96.819 Y108.02 E16.41271
G1 X101.681 Y112.881 E16.6185
G1 X101.681 Y113.39 E16.63374
G1 X96.819 Y108.529 E16.83953
G1 X96.819 Y109.038 E16.85477
G1 X101.681 Y113.899 E17.06056
G1 X101.681 Y114.408 E17.0758
G1 X96.819 Y109.547 E17.28159
G1 X96.819 Y110.056 E17.29683
G1 X101.681 Y114.917 E17.50262
G1 X101.681 Y115.426 E17.51786
G1 X96.819 Y110.565 E17.72365
G1 X96.819 Y111.074 E17.73889
G1 X101.681 Y115.935 E17.94468
G1 X101.681 Y116.444 E17.95992
G1 X96.819 Y111.583 E18.16571
G1 X96.819 Y112.092 E18.18095
G1 X101.855 Y117.128 E18.39413
G1 E17.59413 F2100
G92 E0
G1 X118.145 Y102.873 F9000
G1 E.8 F2100
G1 F1800
G1 X123.181 Y107.908 E1.01316
G1 X123.181 Y108.417 E1.0284
G1 X118.319 Y103.556 E1.23419
G1 X118.319 Y104.065 E1.24943
G1 X123.181 Y108.926 E1.45522
G1 X123.181 Y109.435 E1.47046
G1 X118.319 Y104.574 E1.67625
G1 X118.319 Y105.083 E1.69149
G1 X123.181 Y109.944 E1.89728
G1 X123.181 Y110.453 E1.91252
G1 X118.319 Y105.592 E2.11831
G1 X118.319 Y106.101 E2.13355
G1 X123.181 Y110.962 E2.33934
G1 X123.181 Y111.472 E2.35461
G1 X118.319 Y106.61 E2.56042
G1 X118.319 Y107.12 E2.57569
G1 X123.181 Y111.981 E2.78148
G1 X123.181 Y112.49 E2.79672
G1 X118.319 Y107.629 E3.00251
G1 X118.319 Y108.138 E3.01775
G1 X123.181 Y112.999 E3.22354
G1 X123.181 Y113.508 E3.23878
G1 X118.319 Y108.647 E3.44457
G1 X118.319 Y109.156 E3.45981
G1 X123.181 Y114.017 E3.6656
G1 X123.181 Y114.526 E3.68084
G1 X118.319 Y109.665 E3.88663
G1 X118.319 Y110.174 E3.90187
G1 X123.181 Y115.035 E4.10766
G1 X123.181 Y115.544 E4.1229
G1 X118.319 Y110.683 E4.32869
G1 X118.319 Y111.192 E4.34393
G1 X123.181 Y116.053 E4.54972
G1 X123.181 Y116.562 E4.56496
G1 X118.319 Y111.701 E4.77075
G1 X118.319 Y112.21 E4.78599
G1 X123.181 Y117.072 E4.9918
G1 X123.181 Y117.581 E5.00704
G1 X118.319 Y112.72 E5.21283
G1 X118.319 Y113.229 E5.22807
G1 X123.181 Y118.09 E5.43386
G1 X123.181 Y118.599 E5.4491
G1 X118.319 Y113.738 E5.65489
G1 X118.319 Y114.247 E5.67013
G1 X123.181 Y119.108 E5.87592
G1 X123.181 Y119.617 E5.89116
G1 X118.319 Y114.756 E6.09695
G1 X118.319 Y115.265 E6.11219
G1 X123.181 Y120.126 E6.31798
G1 X123.181 Y120.635 E6.33322
G1 X118.319 Y115.774 E6.53901
G1 X118.319 Y116.283 E6.55425
G1 X123.181 Y121.144 E6.76004
G1 X123.181 Y121.653 E6.77528
G1 X118.319 Y116.792 E6.98107
G1 X118.319 Y117.026 E6.98807
G1 X118.29 Y117.271 E6.99545
G1 X123.181 Y122.162 E7.20249
G1 X123.181 Y122.672 E7.21776
G1 X118.156 Y117.647 E7.43047
G1 X118.013 Y117.859 E7.43812
G1 X117.935 Y117.935 E7.44138
G1 X122.68 Y122.681 E7.64226
G1 X122.171 Y122.681 E7.6575
G1 X117.645 Y118.154 E7.84911
G1 X117.593 Y118.187 E7.85095
G1 X117.273 Y118.291 E7.86102
G1 X121.662 Y122.681 E8.04683
G1 X121.153 Y122.681 E8.06207
G1 X116.792 Y118.319 E8.2467
G1 X116.283 Y118.319 E8.26194
G1 X120.644 Y122.681 E8.44657
G1 X120.135 Y122.681 E8.46181
G1 X115.774 Y118.319 E8.64644
G1 X115.265 Y118.319 E8.66168
G1 X119.626 Y122.681 E8.84631
G1 X119.117 Y122.681 E8.86155
G1 X114.756 Y118.319 E9.04618
G1 X114.247 Y118.319 E9.06142
G1 X118.608 Y122.681 E9.24605
G1 X118.099 Y122.681 E9.26129
G1 X113.738 Y118.319 E9.44592
G1 X113.229 Y118.319 E9.46116
G1 X117.59 Y122.681 E9.64579
G1 X117.08 Y122.681 E9.66106
G1 X112.719 Y118.319 E9.84569
G1 X112.21 Y118.319 E9.86093
G1 X116.571 Y122.681 E10.04556
G1 X116.062 Y122.681 E10.0608
G1 X111.701 Y118.319 E10.24543
G1 X111.192 Y118.319 E10.26067
G1 X115.553 Y122.681 E10.4453
G1 X115.044 Y122.681 E10.46054
G1 X110.683 Y118.319 E10.64517
G1 X110.174 Y118.319 E10.66041
G1 X114.535 Y122.681 E10.84504
G1 X114.026 Y122.681 E10.86028
G1 X109.665 Y118.319 E11.04491
G1 X109.156 Y118.319 E11.06015
G1 X113.517 Y122.681 E11.24478
G1 X113.008 Y122.681 E11.26002
G1 X108.647 Y118.319 E11.44465
G1 X108.138 Y118.319 E11.45989
G1 X112.499 Y122.681 E11.64452
G1 X111.99 Y122.681 E11.65976
G1 X107.629 Y118.319 E11.84439
G1 X107.119 Y118.319 E11.85966
G1 X111.48 Y122.681 E12.04429
G1 X110.971 Y122.681 E12.05953
G1 X106.61 Y118.319 E12.24416
G1 X106.101 Y118.319 E12.2594
G1 X110.462 Y122.681 E12.44403
G1 X109.953 Y122.681 E12.45927
G1 X105.592 Y118.319 E12.6439
G1 X105.083 Y118.319 E12.65914
G1 X109.444 Y122.681 E12.84377
G1 X108.935 Y122.681 E12.85901
G1 X104.574 Y118.319 E13.04364
G1 X104.065 Y118.319 E13.05888
G1 X108.426 Y122.681 E13.24351
G1 X107.917 Y122.681 E13.25875
G1 X103.556 Y118.319 E13.44338
G1 X103.047 Y118.319 E13.45862
G1 X107.408 Y122.681 E13.64325
G1 X106.899 Y122.681 E13.65849
G1 X96.819 Y112.601 E14.08519
G1 X96.819 Y113.11 E14.10043
G1 X106.39 Y122.681 E14.50558
G1 X105.881 Y122.681 E14.52082
G1 X96.819 Y113.62 E14.9044
G1 X96.819 Y114.129 E14.91964
G1 X105.371 Y122.681 E15.28165
G1 X104.862 Y122.681 E15.29689
G1 X96.819 Y114.638 E15.63736
G1 X96.819 Y115.147 E15.6526
G1 X104.353 Y122.681 E15.97152
G1 X103.844 Y122.681 E15.98676
G1 X96.819 Y115.656 E16.28414
G1 X96.819 Y116.165 E16.29938
G1 X103.335 Y122.681 E16.57521
G1 X102.826 Y122.681 E16.59045
G1 X96.819 Y116.674 E16.84473
G1 X96.819 Y117.183 E16.85997
G1 X102.317 Y122.681 E17.09271
G1 X101.808 Y122.681 E17.10795
G1 X96.819 Y117.692 E17.31914
G1 X96.819 Y118.201 E17.33438
G1 X101.299 Y122.681 E17.52402
G1 X100.79 Y122.681 E17.53926
G1 X96.819 Y118.71 E17.70736
G1 X96.819 Y119.219 E17.7226
G1 X100.281 Y122.681 E17.86915
G1 X99.771 Y122.681 E17.88442
G1 X96.819 Y119.729 E18.00938
G1 X96.819 Y120.238 E18.02462
G1 X99.262 Y122.681 E18.12803
G1 X98.753 Y122.681 E18.14327
G1 X96.819 Y120.747 E18.22514
G1 X96.819 Y121.256 E18.24038
G1 X98.244 Y122.681 E18.3007
G1 X97.735 Y122.681 E18.31594
G1 X96.819 Y121.765 E18.35472
G1 X96.819 Y122.274 E18.36996
G1 X97.387 Y122.841 E18.39398
G1 E17.59398 F2100
G92 E0
M107
;TYPE:Custom
; Filament-specific end gcode 
;END gcode for filament
M104 S0 ; turn off nozzle
M140 S0 ; turn off bed
M107 ; turn off fan
M84 ; disable motors
; objects_info = {"objects":[]}
; filament used [mm] = 941.93
; filament used [cm3] = 2.27
; filament used [g] = 2.88
; filament cost = 0.06
; total filament used [g] = 2.88
; total filament cost = 0.06
; total filament used for wipe tower [g] = 0.00
; estimated printing time (normal mode) = 14m 6s
; estimated printing time (silent mode) = 14m 22s
; estimated first layer printing time (normal mode) = 47s
; estimated first layer printing time (silent mode) = 48s

; prusaslicer_config = begin
; arc_fitting = disabled
; autoemit_temperature_commands = 1
; automatic_extrusion_widths = 0
; automatic_infill_combination = 0
; automatic_infill_combination_max_layer_height = 100%
; avoid_crossing_curled_overhangs = 0
; avoid_crossing_perimeters = 0
; avoid_crossing_perimeters_max_detour = 0
; bed_shape = 0x0,220x0,220x220,0x220
; bed_temperature = 90
; bed_temperature_extruder = 0
; before_layer_gcode = 
; between_objects_gcode = 
; binary_gcode = 0
; bottom_fill_pattern = monotonic
; bottom_solid_layers = 4
; bottom_solid_min_thickness = 0
; bridge_acceleration = 0
; bridge_angle = 0
; bridge_fan_speed = 50
; bridge_flow_ratio = 1
; bridge_speed = 25
; brim_separation = 0
; brim_type = outer_only
; brim_width = 0
; chamber_minimal_temperature = 0
; chamber_temperature = 0
; color_change_gcode = M600
; colorprint_heights = 
; complete_objects = 0
; cooling = 1
; cooling_perimeter_transition_distance = 0
; cooling_slowdown_logic = uniform_cooling
; cooling_tube_length = 5
; cooling_tube_retraction = 91.5
; custom_parameters_filament = ""
; custom_parameters_print = 
; custom_parameters_printer = 
; default_acceleration = 0
; deretract_speed = 0
; disable_fan_first_layers = 3
; dont_support_bridges = 1
; draft_shield = disabled
; duplicate_distance = 6
; elefant_foot_compensation = 0
; enable_dynamic_fan_speeds = 0
; enable_dynamic_overhang_speeds = 0
; end_filament_gcode = "; Filament-specific end gcode \n;END gcode for filament\n"
; end_gcode = M104 S0 ; turn off nozzle\nM140 S0 ; turn off bed\nM107 ; turn off fan\nM84 ; disable motors\n
; ensure_vertical_shell_thickness = enabled
; external_perimeter_acceleration = 0
; external_perimeter_extrusion_width = 0
; external_perimeter_speed = 30
; external_perimeters_first = 0
; extra_loading_move = -2
; extra_perimeters = 1
; extra_perimeters_on_overhangs = 0
; extruder_clearance_height = 20
; extruder_clearance_radius = 20
; extruder_colour = ""
; extruder_offset = 0x0
; extrusion_axis = E
; extrusion_multiplier = 1
; extrusion_width = 0
; fan_always_on = 1
; fan_below_layer_time = 60
; filament_abrasive = 0
; filament_colour = #29B2B2
; filament_cooling_final_speed = 3.4
; filament_cooling_initial_speed = 2.2
; filament_cooling_moves = 4
; filament_cost = 20
; filament_density = 1.27
; filament_diameter = 1.75
; filament_flush_speed = 0
; filament_flush_volume = 0
; filament_infill_max_crossing_speed = 0
; filament_infill_max_speed = 0
; filament_load_time = 0
; filament_loading_speed = 28
; filament_loading_speed_start = 3
; filament_max_volumetric_speed = 8
; filament_minimal_purge_on_wipe_tower = 15
; filament_multitool_ramming = 0
; filament_multitool_ramming_flow = 10
; filament_multitool_ramming_volume = 10
; filament_notes = ""
; filament_purge_multiplier = 100%
; filament_ramming_parameters = "120 100 6.6 6.8 7.2 7.6 7.9 8.2 8.7 9.4 9.9 10.0| 0.05 6.6 0.45 6.8 0.95 7.8 1.45 8.3 1.95 9.7 2.45 10 2.95 7.6 3.45 7.6 3.95 7.6 4.45 7.6 4.95 7.6"
; filament_seam_gap_distance = 15%
; filament_settings_id = ""
; filament_shrinkage_compensation_xy = 0%
; filament_shrinkage_compensation_z = 0%
; filament_soluble = 0
; filament_spool_weight = 0
; filament_stamping_distance = 0
; filament_stamping_loading_speed = 20
; filament_toolchange_delay = 0
; filament_type = PETG
; filament_unload_time = 0
; filament_unloading_speed = 90
; filament_unloading_speed_start = 100
; fill_angle = 45
; fill_density = 30%
; fill_pattern = gyroid
; first_layer_acceleration = 0
; first_layer_acceleration_over_raft = 0
; first_layer_bed_temperature = 85
; first_layer_extrusion_width = 200%
; first_layer_height = 0.2
; first_layer_infill_speed = 0
; first_layer_speed = 20
; first_layer_speed_over_raft = 30
; first_layer_temperature = 240
; full_fan_speed_layer = 0
; fuzzy_skin = none
; fuzzy_skin_point_dist = 0.8
; fuzzy_skin_thickness = 0.3
; gap_fill_enabled = 1
; gap_fill_speed = 20
; gcode_comments = 0
; gcode_flavor = marlin2
; gcode_label_objects = disabled
; gcode_resolution = 0.0125
; gcode_substitutions = 
; high_current_on_filament_swap = 0
; idle_temperature = nil
; infill_acceleration = 0
; infill_anchor = 600%
; infill_anchor_max = 50
; infill_every_layers = 1
; infill_extruder = 1
; infill_extrusion_width = 0
; infill_first = 0
; infill_overlap = 25%
; infill_speed = 50
; interface_shells = 0
; interlocking_beam = 0
; interlocking_beam_layer_count = 2
; interlocking_beam_width = 0.8
; interlocking_boundary_avoidance = 2
; interlocking_depth = 2
; interlocking_orientation = 22.5
; ironing = 0
; ironing_flowrate = 15%
; ironing_spacing = 0.1
; ironing_speed = 15
; ironing_type = top
; layer_gcode = 
; layer_height = 0.2
; machine_limits_usage = time_estimate_only
; machine_max_acceleration_e = 10000,5000
; machine_max_acceleration_extruding = 1500,1250
; machine_max_acceleration_retracting = 1500,1250
; machine_max_acceleration_travel = 1500,1250
; machine_max_acceleration_x = 9000,1000
; machine_max_acceleration_y = 9000,1000
; machine_max_acceleration_z = 500,200
; machine_max_feedrate_e = 120,120
; machine_max_feedrate_x = 500,200
; machine_max_feedrate_y = 500,200
; machine_max_feedrate_z = 12,12
; machine_max_jerk_e = 2.5,2.5
; machine_max_jerk_x = 10,10
; machine_max_jerk_y = 10,10
; machine_max_jerk_z = 0.2,0.4
; machine_max_junction_deviation = 0,0
; machine_min_extruding_rate = 0,0
; machine_min_travel_rate = 0,0
; max_fan_speed = 50
; max_layer_height = 0
; max_print_height = 250
; max_print_speed = 80
; max_volumetric_extrusion_rate_slope_negative = 0
; max_volumetric_extrusion_rate_slope_positive = 0
; max_volumetric_speed = 0
; min_bead_width = 85%
; min_fan_speed = 30
; min_feature_size = 25%
; min_layer_height = 0.07
; min_print_speed = 10
; min_skirt_length = 0
; mmu_segmented_region_interlocking_depth = 0
; mmu_segmented_region_max_width = 0
; multimaterial_purging = 140
; notes = 
; nozzle_diameter = 0.4
; nozzle_high_flow = 0
; only_one_perimeter_first_layer = 0
; only_retract_when_crossing_perimeters = 0
; ooze_prevention = 0
; output_filename_format = [input_filename_base].gcode
; over_bridge_speed = 0
; overhang_fan_speed_0 = 0
; overhang_fan_speed_1 = 0
; overhang_fan_speed_2 = 0
; overhang_fan_speed_3 = 0
; overhang_speed_0 = 15
; overhang_speed_1 = 15
; overhang_speed_2 = 20
; overhang_speed_3 = 25
; overhangs = 1
; parking_pos_retraction = 92
; pause_print_gcode = M601
; perimeter_acceleration = 0
; perimeter_extruder = 1
; perimeter_extrusion_width = 0
; perimeter_generator = arachne
; perimeter_speed = 45
; perimeters = 3
; physical_printer_settings_id = 
; post_process = 
; prefer_clockwise_movements = 0
; print_settings_id = 
; printer_model = 
; printer_notes = 
; printer_settings_id = 
; printer_technology = FFF
; raft_contact_distance = 0.1
; raft_expansion = 1.5
; raft_first_layer_density = 90%
; raft_first_layer_expansion = 3
; raft_layers = 0
; remaining_times = 0
; resolution = 0
; retract_before_travel = 2
; retract_before_wipe = 0%
; retract_layer_change = 0
; retract_length = 0.8
; retract_length_toolchange = 10
; retract_lift = 0
; retract_lift_above = 0
; retract_lift_below = 0
; retract_restart_extra = 0
; retract_restart_extra_toolchange = 0
; retract_speed = 35
; scarf_seam_entire_loop = 0
; scarf_seam_length = 20
; scarf_seam_max_segment_length = 1
; scarf_seam_on_inner_perimeters = 0
; scarf_seam_only_on_smooth = 1
; scarf_seam_placement = nowhere
; scarf_seam_start_height = 0%
; seam_gap_distance = 15%
; seam_position = aligned
; silent_mode = 1
; single_extruder_multi_material = 0
; single_extruder_multi_material_priming = 1
; skirt_distance = 6
; skirt_height = 1
; skirts = 1
; slice_closing_radius = 0.049
; slicing_mode = regular
; slowdown_below_layer_time = 5
; small_perimeter_speed = 25
; solid_infill_acceleration = 0
; solid_infill_below_area = 70
; solid_infill_every_layers = 0
; solid_infill_extruder = 1
; solid_infill_extrusion_width = 0
; solid_infill_speed = 40
; spiral_vase = 0
; staggered_inner_seams = 0
; standby_temperature_delta = -5
; start_filament_gcode = "; Filament gcode\n"
; start_gcode = G28 ; home all axes\nG1 Z5 F5000 ; lift nozzle\n
; support_material = 0
; support_material_angle = 0
; support_material_auto = 1
; support_material_bottom_contact_distance = 0
; support_material_bottom_interface_layers = -1
; support_material_buildplate_only = 0
; support_material_closing_radius = 2
; support_material_contact_distance = 0.2
; support_material_enforce_layers = 0
; support_material_extruder = 1
; support_material_extrusion_width = 0
; support_material_interface_contact_loops = 0
; support_material_interface_extruder = 1
; support_material_interface_layers = 3
; support_material_interface_pattern = rectilinear
; support_material_interface_spacing = 0
; support_material_interface_speed = 100%
; support_material_pattern = rectilinear
; support_material_spacing = 2.5
; support_material_speed = 60
; support_material_style = grid
; support_material_synchronize_layers = 0
; support_material_threshold = 0
; support_material_with_sheath = 1
; support_material_xy_spacing = 50%
; support_tree_angle = 40
; support_tree_angle_slow = 25
; support_tree_branch_diameter = 2
; support_tree_branch_diameter_angle = 5
; support_tree_branch_diameter_double_wall = 3
; support_tree_branch_distance = 1
; support_tree_tip_diameter = 0.8
; support_tree_top_rate = 15%
; temperature = 240
; template_custom_gcode = 
; thick_bridges = 1
; thin_walls = 1
; thumbnails = 
; thumbnails_format = PNG
; toolchange_gcode = 
; toolchange_ordering = optimized
; top_fill_pattern = monotonic
; top_infill_extrusion_width = 0
; top_one_perimeter_type = none
; top_solid_infill_acceleration = 0
; top_solid_infill_speed = 30
; top_solid_layers = 4
; top_solid_min_thickness = 0
; travel_acceleration = 0
; travel_lift_before_obstacle = 0
; travel_max_lift = 0
; travel_ramping_lift = 0
; travel_short_distance_acceleration = 0
; travel_slope = 0
; travel_speed = 150
; travel_speed_z = 0
; use_firmware_retraction = 0
; use_relative_e_distances = 0
; use_volumetric_e = 0
; variable_layer_height = 1
; wall_distribution_count = 1
; wall_transition_angle = 10
; wall_transition_filter_deviation = 25%
; wall_transition_length = 100%
; wipe = 0
; wipe_into_infill = 0
; wipe_into_objects = 0
; wipe_tower = 0
; wipe_tower_acceleration = 0
; wipe_tower_bridging = 10
; wipe_tower_brim_width = 2
; wipe_tower_cone_angle = 0
; wipe_tower_extra_flow = 100%
; wipe_tower_extra_spacing = 100%
; wipe_tower_extruder = 0
; wipe_tower_no_sparse_layers = 0
; wipe_tower_width = 60
; wiping_volumes_matrix = 0,140,140,140,140,140,0,140,140,140,140,140,0,140,140,140,140,140,0,140,140,140,140,140,0
; wiping_volumes_use_custom_matrix = 0
; xy_size_compensation = 0
; z_offset = 0
; prusaslicer_config = end
