; generated by PrusaSlicer 2.9.6 on 2026-07-21 at 13:12:43 UTC

; 

; external perimeters extrusion width = 0.45mm
; perimeters extrusion width = 0.45mm
; infill extrusion width = 0.45mm
; solid infill extrusion width = 0.45mm
; top infill extrusion width = 0.40mm
; first layer extrusion width = 0.40mm

M190 S85 ; set bed temperature and wait for it to be reached
M104 S240 ; set temperature
;TYPE:Custom
G28 ; home all axes
G1 Z5 F5000 ; lift nozzle
M109 S240 ; set temperature and wait for it to be reached
G21 ; set units to millimeters
G90 ; use absolute coordinates
M82 ; use absolute distances for extrusion
G92 E0
; Filament gcode
M107
;LAYER_CHANGE
;Z:0.2
;HEIGHT:0.2
G1 E-.8 F2100
G92 E0
G1 Z.2 F9000
G1 X99.644 Y98.903
G1 E.8 F2100
;TYPE:Skirt/Brim
;WIDTH:0.4
G1 F1200
G1 X100.747 Y97.968 E.84293
G1 X101.791 Y97.233 E.88084
G1 X103.044 Y96.51 E.92379
G1 X104.704 Y95.776 E.97768
G1 X105.919 Y95.381 E1.01561
G1 X107.329 Y95.06 E1.05855
G1 X108.595 Y94.888 E1.09648
G1 X110.409 Y94.829 E1.15037
G1 X111.851 Y94.937 E1.1933
G1 X113.111 Y95.146 E1.23122
G1 X114.511 Y95.51 E1.27417
G1 X116.209 Y96.152 E1.32807
G1 X117.351 Y96.724 E1.36599
G1 X118.884 Y97.697 E1.4199
G1 X120.015 Y98.599 E1.46285
G1 X120.938 Y99.481 E1.50076
G1 X121.889 Y100.57 E1.54369
G1 X122.64 Y101.604 E1.58163
G1 X123.382 Y102.845 E1.62456
G1 X124.14 Y104.495 E1.67847
G1 X124.553 Y105.703 E1.71638
G1 X124.896 Y107.108 E1.75932
G1 X125.087 Y108.372 E1.79728
G1 X125.173 Y110.185 E1.85117
G1 X125.087 Y111.628 E1.89409
G1 X124.896 Y112.892 E1.93205
G1 X124.444 Y114.65 E1.98594
G1 X123.936 Y116.004 E2.02888
G1 X123.382 Y117.155 E2.06681
G1 X122.64 Y118.396 E2.10974
G1 X121.547 Y119.846 E2.16365
G1 X120.678 Y120.782 E2.20157
G1 X119.604 Y121.75 E2.2445
G1 X118.132 Y122.813 E2.29841
G1 X117.026 Y123.451 E2.33632
G1 X115.714 Y124.059 E2.37925
G1 X114.511 Y124.49 E2.41719
G1 X112.749 Y124.925 E2.47108
G1 X111.316 Y125.12 E2.51402
G1 X109.501 Y125.169 E2.56793
G1 X108.227 Y125.073 E2.60586
G1 X106.801 Y124.836 E2.64878
G1 X105.564 Y124.515 E2.68672
G1 X103.863 Y123.882 E2.74061
G1 X102.569 Y123.235 E2.78357
G1 X101.042 Y122.254 E2.83746
G1 X100.027 Y121.442 E2.87605
G1 X98.747 Y120.187 E2.92927
G1 X97.828 Y119.07 E2.97222
G1 X97.109 Y118.014 E3.01015
G1 X96.405 Y116.751 E3.05308
G1 X95.696 Y115.08 E3.10698
G1 X95.319 Y113.859 E3.14492
G1 X95.019 Y112.445 E3.18784
G1 X94.866 Y111.176 E3.22579
G1 X94.834 Y109.361 E3.27969
G1 X95.019 Y107.555 E3.33359
G1 X95.319 Y106.141 E3.37651
G1 X95.696 Y104.92 E3.41445
G1 X96.244 Y103.582 E3.45738
G1 X96.833 Y102.448 E3.49532
G1 X97.828 Y100.93 E3.54921
G1 X98.747 Y99.813 E3.59216
G1 X99.601 Y98.946 E3.62829
G1 E2.82829 F2100
G92 E0
G92 E0
G1 X112.06 Y112.581 F9000
G1 E.8 F2100
;TYPE:Perimeter
;WIDTH:0.399999
G1 F1200
G1 X111.903 Y112.711 E.80605
G1 X111.458 Y112.972 E.82137
G1 X110.954 Y113.167 E.83742
G1 X110.44 Y113.267 E.85297
G1 X109.92 Y113.308 E.86846
G1 X109.372 Y113.252 E.88482
G1 X108.878 Y113.119 E.90001
G1 X108.266 Y112.821 E.92022
G1 X107.804 Y112.477 E.93732
G1 X107.399 Y112.048 E.95484
G1 X107.118 Y111.606 E.97039
G1 X106.891 Y111.14 E.98578
G1 X106.75 Y110.66 E1.00063
G1 X106.686 Y110.123 E1.01669
G1 X106.739 Y109.419 E1.03765
G1 X106.889 Y108.864 E1.05472
G1 X107.144 Y108.324 E1.07245
G1 X107.499 Y107.83 E1.09051
G1 X107.865 Y107.485 E1.10544
G1 X108.284 Y107.17 E1.121
G1 X108.766 Y106.926 E1.13704
G1 X109.258 Y106.769 E1.15237
G1 X109.772 Y106.696 E1.16778
G1 X110.53 Y106.734 E1.19031
G1 X111.09 Y106.876 E1.20746
G1 X111.63 Y107.122 E1.22508
G1 X112.115 Y107.458 E1.2426
G1 X112.48 Y107.83 E1.25807
G1 X112.802 Y108.244 E1.27364
G1 X113.053 Y108.724 E1.28972
G1 X113.217 Y109.215 E1.30509
G1 X113.305 Y109.888 E1.32524
G1 X113.273 Y110.47 E1.34255
G1 X113.137 Y111.043 E1.36004
G1 X112.924 Y111.519 E1.37552
G1 X112.657 Y111.967 E1.391
G1 X112.297 Y112.383 E1.40733
G1 X112.106 Y112.542 E1.41471
G1 X111.837 Y112.301 F9000
G1 F1200
G1 X111.775 Y112.356 E1.41717
G1 X111.326 Y112.636 E1.43288
G1 X110.834 Y112.831 E1.44859
G1 X110.108 Y112.952 E1.47044
G1 X109.607 Y112.926 E1.48534
G1 X109.094 Y112.81 E1.50096
G1 X108.426 Y112.502 E1.5228
G1 X108.026 Y112.198 E1.53772
G1 X107.668 Y111.813 E1.55333
G1 X107.29 Y111.182 E1.57517
G1 X107.125 Y110.688 E1.59063
G1 X107.051 Y110.186 E1.6057
G1 X107.095 Y109.451 E1.62756
G1 X107.231 Y108.969 E1.64243
G1 X107.461 Y108.488 E1.65826
G1 X107.781 Y108.048 E1.67441
G1 X108.315 Y107.572 E1.69565
G1 X108.753 Y107.322 E1.71062
G1 X109.269 Y107.137 E1.7269
G1 X109.77 Y107.057 E1.74196
G1 X110.503 Y107.09 E1.76375
G1 X110.99 Y107.219 E1.77871
G1 X111.471 Y107.441 E1.79444
G1 X111.901 Y107.744 E1.81006
G1 X112.4 Y108.282 E1.83185
G1 X112.656 Y108.716 E1.84681
G1 X112.842 Y109.209 E1.86245
G1 X112.95 Y109.931 E1.88413
G1 X112.917 Y110.439 E1.89924
G1 X112.793 Y110.948 E1.91479
G1 X112.475 Y111.608 E1.93654
G1 X112.165 Y112.004 E1.95147
G1 X111.881 Y112.261 E1.96284
G1 X111.612 Y112.019 F9000
;TYPE:External perimeter
G1 F1200
G1 X111.443 Y112.157 E1.96932
G1 X111.035 Y112.38 E1.98313
G1 X110.628 Y112.521 E1.99592
G1 X110.057 Y112.598 E2.01303
G1 X109.553 Y112.561 E2.02803
G1 X109.098 Y112.438 E2.04202
G1 X108.583 Y112.181 E2.05911
G1 X108.187 Y111.866 E2.07413
G1 X107.881 Y111.508 E2.08811
G1 X107.6 Y111.005 E2.10522
G1 X107.451 Y110.522 E2.12023
G1 X107.399 Y110.054 E2.13421
G1 X107.451 Y109.48 E2.15132
G1 X107.622 Y108.955 E2.16771
G1 X107.778 Y108.652 E2.17783
G1 X108.083 Y108.242 E2.193
G1 X108.546 Y107.844 E2.21113
G1 X108.988 Y107.605 E2.22605
G1 X109.48 Y107.456 E2.24131
G1 X109.905 Y107.403 E2.25403
G1 X110.479 Y107.446 E2.27112
G1 X111.007 Y107.609 E2.28753
G1 X111.414 Y107.825 E2.30121
G1 X111.754 Y108.085 E2.31392
G1 X112.133 Y108.519 E2.33103
G1 X112.393 Y109.002 E2.34732
G1 X112.527 Y109.406 E2.35996
G1 X112.596 Y109.977 E2.37704
G1 X112.552 Y110.479 E2.392
G1 X112.422 Y110.935 E2.40608
G1 X112.157 Y111.446 E2.42317
G1 X111.836 Y111.838 E2.43821
G1 X111.659 Y111.982 E2.44498
G1 X111.331 Y112.211 F9000
G1 E1.64498 F2100
G92 E0
G1 X118.062 Y110.511 F9000
G1 E.8 F2100
;TYPE:Perimeter
G1 F1200
G1 X118.062 Y110.555 E.80131
G1 X117.978 Y111.275 E.82283
G1 X117.867 Y111.847 E.84013
G1 X117.724 Y112.383 E.8566
G1 X117.54 Y112.907 E.87309
G1 X117.33 Y113.401 E.88903
G1 X116.973 Y114.085 E.91194
G1 X116.678 Y114.555 E.92842
G1 X116.348 Y115.001 E.94489
G1 X115.871 Y115.552 E.96653
G1 X115.488 Y115.931 E.98253
G1 X115.093 Y116.275 E.99808
G1 X114.651 Y116.612 E1.01458
G1 X114.186 Y116.914 E1.03104
G1 X113.545 Y117.262 E1.0527
G1 X113.017 Y117.498 E1.06987
G1 X112.496 Y117.69 E1.08636
G1 X111.962 Y117.841 E1.10284
G1 X111.436 Y117.954 E1.11881
G1 X110.673 Y118.055 E1.14166
G1 X110.118 Y118.085 E1.15816
G1 X109.563 Y118.072 E1.17464
G1 X108.838 Y117.999 E1.19627
G1 X108.268 Y117.897 E1.21346
G1 X107.73 Y117.761 E1.22994
G1 X107.203 Y117.585 E1.24644
G1 X106.706 Y117.382 E1.26238
G1 X106.018 Y117.036 E1.28525
G1 X105.543 Y116.748 E1.30174
G1 X105.092 Y116.425 E1.31821
G1 X104.534 Y115.956 E1.33985
G1 X104.12 Y115.55 E1.35707
G1 X103.752 Y115.135 E1.37354
G1 X103.416 Y114.694 E1.39
G1 X103.119 Y114.245 E1.40598
G1 X102.746 Y113.572 E1.42883
G1 X102.516 Y113.066 E1.44533
G1 X102.324 Y112.543 E1.46187
G1 X102.128 Y111.843 E1.48345
G1 X102.015 Y111.275 E1.50065
G1 X101.944 Y110.725 E1.51712
G1 X101.916 Y110.171 E1.53359
G1 X101.924 Y109.627 E1.54974
G1 X101.994 Y108.866 E1.57243
G1 X102.089 Y108.319 E1.58891
G1 X102.224 Y107.781 E1.60538
G1 X102.461 Y107.083 E1.62727
G1 X102.662 Y106.606 E1.64264
G1 X102.903 Y106.126 E1.65859
G1 X103.184 Y105.647 E1.67508
G1 X103.501 Y105.19 E1.69159
G1 X104.023 Y104.554 E1.71602
G1 X104.41 Y104.156 E1.7325
G1 X104.825 Y103.788 E1.74897
G1 X105.402 Y103.351 E1.77046
G1 X105.849 Y103.063 E1.78625
G1 X106.318 Y102.802 E1.80219
G1 X106.82 Y102.565 E1.81867
G1 X107.34 Y102.366 E1.8352
G1 X108.031 Y102.161 E1.8566
G1 X108.603 Y102.038 E1.87397
G1 X109.152 Y101.959 E1.89044
G1 X109.708 Y101.922 E1.90698
G1 X110.244 Y101.921 E1.92289
G1 X111.012 Y101.98 E1.94576
G1 X111.56 Y102.067 E1.96223
G1 X112.1 Y102.195 E1.97871
G1 X112.789 Y102.415 E2.00018
G1 X113.282 Y102.615 E2.01598
G1 X113.765 Y102.848 E2.0319
G1 X114.248 Y103.122 E2.04839
G1 X114.709 Y103.431 E2.06487
G1 X115.353 Y103.945 E2.08933
G1 X115.757 Y104.326 E2.10582
G1 X116.132 Y104.736 E2.12232
G1 X116.577 Y105.306 E2.14379
G1 X116.872 Y105.749 E2.15959
G1 X117.139 Y106.213 E2.17548
G1 X117.384 Y106.711 E2.19196
G1 X117.59 Y107.227 E2.20846
G1 X117.755 Y107.732 E2.22423
G1 X117.888 Y108.25 E2.24011
G1 X118.014 Y108.964 E2.26164
G1 X118.068 Y109.516 E2.27811
G1 X118.063 Y110.451 E2.30587
G1 X118.42 Y110.521 F9000
G1 F1200
G1 X118.418 Y110.587 E2.30783
G1 X118.367 Y111.089 E2.32281
G1 X118.287 Y111.588 E2.33782
G1 X118.177 Y112.081 E2.35282
G1 X118.038 Y112.566 E2.3678
G1 X117.871 Y113.043 E2.38281
G1 X117.674 Y113.508 E2.3978
G1 X117.451 Y113.961 E2.41279
G1 X117.201 Y114.4 E2.42779
G1 X116.925 Y114.822 E2.44276
G1 X116.624 Y115.228 E2.45777
G1 X116.299 Y115.615 E2.47277
G1 X115.952 Y115.982 E2.48777
G1 X115.584 Y116.327 E2.50275
G1 X115.195 Y116.65 E2.51776
G1 X114.789 Y116.949 E2.53273
G1 X114.364 Y117.223 E2.54774
G1 X113.925 Y117.471 E2.56271
G1 X113.471 Y117.693 E2.57772
G1 X113.004 Y117.887 E2.59273
G1 X112.527 Y118.053 E2.60773
G1 X112.041 Y118.189 E2.62271
G1 X111.548 Y118.297 E2.63769
G1 X111.049 Y118.375 E2.65269
G1 X110.546 Y118.423 E2.66769
G1 X110.042 Y118.44 E2.68266
G1 X109.537 Y118.428 E2.69766
G1 X109.033 Y118.385 E2.71268
G1 X108.534 Y118.313 E2.72765
G1 X108.039 Y118.21 E2.74266
G1 X107.552 Y118.079 E2.75763
G1 X107.073 Y117.918 E2.77263
G1 X106.605 Y117.729 E2.78762
G1 X106.148 Y117.512 E2.80264
G1 X105.706 Y117.268 E2.81763
G1 X105.279 Y116.999 E2.83261
G1 X104.869 Y116.704 E2.84761
G1 X104.477 Y116.385 E2.86262
G1 X104.105 Y116.044 E2.8776
G1 X103.754 Y115.681 E2.89259
G1 X103.426 Y115.297 E2.90758
G1 X103.121 Y114.895 E2.92256
G1 X102.84 Y114.475 E2.93756
G1 X102.585 Y114.038 E2.95258
G1 X102.357 Y113.588 E2.96756
G1 X102.156 Y113.125 E2.98255
G1 X101.983 Y112.648 E2.99762
G1 X101.759 Y111.835 E3.02266
G1 X101.664 Y111.339 E3.03765
G1 X101.598 Y110.838 E3.05265
G1 X101.563 Y110.334 E3.06765
G1 X101.558 Y109.834 E3.0825
G1 X101.586 Y109.3 E3.09838
G1 X101.649 Y108.742 E3.11505
G1 X101.739 Y108.245 E3.13005
G1 X101.859 Y107.754 E3.14506
G1 X102.008 Y107.272 E3.16004
G1 X102.194 Y106.778 E3.17571
G1 X102.429 Y106.264 E3.19249
G1 X102.666 Y105.818 E3.20749
G1 X102.929 Y105.387 E3.22248
G1 X103.219 Y104.971 E3.23754
G1 X103.754 Y104.319 E3.26258
G1 X104.105 Y103.956 E3.27757
G1 X104.477 Y103.615 E3.29255
G1 X104.869 Y103.296 E3.30756
G1 X105.279 Y103.001 E3.32256
G1 X105.706 Y102.732 E3.33754
G1 X106.148 Y102.488 E3.35253
G1 X106.605 Y102.271 E3.36755
G1 X107.069 Y102.084 E3.3824
G1 X107.576 Y101.915 E3.39827
G1 X108.119 Y101.769 E3.41496
G1 X108.614 Y101.671 E3.42994
G1 X109.115 Y101.604 E3.44495
G1 X109.618 Y101.566 E3.45993
G1 X110.145 Y101.559 E3.47558
G1 X110.71 Y101.59 E3.49238
G1 X111.212 Y101.647 E3.50738
G1 X111.709 Y101.735 E3.52237
G1 X112.2 Y101.852 E3.53736
G1 X112.684 Y101.998 E3.55237
G1 X113.157 Y102.173 E3.56734
G1 X113.62 Y102.376 E3.58235
G1 X114.069 Y102.607 E3.59734
G1 X114.504 Y102.863 E3.61233
G1 X114.923 Y103.146 E3.62734
G1 X115.324 Y103.452 E3.64232
G1 X115.706 Y103.783 E3.65733
G1 X116.068 Y104.135 E3.67232
G1 X116.408 Y104.509 E3.68733
G1 X116.724 Y104.902 E3.7023
G1 X117.017 Y105.313 E3.71729
G1 X117.285 Y105.742 E3.73231
G1 X117.527 Y106.185 E3.7473
G1 X117.741 Y106.642 E3.76228
G1 X117.928 Y107.111 E3.77727
G1 X118.087 Y107.591 E3.79228
G1 X118.216 Y108.079 E3.80727
G1 X118.317 Y108.574 E3.82227
G1 X118.387 Y109.074 E3.83726
G1 X118.427 Y109.577 E3.85224
G1 X118.438 Y110.082 E3.86724
G1 X118.422 Y110.461 E3.8785
G1 X118.777 Y110.532 F9000
;TYPE:External perimeter
G1 F1200
G1 X118.773 Y110.619 E3.88109
G1 X118.72 Y111.143 E3.89673
G1 X118.637 Y111.662 E3.91234
G1 X118.522 Y112.176 E3.92798
G1 X118.376 Y112.682 E3.94362
G1 X118.201 Y113.178 E3.95924
G1 X117.996 Y113.663 E3.97487
G1 X117.763 Y114.135 E3.9905
G1 X117.502 Y114.592 E4.00613
G1 X117.214 Y115.032 E4.02174
G1 X116.9 Y115.455 E4.03738
G1 X116.561 Y115.858 E4.05302
G1 X116.199 Y116.24 E4.06865
G1 X115.815 Y116.6 E4.08428
G1 X115.41 Y116.936 E4.0999
G1 X114.985 Y117.247 E4.11554
G1 X114.543 Y117.532 E4.13116
G1 X114.084 Y117.791 E4.14681
G1 X113.611 Y118.021 E4.16243
G1 X113.125 Y118.223 E4.17806
G1 X112.627 Y118.395 E4.1937
G1 X112.121 Y118.537 E4.2093
G1 X111.606 Y118.649 E4.22495
G1 X111.086 Y118.73 E4.24058
G1 X110.562 Y118.779 E4.25621
G1 X110.036 Y118.798 E4.27184
G1 X109.51 Y118.784 E4.28746
G1 X108.985 Y118.739 E4.30311
G1 X108.465 Y118.663 E4.31871
G1 X107.949 Y118.556 E4.33436
G1 X107.441 Y118.418 E4.34999
G1 X106.943 Y118.25 E4.36559
G1 X106.454 Y118.053 E4.38124
G1 X105.979 Y117.826 E4.39687
G1 X105.518 Y117.572 E4.4125
G1 X105.074 Y117.291 E4.4281
G1 X104.646 Y116.983 E4.44376
G1 X104.238 Y116.651 E4.45938
G1 X103.851 Y116.294 E4.47501
G1 X103.485 Y115.916 E4.49063
G1 X103.143 Y115.515 E4.50628
G1 X102.826 Y115.096 E4.52188
G1 X102.534 Y114.658 E4.53751
G1 X102.269 Y114.203 E4.55314
G1 X102.031 Y113.733 E4.56878
G1 X101.822 Y113.25 E4.58441
G1 X101.642 Y112.752 E4.60013
G1 X101.488 Y112.233 E4.6162
G1 X101.373 Y111.738 E4.63129
G1 X101.285 Y111.219 E4.64692
G1 X101.227 Y110.696 E4.66254
G1 X101.201 Y110.171 E4.67815
G1 X101.207 Y109.641 E4.69389
G1 X101.246 Y109.1 E4.70999
G1 X101.312 Y108.597 E4.72505
G1 X101.412 Y108.08 E4.74068
G1 X101.542 Y107.57 E4.75631
G1 X101.704 Y107.066 E4.77203
G1 X101.9 Y106.561 E4.78811
G1 X102.112 Y106.099 E4.8032
G1 X102.359 Y105.635 E4.81881
G1 X102.634 Y105.186 E4.83444
G1 X102.937 Y104.751 E4.85018
G1 X103.273 Y104.327 E4.86624
G1 X103.612 Y103.948 E4.88134
G1 X103.985 Y103.577 E4.89696
G1 X104.38 Y103.229 E4.91259
G1 X104.795 Y102.905 E4.92822
G1 X105.228 Y102.607 E4.94383
G1 X105.679 Y102.335 E4.95947
G1 X106.145 Y102.091 E4.97509
G1 X106.625 Y101.874 E4.99073
G1 X107.121 Y101.686 E5.00648
G1 X107.637 Y101.525 E5.02253
G1 X108.13 Y101.403 E5.03761
G1 X108.648 Y101.307 E5.05325
G1 X109.17 Y101.241 E5.06887
G1 X109.699 Y101.208 E5.08461
G1 X110.24 Y101.206 E5.10067
G1 X110.747 Y101.234 E5.11575
G1 X111.27 Y101.295 E5.13138
G1 X111.788 Y101.387 E5.147
G1 X112.3 Y101.509 E5.16263
G1 X112.804 Y101.662 E5.17827
G1 X113.298 Y101.845 E5.19391
G1 X113.779 Y102.057 E5.20952
G1 X114.248 Y102.297 E5.22516
G1 X114.701 Y102.565 E5.24079
G1 X115.137 Y102.86 E5.25642
G1 X115.555 Y103.18 E5.27205
G1 X115.953 Y103.525 E5.28769
G1 X116.329 Y103.892 E5.30329
G1 X116.683 Y104.282 E5.31893
G1 X117.013 Y104.692 E5.33456
G1 X117.318 Y105.121 E5.35019
G1 X117.597 Y105.568 E5.36584
G1 X117.848 Y106.03 E5.38145
G1 X118.072 Y106.507 E5.3971
G1 X118.266 Y106.996 E5.41272
G1 X118.431 Y107.496 E5.42835
G1 X118.566 Y108.004 E5.44396
G1 X118.67 Y108.521 E5.45962
G1 X118.743 Y109.042 E5.47524
G1 X118.784 Y109.567 E5.49088
G1 X118.794 Y110.093 E5.5065
G1 X118.779 Y110.472 E5.51776
G1 X118.747 Y110.871 F9000
G1 E4.71776 F2100
G92 E0
G1 X114.397 Y103.349 F9000
G1 E.8 F2100
;TYPE:Solid infill
;WIDTH:0.406329
G1 F1200
G1 X115.884 Y104.857 E.864
G1 X116.182 Y105.218 E.87815
G1 X116.456 Y105.596 E.89226
G1 X116.708 Y105.99 E.90639
G1 X116.939 Y106.404 E.92072
G1 X113.605 Y103.07 E1.0632
G1 X113.283 Y102.907 E1.07411
G1 X112.682 Y102.661 E1.09373
G1 X117.339 Y107.318 E1.29274
G1 X117.568 Y108.061 E1.31623
G1 X111.933 Y102.427 E1.55702
G1 X111.285 Y102.293 E1.57702
G1 X117.706 Y108.713 E1.85139
G1 X117.78 Y109.302 E1.86933
G1 X110.695 Y102.216 E2.17212
G1 X110.152 Y102.187 E2.18855
G1 X117.81 Y109.846 E2.51583
G1 X117.804 Y110.354 E2.53118
G1 X109.641 Y102.191 E2.88002
G1 X109.164 Y102.227 E2.89447
G1 X117.768 Y110.831 E3.26215
G1 X117.706 Y111.283 E3.27594
G1 X108.712 Y102.289 E3.66029
G1 X108.282 Y102.374 E3.67353
G1 X117.622 Y111.713 E4.07265
G1 X117.518 Y112.123 E4.08543
G1 X107.873 Y102.478 E4.4976
G1 X107.482 Y102.601 E4.50999
G1 X117.396 Y112.515 E4.93366
G1 X117.257 Y112.89 E4.94574
G1 X113.452 Y109.085 E5.10834
G1 X113.486 Y109.185 E5.11153
G1 X113.547 Y109.694 E5.12702
G1 X117.104 Y113.251 E5.27903
G1 X116.937 Y113.598 E5.29067
G1 X113.558 Y110.218 E5.43509
G1 X113.51 Y110.684 E5.44925
G1 X116.754 Y113.928 E5.58788
G1 X116.554 Y114.243 E5.59916
G1 X113.397 Y111.085 E5.73409
G1 X113.338 Y111.292 E5.74059
G1 X113.253 Y111.456 E5.74617
G1 X116.348 Y114.551 E5.87843
G1 X116.123 Y114.839 E5.88947
G1 X113.078 Y111.794 E6.0196
G1 X112.978 Y111.987 E6.02617
G1 X112.879 Y112.109 E6.03092
G1 X115.897 Y115.127 E6.15989
G1 X115.651 Y115.395 E6.17088
G1 X112.648 Y112.393 E6.29919
G1 X112.548 Y112.515 E6.30396
G1 X112.39 Y112.649 E6.31022
G1 X115.393 Y115.652 E6.43855
G1 X115.125 Y115.897 E6.44952
G1 X112.112 Y112.885 E6.57826
G1 X111.794 Y113.081 E6.58955
G1 X114.845 Y116.132 E6.71993
G1 X114.552 Y116.352 E6.731
G1 X111.466 Y113.267 E6.86286
G1 X111.085 Y113.399 E6.87504
G1 X114.245 Y116.559 E7.01008
G1 X113.926 Y116.754 E7.02138
G1 X110.673 Y113.502 E7.16037
G1 X110.221 Y113.563 E7.17415
G1 X113.595 Y116.937 E7.31833
G1 X113.251 Y117.107 E7.32992
G1 X109.698 Y113.554 E7.48175
G1 X109.409 Y113.534 E7.4905
G1 X109.075 Y113.445 E7.50094
G1 X113.013 Y117.383 E7.66923
G1 E6.86923 F2100
G92 E0
G1 X111.153 Y106.786 F9000
G1 E.8 F2100
G1 F1200
G1 X107.107 Y102.74 E.9729
G1 X106.747 Y102.894 E.98473
G1 X110.307 Y106.454 E1.13686
G1 X109.77 Y106.43 E1.1531
G1 X106.401 Y103.062 E1.29705
G1 X106.068 Y103.243 E1.3085
G1 X109.317 Y106.492 E1.44734
G1 X109.198 Y106.508 E1.45097
G1 X108.913 Y106.602 E1.46004
G1 X105.75 Y103.439 E1.59521
G1 X105.448 Y103.651 E1.60636
G1 X108.532 Y106.734 E1.73813
G1 X108.2 Y106.917 E1.74959
G1 X105.155 Y103.871 E1.87974
G1 X104.877 Y104.108 E1.89078
G1 X107.889 Y107.12 E2.0195
G1 X107.612 Y107.357 E2.03052
G1 X104.594 Y104.35 E2.15926
G1 X104.345 Y104.603 E2.16999
G1 X107.342 Y107.601 E2.29809
G1 X107.118 Y107.891 E2.30916
G1 X104.101 Y104.873 E2.43811
G1 X103.868 Y105.154 E2.44914
G1 X106.913 Y108.199 E2.57927
G1 X106.739 Y108.539 E2.59081
G1 X103.645 Y105.445 E2.72303
G1 X103.437 Y105.751 E2.73421
G1 X106.599 Y108.913 E2.86934
G1 X106.484 Y109.312 E2.88189
G1 X103.243 Y106.071 E3.02039
G1 X103.061 Y106.403 E3.03183
G1 X106.444 Y109.786 E3.1764
G1 X106.416 Y110.104 E3.18605
G1 X106.439 Y110.295 E3.19186
G1 X102.892 Y106.748 E3.34344
G1 X102.738 Y107.108 E3.35527
G1 X106.793 Y111.163 E3.52856
G1 E2.72856 F2100
G92 E0
G1 X102.472 Y107.356 F9000
G1 E.8 F2100
G1 F1200
G1 X112.515 Y117.399 E1.22918
G1 X112.122 Y117.52 E1.24161
G1 X102.476 Y107.874 E1.65382
G1 X102.373 Y108.284 E1.66659
G1 X111.712 Y117.624 E2.06571
G1 X111.282 Y117.708 E2.07895
G1 X102.289 Y108.715 E2.46326
G1 X102.227 Y109.167 E2.47705
G1 X110.828 Y117.768 E2.84461
G1 X110.352 Y117.806 E2.85904
G1 X102.191 Y109.645 E3.20779
G1 X102.183 Y110.151 E3.22308
G1 X109.845 Y117.813 E3.55051
G1 X109.302 Y117.784 E3.56694
G1 X102.211 Y110.692 E3.86999
G1 X102.289 Y111.284 E3.88803
G1 X108.716 Y117.712 E4.1627
G1 X108.061 Y117.57 E4.18295
G1 X102.426 Y111.936 E4.42374
G1 X102.657 Y112.68 E4.44728
G1 X107.32 Y117.344 E4.64657
G1 X106.925 Y117.188 E4.6594
G1 X106.401 Y116.938 E4.67694
G1 X103.061 Y113.598 E4.81967
G1 X103.41 Y114.209 E4.84093
G1 X103.673 Y114.595 E4.85504
G1 X103.959 Y114.965 E4.86917
G1 X104.267 Y115.317 E4.8833
G1 X105.616 Y116.667 E4.94097
;LAYER_CHANGE
;Z:0.4
;HEIGHT:0.2
G1 E4.14097 F2100
G92 E0
G1 Z.4 F9000
M140 S90 ; set bed temperature
G1 X112.136 Y112.664
G1 E.8 F2100
;TYPE:Perimeter
;WIDTH:0.449999
G1 F1500
G1 X111.858 Y112.885 E.81202
G1 X111.408 Y113.136 E.82946
G1 X110.884 Y113.322 E.84828
G1 X110.18 Y113.429 E.87238
G1 X109.57 Y113.406 E.89304
G1 X108.977 Y113.278 E.91357
G1 X108.466 Y113.061 E.93236
G1 X107.992 Y112.786 E.95091
G1 X107.593 Y112.458 E.96839
G1 X107.209 Y112.013 E.98829
G1 X106.871 Y111.422 E1.01134
G1 X106.671 Y110.848 E1.03191
G1 X106.574 Y110.249 E1.05245
G1 X106.589 Y109.689 E1.07141
G1 X106.674 Y109.14 E1.09021
G1 X106.848 Y108.624 E1.10864
G1 X107.104 Y108.142 E1.12711
G1 X107.424 Y107.724 E1.14493
G1 X107.999 Y107.207 E1.1711
G1 X108.552 Y106.882 E1.19281
G1 X109.111 Y106.682 E1.21291
G1 X109.705 Y106.58 E1.23331
G1 X109.974 Y106.566 E1.24243
G1 X110.536 Y106.608 E1.26151
G1 X111.13 Y106.758 E1.28225
G1 X111.691 Y107.012 E1.30309
G1 X112.197 Y107.362 E1.32392
G1 X112.633 Y107.797 E1.34477
G1 X112.977 Y108.297 E1.36531
G1 X113.202 Y108.797 E1.38387
G1 X113.363 Y109.325 E1.40255
G1 X113.432 Y109.826 E1.41967
G1 X113.417 Y110.336 E1.43694
G1 X113.256 Y111.085 E1.46287
G1 X113.012 Y111.642 E1.48345
G1 X112.675 Y112.147 E1.504
G1 X112.287 Y112.544 E1.52279
G1 X112.183 Y112.627 E1.52729
G1 X111.887 Y112.352 F9000
G1 F1500
G1 X111.808 Y112.428 E1.531
G1 X111.359 Y112.703 E1.54882
G1 X110.865 Y112.899 E1.56681
G1 X110.125 Y113.026 E1.59222
G1 X109.601 Y113 E1.60998
G1 X109.081 Y112.884 E1.62801
G1 X108.398 Y112.572 E1.65343
G1 X107.98 Y112.256 E1.67117
G1 X107.613 Y111.864 E1.68935
G1 X107.227 Y111.224 E1.71465
G1 X107.06 Y110.728 E1.73237
G1 X106.978 Y110.201 E1.75042
G1 X107.019 Y109.45 E1.77588
G1 X107.169 Y108.912 E1.79479
G1 X107.409 Y108.424 E1.8132
G1 X107.711 Y108.017 E1.83035
G1 X108.262 Y107.518 E1.85551
G1 X108.747 Y107.24 E1.87443
G1 X109.238 Y107.068 E1.89204
G1 X109.76 Y106.983 E1.90994
G1 X110.503 Y107.014 E1.93511
G1 X111.017 Y107.149 E1.9531
G1 X111.51 Y107.377 E1.97149
G1 X111.954 Y107.689 E1.98986
G1 X112.335 Y108.075 E2.00822
G1 X112.634 Y108.515 E2.02623
G1 X112.919 Y109.202 E2.05141
G1 X113.012 Y109.724 E2.06936
G1 X113.012 Y110.251 E2.0872
G1 X112.86 Y110.988 E2.11267
G1 X112.646 Y111.465 E2.13037
G1 X112.347 Y111.907 E2.14843
G1 X111.93 Y112.31 E2.16806
G1 X111.634 Y112.036 F9000
;TYPE:External perimeter
G1 F1500
G1 X111.535 Y112.126 E2.17259
G1 X111.099 Y112.383 E2.18972
G1 X110.626 Y112.547 E2.20667
G1 X110.07 Y112.623 E2.22566
G1 X109.565 Y112.589 E2.24279
G1 X109.082 Y112.459 E2.25972
G1 X108.58 Y112.208 E2.27872
G1 X108.182 Y111.895 E2.29586
G1 X107.856 Y111.516 E2.31278
G1 X107.582 Y111.026 E2.33178
G1 X107.429 Y110.543 E2.34893
G1 X107.374 Y110.046 E2.36586
G1 X107.424 Y109.487 E2.38486
G1 X107.568 Y109.006 E2.40186
G1 X107.825 Y108.536 E2.41999
G1 X108.097 Y108.191 E2.43486
G1 X108.527 Y107.827 E2.45393
G1 X108.974 Y107.583 E2.47117
G1 X109.522 Y107.426 E2.49047
G1 X109.913 Y107.378 E2.5038
G1 X110.473 Y107.42 E2.52281
G1 X110.954 Y107.556 E2.53973
G1 X111.437 Y107.812 E2.55823
G1 X111.805 Y108.104 E2.57413
G1 X112.108 Y108.447 E2.58962
G1 X112.342 Y108.822 E2.60458
G1 X112.538 Y109.345 E2.62349
G1 X112.618 Y109.844 E2.6406
G1 X112.598 Y110.346 E2.65761
G1 X112.465 Y110.891 E2.6766
G1 X112.25 Y111.348 E2.6937
G1 X111.952 Y111.75 E2.71064
G1 X111.679 Y111.996 E2.72308
G1 X111.353 Y112.228 F9000
G1 E1.92308 F2100
G92 E0
G1 X117.94 Y110.507 F9000
G1 E.8 F2100
;TYPE:Perimeter
G1 F2700
G1 X117.891 Y111.017 E.81734
G1 X117.802 Y111.552 E.8357
G1 X117.622 Y112.281 E.86112
G1 X117.45 Y112.797 E.87953
G1 X117.24 Y113.299 E.89795
G1 X116.908 Y113.945 E.92254
G1 X116.611 Y114.427 E.9417
G1 X116.295 Y114.87 E.96012
G1 X115.946 Y115.287 E.97853
G1 X115.577 Y115.673 E.99661
G1 X115.012 Y116.18 E1.02231
G1 X114.579 Y116.509 E1.04072
G1 X114.123 Y116.806 E1.05914
G1 X113.485 Y117.152 E1.08371
G1 X112.968 Y117.383 E1.10288
G1 X112.457 Y117.571 E1.12131
G1 X111.934 Y117.719 E1.13971
G1 X111.411 Y117.831 E1.15781
G1 X110.66 Y117.931 E1.18345
G1 X110.116 Y117.959 E1.20189
G1 X109.573 Y117.947 E1.22027
G1 X108.849 Y117.874 E1.2449
G1 X108.292 Y117.774 E1.26406
G1 X107.765 Y117.641 E1.28246
G1 X107.249 Y117.469 E1.30087
G1 X106.754 Y117.266 E1.31898
G1 X106.077 Y116.926 E1.34462
G1 X105.612 Y116.644 E1.36303
G1 X105.17 Y116.327 E1.38144
G1 X104.546 Y115.799 E1.40911
G1 X104.164 Y115.417 E1.4274
G1 X103.82 Y115.018 E1.44523
G1 X103.284 Y114.276 E1.47621
G1 X103.024 Y113.834 E1.49357
G1 X102.775 Y113.315 E1.51305
G1 X102.508 Y112.688 E1.53612
G1 X102.344 Y112.183 E1.55409
G1 X102.211 Y111.655 E1.57252
G1 X102.118 Y111.119 E1.59093
G1 X102.045 Y110.306 E1.61856
G1 X102.041 Y109.765 E1.63687
G1 X102.076 Y109.239 E1.65471
G1 X102.214 Y108.335 E1.68566
G1 X102.339 Y107.837 E1.70304
G1 X102.636 Y106.971 E1.73403
G1 X102.848 Y106.504 E1.75139
G1 X103.297 Y105.703 E1.78247
G1 X103.599 Y105.267 E1.80042
G1 X103.93 Y104.851 E1.81841
G1 X104.285 Y104.461 E1.83626
G1 X104.8 Y103.973 E1.86028
G1 X105.22 Y103.633 E1.87857
G1 X105.653 Y103.332 E1.89642
G1 X106.347 Y102.933 E1.92352
G1 X106.807 Y102.709 E1.94084
G1 X107.309 Y102.507 E1.95916
G1 X107.811 Y102.348 E1.97698
G1 X108.513 Y102.189 E2.00134
G1 X109.098 Y102.092 E2.02141
G1 X109.637 Y102.048 E2.03972
G1 X110.164 Y102.044 E2.05756
G1 X110.981 Y102.106 E2.08529
G1 X111.536 Y102.19 E2.10429
G1 X112.065 Y102.315 E2.12269
G1 X112.742 Y102.531 E2.14674
G1 X113.221 Y102.725 E2.16423
G1 X113.709 Y102.96 E2.18256
G1 X114.182 Y103.228 E2.20096
G1 X114.634 Y103.531 E2.21938
G1 X115.191 Y103.972 E2.24343
G1 X115.572 Y104.322 E2.26094
G1 X115.946 Y104.713 E2.27925
G1 X116.295 Y105.13 E2.29766
G1 X116.611 Y105.573 E2.31608
G1 X117.03 Y106.274 E2.34372
G1 X117.269 Y106.762 E2.36211
G1 X117.472 Y107.267 E2.38053
G1 X117.684 Y107.944 E2.40454
G1 X117.802 Y108.45 E2.42213
G1 X117.891 Y108.983 E2.44042
G1 X117.943 Y109.524 E2.45882
G1 X117.943 Y110.447 E2.49006
G1 X118.344 Y110.519 F9000
G1 F2700
G1 X118.312 Y110.92 E2.50368
G1 X118.242 Y111.415 E2.5206
G1 X118.143 Y111.906 E2.53755
G1 X118.014 Y112.389 E2.55447
G1 X117.857 Y112.865 E2.57144
G1 X117.672 Y113.329 E2.58835
G1 X117.459 Y113.782 E2.60529
G1 X117.219 Y114.222 E2.62225
G1 X116.954 Y114.646 E2.63917
G1 X116.664 Y115.054 E2.65611
G1 X116.349 Y115.444 E2.67308
G1 X116.013 Y115.814 E2.69
G1 X115.654 Y116.163 E2.70695
G1 X115.275 Y116.49 E2.72389
G1 X114.878 Y116.795 E2.74084
G1 X114.463 Y117.074 E2.75777
G1 X114.032 Y117.329 E2.77472
G1 X113.586 Y117.557 E2.79167
G1 X113.128 Y117.758 E2.8086
G1 X112.658 Y117.931 E2.82555
G1 X112.179 Y118.076 E2.84249
G1 X111.692 Y118.192 E2.85944
G1 X111.2 Y118.279 E2.87635
G1 X110.702 Y118.336 E2.89332
G1 X110.202 Y118.363 E2.91027
G1 X109.702 Y118.36 E2.92719
G1 X109.202 Y118.328 E2.94415
G1 X108.706 Y118.265 E2.96107
G1 X108.214 Y118.173 E2.97801
G1 X107.728 Y118.052 E2.99496
G1 X107.251 Y117.902 E3.01189
G1 X106.783 Y117.723 E3.02885
G1 X106.327 Y117.517 E3.04579
G1 X105.884 Y117.284 E3.06273
G1 X105.456 Y117.025 E3.07966
G1 X105.044 Y116.741 E3.0966
G1 X104.649 Y116.433 E3.11355
G1 X104.274 Y116.102 E3.13048
G1 X103.865 Y115.693 E3.15006
G1 X103.5 Y115.27 E3.16897
G1 X102.943 Y114.499 E3.20117
G1 X102.664 Y114.026 E3.21976
G1 X102.302 Y113.271 E3.2481
G1 X102.107 Y112.779 E3.26601
G1 X101.955 Y112.302 E3.28296
G1 X101.831 Y111.817 E3.2999
G1 X101.737 Y111.326 E3.31682
G1 X101.673 Y110.829 E3.33378
G1 X101.638 Y110.33 E3.35071
G1 X101.633 Y109.752 E3.37028
G1 X101.67 Y109.195 E3.38918
G1 X101.814 Y108.254 E3.4214
G1 X101.948 Y107.721 E3.44
G1 X102.257 Y106.821 E3.47221
G1 X102.484 Y106.32 E3.49083
G1 X102.893 Y105.59 E3.51915
G1 X103.183 Y105.148 E3.53704
G1 X103.485 Y104.749 E3.55398
G1 X103.811 Y104.369 E3.57093
G1 X104.159 Y104.009 E3.58788
G1 X104.527 Y103.67 E3.60482
G1 X104.977 Y103.306 E3.62441
G1 X105.435 Y102.988 E3.64328
G1 X106.161 Y102.571 E3.67162
G1 X106.636 Y102.339 E3.68951
G1 X107.173 Y102.124 E3.70909
G1 X107.705 Y101.955 E3.72798
G1 X108.521 Y101.77 E3.7563
G1 X109.043 Y101.689 E3.77418
G1 X109.62 Y101.641 E3.79378
G1 X110.178 Y101.636 E3.81267
G1 X111.129 Y101.709 E3.84495
G1 X111.692 Y101.808 E3.8643
G1 X112.179 Y101.924 E3.88125
G1 X112.658 Y102.069 E3.89819
G1 X113.128 Y102.242 E3.91514
G1 X113.586 Y102.443 E3.93207
G1 X114.032 Y102.671 E3.94902
G1 X114.463 Y102.926 E3.96597
G1 X114.878 Y103.206 E3.98292
G1 X115.275 Y103.51 E3.99985
G1 X115.654 Y103.837 E4.01679
G1 X116.013 Y104.186 E4.03374
G1 X116.35 Y104.556 E4.05068
G1 X116.664 Y104.946 E4.06763
G1 X116.954 Y105.354 E4.08457
G1 X117.219 Y105.778 E4.10149
G1 X117.459 Y106.217 E4.11843
G1 X117.672 Y106.671 E4.1354
G1 X117.857 Y107.136 E4.15234
G1 X118.014 Y107.611 E4.16927
G1 X118.143 Y108.094 E4.18619
G1 X118.242 Y108.585 E4.20314
G1 X118.312 Y109.081 E4.2201
G1 X118.352 Y109.579 E4.23701
G1 X118.352 Y110.42 E4.26548
G1 X118.349 Y110.459 E4.2668
G1 X118.756 Y110.531 F9000
;TYPE:External perimeter
G1 F1800
G1 X118.709 Y111.048 E4.28437
G1 X118.631 Y111.567 E4.30213
G1 X118.522 Y112.08 E4.31988
G1 X118.382 Y112.586 E4.33765
G1 X118.213 Y113.083 E4.35542
G1 X118.014 Y113.569 E4.3732
G1 X117.786 Y114.042 E4.39097
G1 X117.53 Y114.501 E4.40876
G1 X117.247 Y114.943 E4.42653
G1 X116.939 Y115.368 E4.4443
G1 X116.605 Y115.773 E4.46207
G1 X116.248 Y116.158 E4.47984
G1 X115.869 Y116.521 E4.4976
G1 X115.468 Y116.861 E4.5154
G1 X115.048 Y117.175 E4.53315
G1 X114.61 Y117.465 E4.55093
G1 X114.156 Y117.727 E4.56867
G1 X113.686 Y117.962 E4.58646
G1 X113.203 Y118.168 E4.60423
G1 X112.709 Y118.345 E4.62199
G1 X112.205 Y118.493 E4.63977
G1 X111.693 Y118.609 E4.65754
G1 X111.175 Y118.695 E4.67531
G1 X110.653 Y118.75 E4.69308
G1 X110.129 Y118.774 E4.71084
G1 X109.604 Y118.766 E4.72861
G1 X109.08 Y118.727 E4.7464
G1 X108.56 Y118.656 E4.76416
G1 X108.045 Y118.555 E4.78192
G1 X107.537 Y118.423 E4.79969
G1 X107.037 Y118.261 E4.81748
G1 X106.549 Y118.069 E4.83523
G1 X106.072 Y117.848 E4.85302
G1 X105.61 Y117.599 E4.87078
G1 X105.163 Y117.323 E4.88856
G1 X104.734 Y117.021 E4.90632
G1 X104.323 Y116.694 E4.9241
G1 X103.933 Y116.342 E4.94188
G1 X103.565 Y115.969 E4.95962
G1 X103.181 Y115.523 E4.97954
G1 X102.601 Y114.722 E5.01301
G1 X102.304 Y114.217 E5.03284
G1 X101.877 Y113.325 E5.06631
G1 X101.693 Y112.836 E5.084
G1 X101.539 Y112.334 E5.10177
G1 X101.414 Y111.824 E5.11954
G1 X101.32 Y111.308 E5.13729
G1 X101.258 Y110.787 E5.15505
G1 X101.226 Y110.263 E5.17282
G1 X101.226 Y109.738 E5.19059
G1 X101.265 Y109.151 E5.2105
G1 X101.415 Y108.174 E5.24396
G1 X101.557 Y107.605 E5.26381
G1 X101.879 Y106.67 E5.29728
G1 X102.121 Y106.137 E5.31709
G1 X102.604 Y105.274 E5.35057
G1 X102.898 Y104.842 E5.36826
G1 X103.219 Y104.427 E5.38602
G1 X103.565 Y104.032 E5.40379
G1 X103.933 Y103.658 E5.42155
G1 X104.323 Y103.306 E5.43933
G1 X104.733 Y102.979 E5.45708
G1 X105.217 Y102.644 E5.477
G1 X106.075 Y102.151 E5.5105
G1 X106.549 Y101.931 E5.52819
G1 X107.037 Y101.74 E5.54593
G1 X107.598 Y101.561 E5.56586
G1 X108.563 Y101.343 E5.59935
G1 X109.08 Y101.273 E5.61701
G1 X109.603 Y101.234 E5.63476
G1 X110.192 Y101.229 E5.6547
G1 X111.178 Y101.305 E5.68817
G1 X111.783 Y101.411 E5.70896
G1 X112.293 Y101.533 E5.72671
G1 X112.796 Y101.686 E5.74451
G1 X113.288 Y101.868 E5.76227
G1 X113.768 Y102.079 E5.78002
G1 X114.235 Y102.319 E5.79779
G1 X114.687 Y102.586 E5.81556
G1 X115.122 Y102.88 E5.83333
G1 X115.539 Y103.199 E5.8511
G1 X115.935 Y103.543 E5.86886
G1 X116.311 Y103.909 E5.88662
G1 X116.664 Y104.298 E5.9044
G1 X116.993 Y104.707 E5.92217
G1 X117.297 Y105.135 E5.93994
G1 X117.575 Y105.58 E5.9577
G1 X117.826 Y106.041 E5.97547
G1 X118.049 Y106.516 E5.99323
G1 X118.242 Y107.004 E6.01099
G1 X118.407 Y107.502 E6.02875
G1 X118.541 Y108.01 E6.04653
G1 X118.645 Y108.524 E6.06428
G1 X118.718 Y109.044 E6.08205
G1 X118.759 Y109.567 E6.09981
G1 X118.757 Y110.471 E6.13041
G1 X118.725 Y110.87 F9000
G1 E5.33041 F2100
G92 E0
G1 X105.375 Y103.728 F9000
G1 E.8 F2100
;TYPE:Solid infill
;WIDTH:0.38292
G1 F2400
G1 X104.974 Y104.074 E.81497
G1 X104.31 Y104.723 E.84122
G1 X103.684 Y105.413 E.86756
G1 X103.316 Y106.276 F9000
G1 F2400
G1 X103.275 Y106.287 E.86876
G1 X103.256 Y106.216 E.87084
G1 X103.327 Y106.235 E.87292
;WIDTH:0.41646
G1 X103.415 Y106.097 E.878
;WIDTH:0.449999
G1 X103.504 Y105.958 E.88359
G1 X105.947 Y103.516 E1.00051
G1 X107.134 Y102.904 F9000
G1 F2400
G1 X102.903 Y107.135 E1.20305
G1 X102.835 Y107.273 E1.20826
;WIDTH:0.41646
G1 X102.767 Y107.412 E1.21307
;WIDTH:0.38292
G1 X102.696 Y107.393 E1.21515
G1 X102.715 Y107.464 E1.21723
G1 X102.756 Y107.453 E1.21843
G1 X102.337 Y108.532 F9000
G1 F2400
G1 X102.414 Y108.162 E1.22911
;WIDTH:0.41646
G1 X102.513 Y108.081 E1.23308
;WIDTH:0.449999
G1 X102.612 Y108.001 E1.23739
G1 X107.994 Y102.62 E1.495
G1 X108.738 Y102.451 E1.52083
G1 X102.463 Y108.727 E1.82123
G1 X102.371 Y109.394 E1.84402
G1 X109.393 Y102.372 E2.18016
G1 X109.986 Y102.355 E2.20024
G1 X102.346 Y109.995 E2.56596
G1 X102.365 Y110.551 E2.58479
G1 X110.538 Y102.378 E2.97603
G1 X111.07 Y102.422 E2.9941
G1 X102.42 Y111.072 E3.40817
G1 X102.505 Y111.563 E3.42504
G1 X111.559 Y102.508 E3.85847
G1 X112.023 Y102.62 E3.87463
G1 X102.616 Y112.027 E4.32494
G1 X102.751 Y112.468 E4.34055
G1 X106.479 Y108.74 E4.51901
G1 X106.578 Y108.596 E4.52493
;WIDTH:0.41646
G1 X106.677 Y108.452 E4.53036
;WIDTH:0.38292
G1 X106.682 Y108.565 E4.53356
G1 X106.304 Y109.491 F9000
;WIDTH:0.449999
G1 F2400
G1 X102.908 Y112.887 E4.69612
G1 X103.095 Y113.276 E4.71073
G1 X106.255 Y110.115 E4.86202
G1 X106.316 Y110.63 E4.87957
G1 X103.281 Y113.665 E5.02485
G1 X103.493 Y114.029 E5.03911
G1 X106.434 Y111.088 E5.17989
G1 X106.579 Y111.519 E5.19528
G1 X103.728 Y114.369 E5.33173
G1 X103.97 Y114.704 E5.34572
G1 X106.787 Y111.886 E5.48059
G1 X107.006 Y112.243 E5.49477
G1 X104.227 Y115.022 E5.6278
G1 X104.501 Y115.324 E5.6416
G1 X107.273 Y112.551 E5.77432
G1 X107.569 Y112.832 E5.78813
G1 X104.792 Y115.609 E5.92106
G1 X105.097 Y115.879 E5.93485
G1 X107.891 Y113.085 E6.0686
G1 X108.259 Y113.293 E6.08291
G1 X105.418 Y116.134 E6.21891
G1 X105.756 Y116.372 E6.2329
G1 X108.642 Y113.485 E6.37107
G1 X109.088 Y113.616 E6.3868
G1 X106.11 Y116.593 E6.52933
G1 X106.482 Y116.797 E6.54369
G1 X109.572 Y113.707 E6.69161
G1 X110.113 Y113.742 E6.70996
G1 X106.87 Y116.984 E6.86518
G1 X107.278 Y117.152 E6.88012
G1 X110.779 Y113.651 E7.04771
G1 X110.937 Y113.583 E7.05353
;WIDTH:0.41646
G1 X111.094 Y113.514 E7.05886
;WIDTH:0.38292
G1 X111.053 Y113.525 E7.06006
G1 X111.034 Y113.454 E7.06214
G1 X111.105 Y113.473 E7.06422
G1 E6.26422 F2100
G92 E0
G1 X108.274 Y106.805 F9000
G1 E.8 F2100
G1 F2400
G1 X107.992 Y107.017 E.80997
G1 X108.436 Y106.682 E.82569
;WIDTH:0.41646
G1 X108.58 Y106.589 E.83101
;WIDTH:0.449999
G1 X108.724 Y106.495 E.83683
G1 X112.463 Y102.756 E1.01581
G1 X112.883 Y102.912 E1.03098
G1 X109.489 Y106.305 E1.19342
G1 X110.094 Y106.277 E1.21392
G1 X113.283 Y103.088 E1.36658
G1 X113.664 Y103.282 E1.38105
G1 X110.632 Y106.314 E1.52619
G1 X111.089 Y106.433 E1.54217
G1 X114.029 Y103.493 E1.68291
G1 X114.376 Y103.722 E1.69698
G1 X111.509 Y106.589 E1.83422
G1 X111.895 Y106.779 E1.84878
G1 X114.706 Y103.967 E1.98336
G1 X115.021 Y104.228 E1.99721
G1 X112.234 Y107.015 E2.13062
G1 X112.553 Y107.271 E2.14446
G1 X115.321 Y104.504 E2.27694
G1 X115.606 Y104.795 E2.29073
G1 X112.831 Y107.57 E2.42357
G1 X113.078 Y107.898 E2.43747
G1 X115.875 Y105.101 E2.57136
G1 X116.129 Y105.422 E2.58522
G1 X113.301 Y108.251 E2.72062
G1 X113.47 Y108.657 E2.73551
G1 X116.366 Y105.761 E2.87414
G1 X116.59 Y106.113 E2.88826
G1 X113.625 Y109.078 E3.03019
G1 X113.701 Y109.577 E3.04728
G1 X116.796 Y106.483 E3.19541
G1 X116.983 Y106.871 E3.20999
G1 X113.724 Y110.13 E3.366
G1 X113.515 Y111.071 F9000
;WIDTH:0.38292
G1 F2400
G1 X113.444 Y111.052 E3.36808
G1 X113.463 Y111.123 E3.37016
G1 X113.504 Y111.112 E3.37136
;WIDTH:0.41646
G1 X113.57 Y110.953 E3.37671
;WIDTH:0.449999
G1 X113.636 Y110.794 E3.38254
G1 X117.143 Y107.287 E3.55042
G1 X117.296 Y107.71 E3.56565
G1 X113.326 Y111.68 E3.75569
G1 X113.219 Y111.824 E3.76176
;WIDTH:0.41646
G1 X113.112 Y111.968 E3.76733
;WIDTH:0.38292
G1 X112.706 Y112.439 E3.78491
G1 X111.949 Y113.123 E3.81375
;WIDTH:0.449999
G1 X111.661 Y113.345 E3.82606
G1 X107.705 Y117.301 E4.01543
G1 X107.807 Y117.397 E4.02017
;WIDTH:0.41646
G1 X107.908 Y117.493 E4.0245
;WIDTH:0.38292
G1 X107.837 Y117.474 E4.02658
G1 X107.856 Y117.545 E4.02866
G1 X107.897 Y117.534 E4.02986
;WIDTH:0.449999
G1 X108.155 Y117.427 E4.03931
G1 X117.426 Y108.156 E4.48311
G1 X117.528 Y108.629 E4.49949
G1 X108.628 Y117.529 E4.92553
G1 X109.129 Y117.604 E4.94268
G1 X117.602 Y109.131 E5.34828
G1 X117.642 Y109.666 E5.36644
G1 X109.661 Y117.647 E5.74849
G1 X110.236 Y117.649 E5.76795
G1 X117.645 Y110.239 E6.12264
G1 X117.603 Y110.858 E6.14364
G1 X110.857 Y117.603 E6.46654
G1 X112.159 Y117.495 F9000
;WIDTH:0.38292
G1 F2400
G1 X111.571 Y117.646 E6.4837
;WIDTH:0.41646
G1 X111.555 Y117.571 E6.48608
;WIDTH:0.449999
G1 X111.54 Y117.496 E6.48867
G1 X117.489 Y111.547 E6.77344
G1 X117.615 Y111.675 E6.77952
;WIDTH:0.38292
G1 X117.494 Y112.161 E6.79368
;WIDTH:0.449999
G1 X117.29 Y112.322 E6.80248
G1 X112.318 Y117.293 E7.04046
G1 X113.024 Y117.102 E7.06522
;WIDTH:0.38292
G1 X112.952 Y117.083 E7.06733
G1 X112.971 Y117.154 E7.06941
G1 X113.013 Y117.143 E7.07064
;WIDTH:0.41646
G1 X113.14 Y117.031 E7.0759
;WIDTH:0.449999
G1 X117.025 Y113.145 E7.2619
;WIDTH:0.41646
G1 X117.136 Y113.016 E7.26719
;WIDTH:0.38292
G1 X117.095 Y113.027 E7.26839
G1 X117.076 Y112.956 E7.27047
G1 X117.147 Y112.975 E7.27255
G1 E6.47255 F2100
G92 E0
G1 X116.06 Y114.689 F9000
G1 E.8 F2100
;WIDTH:0.461167
G1 F2400
G1 X115.748 Y115.023 E.8159
;WIDTH:0.491972
G1 X115.435 Y115.357 E.83299
G1 X114.772 Y115.987 E.86714
;WIDTH:0.444074
G1 X114.418 Y116.285 E.88257
;WIDTH:0.413497
G1 X114.064 Y116.582 E.89681
;LAYER_CHANGE
;Z:0.6
;HEIGHT:0.2
G1 E.09681 F2100
G92 E0
G1 Z.6 F9000
G1 X112.145 Y112.666
G1 E.8 F2100
;TYPE:Perimeter
;WIDTH:0.449999
G1 F1500
G1 X111.745 Y112.934 E.8163
G1 X111.327 Y113.168 E.83251
G1 X110.854 Y113.331 E.84944
G1 X110.344 Y113.418 E.86695
G1 X109.806 Y113.409 E.88516
G1 X109.325 Y113.37 E.90149
G1 X108.828 Y113.234 E.91893
G1 X108.363 Y113.022 E.93623
G1 X107.723 Y112.569 E.96277
G1 X107.312 Y112.138 E.98293
G1 X107.014 Y111.709 E1.00061
G1 X106.749 Y111.052 E1.02459
G1 X106.613 Y110.593 E1.04079
G1 X106.56 Y110.093 E1.05781
G1 X106.612 Y109.42 E1.08066
G1 X106.769 Y108.829 E1.10136
G1 X107.043 Y108.245 E1.1232
G1 X107.414 Y107.737 E1.14449
G1 X107.783 Y107.389 E1.16166
G1 X108.164 Y107.094 E1.17797
G1 X108.605 Y106.856 E1.19493
G1 X109.112 Y106.681 E1.21308
G1 X109.705 Y106.581 E1.23344
G1 X109.981 Y106.566 E1.2428
G1 X110.532 Y106.607 E1.2615
G1 X111.135 Y106.759 E1.28255
G1 X111.695 Y107.014 E1.30338
G1 X112.188 Y107.358 E1.32373
G1 X112.574 Y107.747 E1.34228
G1 X112.915 Y108.192 E1.36126
G1 X113.167 Y108.674 E1.37967
G1 X113.333 Y109.164 E1.39718
G1 X113.421 Y109.708 E1.41583
G1 X113.419 Y110.26 E1.43451
G1 X113.324 Y110.809 E1.45337
G1 X113.186 Y111.279 E1.46995
G1 X112.938 Y111.783 E1.48896
G1 X112.632 Y112.205 E1.5066
G1 X112.266 Y112.585 E1.52446
G1 X112.195 Y112.632 E1.52734
G1 X111.894 Y112.351 F9000
G1 F1500
G1 X111.337 Y112.714 E1.54984
G1 X110.87 Y112.897 E1.56682
G1 X110.373 Y113.008 E1.58406
G1 X109.814 Y113.002 E1.60298
G1 X109.375 Y112.962 E1.6179
G1 X108.822 Y112.79 E1.6375
G1 X108.547 Y112.656 E1.64785
G1 X107.959 Y112.237 E1.67229
G1 X107.568 Y111.811 E1.69186
G1 X107.302 Y111.377 E1.70909
G1 X107.053 Y110.7 E1.73351
G1 X106.97 Y110.127 E1.75311
G1 X107.018 Y109.456 E1.77588
G1 X107.158 Y108.947 E1.79375
G1 X107.405 Y108.431 E1.81311
G1 X107.736 Y107.986 E1.83188
G1 X108.257 Y107.521 E1.85552
G1 X108.74 Y107.243 E1.87438
G1 X109.24 Y107.067 E1.89232
G1 X109.759 Y106.984 E1.91011
G1 X110.498 Y107.013 E1.93514
G1 X111.023 Y107.15 E1.95351
G1 X111.515 Y107.379 E1.97188
G1 X111.943 Y107.684 E1.98967
G1 X112.451 Y108.224 E2.01477
G1 X112.728 Y108.689 E2.03309
G1 X112.912 Y109.187 E2.05106
G1 X113.01 Y109.712 E2.06914
G1 X113.012 Y110.245 E2.08718
G1 X112.862 Y110.983 E2.11267
G1 X112.62 Y111.518 E2.13255
G1 X112.304 Y111.964 E2.15105
G1 X111.944 Y112.317 E2.16812
G1 X111.633 Y112.024 F9000
;TYPE:External perimeter
G1 F1500
G1 X111.585 Y112.066 E2.17028
G1 X111.114 Y112.373 E2.18931
G1 X110.639 Y112.545 E2.20641
G1 X110.146 Y112.601 E2.2232
G1 X109.583 Y112.59 E2.24226
G1 X109.093 Y112.464 E2.25939
G1 X108.783 Y112.325 E2.27089
G1 X108.195 Y111.906 E2.29533
G1 X107.861 Y111.525 E2.31248
G1 X107.63 Y111.09 E2.32915
G1 X107.435 Y110.559 E2.3483
G1 X107.373 Y110.058 E2.36539
G1 X107.423 Y109.493 E2.38459
G1 X107.568 Y109.007 E2.40176
G1 X107.768 Y108.616 E2.41663
G1 X108.072 Y108.217 E2.43361
G1 X108.52 Y107.832 E2.4536
G1 X108.958 Y107.59 E2.47054
G1 X109.476 Y107.433 E2.48886
G1 X109.92 Y107.378 E2.504
G1 X110.468 Y107.419 E2.5226
G1 X110.959 Y107.559 E2.53988
G1 X111.427 Y107.805 E2.55778
G1 X111.783 Y108.078 E2.57297
G1 X112.144 Y108.492 E2.59156
G1 X112.392 Y108.926 E2.60848
G1 X112.553 Y109.405 E2.62558
G1 X112.617 Y109.89 E2.64214
G1 X112.596 Y110.359 E2.65803
G1 X112.467 Y110.886 E2.67639
G1 X112.253 Y111.341 E2.69341
G1 X111.957 Y111.746 E2.71039
G1 X111.679 Y111.985 E2.7228
G1 X111.352 Y112.216 F9000
G1 E1.9228 F2100
G92 E0
G1 X117.943 Y110.445 F9000
G1 E.8 F2100
;TYPE:Perimeter
G1 F2700
G1 X117.943 Y110.476 E.80105
G1 X117.891 Y111.017 E.81945
G1 X117.8 Y111.562 E.83815
G1 X117.638 Y112.222 E.86115
G1 X117.477 Y112.717 E.87877
G1 X117.266 Y113.232 E.89761
G1 X116.735 Y114.233 E.93596
G1 X116.334 Y114.815 E.95988
G1 X115.992 Y115.237 E.97827
G1 X115.619 Y115.633 E.99668
G1 X115.187 Y116.031 E1.01656
G1 X114.634 Y116.469 E1.04044
G1 X114.182 Y116.772 E1.05886
G1 X113.709 Y117.04 E1.07726
G1 X113.179 Y117.293 E1.09714
G1 X112.521 Y117.548 E1.12103
G1 X112 Y117.704 E1.13944
G1 X111.469 Y117.821 E1.15784
G1 X110.888 Y117.907 E1.17772
G1 X110.343 Y117.949 E1.19622
G1 X109.725 Y117.954 E1.21714
G1 X109.17 Y117.912 E1.23598
G1 X108.118 Y117.733 E1.2721
G1 X107.376 Y117.515 E1.29828
G1 X106.869 Y117.32 E1.31667
G1 X106.377 Y117.088 E1.33508
G1 X105.939 Y116.844 E1.35205
G1 X105.464 Y116.534 E1.37125
G1 X104.768 Y115.998 E1.40099
G1 X104.37 Y115.625 E1.41945
G1 X103.893 Y115.107 E1.44329
G1 X103.561 Y114.683 E1.46152
G1 X103.244 Y114.208 E1.48085
G1 X102.82 Y113.442 E1.51049
G1 X102.608 Y112.955 E1.52847
G1 X102.378 Y112.293 E1.55219
G1 X102.247 Y111.802 E1.56939
G1 X102.138 Y111.253 E1.58834
G1 X102.069 Y110.714 E1.60673
G1 X102.041 Y110.171 E1.62513
G1 X102.049 Y109.628 E1.64351
G1 X102.118 Y108.881 E1.6689
G1 X102.211 Y108.345 E1.68731
G1 X102.344 Y107.817 E1.70574
G1 X102.592 Y107.098 E1.73148
G1 X102.805 Y106.618 E1.74926
G1 X103.196 Y105.869 E1.77786
G1 X103.509 Y105.391 E1.7972
G1 X103.85 Y104.951 E1.81604
G1 X104.196 Y104.57 E1.83346
G1 X104.8 Y103.973 E1.86221
G1 X105.218 Y103.634 E1.88043
G1 X105.689 Y103.31 E1.89978
G1 X106.364 Y102.923 E1.92612
G1 X106.869 Y102.68 E1.94509
G1 X107.376 Y102.485 E1.96348
G1 X108.052 Y102.284 E1.98735
G1 X108.569 Y102.172 E2.00526
G1 X109.098 Y102.092 E2.02337
G1 X109.635 Y102.048 E2.04161
G1 X110.206 Y102.045 E2.06094
G1 X110.982 Y102.106 E2.08729
G1 X111.536 Y102.19 E2.10626
G1 X112.065 Y102.315 E2.12466
G1 X112.737 Y102.529 E2.14853
G1 X113.209 Y102.72 E2.16577
G1 X113.709 Y102.96 E2.18454
G1 X114.182 Y103.228 E2.20294
G1 X114.634 Y103.531 E2.22136
G1 X115.272 Y104.041 E2.24901
G1 X115.668 Y104.413 E2.2674
G1 X116.035 Y104.815 E2.28582
G1 X116.47 Y105.371 E2.30972
G1 X116.753 Y105.795 E2.32698
G1 X117.03 Y106.274 E2.34571
G1 X117.269 Y106.762 E2.3641
G1 X117.472 Y107.267 E2.38252
G1 X117.689 Y107.962 E2.40716
G1 X117.81 Y108.483 E2.42526
G1 X117.891 Y108.983 E2.44241
G1 X117.943 Y109.524 E2.46081
G1 X117.943 Y110.385 E2.48995
G1 X118.347 Y110.481 F9000
G1 F2700
G1 X118.312 Y110.92 E2.50486
G1 X118.242 Y111.415 E2.52178
G1 X118.143 Y111.906 E2.53873
G1 X118.014 Y112.389 E2.55565
G1 X117.832 Y112.937 E2.5752
G1 X117.598 Y113.492 E2.59559
G1 X117.23 Y114.197 E2.62251
G1 X116.954 Y114.646 E2.64035
G1 X116.664 Y115.054 E2.65729
G1 X116.349 Y115.444 E2.67426
G1 X116.013 Y115.814 E2.69118
G1 X115.654 Y116.163 E2.70813
G1 X115.275 Y116.49 E2.72507
G1 X114.878 Y116.794 E2.742
G1 X114.463 Y117.074 E2.75895
G1 X114.032 Y117.328 E2.77588
G1 X113.586 Y117.557 E2.79285
G1 X113.128 Y117.758 E2.80978
G1 X112.658 Y117.931 E2.82673
G1 X112.179 Y118.076 E2.84367
G1 X111.692 Y118.192 E2.86062
G1 X111.199 Y118.279 E2.87757
G1 X110.702 Y118.336 E2.8945
G1 X110.203 Y118.363 E2.91142
G1 X109.625 Y118.359 E2.93099
G1 X109.025 Y118.308 E2.95137
G1 X108.241 Y118.175 E2.97829
G1 X107.728 Y118.052 E2.99615
G1 X107.251 Y117.902 E3.01308
G1 X106.783 Y117.723 E3.03004
G1 X106.327 Y117.517 E3.04698
G1 X105.816 Y117.248 E3.06653
G1 X105.307 Y116.926 E3.08692
G1 X104.673 Y116.447 E3.11382
G1 X104.274 Y116.101 E3.1317
G1 X103.92 Y115.748 E3.14862
G1 X103.587 Y115.375 E3.16554
G1 X103.23 Y114.921 E3.18509
G1 X102.896 Y114.42 E3.20547
G1 X102.511 Y113.724 E3.23239
G1 X102.287 Y113.246 E3.25026
G1 X102.107 Y112.78 E3.26717
G1 X101.955 Y112.303 E3.28412
G1 X101.831 Y111.817 E3.3011
G1 X101.737 Y111.326 E3.31802
G1 X101.673 Y110.829 E3.33498
G1 X101.638 Y110.33 E3.35191
G1 X101.633 Y109.83 E3.36884
G1 X101.659 Y109.33 E3.38579
G1 X101.714 Y108.832 E3.40275
G1 X101.798 Y108.339 E3.41968
G1 X101.912 Y107.852 E3.43661
G1 X102.078 Y107.299 E3.45615
G1 X102.295 Y106.737 E3.47654
G1 X102.643 Y106.022 E3.50346
G1 X102.905 Y105.564 E3.52132
G1 X103.226 Y105.084 E3.54087
G1 X103.599 Y104.612 E3.56123
G1 X104.142 Y104.031 E3.58815
G1 X104.527 Y103.67 E3.60601
G1 X104.976 Y103.307 E3.62555
G1 X105.472 Y102.965 E3.64594
G1 X106.162 Y102.57 E3.67285
G1 X106.636 Y102.339 E3.6907
G1 X107.1 Y102.152 E3.70763
G1 X107.575 Y101.993 E3.72459
G1 X108.058 Y101.862 E3.74153
G1 X108.548 Y101.761 E3.75846
G1 X109.043 Y101.689 E3.77539
G1 X109.619 Y101.641 E3.79495
G1 X110.221 Y101.638 E3.81533
G1 X111.129 Y101.709 E3.84616
G1 X111.692 Y101.808 E3.86551
G1 X112.179 Y101.924 E3.88246
G1 X112.658 Y102.069 E3.8994
G1 X113.128 Y102.242 E3.91635
G1 X113.586 Y102.443 E3.93328
G1 X114.032 Y102.671 E3.95023
G1 X114.463 Y102.926 E3.96718
G1 X114.878 Y103.206 E3.98413
G1 X115.275 Y103.51 E4.00106
G1 X115.654 Y103.837 E4.018
G1 X116.013 Y104.186 E4.03495
G1 X116.35 Y104.556 E4.05189
G1 X116.664 Y104.946 E4.06884
G1 X116.954 Y105.354 E4.08578
G1 X117.219 Y105.778 E4.1027
G1 X117.459 Y106.218 E4.11966
G1 X117.672 Y106.67 E4.13657
G1 X117.857 Y107.135 E4.15351
G1 X118.014 Y107.611 E4.17048
G1 X118.143 Y108.094 E4.1874
G1 X118.242 Y108.585 E4.20435
G1 X118.312 Y109.081 E4.22131
G1 X118.352 Y109.579 E4.23822
G1 X118.352 Y110.42 E4.26669
G1 X118.757 Y110.518 F9000
;TYPE:External perimeter
G1 F1800
G1 X118.757 Y110.525 E4.26693
G1 X118.709 Y111.048 E4.28471
G1 X118.631 Y111.567 E4.30247
G1 X118.522 Y112.08 E4.32022
G1 X118.382 Y112.586 E4.33799
G1 X118.213 Y113.082 E4.35573
G1 X117.967 Y113.666 E4.37718
G1 X117.529 Y114.503 E4.40916
G1 X117.247 Y114.943 E4.42685
G1 X116.939 Y115.368 E4.44462
G1 X116.605 Y115.773 E4.46239
G1 X116.248 Y116.158 E4.48016
G1 X115.869 Y116.521 E4.49792
G1 X115.468 Y116.861 E4.51572
G1 X115.048 Y117.175 E4.53347
G1 X114.61 Y117.465 E4.55125
G1 X114.156 Y117.727 E4.56899
G1 X113.686 Y117.962 E4.58678
G1 X113.203 Y118.168 E4.60455
G1 X112.709 Y118.345 E4.62231
G1 X112.205 Y118.493 E4.64009
G1 X111.693 Y118.609 E4.65786
G1 X111.175 Y118.695 E4.67563
G1 X110.653 Y118.75 E4.6934
G1 X110.129 Y118.774 E4.71116
G1 X109.605 Y118.766 E4.7289
G1 X108.973 Y118.712 E4.75037
G1 X108.042 Y118.554 E4.78233
G1 X107.537 Y118.423 E4.79999
G1 X107.037 Y118.261 E4.81778
G1 X106.549 Y118.069 E4.83553
G1 X106.072 Y117.848 E4.85332
G1 X105.611 Y117.6 E4.87104
G1 X105.075 Y117.261 E4.89251
G1 X104.321 Y116.692 E4.92448
G1 X103.933 Y116.342 E4.94217
G1 X103.565 Y115.968 E4.95993
G1 X103.219 Y115.573 E4.9777
G1 X102.899 Y115.159 E4.99541
G1 X102.547 Y114.632 E5.01686
G1 X102.09 Y113.805 E5.04884
G1 X101.878 Y113.328 E5.06651
G1 X101.693 Y112.836 E5.0843
G1 X101.539 Y112.334 E5.10207
G1 X101.414 Y111.824 E5.11984
G1 X101.32 Y111.308 E5.13759
G1 X101.258 Y110.787 E5.15535
G1 X101.226 Y110.263 E5.17312
G1 X101.226 Y109.737 E5.19092
G1 X101.258 Y109.213 E5.20869
G1 X101.32 Y108.692 E5.22645
G1 X101.414 Y108.176 E5.2442
G1 X101.539 Y107.666 E5.26197
G1 X101.693 Y107.165 E5.27971
G1 X101.922 Y106.574 E5.30116
G1 X102.335 Y105.724 E5.33315
G1 X102.603 Y105.276 E5.35082
G1 X102.898 Y104.843 E5.36855
G1 X103.29 Y104.346 E5.38998
G1 X103.935 Y103.656 E5.42195
G1 X104.323 Y103.306 E5.43964
G1 X104.733 Y102.98 E5.45737
G1 X105.255 Y102.62 E5.47883
G1 X106.075 Y102.151 E5.51081
G1 X106.549 Y101.931 E5.5285
G1 X107.037 Y101.739 E5.54625
G1 X107.537 Y101.577 E5.56404
G1 X108.045 Y101.445 E5.58181
G1 X108.56 Y101.344 E5.59957
G1 X109.08 Y101.273 E5.61733
G1 X109.602 Y101.234 E5.63505
G1 X110.236 Y101.231 E5.65651
G1 X111.178 Y101.305 E5.68849
G1 X111.783 Y101.411 E5.70928
G1 X112.293 Y101.533 E5.72703
G1 X112.81 Y101.691 E5.74533
G1 X113.288 Y101.868 E5.76258
G1 X113.768 Y102.079 E5.78033
G1 X114.248 Y102.327 E5.79862
G1 X114.687 Y102.586 E5.81587
G1 X115.122 Y102.88 E5.83364
G1 X115.539 Y103.199 E5.85141
G1 X115.935 Y103.543 E5.86917
G1 X116.311 Y103.909 E5.88693
G1 X116.664 Y104.298 E5.90471
G1 X116.993 Y104.707 E5.92248
G1 X117.297 Y105.134 E5.94022
G1 X117.575 Y105.58 E5.95801
G1 X117.833 Y106.056 E5.97634
G1 X118.048 Y106.516 E5.99353
G1 X118.242 Y107.004 E6.01131
G1 X118.407 Y107.502 E6.02907
G1 X118.541 Y108.01 E6.04685
G1 X118.645 Y108.524 E6.0646
G1 X118.718 Y109.044 E6.08237
G1 X118.759 Y109.567 E6.10013
G1 X118.757 Y110.458 E6.13029
G1 X118.726 Y110.857 F9000
G1 E5.33029 F2100
G92 E0
G1 X103.688 Y114.592 F9000
G1 E.8 F2100
;TYPE:Solid infill
;WIDTH:0.38292
G1 F2400
G1 X104.31 Y115.277 E.82616
G1 X104.963 Y115.916 E.85199
G1 X105.392 Y116.29 E.86808
G1 X106.273 Y116.686 F9000
G1 F2400
G1 X106.284 Y116.727 E.86928
G1 X106.213 Y116.746 E.87136
G1 X106.232 Y116.675 E.87344
;WIDTH:0.41646
G1 X106.094 Y116.584 E.87857
;WIDTH:0.449999
G1 X105.955 Y116.493 E.88419
G1 X103.496 Y114.034 E1.0019
G1 X103.403 Y113.875 E1.00813
;WIDTH:0.41646
G1 X103.31 Y113.716 E1.01385
;WIDTH:0.38292
G1 X103.321 Y113.758 E1.01508
G1 X103.25 Y113.777 E1.01716
G1 X103.269 Y113.705 E1.01927
G1 X102.898 Y112.86 F9000
;WIDTH:0.449999
G1 F2400
G1 X107.134 Y117.096 E1.22204
G1 X107.293 Y117.174 E1.22803
;WIDTH:0.41646
G1 X107.452 Y117.252 E1.23353
;WIDTH:0.38292
G1 X107.463 Y117.293 E1.23473
G1 X107.391 Y117.312 E1.23684
G1 X107.41 Y117.241 E1.23892
G1 X108.431 Y117.64 F9000
G1 F2400
G1 X108.161 Y117.586 E1.2467
;WIDTH:0.41646
G1 X108.08 Y117.486 E1.2507
;WIDTH:0.449999
G1 X108 Y117.387 E1.25501
G1 X102.608 Y111.994 E1.51315
G1 X102.45 Y111.26 E1.53856
G1 X108.724 Y117.534 E1.83889
G1 X109.389 Y117.624 E1.8616
G1 X102.368 Y110.603 E2.19769
G1 X102.346 Y110.005 E2.21795
G1 X109.993 Y117.652 E2.58401
G1 X110.551 Y117.634 E2.60291
G1 X102.365 Y109.449 E2.99474
G1 X102.42 Y108.928 E3.01247
G1 X111.07 Y117.578 E3.42654
G1 X111.559 Y117.492 E3.44335
G1 X102.505 Y108.437 E3.87678
G1 X102.616 Y107.973 E3.89293
G1 X112.023 Y117.38 E4.34324
G1 X112.182 Y117.4 E4.34866
;WIDTH:0.41646
G1 X112.341 Y117.42 E4.35364
;WIDTH:0.38292
G1 X112.352 Y117.461 E4.35484
G1 X112.281 Y117.48 E4.35692
G1 X112.3 Y117.409 E4.359
;WIDTH:0.449999
G1 X112.461 Y117.242 E4.36685
G1 X108.748 Y113.529 E4.54459
G1 X108.604 Y113.429 E4.55052
;WIDTH:0.41646
G1 X108.46 Y113.33 E4.55595
;WIDTH:0.38292
G1 X108.251 Y113.185 E4.56314
G1 X107.824 Y112.821 E4.579
G1 X106.732 Y111.558 F9000
G1 F2400
G1 X106.743 Y111.599 E4.5802
G1 X106.672 Y111.618 E4.58228
G1 X106.691 Y111.547 E4.58436
;WIDTH:0.41646
G1 X106.605 Y111.423 E4.58905
;WIDTH:0.449999
G1 X106.519 Y111.3 E4.59413
G1 X102.751 Y107.532 E4.7745
G1 X102.912 Y107.117 E4.78957
G1 X106.303 Y110.508 E4.9519
G1 X106.369 Y110.631 E4.95662
;WIDTH:0.41646
G1 X106.435 Y110.755 E4.96098
;WIDTH:0.38292
G1 X106.416 Y110.826 E4.96306
G1 X106.487 Y110.807 E4.96514
G1 X106.476 Y110.766 E4.96634
G1 X106.274 Y109.903 F9000
;WIDTH:0.449999
G1 F2400
G1 X103.094 Y106.723 E5.11856
G1 X103.282 Y106.336 E5.13312
G1 X106.316 Y109.37 E5.27836
G1 X106.431 Y108.909 E5.29444
G1 X103.492 Y105.97 E5.43513
G1 X103.721 Y105.623 E5.4492
G1 X106.584 Y108.486 E5.58625
G1 X106.779 Y108.105 E5.60074
G1 X103.968 Y105.294 E5.7353
G1 X104.23 Y104.981 E5.74912
G1 X107.013 Y107.764 E5.88234
G1 X107.265 Y107.44 E5.89623
G1 X104.508 Y104.683 E6.02821
G1 X104.792 Y104.391 E6.042
G1 X107.575 Y107.175 E6.17524
G1 X107.886 Y106.91 E6.18907
G1 X105.097 Y104.121 E6.32258
G1 X105.419 Y103.867 E6.33646
G1 X108.254 Y106.702 E6.47217
G1 X108.648 Y106.521 E6.48685
G1 X105.759 Y103.632 E6.62514
G1 X106.119 Y103.416 E6.63935
G1 X109.08 Y106.376 E6.78107
G1 X109.573 Y106.294 E6.79799
G1 X106.485 Y103.206 E6.94581
G1 X106.87 Y103.016 E6.96034
G1 X110.134 Y106.279 E7.11656
G1 X111.094 Y106.492 F9000
;WIDTH:0.38292
G1 F2400
G1 X111.105 Y106.533 E7.11776
G1 X111.034 Y106.552 E7.11984
G1 X111.053 Y106.481 E7.12192
;WIDTH:0.41646
G1 X110.914 Y106.413 E7.12673
;WIDTH:0.449999
G1 X110.776 Y106.346 E7.13192
G1 X107.278 Y102.848 E7.29937
G1 X107.707 Y102.701 E7.31472
G1 X111.679 Y106.673 E7.50486
G1 X111.823 Y106.778 E7.51089
;WIDTH:0.41646
G1 X111.966 Y106.884 E7.51642
;WIDTH:0.38292
G1 X112.451 Y107.306 E7.5346
G1 X113.123 Y108.05 E7.56294
G1 E6.76294 F2100
G92 E0
G1 X109.501 Y113.706 F9000
G1 E.8 F2100
;WIDTH:0.449999
G1 F2400
G1 X112.883 Y117.088 E.96189
G1 X113.283 Y116.912 E.97668
G1 X110.084 Y113.713 E1.12981
G1 X110.628 Y113.682 E1.14825
G1 X113.664 Y116.718 E1.29358
G1 X114.029 Y116.507 E1.30785
G1 X111.092 Y113.57 E1.44844
G1 X111.514 Y113.416 E1.46365
G1 X114.376 Y116.278 E1.60065
G1 X114.706 Y116.033 E1.61456
G1 X111.878 Y113.205 E1.74993
G1 X112.228 Y112.979 E1.76403
G1 X115.021 Y115.772 E1.89773
G1 X115.319 Y115.495 E1.9115
G1 X112.548 Y112.723 E2.04417
G1 X112.838 Y112.438 E2.05793
G1 X115.606 Y115.205 E2.19041
G1 X115.875 Y114.899 E2.2042
G1 X113.081 Y112.105 E2.33795
G1 X113.294 Y111.743 E2.35217
G1 X116.129 Y114.578 E2.48788
G1 X116.368 Y114.24 E2.50189
G1 X113.48 Y111.353 E2.64011
G1 X113.609 Y110.906 E2.65586
G1 X116.588 Y113.885 E2.79846
G1 X116.786 Y113.507 E2.8129
G1 X113.71 Y110.431 E2.96015
G1 X113.729 Y109.874 E2.97901
G1 X116.98 Y113.125 E3.13463
G1 X117.151 Y112.72 E3.14951
G1 X113.653 Y109.223 E3.31693
G1 X113.583 Y109.065 E3.32278
;WIDTH:0.41646
G1 X113.513 Y108.908 E3.32812
;WIDTH:0.38292
G1 X113.524 Y108.949 E3.32932
G1 X113.453 Y108.968 E3.3314
G1 X113.472 Y108.897 E3.33348
;WIDTH:0.449999
G1 X113.344 Y108.338 E3.35289
G1 X117.299 Y112.294 E3.54224
G1 X117.395 Y112.192 E3.54698
;WIDTH:0.41646
G1 X117.491 Y112.091 E3.55131
;WIDTH:0.38292
G1 X117.472 Y112.162 E3.55339
G1 X117.543 Y112.143 E3.55547
G1 X117.532 Y112.102 E3.55667
;WIDTH:0.449999
G1 X117.426 Y111.844 E3.56611
G1 X108.155 Y102.573 E4.00991
G1 X108.628 Y102.471 E4.02629
G1 X117.528 Y111.371 E4.45233
G1 X117.602 Y110.869 E4.46951
G1 X109.129 Y102.396 E4.87511
G1 X109.662 Y102.353 E4.89321
G1 X117.642 Y110.334 E5.27523
G1 X117.645 Y109.761 E5.29463
G1 X110.242 Y102.357 E5.64903
G1 X110.863 Y102.403 E5.67011
G1 X117.603 Y109.142 E5.99273
G1 X117.492 Y107.838 F9000
;WIDTH:0.38292
G1 F2400
G1 X117.624 Y108.364 E6.00806
;WIDTH:0.41646
G1 X117.555 Y108.408 E6.0106
;WIDTH:0.449999
G1 X117.487 Y108.451 E6.01332
G1 X111.54 Y102.504 E6.298
G1 X111.742 Y102.4 E6.30569
;WIDTH:0.38292
G1 X112.162 Y102.507 E6.31794
;WIDTH:0.449999
G1 X112.323 Y102.711 E6.32674
G1 X117.29 Y107.678 E6.56451
G1 X117.099 Y106.973 E6.58923
;WIDTH:0.38292
G1 X117.08 Y107.044 E6.59131
G1 X117.151 Y107.025 E6.59339
G1 X117.14 Y106.984 E6.59459
;WIDTH:0.41646
G1 X117.027 Y106.855 E6.59992
;WIDTH:0.449999
G1 X113.268 Y103.081 E6.78022
G1 X113.139 Y102.971 E6.78596
;WIDTH:0.41646
G1 X113.01 Y102.861 E6.79123
;WIDTH:0.38292
G1 X113.021 Y102.902 E6.79243
G1 X112.95 Y102.921 E6.79451
G1 X112.969 Y102.85 E6.79659
G1 X114.066 Y103.419 F9000
;WIDTH:0.413496
G1 F2400
G1 X114.419 Y103.716 E6.8108
;WIDTH:0.444072
G1 X114.772 Y104.013 E6.82619
;WIDTH:0.491972
G1 X115.435 Y104.643 E6.86034
G1 X115.748 Y104.977 E6.87743
;WIDTH:0.461167
G1 X116.06 Y105.311 E6.89333
M106 S114.75
;LAYER_CHANGE
;Z:0.8
;HEIGHT:0.2
G1 E6.09333 F2100
G92 E0
G1 Z.8 F9000
G1 X112.146 Y112.655
G1 E.8 F2100
;TYPE:Perimeter
;WIDTH:0.449999
G1 F1500
G1 X111.749 Y112.931 E.81637
G1 X111.332 Y113.166 E.83257
G1 X110.85 Y113.332 E.84983
G1 X110.341 Y113.419 E.86731
G1 X109.794 Y113.408 E.88583
G1 X109.317 Y113.368 E.90203
G1 X108.825 Y113.233 E.9193
G1 X108.354 Y113.018 E.93683
G1 X107.91 Y112.702 E.95528
G1 X107.538 Y112.399 E.97152
G1 X107.207 Y112.01 E.98881
G1 X106.94 Y111.568 E1.00629
G1 X106.751 Y111.057 E1.02473
G1 X106.613 Y110.596 E1.04102
G1 X106.56 Y110.089 E1.05827
G1 X106.611 Y109.426 E1.08078
G1 X106.768 Y108.829 E1.10167
G1 X107.039 Y108.253 E1.12322
G1 X107.432 Y107.715 E1.14577
G1 X107.989 Y107.214 E1.17113
G1 X108.538 Y106.889 E1.19273
G1 X109.117 Y106.678 E1.21359
G1 X109.704 Y106.581 E1.23373
G1 X109.989 Y106.566 E1.24339
G1 X110.528 Y106.606 E1.26168
G1 X111.14 Y106.76 E1.28304
G1 X111.7 Y107.016 E1.30388
G1 X112.187 Y107.358 E1.32402
G1 X112.575 Y107.746 E1.34259
G1 X112.917 Y108.196 E1.36172
G1 X113.165 Y108.669 E1.3798
G1 X113.334 Y109.168 E1.39763
G1 X113.422 Y109.71 E1.41622
G1 X113.418 Y110.255 E1.43467
G1 X113.386 Y110.562 E1.44512
G1 X113.259 Y111.075 E1.46301
G1 X113.011 Y111.642 E1.48396
G1 X112.681 Y112.139 E1.50415
G1 X112.323 Y112.531 E1.52212
G1 X112.195 Y112.621 E1.52742
G1 X111.9 Y112.347 F9000
G1 F1500
G1 X111.331 Y112.717 E1.55039
G1 X110.79 Y112.925 E1.57001
G1 X110.289 Y113.012 E1.58722
G1 X109.568 Y112.996 E1.61163
G1 X109.004 Y112.863 E1.63124
G1 X108.541 Y112.653 E1.64845
G1 X107.954 Y112.233 E1.67288
G1 X107.563 Y111.805 E1.6925
G1 X107.299 Y111.371 E1.70969
G1 X107.051 Y110.693 E1.73413
G1 X106.97 Y110.119 E1.75375
G1 X107.017 Y109.462 E1.77605
G1 X107.158 Y108.945 E1.79419
G1 X107.402 Y108.437 E1.81327
G1 X107.754 Y107.964 E1.83323
G1 X108.252 Y107.524 E1.85572
G1 X108.734 Y107.246 E1.87455
G1 X109.246 Y107.065 E1.89293
G1 X109.759 Y106.985 E1.9105
G1 X110.493 Y107.012 E1.93536
G1 X111.029 Y107.151 E1.9541
G1 X111.521 Y107.381 E1.97248
G1 X111.942 Y107.684 E1.99004
G1 X112.448 Y108.22 E2.01499
G1 X112.731 Y108.694 E2.03368
G1 X112.912 Y109.188 E2.05149
G1 X113.01 Y109.709 E2.06943
G1 X113.011 Y110.239 E2.08737
G1 X112.93 Y110.711 E2.10358
G1 X112.792 Y111.158 E2.11942
G1 X112.558 Y111.62 E2.13695
G1 X112.256 Y112.022 E2.15397
G1 X111.948 Y112.312 E2.16829
G1 X111.639 Y112.021 F9000
;TYPE:External perimeter
G1 F1500
G1 X111.591 Y112.063 E2.17045
G1 X111.109 Y112.376 E2.1899
G1 X110.634 Y112.547 E2.20699
G1 X110.153 Y112.602 E2.22338
G1 X109.577 Y112.589 E2.24288
G1 X109.088 Y112.462 E2.25998
G1 X108.661 Y112.238 E2.2763
G1 X108.191 Y111.902 E2.29586
G1 X107.859 Y111.522 E2.31294
G1 X107.633 Y111.097 E2.32923
G1 X107.433 Y110.553 E2.34885
G1 X107.373 Y110.052 E2.36593
G1 X107.422 Y109.499 E2.38472
G1 X107.554 Y109.043 E2.40079
G1 X107.785 Y108.589 E2.41803
G1 X108.104 Y108.183 E2.43551
G1 X108.515 Y107.835 E2.45374
G1 X108.953 Y107.592 E2.47069
G1 X109.516 Y107.428 E2.49054
G1 X109.928 Y107.377 E2.50459
G1 X110.463 Y107.418 E2.52275
G1 X110.954 Y107.556 E2.54001
G1 X111.425 Y107.804 E2.55803
G1 X111.788 Y108.083 E2.57353
G1 X112.141 Y108.488 E2.59172
G1 X112.39 Y108.922 E2.60866
G1 X112.552 Y109.397 E2.62565
G1 X112.617 Y109.883 E2.64225
G1 X112.595 Y110.367 E2.65865
G1 X112.469 Y110.881 E2.67656
G1 X112.25 Y111.346 E2.69396
G1 X111.953 Y111.751 E2.71096
G1 X111.685 Y111.982 E2.72294
G1 X111.357 Y112.212 F9000
G1 E1.92294 F2100
G92 E0
G1 X117.929 Y110.507 F9000
G1 E.8 F2100
;TYPE:Perimeter
G1 F2700
G1 X117.907 Y110.883 E.81275
G1 X117.83 Y111.421 E.83115
G1 X117.713 Y111.953 E.84959
G1 X117.51 Y112.622 E.87325
G1 X117.321 Y113.112 E.89103
G1 X117.092 Y113.606 E.90946
G1 X116.831 Y114.083 E.92786
G1 X116.535 Y114.539 E.94626
G1 X116.195 Y114.991 E.9654
G1 X115.783 Y115.462 E.98658
G1 X115.373 Y115.869 E1.00613
G1 X114.961 Y116.224 E1.02454
G1 X114.523 Y116.547 E1.04296
G1 X113.828 Y116.976 E1.07061
G1 X113.343 Y117.223 E1.08903
G1 X112.842 Y117.433 E1.10742
G1 X112.305 Y117.615 E1.12661
G1 X111.699 Y117.773 E1.14781
G1 X111.133 Y117.877 E1.16729
G1 X110.592 Y117.938 E1.18572
G1 X110.048 Y117.958 E1.20415
G1 X109.233 Y117.922 E1.23176
G1 X108.693 Y117.853 E1.25019
G1 X108.16 Y117.744 E1.2686
G1 X107.612 Y117.591 E1.28786
G1 X107.023 Y117.381 E1.30903
G1 X106.498 Y117.148 E1.32847
G1 X106.017 Y116.894 E1.34688
G1 X105.556 Y116.604 E1.36532
G1 X104.903 Y116.115 E1.39293
G1 X104.496 Y115.754 E1.41134
G1 X104.117 Y115.363 E1.42977
G1 X103.749 Y114.928 E1.44906
G1 X103.382 Y114.422 E1.47022
G1 X103.079 Y113.935 E1.48963
G1 X102.825 Y113.454 E1.50804
G1 X102.608 Y112.955 E1.52646
G1 X102.344 Y112.183 E1.55408
G1 X102.211 Y111.655 E1.57251
G1 X102.117 Y111.117 E1.591
G1 X102.045 Y110.306 E1.61856
G1 X102.041 Y109.769 E1.63674
G1 X102.079 Y109.247 E1.65446
G1 X102.162 Y108.665 E1.67436
G1 X102.308 Y107.948 E1.69913
G1 X102.462 Y107.434 E1.71729
G1 X102.686 Y106.861 E1.73811
G1 X103.009 Y106.199 E1.76304
G1 X103.289 Y105.715 E1.78197
G1 X103.605 Y105.262 E1.80067
G1 X104.205 Y104.558 E1.83198
G1 X104.8 Y103.973 E1.86022
G1 X105.217 Y103.635 E1.87839
G1 X105.725 Y103.288 E1.89921
G1 X106.329 Y102.943 E1.92275
G1 X106.807 Y102.709 E1.94076
G1 X107.306 Y102.509 E1.95896
G1 X107.893 Y102.327 E1.97976
G1 X108.511 Y102.189 E2.00119
G1 X109.098 Y102.092 E2.02133
G1 X109.633 Y102.048 E2.0395
G1 X110.248 Y102.047 E2.06032
G1 X110.983 Y102.106 E2.08528
G1 X111.536 Y102.19 E2.10421
G1 X112.065 Y102.315 E2.12261
G1 X112.732 Y102.528 E2.14631
G1 X113.198 Y102.715 E2.16331
G1 X113.709 Y102.96 E2.18249
G1 X114.182 Y103.228 E2.20089
G1 X114.634 Y103.531 E2.21931
G1 X115.272 Y104.041 E2.24696
G1 X115.668 Y104.413 E2.26535
G1 X116.035 Y104.815 E2.28377
G1 X116.467 Y105.367 E2.3075
G1 X116.746 Y105.785 E2.32451
G1 X117.03 Y106.274 E2.34365
G1 X117.269 Y106.762 E2.36204
G1 X117.472 Y107.267 E2.38046
G1 X117.637 Y107.773 E2.39848
G1 X117.768 Y108.288 E2.41647
G1 X117.891 Y108.983 E2.44036
G1 X117.943 Y109.524 E2.45876
G1 X117.956 Y110.068 E2.47718
G1 X117.933 Y110.447 E2.49003
G1 X118.344 Y110.519 F9000
G1 F2700
G1 X118.312 Y110.92 E2.50365
G1 X118.242 Y111.415 E2.52057
G1 X118.143 Y111.906 E2.53752
G1 X118.014 Y112.389 E2.55444
G1 X117.857 Y112.865 E2.57141
G1 X117.672 Y113.329 E2.58832
G1 X117.459 Y113.782 E2.60526
G1 X117.219 Y114.222 E2.62222
G1 X116.954 Y114.646 E2.63914
G1 X116.664 Y115.054 E2.65608
G1 X116.349 Y115.444 E2.67305
G1 X116.013 Y115.814 E2.68997
G1 X115.654 Y116.163 E2.70692
G1 X115.275 Y116.49 E2.72386
G1 X114.878 Y116.794 E2.74079
G1 X114.463 Y117.074 E2.75774
G1 X114.032 Y117.328 E2.77467
G1 X113.586 Y117.557 E2.79164
G1 X113.128 Y117.758 E2.80857
G1 X112.658 Y117.931 E2.82552
G1 X112.179 Y118.076 E2.84246
G1 X111.692 Y118.192 E2.85941
G1 X111.199 Y118.279 E2.87636
G1 X110.702 Y118.336 E2.89329
G1 X110.203 Y118.363 E2.91021
G1 X109.702 Y118.36 E2.92717
G1 X109.202 Y118.328 E2.94413
G1 X108.706 Y118.265 E2.96105
G1 X108.214 Y118.173 E2.97799
G1 X107.728 Y118.052 E2.99494
G1 X107.251 Y117.902 E3.01187
G1 X106.783 Y117.723 E3.02883
G1 X106.327 Y117.517 E3.04577
G1 X105.884 Y117.284 E3.06271
G1 X105.456 Y117.026 E3.07963
G1 X105.044 Y116.741 E3.09659
G1 X104.649 Y116.433 E3.11354
G1 X104.274 Y116.101 E3.13049
G1 X103.92 Y115.748 E3.14741
G1 X103.587 Y115.375 E3.16433
G1 X103.277 Y114.982 E3.18127
G1 X102.991 Y114.571 E3.19822
G1 X102.73 Y114.143 E3.21519
G1 X102.495 Y113.701 E3.23213
G1 X102.287 Y113.246 E3.24906
G1 X102.107 Y112.78 E3.26597
G1 X101.955 Y112.303 E3.28292
G1 X101.831 Y111.817 E3.2999
G1 X101.737 Y111.326 E3.31682
G1 X101.673 Y110.829 E3.33378
G1 X101.638 Y110.33 E3.35071
G1 X101.633 Y109.754 E3.37021
G1 X101.681 Y109.109 E3.3921
G1 X101.797 Y108.365 E3.41759
G1 X101.912 Y107.852 E3.43539
G1 X102.078 Y107.3 E3.4549
G1 X102.313 Y106.697 E3.47681
G1 X102.643 Y106.02 E3.5023
G1 X102.905 Y105.564 E3.5201
G1 X103.225 Y105.085 E3.5396
G1 X103.628 Y104.579 E3.5615
G1 X104.143 Y104.029 E3.587
G1 X104.527 Y103.67 E3.60479
G1 X104.975 Y103.307 E3.62431
G1 X105.509 Y102.942 E3.6462
G1 X106.163 Y102.569 E3.67168
G1 X106.636 Y102.339 E3.68948
G1 X107.171 Y102.124 E3.709
G1 X107.788 Y101.933 E3.73086
G1 X108.524 Y101.769 E3.75638
G1 X109.043 Y101.689 E3.77415
G1 X109.618 Y101.641 E3.79368
G1 X110.264 Y101.64 E3.81555
G1 X111.128 Y101.709 E3.84489
G1 X111.692 Y101.808 E3.86427
G1 X112.179 Y101.924 E3.88122
G1 X112.658 Y102.069 E3.89816
G1 X113.128 Y102.242 E3.91511
G1 X113.586 Y102.443 E3.93204
G1 X114.032 Y102.671 E3.94899
G1 X114.463 Y102.926 E3.96594
G1 X114.878 Y103.206 E3.98289
G1 X115.275 Y103.51 E3.99982
G1 X115.654 Y103.837 E4.01676
G1 X116.013 Y104.186 E4.03371
G1 X116.35 Y104.556 E4.05065
G1 X116.664 Y104.946 E4.0676
G1 X116.954 Y105.354 E4.08454
G1 X117.219 Y105.778 E4.10146
G1 X117.459 Y106.218 E4.11842
G1 X117.672 Y106.67 E4.13533
G1 X117.857 Y107.135 E4.15227
G1 X118.014 Y107.611 E4.16924
G1 X118.143 Y108.094 E4.18616
G1 X118.242 Y108.585 E4.20311
G1 X118.312 Y109.081 E4.22007
G1 X118.352 Y109.579 E4.23698
G1 X118.352 Y110.42 E4.26545
G1 X118.349 Y110.459 E4.26677
G1 X118.756 Y110.531 F9000
;TYPE:External perimeter
G1 F1800
G1 X118.709 Y111.048 E4.28434
G1 X118.631 Y111.567 E4.3021
G1 X118.522 Y112.08 E4.31985
G1 X118.382 Y112.586 E4.33762
G1 X118.213 Y113.083 E4.35539
G1 X118.014 Y113.569 E4.37317
G1 X117.786 Y114.042 E4.39094
G1 X117.53 Y114.501 E4.40873
G1 X117.247 Y114.943 E4.4265
G1 X116.939 Y115.368 E4.44427
G1 X116.605 Y115.773 E4.46204
G1 X116.248 Y116.158 E4.47981
G1 X115.869 Y116.521 E4.49757
G1 X115.468 Y116.861 E4.51537
G1 X115.048 Y117.175 E4.53312
G1 X114.61 Y117.465 E4.5509
G1 X114.156 Y117.727 E4.56864
G1 X113.686 Y117.962 E4.58643
G1 X113.203 Y118.168 E4.6042
G1 X112.709 Y118.345 E4.62196
G1 X112.205 Y118.493 E4.63974
G1 X111.693 Y118.609 E4.65751
G1 X111.175 Y118.695 E4.67528
G1 X110.653 Y118.75 E4.69305
G1 X110.129 Y118.774 E4.71081
G1 X109.604 Y118.766 E4.72858
G1 X109.08 Y118.727 E4.74637
G1 X108.56 Y118.656 E4.76413
G1 X108.045 Y118.555 E4.78189
G1 X107.537 Y118.423 E4.79966
G1 X107.037 Y118.261 E4.81745
G1 X106.549 Y118.069 E4.8352
G1 X106.072 Y117.848 E4.85299
G1 X105.61 Y117.599 E4.87075
G1 X105.163 Y117.323 E4.88853
G1 X104.734 Y117.021 E4.90629
G1 X104.323 Y116.694 E4.92407
G1 X103.933 Y116.342 E4.94185
G1 X103.565 Y115.968 E4.95961
G1 X103.219 Y115.573 E4.97738
G1 X102.898 Y115.158 E4.99514
G1 X102.603 Y114.724 E5.0129
G1 X102.333 Y114.273 E5.03069
G1 X102.091 Y113.807 E5.04846
G1 X101.878 Y113.328 E5.0662
G1 X101.693 Y112.836 E5.08399
G1 X101.539 Y112.334 E5.10176
G1 X101.414 Y111.824 E5.11953
G1 X101.32 Y111.308 E5.13728
G1 X101.258 Y110.787 E5.15504
G1 X101.226 Y110.263 E5.17281
G1 X101.226 Y109.739 E5.19055
G1 X101.276 Y109.063 E5.21349
G1 X101.415 Y108.173 E5.24398
G1 X101.539 Y107.666 E5.26165
G1 X101.693 Y107.165 E5.27939
G1 X101.94 Y106.534 E5.30233
G1 X102.335 Y105.725 E5.3328
G1 X102.603 Y105.276 E5.3505
G1 X102.897 Y104.844 E5.36819
G1 X103.32 Y104.313 E5.39117
G1 X103.935 Y103.656 E5.42163
G1 X104.323 Y103.306 E5.43932
G1 X104.733 Y102.98 E5.45705
G1 X105.293 Y102.597 E5.48001
G1 X106.074 Y102.151 E5.51045
G1 X106.549 Y101.931 E5.52817
G1 X107.036 Y101.74 E5.54588
G1 X107.684 Y101.539 E5.56884
G1 X108.562 Y101.343 E5.59929
G1 X109.08 Y101.273 E5.61698
G1 X109.602 Y101.234 E5.6347
G1 X110.28 Y101.233 E5.65765
G1 X111.178 Y101.305 E5.68814
G1 X111.783 Y101.411 E5.70893
G1 X112.293 Y101.533 E5.72668
G1 X112.798 Y101.686 E5.74454
G1 X113.288 Y101.868 E5.76223
G1 X113.768 Y102.079 E5.77998
G1 X114.238 Y102.32 E5.79786
G1 X114.687 Y102.586 E5.81552
G1 X115.122 Y102.88 E5.83329
G1 X115.539 Y103.199 E5.85106
G1 X115.935 Y103.543 E5.86882
G1 X116.311 Y103.909 E5.88658
G1 X116.664 Y104.298 E5.90436
G1 X116.993 Y104.707 E5.92213
G1 X117.297 Y105.134 E5.93987
G1 X117.575 Y105.58 E5.95766
G1 X117.828 Y106.045 E5.97558
G1 X118.048 Y106.516 E5.99318
G1 X118.242 Y107.004 E6.01096
G1 X118.407 Y107.502 E6.02872
G1 X118.541 Y108.01 E6.0465
G1 X118.645 Y108.524 E6.06425
G1 X118.718 Y109.044 E6.08202
G1 X118.759 Y109.567 E6.09978
G1 X118.757 Y110.471 E6.13038
G1 X118.725 Y110.87 F9000
G1 E5.33038 F2100
G92 E0
G1 X105.317 Y103.768 F9000
G1 E.8 F2100
;TYPE:Solid infill
;WIDTH:0.38292
G1 F2400
G1 X104.647 Y104.384 E.82573
G1 X104.08 Y104.97 E.84878
G1 X103.68 Y105.418 E.86576
G1 X103.308 Y106.25 F9000
G1 F2400
G1 X103.237 Y106.231 E.86784
G1 X103.256 Y106.302 E.86992
G1 X103.297 Y106.291 E.87112
;WIDTH:0.41646
G1 X103.394 Y106.132 E.8769
;WIDTH:0.449999
G1 X103.49 Y105.973 E.88319
G1 X105.956 Y103.508 E1.00121
G1 X106.115 Y103.413 E1.00748
;WIDTH:0.41646
G1 X106.274 Y103.318 E1.01323
;WIDTH:0.38292
G1 X106.232 Y103.329 E1.01446
G1 X106.213 Y103.258 E1.01654
G1 X106.285 Y103.277 E1.01865
G1 X107.461 Y102.71 F9000
G1 F2400
G1 X107.39 Y102.691 E1.02073
G1 X107.409 Y102.763 E1.02284
G1 X107.45 Y102.752 E1.02404
;WIDTH:0.41646
G1 X107.293 Y102.828 E1.02946
;WIDTH:0.449999
G1 X107.135 Y102.904 E1.03539
G1 X102.909 Y107.13 E1.23769
G1 X102.835 Y107.269 E1.24302
;WIDTH:0.41646
G1 X102.761 Y107.407 E1.24788
;WIDTH:0.38292
G1 X102.69 Y107.388 E1.24996
G1 X102.709 Y107.459 E1.25204
G1 X102.75 Y107.448 E1.25324
;WIDTH:0.449999
G1 X102.608 Y108.007 E1.27276
G1 X107.999 Y102.616 E1.53082
G1 X108.739 Y102.451 E1.55648
G1 X102.461 Y108.729 E1.857
G1 X102.374 Y109.392 E1.87963
G1 X109.394 Y102.372 E2.21567
G1 X109.985 Y102.356 E2.23568
G1 X102.346 Y109.996 E2.60138
G1 X102.365 Y110.552 E2.62021
G1 X110.54 Y102.377 E3.01154
G1 X111.071 Y102.422 E3.02958
G1 X102.42 Y111.073 E3.4437
G1 X102.505 Y111.564 E3.46057
G1 X111.56 Y102.508 E3.89405
G1 X112.024 Y102.621 E3.91021
G1 X102.616 Y112.028 E4.36054
G1 X102.752 Y112.469 E4.37616
G1 X106.482 Y108.738 E4.55474
G1 X106.58 Y108.594 E4.56064
;WIDTH:0.41646
G1 X106.677 Y108.45 E4.56603
;WIDTH:0.38292
G1 X106.661 Y108.671 E4.57229
G1 X106.662 Y108.653 E4.5728
G1 X106.304 Y109.492 F9000
;WIDTH:0.449999
G1 F2400
G1 X102.908 Y112.887 E4.73534
G1 X103.085 Y113.287 E4.75015
G1 X106.256 Y110.115 E4.90197
G1 X106.318 Y110.629 E4.91949
G1 X103.28 Y113.667 E5.06492
G1 X103.492 Y114.031 E5.07918
G1 X106.441 Y111.082 E5.22035
G1 X106.593 Y111.505 E5.23556
G1 X103.721 Y114.377 E5.37304
G1 X103.966 Y114.708 E5.38698
G1 X106.781 Y111.893 E5.52173
G1 X107.007 Y112.243 E5.53583
G1 X104.226 Y115.024 E5.66895
G1 X104.502 Y115.324 E5.68275
G1 X107.275 Y112.55 E5.81552
G1 X107.573 Y112.828 E5.82931
G1 X104.792 Y115.609 E5.96243
G1 X105.098 Y115.879 E5.97624
G1 X107.907 Y113.07 E6.11071
G1 X108.249 Y113.303 E6.12472
G1 X105.419 Y116.134 E6.26021
G1 X105.757 Y116.372 E6.2742
G1 X108.646 Y113.483 E6.41249
G1 X109.088 Y113.616 E6.42811
G1 X106.111 Y116.593 E6.57062
G1 X106.482 Y116.798 E6.58497
G1 X109.579 Y113.701 E6.73322
G1 X110.143 Y113.712 E6.75231
G1 X106.871 Y116.984 E6.90894
G1 X107.279 Y117.153 E6.92389
G1 X110.778 Y113.653 E7.09141
G1 X110.935 Y113.585 E7.0972
;WIDTH:0.41646
G1 X111.093 Y113.517 E7.10254
;WIDTH:0.38292
G1 X111.052 Y113.528 E7.10374
G1 X111.033 Y113.457 E7.10582
G1 X111.104 Y113.476 E7.1079
G1 E6.3079 F2100
G92 E0
G1 X117.493 Y112.163 F9000
G1 E.8 F2100
G1 F2400
G1 X117.612 Y111.691 E.81376
G1 E.01376 F2100
G92 E0
G1 X112.464 Y102.756 F9000
G1 E.8 F2100
;WIDTH:0.449999
G1 F2400
G1 X108.725 Y106.495 E.97898
G1 X108.581 Y106.588 E.98478
;WIDTH:0.41646
G1 X108.437 Y106.682 E.99012
;WIDTH:0.38292
G1 X107.99 Y107.019 E1.00595
G1 X108.275 Y106.804 E1.01604
G1 X109.49 Y106.306 F9000
;WIDTH:0.449999
G1 F2400
G1 X112.883 Y102.912 E1.17848
G1 X113.283 Y103.088 E1.19327
G1 X110.095 Y106.276 E1.34588
G1 X110.634 Y106.313 E1.36417
G1 X113.665 Y103.282 E1.50926
G1 X114.029 Y103.493 E1.5235
G1 X111.09 Y106.433 E1.66421
G1 X111.509 Y106.59 E1.67936
G1 X114.376 Y103.722 E1.81663
G1 X114.707 Y103.968 E1.83059
G1 X111.896 Y106.779 E1.96515
G1 X112.233 Y107.017 E1.97911
G1 X115.022 Y104.228 E2.11262
G1 X115.321 Y104.504 E2.12639
G1 X112.554 Y107.272 E2.25887
G1 X112.824 Y107.578 E2.27268
G1 X115.606 Y104.795 E2.40588
G1 X115.876 Y105.102 E2.41972
G1 X113.086 Y107.891 E2.55325
G1 X113.297 Y108.256 E2.56752
G1 X116.13 Y105.423 E2.70313
G1 X116.368 Y105.76 E2.71709
G1 X113.475 Y108.654 E2.8556
G1 X113.624 Y109.081 E2.87091
G1 X116.591 Y106.113 E3.01296
G1 X116.796 Y106.483 E3.02728
G1 X113.707 Y109.573 E3.17517
G1 X113.719 Y110.136 E3.19423
G1 X116.984 Y106.872 E3.3505
G1 X117.152 Y107.28 E3.36544
G1 X113.638 Y110.793 E3.53363
G1 X113.572 Y110.952 E3.53946
;WIDTH:0.41646
G1 X113.506 Y111.111 E3.54481
;WIDTH:0.38292
G1 X113.465 Y111.122 E3.54601
G1 X113.446 Y111.051 E3.54809
G1 X113.517 Y111.07 E3.55017
G1 E2.75017 F2100
G92 E0
G1 X111.956 Y113.107 F9000
G1 E.8 F2100
G1 F2400
G1 X112.342 Y112.795 E.81403
G1 X112.751 Y112.391 E.83028
G1 X113.11 Y111.972 E.84588
;WIDTH:0.41646
G1 X113.217 Y111.828 E.85145
;WIDTH:0.449999
G1 X113.323 Y111.684 E.8575
G1 X117.3 Y107.707 E1.04788
G1 E.24788 F2100
G92 E0
G1 X111.668 Y113.338 F9000
G1 E.8 F2100
G1 F2400
G1 X107.706 Y117.301 E.98968
G1 X107.807 Y117.397 E.9944
;WIDTH:0.41646
G1 X107.909 Y117.493 E.99875
;WIDTH:0.38292
G1 X107.838 Y117.474 E1.00083
G1 X107.857 Y117.545 E1.00291
G1 X107.898 Y117.534 E1.00411
;WIDTH:0.449999
G1 X108.156 Y117.427 E1.01356
G1 X117.426 Y108.157 E1.45731
G1 X117.529 Y108.63 E1.4737
G1 X108.629 Y117.529 E1.89971
G1 X109.13 Y117.604 E1.91686
G1 X117.602 Y109.132 E2.32241
G1 X117.642 Y109.667 E2.34057
G1 X109.662 Y117.647 E2.72257
G1 X110.237 Y117.648 E2.74203
G1 X117.645 Y110.24 E3.09665
G1 X117.602 Y110.859 E3.11765
G1 X110.859 Y117.602 E3.44043
G1 X112.16 Y117.494 F9000
;WIDTH:0.38292
G1 F2400
G1 X111.735 Y117.603 E3.45283
;WIDTH:0.41646
G1 X111.638 Y117.55 E3.45626
;WIDTH:0.449999
G1 X111.541 Y117.496 E3.46002
G1 X117.491 Y111.546 E3.74484
G1 X117.289 Y112.323 E3.77201
G1 X112.32 Y117.293 E4.0099
G1 X113.026 Y117.101 E4.03467
;WIDTH:0.38292
G1 X112.954 Y117.082 E4.03678
G1 X112.974 Y117.153 E4.03887
G1 X113.015 Y117.142 E4.04007
;WIDTH:0.41646
G1 X113.142 Y117.03 E4.04533
;WIDTH:0.449999
G1 X117.024 Y113.147 E4.23118
;WIDTH:0.41646
G1 X117.135 Y113.018 E4.23647
;WIDTH:0.38292
G1 X117.094 Y113.029 E4.23767
G1 X117.075 Y112.958 E4.23975
G1 X117.146 Y112.977 E4.24183
G1 E3.44183 F2100
G92 E0
G1 X116.061 Y114.689 F9000
G1 E.8 F2100
;WIDTH:0.460366
G1 F2400
G1 X115.749 Y115.022 E.81584
;WIDTH:0.4911
G1 X115.437 Y115.356 E.83287
G1 X115.008 Y115.755 E.8547
;WIDTH:0.449154
G1 X114.579 Y116.154 E.87449
M106 S122.4
;LAYER_CHANGE
;Z:1
;HEIGHT:0.2
G1 E.07449 F2100
G92 E0
G1 Z1 F9000
G1 X112.165 Y112.643
G1 E.8 F2100
;TYPE:Perimeter
;WIDTH:0.449999
G1 F1500
G1 X111.753 Y112.928 E.81696
G1 X111.327 Y113.169 E.83353
G1 X110.846 Y113.332 E.85072
G1 X110.337 Y113.419 E.8682
G1 X109.826 Y113.409 E.8855
G1 X109.31 Y113.367 E.90302
G1 X108.821 Y113.231 E.9202
G1 X108.351 Y113.016 E.93769
G1 X107.915 Y112.705 E.95582
G1 X107.532 Y112.393 E.97254
G1 X107.205 Y112.007 E.98966
G1 X107.006 Y111.695 E1.00219
G1 X106.753 Y111.062 E1.02526
G1 X106.612 Y110.587 E1.04203
G1 X106.56 Y110.084 E1.05915
G1 X106.61 Y109.431 E1.08132
G1 X106.768 Y108.828 E1.10242
G1 X107.034 Y108.26 E1.12365
G1 X107.437 Y107.71 E1.14673
G1 X107.985 Y107.217 E1.17168
G1 X108.531 Y106.893 E1.19317
G1 X109.11 Y106.681 E1.21404
G1 X109.704 Y106.582 E1.23442
G1 X110.026 Y106.568 E1.24533
G1 X110.525 Y106.605 E1.26227
G1 X111.135 Y106.758 E1.28356
G1 X111.696 Y107.013 E1.30442
G1 X112.186 Y107.358 E1.3247
G1 X112.575 Y107.745 E1.34327
G1 X112.919 Y108.201 E1.3626
G1 X113.163 Y108.664 E1.38032
G1 X113.335 Y109.172 E1.39847
G1 X113.422 Y109.712 E1.41698
G1 X113.418 Y110.25 E1.43519
G1 X113.384 Y110.571 E1.44612
G1 X113.261 Y111.07 E1.46352
G1 X113.011 Y111.642 E1.48465
G1 X112.683 Y112.135 E1.50469
G1 X112.318 Y112.536 E1.52304
G1 X112.214 Y112.608 E1.52732
G1 X111.914 Y112.339 F9000
G1 F1500
G1 X111.325 Y112.72 E1.55106
G1 X110.783 Y112.926 E1.57069
G1 X110.283 Y113.013 E1.58787
G1 X109.561 Y112.995 E1.61232
G1 X108.997 Y112.86 E1.63195
G1 X108.535 Y112.65 E1.64913
G1 X107.949 Y112.228 E1.67357
G1 X107.559 Y111.799 E1.69319
G1 X107.352 Y111.479 E1.70609
G1 X107.136 Y110.923 E1.72628
G1 X107.016 Y110.543 E1.73977
G1 X106.966 Y110.046 E1.75668
G1 X107.015 Y109.468 E1.77631
G1 X107.158 Y108.943 E1.79473
G1 X107.398 Y108.443 E1.8135
G1 X107.759 Y107.959 E1.83394
G1 X108.248 Y107.527 E1.85603
G1 X108.727 Y107.249 E1.87478
G1 X109.239 Y107.066 E1.89318
G1 X109.758 Y106.985 E1.91096
G1 X110.488 Y107.011 E1.93569
G1 X111.025 Y107.149 E1.95446
G1 X111.517 Y107.379 E1.97284
G1 X111.941 Y107.684 E1.99052
G1 X112.445 Y108.216 E2.01533
G1 X112.73 Y108.692 E2.03411
G1 X112.912 Y109.188 E2.05199
G1 X113.01 Y109.707 E2.06987
G1 X113.011 Y110.233 E2.08767
G1 X112.931 Y110.71 E2.10404
G1 X112.791 Y111.158 E2.11993
G1 X112.555 Y111.624 E2.13761
G1 X112.253 Y112.026 E2.15463
G1 X111.96 Y112.301 E2.16823
G1 X111.648 Y112.015 F9000
;TYPE:External perimeter
G1 F1500
G1 X111.597 Y112.059 E2.17051
G1 X111.104 Y112.378 E2.19039
G1 X110.628 Y112.548 E2.2075
G1 X110.16 Y112.603 E2.22345
G1 X109.571 Y112.588 E2.24339
G1 X109.083 Y112.46 E2.26047
G1 X108.666 Y112.243 E2.27638
G1 X108.187 Y111.897 E2.29638
G1 X107.855 Y111.517 E2.31346
G1 X107.697 Y111.264 E2.32356
G1 X107.421 Y110.499 E2.35109
G1 X107.374 Y110.027 E2.36715
G1 X107.421 Y109.504 E2.38492
G1 X107.562 Y109.021 E2.40195
G1 X107.809 Y108.559 E2.41968
G1 X108.11 Y108.178 E2.43612
G1 X108.513 Y107.836 E2.45401
G1 X108.957 Y107.591 E2.47118
G1 X109.475 Y107.434 E2.4895
G1 X109.964 Y107.38 E2.50615
G1 X110.464 Y107.417 E2.52312
G1 X110.949 Y107.554 E2.54018
G1 X111.424 Y107.804 E2.55835
G1 X111.793 Y108.087 E2.57409
G1 X112.138 Y108.483 E2.59187
G1 X112.388 Y108.917 E2.60882
G1 X112.551 Y109.393 E2.62585
G1 X112.618 Y109.877 E2.64239
G1 X112.594 Y110.376 E2.6593
G1 X112.471 Y110.876 E2.67673
G1 X112.247 Y111.35 E2.69448
G1 X111.949 Y111.755 E2.7115
G1 X111.693 Y111.976 E2.72295
G1 X111.366 Y112.206 F9000
G1 E1.92295 F2100
G92 E0
G1 X117.929 Y110.507 F9000
G1 E.8 F2100
;TYPE:Perimeter
G1 F2700
G1 X117.907 Y110.883 E.81275
G1 X117.83 Y111.421 E.83115
G1 X117.713 Y111.953 E.84959
G1 X117.512 Y112.616 E.87304
G1 X117.323 Y113.107 E.89085
G1 X117.092 Y113.606 E.90946
G1 X116.831 Y114.083 E.92786
G1 X116.53 Y114.546 E.94655
G1 X116.187 Y115 E.96581
G1 X115.775 Y115.471 E.98699
G1 X115.373 Y115.869 E1.00614
G1 X114.961 Y116.224 E1.02455
G1 X114.523 Y116.547 E1.04297
G1 X113.828 Y116.976 E1.07062
G1 X113.343 Y117.223 E1.08904
G1 X112.832 Y117.436 E1.10778
G1 X112.293 Y117.619 E1.12705
G1 X111.687 Y117.776 E1.14824
G1 X111.133 Y117.877 E1.1673
G1 X110.592 Y117.938 E1.18573
G1 X110.048 Y117.958 E1.20416
G1 X109.288 Y117.92 E1.22992
G1 X108.633 Y117.83 E1.2523
G1 X108.124 Y117.734 E1.26983
G1 X107.6 Y117.587 E1.28825
G1 X107.011 Y117.376 E1.30943
G1 X106.498 Y117.148 E1.32843
G1 X106.017 Y116.894 E1.34684
G1 X105.556 Y116.604 E1.36528
G1 X104.903 Y116.115 E1.39289
G1 X104.496 Y115.754 E1.4113
G1 X104.108 Y115.352 E1.43021
G1 X103.741 Y114.917 E1.44947
G1 X103.374 Y114.41 E1.47066
G1 X103.079 Y113.935 E1.48959
G1 X102.825 Y113.454 E1.508
G1 X102.608 Y112.955 E1.52642
G1 X102.344 Y112.183 E1.55404
G1 X102.211 Y111.655 E1.57247
G1 X102.116 Y111.103 E1.59143
G1 X102.045 Y110.306 E1.61851
G1 X102.041 Y109.762 E1.63692
G1 X102.077 Y109.219 E1.65534
G1 X102.177 Y108.534 E1.67877
G1 X102.308 Y107.948 E1.69909
G1 X102.462 Y107.435 E1.71722
G1 X102.703 Y106.822 E1.73952
G1 X103.01 Y106.197 E1.76309
G1 X103.289 Y105.715 E1.78194
G1 X103.606 Y105.261 E1.80068
G1 X104.216 Y104.546 E1.83249
G1 X104.8 Y103.973 E1.86018
G1 X105.216 Y103.636 E1.8783
G1 X105.761 Y103.266 E1.9006
G1 X106.366 Y102.922 E1.92416
G1 X106.869 Y102.68 E1.94305
G1 X107.377 Y102.485 E1.96147
G1 X108.041 Y102.287 E1.98492
G1 X108.56 Y102.173 E2.00291
G1 X109.098 Y102.092 E2.02133
G1 X109.632 Y102.048 E2.03947
G1 X110.29 Y102.049 E2.06174
G1 X110.894 Y102.099 E2.08225
G1 X111.469 Y102.179 E2.1019
G1 X112 Y102.296 E2.1203
G1 X112.521 Y102.452 E2.13871
G1 X113.186 Y102.71 E2.16285
G1 X113.709 Y102.96 E2.18247
G1 X114.182 Y103.228 E2.20087
G1 X114.634 Y103.531 E2.21929
G1 X115.22 Y103.997 E2.24463
G1 X115.619 Y104.367 E2.26305
G1 X115.992 Y104.763 E2.28146
G1 X116.334 Y105.185 E2.29985
G1 X116.74 Y105.775 E2.32409
G1 X117.03 Y106.274 E2.34363
G1 X117.269 Y106.762 E2.36202
G1 X117.472 Y107.267 E2.38044
G1 X117.638 Y107.776 E2.39856
G1 X117.769 Y108.291 E2.41655
G1 X117.891 Y108.983 E2.44033
G1 X117.943 Y109.524 E2.45873
G1 X117.956 Y110.068 E2.47715
G1 X117.933 Y110.447 E2.49
G1 X118.344 Y110.519 F9000
G1 F2700
G1 X118.312 Y110.92 E2.50362
G1 X118.242 Y111.415 E2.52054
G1 X118.143 Y111.906 E2.53749
G1 X118.014 Y112.389 E2.55441
G1 X117.857 Y112.865 E2.57138
G1 X117.672 Y113.329 E2.58829
G1 X117.459 Y113.782 E2.60523
G1 X117.219 Y114.222 E2.62219
G1 X116.954 Y114.646 E2.63911
G1 X116.664 Y115.054 E2.65605
G1 X116.349 Y115.444 E2.67302
G1 X116.013 Y115.814 E2.68994
G1 X115.654 Y116.163 E2.70689
G1 X115.275 Y116.49 E2.72383
G1 X114.878 Y116.794 E2.74076
G1 X114.463 Y117.074 E2.75771
G1 X114.032 Y117.328 E2.77464
G1 X113.586 Y117.557 E2.79161
G1 X113.128 Y117.758 E2.80854
G1 X112.658 Y117.931 E2.82549
G1 X112.179 Y118.076 E2.84243
G1 X111.692 Y118.192 E2.85938
G1 X111.199 Y118.279 E2.87633
G1 X110.702 Y118.336 E2.89326
G1 X110.203 Y118.363 E2.91018
G1 X109.627 Y118.359 E2.92968
G1 X108.939 Y118.296 E2.95307
G1 X108.237 Y118.175 E2.97718
G1 X107.728 Y118.052 E2.9949
G1 X107.251 Y117.902 E3.01183
G1 X106.783 Y117.723 E3.02879
G1 X106.327 Y117.517 E3.04573
G1 X105.884 Y117.284 E3.06267
G1 X105.456 Y117.026 E3.07959
G1 X105.044 Y116.741 E3.09655
G1 X104.649 Y116.433 E3.1135
G1 X104.274 Y116.101 E3.13045
G1 X103.919 Y115.748 E3.1474
G1 X103.587 Y115.375 E3.1643
G1 X103.277 Y114.982 E3.18124
G1 X102.991 Y114.571 E3.19819
G1 X102.73 Y114.143 E3.21516
G1 X102.495 Y113.701 E3.2321
G1 X102.287 Y113.246 E3.24903
G1 X102.107 Y112.78 E3.26594
G1 X101.955 Y112.303 E3.28289
G1 X101.831 Y111.817 E3.29987
G1 X101.737 Y111.326 E3.31679
G1 X101.673 Y110.829 E3.33375
G1 X101.638 Y110.33 E3.35068
G1 X101.633 Y109.83 E3.36761
G1 X101.659 Y109.33 E3.38456
G1 X101.714 Y108.832 E3.40152
G1 X101.798 Y108.339 E3.41845
G1 X101.912 Y107.852 E3.43538
G1 X102.077 Y107.3 E3.45488
G1 X102.33 Y106.658 E3.47824
G1 X102.644 Y106.018 E3.50237
G1 X102.905 Y105.564 E3.5201
G1 X103.225 Y105.086 E3.53957
G1 X103.656 Y104.546 E3.56296
G1 X104.144 Y104.028 E3.58705
G1 X104.527 Y103.67 E3.6048
G1 X104.974 Y103.308 E3.62427
G1 X105.545 Y102.92 E3.64764
G1 X106.165 Y102.568 E3.67177
G1 X106.636 Y102.339 E3.6895
G1 X107.1 Y102.152 E3.70643
G1 X107.575 Y101.993 E3.72339
G1 X108.058 Y101.862 E3.74033
G1 X108.548 Y101.761 E3.75726
G1 X109.043 Y101.689 E3.77419
G1 X109.617 Y101.641 E3.79369
G1 X110.307 Y101.642 E3.81705
G1 X111.128 Y101.709 E3.84493
G1 X111.692 Y101.808 E3.86431
G1 X112.179 Y101.924 E3.88126
G1 X112.658 Y102.069 E3.8982
G1 X113.128 Y102.242 E3.91515
G1 X113.586 Y102.443 E3.93208
G1 X114.032 Y102.671 E3.94903
G1 X114.463 Y102.926 E3.96598
G1 X114.878 Y103.206 E3.98293
G1 X115.275 Y103.51 E3.99986
G1 X115.654 Y103.837 E4.0168
G1 X116.013 Y104.186 E4.03375
G1 X116.35 Y104.556 E4.05069
G1 X116.664 Y104.946 E4.06764
G1 X116.954 Y105.354 E4.08458
G1 X117.219 Y105.778 E4.1015
G1 X117.459 Y106.218 E4.11846
G1 X117.672 Y106.67 E4.13537
G1 X117.857 Y107.135 E4.15231
G1 X118.014 Y107.611 E4.16928
G1 X118.143 Y108.094 E4.1862
G1 X118.242 Y108.585 E4.20315
G1 X118.312 Y109.081 E4.22011
G1 X118.352 Y109.579 E4.23702
G1 X118.352 Y110.42 E4.26549
G1 X118.349 Y110.459 E4.26681
G1 X118.756 Y110.531 F9000
;TYPE:External perimeter
G1 F1800
G1 X118.709 Y111.048 E4.28438
G1 X118.631 Y111.567 E4.30214
G1 X118.522 Y112.08 E4.31989
G1 X118.382 Y112.586 E4.33766
G1 X118.213 Y113.083 E4.35543
G1 X118.014 Y113.569 E4.37321
G1 X117.786 Y114.042 E4.39098
G1 X117.53 Y114.501 E4.40877
G1 X117.247 Y114.943 E4.42654
G1 X116.939 Y115.368 E4.44431
G1 X116.605 Y115.773 E4.46208
G1 X116.248 Y116.158 E4.47985
G1 X115.869 Y116.521 E4.49761
G1 X115.468 Y116.861 E4.51541
G1 X115.048 Y117.175 E4.53316
G1 X114.61 Y117.465 E4.55094
G1 X114.156 Y117.727 E4.56868
G1 X113.686 Y117.962 E4.58647
G1 X113.203 Y118.168 E4.60424
G1 X112.709 Y118.345 E4.622
G1 X112.205 Y118.493 E4.63978
G1 X111.693 Y118.609 E4.65755
G1 X111.175 Y118.695 E4.67532
G1 X110.653 Y118.75 E4.69309
G1 X110.129 Y118.774 E4.71085
G1 X109.605 Y118.766 E4.72859
G1 X108.886 Y118.7 E4.75303
G1 X108.042 Y118.554 E4.78202
G1 X107.537 Y118.423 E4.79968
G1 X107.037 Y118.261 E4.81747
G1 X106.549 Y118.069 E4.83522
G1 X106.072 Y117.848 E4.85301
G1 X105.61 Y117.599 E4.87077
G1 X105.163 Y117.323 E4.88855
G1 X104.734 Y117.021 E4.90631
G1 X104.323 Y116.694 E4.92409
G1 X103.933 Y116.342 E4.94187
G1 X103.565 Y115.968 E4.95963
G1 X103.219 Y115.573 E4.9774
G1 X102.898 Y115.158 E4.99516
G1 X102.603 Y114.724 E5.01292
G1 X102.333 Y114.273 E5.03071
G1 X102.091 Y113.807 E5.04848
G1 X101.878 Y113.328 E5.06622
G1 X101.693 Y112.836 E5.08401
G1 X101.539 Y112.334 E5.10178
G1 X101.414 Y111.824 E5.11955
G1 X101.32 Y111.308 E5.1373
G1 X101.258 Y110.787 E5.15506
G1 X101.226 Y110.263 E5.17283
G1 X101.226 Y109.737 E5.19063
G1 X101.258 Y109.213 E5.2084
G1 X101.32 Y108.692 E5.22616
G1 X101.414 Y108.176 E5.24391
G1 X101.539 Y107.666 E5.26168
G1 X101.693 Y107.166 E5.27939
G1 X101.958 Y106.493 E5.30387
G1 X102.335 Y105.725 E5.33283
G1 X102.603 Y105.276 E5.35053
G1 X102.897 Y104.844 E5.36822
G1 X103.348 Y104.279 E5.39269
G1 X103.935 Y103.656 E5.42166
G1 X104.323 Y103.306 E5.43935
G1 X104.733 Y102.98 E5.45708
G1 X105.33 Y102.574 E5.48152
G1 X106.075 Y102.151 E5.51052
G1 X106.549 Y101.931 E5.52821
G1 X107.037 Y101.739 E5.54596
G1 X107.537 Y101.577 E5.56375
G1 X108.045 Y101.445 E5.58152
G1 X108.56 Y101.344 E5.59928
G1 X109.08 Y101.273 E5.61704
G1 X109.602 Y101.234 E5.63476
G1 X110.324 Y101.235 E5.6592
G1 X111.178 Y101.305 E5.6882
G1 X111.783 Y101.411 E5.70899
G1 X112.293 Y101.533 E5.72674
G1 X112.796 Y101.686 E5.74454
G1 X113.288 Y101.868 E5.7623
G1 X113.768 Y102.079 E5.78005
G1 X114.235 Y102.319 E5.79782
G1 X114.687 Y102.586 E5.81559
G1 X115.122 Y102.88 E5.83336
G1 X115.539 Y103.199 E5.85113
G1 X115.935 Y103.543 E5.86889
G1 X116.311 Y103.909 E5.88665
G1 X116.664 Y104.298 E5.90443
G1 X116.993 Y104.707 E5.9222
G1 X117.297 Y105.134 E5.93994
G1 X117.575 Y105.58 E5.95773
G1 X117.826 Y106.041 E5.9755
G1 X118.048 Y106.516 E5.99325
G1 X118.242 Y107.004 E6.01103
G1 X118.407 Y107.502 E6.02879
G1 X118.541 Y108.01 E6.04657
G1 X118.645 Y108.524 E6.06432
G1 X118.718 Y109.044 E6.08209
G1 X118.759 Y109.567 E6.09985
G1 X118.757 Y110.471 E6.13045
G1 X118.725 Y110.87 F9000
G1 X117.554 Y111.202
;TYPE:Internal infill
;WIDTH:0.45
G1 F3000
G1 X117.312 Y112.256 E6.16705
G1 X117 Y113.064 E6.19637
G1 X116.551 Y112.896 E6.2126
G1 X116.114 Y112.491 E6.23277
G1 X115.677 Y112.198 E6.25058
G1 X115.241 Y112.177 E6.26536
G1 X114.804 Y112.345 E6.28121
G1 X114.367 Y112.751 E6.3014
G1 X113.93 Y113.044 E6.31921
G1 X113.494 Y113.065 E6.33399
G1 X113.057 Y112.896 E6.34985
G1 X112.705 Y112.57 E6.36609
G1 X113.205 Y111.933 E6.3935
G1 X113.496 Y111.316 E6.41659
G1 X113.93 Y111.149 E6.43233
G1 X114.367 Y110.744 E6.4525
G1 X114.804 Y110.451 E6.47031
G1 X115.241 Y110.43 E6.48512
G1 X115.677 Y110.598 E6.50094
G1 X116.114 Y111.003 E6.52111
G1 X116.551 Y111.297 E6.53894
G1 X116.988 Y111.318 E6.55375
G1 X117.425 Y111.149 E6.56961
G1 X117.584 Y111.001 E6.57696
G1 X117.652 Y110 E6.61092
G1 X117.627 Y109.414 E6.63077
G1 X117.425 Y109.549 E6.63899
G1 X116.988 Y109.57 E6.6538
G1 X116.551 Y109.402 E6.66965
G1 X116.114 Y108.997 E6.68982
G1 X115.677 Y108.703 E6.70765
G1 X115.241 Y108.682 E6.72243
G1 X114.804 Y108.851 E6.73829
G1 X114.367 Y109.256 E6.75846
G1 X113.93 Y109.549 E6.77627
G1 X113.705 Y109.56 E6.7839
G1 X113.638 Y109.122 E6.7989
G1 X113.393 Y108.422 E6.824
G1 X112.974 Y107.747 E6.85089
G1 X113.057 Y107.802 E6.85426
G1 X113.494 Y107.823 E6.86907
G1 X113.93 Y107.655 E6.88489
G1 X114.367 Y107.25 E6.90506
G1 X114.804 Y106.956 E6.92289
G1 X115.241 Y106.935 E6.9377
G1 X115.677 Y107.104 E6.95353
G1 X116.114 Y107.509 E6.9737
G1 X116.551 Y107.802 E6.99151
G1 X116.988 Y107.823 E7.00632
G1 X117.298 Y107.703 E7.01757
G1 X116.792 Y106.474 E7.06256
G1 X116.334 Y105.706 E7.09283
G1 X115.677 Y105.209 E7.12071
G1 X115.241 Y105.188 E7.13549
G1 X114.804 Y105.357 E7.15135
G1 X114.367 Y105.762 E7.17152
G1 X113.93 Y106.055 E7.18933
G1 X113.494 Y106.076 E7.20411
G1 X113.057 Y105.908 E7.21996
G1 X112.62 Y105.502 E7.24015
G1 X112.183 Y105.209 E7.25796
G1 X111.746 Y105.188 E7.27277
G1 X111.31 Y105.357 E7.2886
G1 X110.873 Y105.762 E7.30877
G1 X110.436 Y106.055 E7.32658
G1 X109.999 Y106.076 E7.34139
G1 X109.563 Y105.908 E7.35721
G1 X109.126 Y105.502 E7.3774
G1 X108.689 Y105.209 E7.39521
G1 X108.252 Y105.188 E7.41002
G1 X107.815 Y105.357 E7.42588
G1 X107.379 Y105.762 E7.44602
G1 X106.942 Y106.055 E7.46383
G1 X106.505 Y106.076 E7.47864
G1 X106.068 Y105.908 E7.49449
G1 X105.632 Y105.502 E7.51466
G1 X105.195 Y105.209 E7.53247
G1 X104.758 Y105.188 E7.54728
G1 X104.321 Y105.357 E7.56314
G1 X103.884 Y105.762 E7.58331
G1 X103.441 Y106.056 E7.60131
G1 X102.983 Y106.946 E7.63519
G1 X102.727 Y107.612 E7.65934
G1 X102.366 Y109.428 F9000
G1 F3000
G1 X102.381 Y110.747 E7.70399
G1 X102.44 Y111.206 E7.71965
G1 X102.574 Y111.297 E7.72513
G1 X103.011 Y111.318 E7.73994
G1 X103.448 Y111.149 E7.7558
G1 X103.884 Y110.744 E7.77594
G1 X104.321 Y110.451 E7.79375
G1 X104.758 Y110.43 E7.80856
G1 X105.195 Y110.598 E7.82441
G1 X105.632 Y111.003 E7.84458
G1 X106.068 Y111.297 E7.86238
G1 X106.523 Y111.311 E7.87779
G1 X106.659 Y111.69 E7.89142
G1 X106.958 Y112.188 E7.91108
G1 X107.418 Y112.714 E7.93473
G1 X106.942 Y113.044 E7.95434
G1 X106.505 Y113.065 E7.96915
G1 X106.068 Y112.896 E7.98501
G1 X105.632 Y112.491 E8.00515
G1 X105.195 Y112.198 E8.02296
G1 X104.758 Y112.177 E8.03777
G1 X104.321 Y112.345 E8.05362
G1 X103.884 Y112.751 E8.07381
G1 X103.448 Y113.044 E8.09159
G1 X102.981 Y113.053 E8.1074
G1 X103.311 Y113.728 E8.13283
G1 X103.726 Y114.385 E8.15913
G1 X104.321 Y113.945 E8.18418
G1 X104.758 Y113.924 E8.19899
G1 X105.195 Y114.092 E8.21484
G1 X105.632 Y114.498 E8.23503
G1 X106.068 Y114.791 E8.25281
G1 X106.505 Y114.812 E8.26762
G1 X106.942 Y114.643 E8.28348
G1 X107.379 Y114.238 E8.30365
G1 X107.815 Y113.945 E8.32143
G1 X108.252 Y113.924 E8.33624
G1 X108.689 Y114.092 E8.35209
G1 X109.126 Y114.498 E8.37228
G1 X109.563 Y114.791 E8.39009
G1 X109.999 Y114.812 E8.40487
G1 X110.436 Y114.643 E8.42073
G1 X110.873 Y114.238 E8.4409
G1 X111.31 Y113.945 E8.45871
G1 X111.746 Y113.924 E8.47349
G1 X112.183 Y114.092 E8.48934
G1 X112.62 Y114.498 E8.50953
G1 X113.057 Y114.791 E8.52734
G1 X113.494 Y114.812 E8.54215
G1 X113.93 Y114.643 E8.55798
G1 X114.367 Y114.238 E8.57815
G1 X114.804 Y113.945 E8.59596
G1 X115.241 Y113.924 E8.61077
G1 X115.677 Y114.092 E8.62659
G1 X116.163 Y114.531 E8.64876
G1 X115.762 Y115.036 E8.67059
G1 X115.057 Y115.742 E8.70436
G1 X114.804 Y115.84 E8.71354
G1 X114.367 Y116.245 E8.73371
G1 X113.93 Y116.538 E8.75152
G1 X113.494 Y116.559 E8.7663
G1 X113.057 Y116.39 E8.78216
G1 X112.62 Y115.985 E8.80233
G1 X112.183 Y115.692 E8.82014
G1 X111.746 Y115.671 E8.83495
G1 X111.31 Y115.84 E8.85078
G1 X110.873 Y116.245 E8.87095
G1 X110.436 Y116.538 E8.88876
G1 X109.999 Y116.559 E8.90357
G1 X109.563 Y116.39 E8.9194
G1 X109.126 Y115.985 E8.93957
G1 X108.689 Y115.692 E8.95738
G1 X108.252 Y115.671 E8.97219
G1 X107.815 Y115.84 E8.98805
G1 X107.379 Y116.245 E9.00819
G1 X106.942 Y116.538 E9.026
G1 X106.505 Y116.559 E9.04081
G1 X106.068 Y116.39 E9.05667
G1 X105.632 Y115.985 E9.07681
G1 X105.195 Y115.692 E9.09462
G1 X104.866 Y115.676 E9.10577
G1 X104.386 Y115.207 E9.12849
G1 X103.844 Y114.551 E9.15729
G1 E8.35729 F2100
G92 E0
G1 X106.455 Y111.119 F9000
G1 E.8 F2100
G1 F3000
G1 X106.337 Y110.79 E.81183
G1 X106.255 Y110.121 E.83464
G1 X106.305 Y109.493 E.85596
G1 X106.068 Y109.402 E.86455
G1 X105.632 Y108.997 E.88469
G1 X105.195 Y108.703 E.90252
G1 X104.758 Y108.682 E.91733
G1 X104.321 Y108.851 E.93319
G1 X103.884 Y109.256 E.95336
G1 X103.448 Y109.549 E.97114
G1 X103.011 Y109.57 E.98595
G1 X102.574 Y109.402 E1.0018
G1 X102.384 Y109.225 E1.01059
G1 X102.667 Y107.807 E1.05953
G1 X103.011 Y107.823 E1.07119
G1 X103.448 Y107.655 E1.08704
G1 X103.884 Y107.25 E1.10718
G1 X104.321 Y106.956 E1.12501
G1 X104.758 Y106.935 E1.13982
G1 X105.195 Y107.104 E1.15568
G1 X105.632 Y107.509 E1.17585
G1 X106.068 Y107.802 E1.19363
G1 X106.505 Y107.823 E1.20844
G1 X106.942 Y107.655 E1.22429
G1 X107.379 Y107.25 E1.24446
G1 X108.468 Y106.582 E1.2877
G1 X109.148 Y106.353 E1.31199
G1 X109.639 Y106.286 E1.32876
G1 E.52876 F2100
G92 E0
G1 X107.611 Y102.73 F9000
G1 E.8 F2100
G1 F3000
G1 X108.294 Y102.537 E.82402
G1 X109.197 Y102.387 E.855
G1 X109.513 Y102.367 E.86572
G1 X109.999 Y102.582 E.88371
G1 X110.436 Y102.561 E.89852
G1 X110.693 Y102.388 E.90901
G1 X111.04 Y102.417 E.9208
G1 X111.923 Y102.591 E.95126
G1 X112.794 Y102.874 E.98226
G1 X113.625 Y103.259 E1.01326
G1 X114.396 Y103.736 E1.04395
G1 X113.93 Y104.16 E1.06528
G1 X113.494 Y104.329 E1.08111
G1 X113.057 Y104.308 E1.09592
G1 X112.62 Y104.015 E1.11373
G1 X112.183 Y103.61 E1.1339
G1 X111.746 Y103.441 E1.14976
G1 X111.31 Y103.462 E1.16454
G1 X110.873 Y103.755 E1.18235
G1 X110.436 Y104.16 E1.20252
G1 X109.999 Y104.329 E1.21838
G1 X109.563 Y104.308 E1.23316
G1 X109.126 Y104.015 E1.25097
G1 X108.689 Y103.61 E1.27114
G1 X108.252 Y103.441 E1.287
G1 X107.815 Y103.462 E1.30181
G1 X107.379 Y103.755 E1.31959
G1 X106.942 Y104.16 E1.33976
G1 X106.505 Y104.329 E1.35562
G1 X106.068 Y104.308 E1.37043
G1 X105.45 Y103.846 E1.39655
G1 X106.587 Y103.147 E1.44173
G1 X107.611 Y102.73 E1.47915
G1 E.67915 F2100
G92 E0
G1 X108.687 Y117.53 F9000
G1 E.8 F2100
G1 F3000
G1 X109.665 Y117.647 E.83334
G1 X111.024 Y117.586 E.87939
G1 X111.31 Y117.439 E.89027
G1 X111.793 Y117.436 E.90662
G1 X112.364 Y117.28 E.92666
G1 X113.379 Y116.864 E.96379
;LAYER_CHANGE
;Z:1.2
;HEIGHT:0.2
G1 E.16379 F2100
G92 E0
G1 Z1.2 F9000
G1 X112.177 Y112.647
G1 E.8 F2100
;TYPE:Perimeter
;WIDTH:0.449999
G1 F1500
G1 X112.103 Y112.713 E.80336
G1 X111.559 Y113.054 E.82509
G1 X111.019 Y113.275 E.84484
G1 X110.716 Y113.359 E.85548
G1 X110.207 Y113.428 E.87287
G1 X109.568 Y113.404 E.89451
G1 X108.998 Y113.282 E.91424
G1 X108.697 Y113.179 E.92501
G1 X108.238 Y112.95 E.94237
G1 X107.727 Y112.571 E.9639
G1 X107.324 Y112.149 E.98365
G1 X107.131 Y111.893 E.9945
G1 X106.881 Y111.445 E1.01187
G1 X106.65 Y110.771 E1.03599
G1 X106.578 Y110.271 E1.05309
G1 X106.563 Y109.948 E1.06403
G1 X106.609 Y109.437 E1.0814
G1 X106.768 Y108.826 E1.10277
G1 X107.066 Y108.202 E1.12618
G1 X107.442 Y107.705 E1.14727
G1 X107.98 Y107.22 E1.17179
G1 X108.523 Y106.896 E1.19319
G1 X109.101 Y106.683 E1.21404
G1 X109.703 Y106.583 E1.2347
G1 X110.062 Y106.57 E1.24686
G1 X110.603 Y106.615 E1.26524
G1 X111.128 Y106.755 E1.28363
G1 X111.689 Y107.009 E1.30447
G1 X112.185 Y107.359 E1.32502
G1 X112.554 Y107.72 E1.34249
G1 X112.865 Y108.107 E1.3593
G1 X113.115 Y108.548 E1.37646
G1 X113.297 Y109.057 E1.39476
G1 X113.412 Y109.646 E1.41507
G1 X113.417 Y110.245 E1.43535
G1 X113.383 Y110.58 E1.44675
G1 X113.263 Y111.066 E1.46369
G1 X113.01 Y111.642 E1.48498
G1 X112.686 Y112.131 E1.50484
G1 X112.484 Y112.37 E1.51543
G1 X112.222 Y112.606 E1.52737
G1 X111.918 Y112.332 F9000
G1 F1500
G1 X111.831 Y112.411 E1.53135
G1 X111.355 Y112.702 E1.55023
G1 X110.887 Y112.89 E1.5673
G1 X110.4 Y112.991 E1.58414
G1 X109.938 Y113.023 E1.59982
G1 X109.414 Y112.974 E1.61763
G1 X108.929 Y112.837 E1.63469
G1 X108.42 Y112.586 E1.6539
G1 X107.98 Y112.253 E1.67258
G1 X107.634 Y111.886 E1.68965
G1 X107.487 Y111.695 E1.69781
G1 X107.237 Y111.247 E1.71518
G1 X107.039 Y110.651 E1.73644
G1 X106.969 Y110.104 E1.75511
G1 X107.014 Y109.474 E1.77649
G1 X107.159 Y108.941 E1.79519
G1 X107.428 Y108.39 E1.81594
G1 X107.763 Y107.954 E1.83455
G1 X108.243 Y107.531 E1.85621
G1 X108.721 Y107.252 E1.87494
G1 X109.232 Y107.068 E1.89332
G1 X109.758 Y106.986 E1.91134
G1 X110.482 Y107.01 E1.93586
G1 X111.018 Y107.147 E1.95459
G1 X111.511 Y107.375 E1.97298
G1 X111.94 Y107.684 E1.99088
G1 X112.442 Y108.212 E2.01554
G1 X112.728 Y108.686 E2.03428
G1 X112.912 Y109.189 E2.05241
G1 X113.009 Y109.704 E2.07015
G1 X113.011 Y110.228 E2.08789
G1 X112.932 Y110.709 E2.10439
G1 X112.791 Y111.158 E2.12032
G1 X112.553 Y111.628 E2.13815
G1 X112.249 Y112.03 E2.15521
G1 X111.962 Y112.292 E2.16836
G1 X111.659 Y112.018 F9000
;TYPE:External perimeter
G1 F1500
G1 X111.558 Y112.109 E2.17296
G1 X111.09 Y112.385 E2.19135
G1 X110.61 Y112.552 E2.20855
G1 X110.097 Y112.622 E2.22608
G1 X109.555 Y112.586 E2.24447
G1 X109.065 Y112.453 E2.26166
G1 X108.602 Y112.222 E2.27917
G1 X108.174 Y111.887 E2.29757
G1 X107.846 Y111.503 E2.31466
G1 X107.592 Y111.049 E2.33227
G1 X107.428 Y110.531 E2.35066
G1 X107.373 Y110.027 E2.36782
G1 X107.42 Y109.51 E2.38539
G1 X107.561 Y109.024 E2.40252
G1 X107.807 Y108.563 E2.42021
G1 X108.115 Y108.173 E2.43703
G1 X108.506 Y107.841 E2.45439
G1 X108.943 Y107.596 E2.47135
G1 X109.508 Y107.43 E2.49128
G1 X110.001 Y107.382 E2.50805
G1 X110.603 Y107.454 E2.52857
G1 X111.048 Y107.603 E2.54445
G1 X111.423 Y107.804 E2.55885
G1 X111.799 Y108.092 E2.57488
G1 X112.135 Y108.479 E2.59223
G1 X112.386 Y108.912 E2.60917
G1 X112.551 Y109.392 E2.62635
G1 X112.618 Y109.87 E2.64269
G1 X112.594 Y110.378 E2.6599
G1 X112.473 Y110.87 E2.67705
G1 X112.245 Y111.354 E2.69516
G1 X111.942 Y111.762 E2.71236
G1 X111.703 Y111.978 E2.72326
G1 X111.377 Y112.21 F9000
G1 E1.92326 F2100
G92 E0
G1 X117.929 Y110.507 F9000
G1 E.8 F2100
;TYPE:Perimeter
G1 F2700
G1 X117.907 Y110.883 E.81275
G1 X117.83 Y111.421 E.83115
G1 X117.713 Y111.953 E.84959
G1 X117.514 Y112.611 E.87286
G1 X117.326 Y113.101 E.89062
G1 X117.092 Y113.606 E.90946
G1 X116.831 Y114.083 E.92786
G1 X116.523 Y114.556 E.94697
G1 X116.035 Y115.185 E.97392
G1 X115.668 Y115.587 E.99234
G1 X115.272 Y115.96 E1.01075
G1 X114.742 Y116.388 E1.03381
G1 X114.314 Y116.685 E1.05144
G1 X113.828 Y116.976 E1.07061
G1 X113.343 Y117.223 E1.08903
G1 X112.82 Y117.441 E1.10821
G1 X112.065 Y117.685 E1.13507
G1 X111.536 Y117.81 E1.15347
G1 X110.998 Y117.895 E1.17191
G1 X110.318 Y117.95 E1.195
G1 X109.708 Y117.953 E1.21565
G1 X109.165 Y117.917 E1.23407
G1 X108.627 Y117.84 E1.25247
G1 X108.135 Y117.737 E1.26948
G1 X107.376 Y117.515 E1.29625
G1 X106.869 Y117.32 E1.31464
G1 X106.377 Y117.087 E1.33307
G1 X105.783 Y116.749 E1.3562
G1 X105.278 Y116.408 E1.37683
G1 X104.85 Y116.072 E1.39525
G1 X104.449 Y115.706 E1.41363
G1 X104.099 Y115.342 E1.43072
G1 X103.599 Y114.732 E1.45742
G1 X103.294 Y114.294 E1.47549
G1 X102.946 Y113.684 E1.49926
G1 X102.632 Y113.017 E1.52421
G1 X102.401 Y112.365 E1.54762
G1 X102.209 Y111.644 E1.57288
G1 X102.114 Y111.088 E1.59197
G1 X102.045 Y110.306 E1.61854
G1 X102.041 Y109.762 E1.63695
G1 X102.077 Y109.219 E1.65537
G1 X102.175 Y108.54 E1.67859
G1 X102.308 Y107.948 E1.69913
G1 X102.461 Y107.436 E1.71722
G1 X102.72 Y106.783 E1.741
G1 X102.981 Y106.254 E1.76097
G1 X103.254 Y105.773 E1.77969
G1 X103.552 Y105.329 E1.79779
G1 X103.992 Y104.781 E1.82158
G1 X104.441 Y104.306 E1.8437
G1 X104.85 Y103.928 E1.86255
G1 X105.278 Y103.592 E1.88097
G1 X105.857 Y103.205 E1.90454
G1 X106.353 Y102.925 E1.92382
G1 X106.807 Y102.709 E1.94084
G1 X107.303 Y102.51 E1.95893
G1 X107.975 Y102.305 E1.98271
G1 X108.509 Y102.188 E2.00121
G1 X109.098 Y102.092 E2.02141
G1 X109.63 Y102.048 E2.03948
G1 X110.333 Y102.051 E2.06328
G1 X110.899 Y102.099 E2.08251
G1 X111.469 Y102.179 E2.10199
G1 X112 Y102.296 E2.12039
G1 X112.521 Y102.452 E2.1388
G1 X113.174 Y102.705 E2.1625
G1 X113.709 Y102.96 E2.18256
G1 X114.182 Y103.228 E2.20096
G1 X114.634 Y103.531 E2.21938
G1 X115.226 Y104.001 E2.24497
G1 X115.619 Y104.367 E2.26315
G1 X115.985 Y104.755 E2.2812
G1 X116.421 Y105.306 E2.30498
G1 X116.703 Y105.727 E2.32213
G1 X117.03 Y106.274 E2.3437
G1 X117.269 Y106.762 E2.36209
G1 X117.472 Y107.267 E2.38051
G1 X117.639 Y107.779 E2.39874
G1 X117.77 Y108.295 E2.41676
G1 X117.891 Y108.983 E2.44041
G1 X117.943 Y109.524 E2.45881
G1 X117.956 Y110.068 E2.47723
G1 X117.933 Y110.447 E2.49008
G1 X118.344 Y110.519 F9000
G1 F2700
G1 X118.312 Y110.92 E2.5037
G1 X118.242 Y111.415 E2.52062
G1 X118.143 Y111.906 E2.53757
G1 X118.014 Y112.389 E2.55449
G1 X117.857 Y112.865 E2.57146
G1 X117.672 Y113.329 E2.58837
G1 X117.459 Y113.782 E2.60531
G1 X117.219 Y114.222 E2.62227
G1 X116.954 Y114.646 E2.63919
G1 X116.664 Y115.054 E2.65613
G1 X116.349 Y115.444 E2.6731
G1 X116.013 Y115.814 E2.69002
G1 X115.654 Y116.163 E2.70697
G1 X115.275 Y116.49 E2.72391
G1 X114.878 Y116.794 E2.74084
G1 X114.463 Y117.074 E2.75779
G1 X114.032 Y117.328 E2.77472
G1 X113.586 Y117.557 E2.79169
G1 X113.128 Y117.758 E2.80862
G1 X112.658 Y117.931 E2.82557
G1 X112.179 Y118.076 E2.84251
G1 X111.692 Y118.192 E2.85946
G1 X111.199 Y118.279 E2.87641
G1 X110.702 Y118.336 E2.89334
G1 X110.202 Y118.363 E2.91029
G1 X109.702 Y118.36 E2.92721
G1 X109.202 Y118.328 E2.94417
G1 X108.706 Y118.265 E2.96109
G1 X108.214 Y118.173 E2.97803
G1 X107.728 Y118.052 E2.99498
G1 X107.251 Y117.902 E3.01191
G1 X106.783 Y117.723 E3.02887
G1 X106.327 Y117.517 E3.04581
G1 X105.884 Y117.284 E3.06275
G1 X105.456 Y117.025 E3.07968
G1 X105.044 Y116.741 E3.09662
G1 X104.649 Y116.433 E3.11357
G1 X104.274 Y116.101 E3.13052
G1 X103.919 Y115.748 E3.14747
G1 X103.587 Y115.375 E3.16437
G1 X103.277 Y114.982 E3.18131
G1 X102.949 Y114.51 E3.20077
G1 X102.584 Y113.872 E3.22565
G1 X102.255 Y113.172 E3.25183
G1 X102.012 Y112.486 E3.27646
G1 X101.839 Y111.837 E3.29919
G1 X101.737 Y111.326 E3.31683
G1 X101.673 Y110.829 E3.33379
G1 X101.638 Y110.33 E3.35072
G1 X101.633 Y109.83 E3.36765
G1 X101.659 Y109.33 E3.3846
G1 X101.714 Y108.832 E3.40156
G1 X101.798 Y108.339 E3.41849
G1 X101.912 Y107.852 E3.43542
G1 X102.077 Y107.301 E3.45489
G1 X102.348 Y106.618 E3.47976
G1 X102.645 Y106.016 E3.50248
G1 X102.905 Y105.564 E3.52013
G1 X103.224 Y105.087 E3.53955
G1 X103.685 Y104.514 E3.56444
G1 X104.146 Y104.026 E3.58716
G1 X104.527 Y103.67 E3.60481
G1 X104.916 Y103.355 E3.62175
G1 X105.322 Y103.063 E3.63868
G1 X105.745 Y102.795 E3.65563
G1 X106.184 Y102.554 E3.67258
G1 X106.636 Y102.339 E3.68952
G1 X107.169 Y102.125 E3.70896
G1 X107.872 Y101.911 E3.73383
G1 X108.528 Y101.768 E3.75656
G1 X109.043 Y101.689 E3.7742
G1 X109.616 Y101.641 E3.79366
G1 X110.351 Y101.644 E3.81854
G1 X111.02 Y101.7 E3.84126
G1 X111.536 Y101.777 E3.85892
G1 X112.025 Y101.884 E3.87586
G1 X112.506 Y102.019 E3.89277
G1 X112.979 Y102.184 E3.90973
G1 X113.441 Y102.376 E3.92666
G1 X113.891 Y102.596 E3.94361
G1 X114.327 Y102.842 E3.96056
G1 X114.747 Y103.114 E3.9775
G1 X115.15 Y103.41 E3.99443
G1 X115.535 Y103.73 E4.01138
G1 X115.9 Y104.072 E4.02831
G1 X116.295 Y104.49 E4.04778
G1 X116.751 Y105.067 E4.07267
G1 X117.184 Y105.714 E4.09902
G1 X117.459 Y106.218 E4.11845
G1 X117.672 Y106.67 E4.13536
G1 X117.857 Y107.135 E4.1523
G1 X118.014 Y107.611 E4.16927
G1 X118.143 Y108.094 E4.18619
G1 X118.242 Y108.585 E4.20314
G1 X118.312 Y109.081 E4.2201
G1 X118.352 Y109.579 E4.23701
G1 X118.352 Y110.42 E4.26548
G1 X118.349 Y110.459 E4.2668
G1 X118.756 Y110.531 F9000
;TYPE:External perimeter
G1 F1800
G1 X118.709 Y111.048 E4.28437
G1 X118.631 Y111.567 E4.30213
G1 X118.522 Y112.08 E4.31988
G1 X118.382 Y112.586 E4.33765
G1 X118.213 Y113.083 E4.35542
G1 X118.014 Y113.569 E4.3732
G1 X117.786 Y114.042 E4.39097
G1 X117.53 Y114.501 E4.40876
G1 X117.247 Y114.943 E4.42653
G1 X116.939 Y115.368 E4.4443
G1 X116.605 Y115.773 E4.46207
G1 X116.248 Y116.158 E4.47984
G1 X115.869 Y116.521 E4.4976
G1 X115.468 Y116.861 E4.5154
G1 X115.048 Y117.175 E4.53315
G1 X114.61 Y117.465 E4.55093
G1 X114.156 Y117.727 E4.56867
G1 X113.686 Y117.962 E4.58646
G1 X113.203 Y118.168 E4.60423
G1 X112.709 Y118.345 E4.62199
G1 X112.205 Y118.493 E4.63977
G1 X111.693 Y118.609 E4.65754
G1 X111.175 Y118.695 E4.67531
G1 X110.653 Y118.75 E4.69308
G1 X110.129 Y118.774 E4.71084
G1 X109.604 Y118.766 E4.72861
G1 X109.08 Y118.727 E4.7464
G1 X108.56 Y118.656 E4.76416
G1 X108.045 Y118.555 E4.78192
G1 X107.537 Y118.423 E4.79969
G1 X107.037 Y118.261 E4.81748
G1 X106.549 Y118.069 E4.83523
G1 X106.072 Y117.848 E4.85302
G1 X105.61 Y117.599 E4.87078
G1 X105.163 Y117.323 E4.88856
G1 X104.734 Y117.021 E4.90632
G1 X104.323 Y116.694 E4.9241
G1 X103.933 Y116.342 E4.94188
G1 X103.565 Y115.968 E4.95964
G1 X103.219 Y115.573 E4.97741
G1 X102.898 Y115.158 E4.99517
G1 X102.604 Y114.726 E5.01286
G1 X102.223 Y114.06 E5.03883
G1 X101.878 Y113.327 E5.06625
G1 X101.623 Y112.606 E5.09214
G1 X101.414 Y111.822 E5.1196
G1 X101.32 Y111.308 E5.13729
G1 X101.258 Y110.787 E5.15505
G1 X101.226 Y110.263 E5.17282
G1 X101.226 Y109.737 E5.19062
G1 X101.258 Y109.213 E5.20839
G1 X101.32 Y108.692 E5.22615
G1 X101.414 Y108.176 E5.2439
G1 X101.539 Y107.666 E5.26167
G1 X101.693 Y107.166 E5.27938
G1 X101.976 Y106.453 E5.30535
G1 X102.334 Y105.725 E5.33281
G1 X102.603 Y105.276 E5.35053
G1 X102.897 Y104.844 E5.36822
G1 X103.378 Y104.246 E5.3942
G1 X103.935 Y103.656 E5.42166
G1 X104.323 Y103.306 E5.43935
G1 X104.734 Y102.979 E5.45713
G1 X105.163 Y102.677 E5.47489
G1 X105.61 Y102.401 E5.49267
G1 X106.072 Y102.152 E5.51043
G1 X106.549 Y101.931 E5.52822
G1 X107.035 Y101.74 E5.5459
G1 X107.769 Y101.517 E5.57187
G1 X108.562 Y101.343 E5.59935
G1 X109.08 Y101.273 E5.61704
G1 X109.602 Y101.234 E5.63476
G1 X110.369 Y101.237 E5.66072
G1 X111.178 Y101.305 E5.6882
G1 X111.693 Y101.391 E5.70587
G1 X112.205 Y101.507 E5.72364
G1 X112.709 Y101.655 E5.74142
G1 X113.203 Y101.832 E5.75918
G1 X113.686 Y102.038 E5.77695
G1 X114.156 Y102.273 E5.79474
G1 X114.61 Y102.535 E5.81248
G1 X115.048 Y102.825 E5.83026
G1 X115.468 Y103.139 E5.84801
G1 X115.869 Y103.479 E5.86581
G1 X116.248 Y103.842 E5.88357
G1 X116.604 Y104.225 E5.90127
G1 X117.08 Y104.827 E5.92725
G1 X117.531 Y105.501 E5.9547
G1 X117.826 Y106.041 E5.97553
G1 X118.048 Y106.516 E5.99328
G1 X118.242 Y107.004 E6.01106
G1 X118.407 Y107.502 E6.02882
G1 X118.541 Y108.01 E6.0466
G1 X118.645 Y108.524 E6.06435
G1 X118.718 Y109.044 E6.08212
G1 X118.759 Y109.567 E6.09988
G1 X118.757 Y110.471 E6.13048
G1 X118.725 Y110.87 F9000
G1 E5.33048 F2100
G92 E0
G1 X116.181 Y105.496 F9000
G1 E.8 F2100
;TYPE:Internal infill
;WIDTH:0.45
G1 F3000
G1 X116.792 Y106.474 E.83903
G1 X117.285 Y107.663 E.8826
G1 X116.988 Y107.867 E.8948
G1 X116.551 Y107.975 E.91004
G1 X116.114 Y107.784 E.92618
G1 X115.677 Y107.192 E.95109
G1 X115.241 Y106.892 E.969
G1 X114.804 Y106.784 E.98424
G1 X114.367 Y106.975 E1.00038
G1 X113.93 Y107.567 E1.02529
G1 X113.494 Y107.867 E1.0432
G1 X113.122 Y107.959 E1.05617
G1 X113.391 Y108.417 E1.07415
G1 X113.638 Y109.125 E1.09953
G1 X113.716 Y109.669 E1.11813
G1 X113.93 Y109.722 E1.12559
G1 X114.367 Y109.531 E1.14173
G1 X114.804 Y108.939 E1.16664
G1 X115.241 Y108.639 E1.18458
G1 X115.677 Y108.531 E1.19978
G1 X116.114 Y108.722 E1.21592
G1 X116.551 Y109.314 E1.24083
G1 X116.988 Y109.614 E1.25877
G1 X117.425 Y109.722 E1.27401
G1 X117.641 Y109.627 E1.282
G1 X117.606 Y110.814 E1.3222
G1 X117.425 Y111.061 E1.33257
G1 X116.988 Y111.361 E1.35051
G1 X116.551 Y111.469 E1.36575
G1 X116.114 Y111.278 E1.38189
G1 X115.677 Y110.686 E1.4068
G1 X115.241 Y110.386 E1.42471
G1 X114.804 Y110.278 E1.43995
G1 X114.367 Y110.469 E1.45609
G1 X113.93 Y111.061 E1.481
G1 X113.472 Y111.366 E1.49963
G1 X113.203 Y111.936 E1.52096
G1 X112.806 Y112.469 E1.54346
G1 X113.057 Y112.808 E1.55774
G1 X113.494 Y113.108 E1.57568
G1 X113.93 Y113.216 E1.59088
G1 X114.367 Y113.025 E1.60702
G1 X114.804 Y112.433 E1.63193
G1 X115.241 Y112.133 E1.64987
G1 X115.677 Y112.025 E1.66507
G1 X116.114 Y112.216 E1.68121
G1 X116.551 Y112.808 E1.70612
G1 X116.982 Y113.104 E1.72382
G1 X116.569 Y113.926 E1.75496
G1 X116.05 Y114.686 E1.78611
G1 X115.677 Y114.18 E1.80739
G1 X115.241 Y113.88 E1.8253
G1 X114.804 Y113.772 E1.84054
G1 X114.367 Y113.963 E1.85668
G1 X113.93 Y114.555 E1.88159
G1 X113.494 Y114.855 E1.8995
G1 X113.057 Y114.963 E1.91474
G1 X112.62 Y114.773 E1.93087
G1 X112.183 Y114.18 E1.9558
G1 X111.746 Y113.88 E1.97374
G1 X111.31 Y113.772 E1.98894
G1 X110.873 Y113.963 E2.00508
G1 X110.436 Y114.555 E2.02999
G1 X109.999 Y114.855 E2.04793
G1 X109.563 Y114.963 E2.06313
G1 X109.126 Y114.773 E2.07926
G1 X108.689 Y114.18 E2.10419
G1 X108.252 Y113.88 E2.12213
G1 X107.815 Y113.772 E2.13737
G1 X107.379 Y113.963 E2.15348
G1 X106.942 Y114.555 E2.17839
G1 X106.505 Y114.855 E2.19633
G1 X106.068 Y114.963 E2.21157
G1 X105.632 Y114.773 E2.22767
G1 X105.195 Y114.18 E2.2526
G1 X104.758 Y113.88 E2.27054
G1 X104.321 Y113.772 E2.28578
G1 X103.884 Y113.963 E2.30192
G1 X103.653 Y114.277 E2.31511
G1 X103.012 Y113.108 E2.36024
G1 X103.448 Y113.216 E2.37544
G1 X103.884 Y113.025 E2.39155
G1 X104.321 Y112.433 E2.41646
G1 X104.758 Y112.133 E2.4344
G1 X105.195 Y112.025 E2.44964
G1 X105.632 Y112.216 E2.46578
G1 X106.068 Y112.808 E2.49067
G1 X106.505 Y113.108 E2.50861
G1 X106.942 Y113.216 E2.52385
G1 X107.379 Y113.025 E2.53999
G1 X107.54 Y112.807 E2.54916
G1 X106.927 Y112.144 E2.57972
G1 X106.52 Y111.351 E2.60989
G1 X106.068 Y111.469 E2.6257
G1 X105.632 Y111.278 E2.64181
G1 X105.195 Y110.686 E2.66672
G1 X104.758 Y110.386 E2.68466
G1 X104.321 Y110.278 E2.6999
G1 X103.884 Y110.469 E2.71604
G1 X103.448 Y111.061 E2.74093
G1 X103.011 Y111.361 E2.75887
G1 X102.574 Y111.469 E2.77411
G1 X102.48 Y111.428 E2.77758
G1 X102.346 Y110.23 E2.81838
G1 X102.387 Y109.289 E2.85026
G1 E2.05026 F2100
G92 E0
G1 X104.88 Y104.312 F9000
G1 E.8 F2100
G1 F3000
G1 X104.222 Y104.982 E.83179
G1 X103.797 Y105.511 E.85476
G1 X103.352 Y106.204 E.88264
G1 X103.448 Y106.228 E.88599
G1 X103.884 Y106.037 E.9021
G1 X104.321 Y105.445 E.92701
G1 X104.758 Y105.145 E.94495
G1 X105.195 Y105.037 E.96019
G1 X105.632 Y105.228 E.97633
G1 X106.068 Y105.82 E1.00122
G1 X106.505 Y106.12 E1.01916
G1 X106.942 Y106.228 E1.0344
G1 X107.379 Y106.037 E1.05054
G1 X107.815 Y105.445 E1.07543
G1 X108.252 Y105.145 E1.09337
G1 X108.689 Y105.037 E1.10861
G1 X109.126 Y105.228 E1.12475
G1 X109.563 Y105.82 E1.14966
G1 X109.999 Y106.12 E1.16757
G1 X110.436 Y106.228 E1.18281
G1 X110.873 Y106.037 E1.19895
G1 X111.31 Y105.445 E1.22386
G1 X111.746 Y105.145 E1.24177
G1 X112.183 Y105.037 E1.25701
G1 X112.62 Y105.228 E1.27315
G1 X113.057 Y105.82 E1.29806
G1 X113.494 Y106.12 E1.316
G1 X113.93 Y106.228 E1.3312
G1 X114.367 Y106.037 E1.34734
G1 X114.804 Y105.445 E1.37225
G1 X115.241 Y105.145 E1.39019
G1 X115.677 Y105.037 E1.40539
G1 X115.893 Y105.131 E1.41336
G1 X115.119 Y104.311 E1.45153
G1 X114.25 Y103.639 E1.48871
G1 X113.93 Y104.073 E1.50696
G1 X113.494 Y104.373 E1.52487
G1 X113.057 Y104.481 E1.54011
G1 X112.62 Y104.29 E1.55625
G1 X112.183 Y103.698 E1.58116
G1 X111.746 Y103.398 E1.5991
G1 X111.31 Y103.29 E1.6143
G1 X110.873 Y103.48 E1.63043
G1 X110.436 Y104.073 E1.65536
G1 X109.999 Y104.373 E1.6733
G1 X109.563 Y104.481 E1.6885
G1 X109.126 Y104.29 E1.70464
G1 X108.689 Y103.698 E1.72955
G1 X108.252 Y103.398 E1.74749
G1 X107.815 Y103.29 E1.76273
G1 X107.379 Y103.48 E1.77883
G1 X106.942 Y104.073 E1.80376
G1 X106.505 Y104.373 E1.8217
G1 X106.068 Y104.481 E1.83694
G1 X105.632 Y104.29 E1.85305
G1 X105.355 Y103.915 E1.86883
G1 X106.17 Y103.371 E1.902
G1 X106.989 Y102.961 E1.933
G1 X108.052 Y102.601 E1.97099
G1 X109.197 Y102.387 E2.01042
G1 X109.614 Y102.361 E2.02456
G1 X109.999 Y102.625 E2.04036
G1 X110.436 Y102.734 E2.05561
G1 X110.873 Y102.543 E2.07175
G1 X110.97 Y102.411 E2.07729
G1 X111.475 Y102.489 E2.09459
G1 X112.283 Y102.697 E2.12283
G1 X113.303 Y103.098 E2.15993
G1 E1.35993 F2100
G92 E0
G1 X109.662 Y106.283 F9000
G1 E.8 F2100
G1 F3000
G1 X109.144 Y106.354 E.8177
G1 X108.462 Y106.584 E.84206
G1 X108.018 Y106.834 E.85931
G1 X107.815 Y106.784 E.86639
G1 X107.379 Y106.975 E.8825
G1 X106.942 Y107.567 E.90741
G1 X106.505 Y107.867 E.92535
G1 X106.068 Y107.975 E.94059
G1 X105.632 Y107.784 E.9567
G1 X105.195 Y107.192 E.98161
G1 X104.758 Y106.892 E.99955
G1 X104.321 Y106.784 E1.01479
G1 X103.884 Y106.975 E1.03093
G1 X103.448 Y107.567 E1.05582
G1 X103.011 Y107.867 E1.07376
G1 X102.618 Y107.964 E1.08746
G1 X102.406 Y109.086 E1.12611
G1 X102.574 Y109.314 E1.1357
G1 X103.011 Y109.614 E1.15364
G1 X103.448 Y109.722 E1.16888
G1 X103.884 Y109.531 E1.18499
G1 X104.321 Y108.939 E1.2099
G1 X104.758 Y108.639 E1.22784
G1 X105.195 Y108.531 E1.24308
G1 X105.632 Y108.722 E1.25922
G1 X106.068 Y109.314 E1.28411
G1 X106.305 Y109.476 E1.29383
G1 X106.254 Y110.09 E1.31468
G1 X106.328 Y110.746 E1.33703
G1 X106.459 Y111.157 E1.35163
G1 E.55163 F2100
G92 E0
G1 X103.767 Y114.445 F9000
G1 E.8 F2100
G1 F3000
G1 X104.386 Y115.207 E.83323
G1 X104.801 Y115.617 E.85298
G1 X105.195 Y115.519 E.86672
G1 X105.632 Y115.71 E.88286
G1 X106.068 Y116.302 E.90775
G1 X106.505 Y116.602 E.92569
G1 X106.942 Y116.71 E.94093
G1 X107.379 Y116.52 E.95706
G1 X107.815 Y115.927 E.98197
G1 X108.252 Y115.627 E.99991
G1 X108.689 Y115.519 E1.01515
G1 X109.126 Y115.71 E1.03129
G1 X109.563 Y116.302 E1.0562
G1 X109.999 Y116.602 E1.07411
G1 X110.436 Y116.71 E1.08935
G1 X110.873 Y116.52 E1.10548
G1 X111.31 Y115.927 E1.13041
G1 X111.746 Y115.627 E1.14832
G1 X112.183 Y115.519 E1.16356
G1 X112.62 Y115.71 E1.1797
G1 X113.057 Y116.302 E1.20461
G1 X113.494 Y116.602 E1.22255
G1 X113.753 Y116.667 E1.23159
G1 X112.363 Y117.28 E1.28301
G1 X111.828 Y117.43 E1.30182
G1 X111.31 Y117.266 E1.32021
G1 X110.873 Y117.457 E1.33635
G1 X110.701 Y117.62 E1.34437
G1 X110.569 Y117.634 E1.34886
G1 X109.654 Y117.647 E1.37983
G1 X108.743 Y117.552 E1.41083
G1 X107.815 Y117.266 E1.4437
G1 X107.724 Y117.307 E1.44708
G1 X106.978 Y117.034 E1.47397
;LAYER_CHANGE
;Z:1.4
;HEIGHT:0.2
G1 E.67397 F2100
G92 E0
G1 Z1.4 F9000
G1 X112.183 Y112.642
G1 E.8 F2100
;TYPE:Perimeter
;WIDTH:0.449999
G1 F1500
G1 X112.109 Y112.709 E.80338
G1 X111.559 Y113.054 E.82536
G1 X111.024 Y113.273 E.84493
G1 X110.71 Y113.36 E.85596
G1 X110.214 Y113.428 E.87291
G1 X109.49 Y113.397 E.89744
G1 X109.003 Y113.283 E.91437
G1 X108.692 Y113.177 E.92549
G1 X108.244 Y112.954 E.94243
G1 X107.727 Y112.571 E.96421
G1 X107.327 Y112.153 E.98379
G1 X107.128 Y111.889 E.99498
G1 X106.884 Y111.451 E1.01195
G1 X106.674 Y110.846 E1.03363
G1 X106.578 Y110.276 E1.0532
G1 X106.563 Y109.942 E1.06452
G1 X106.608 Y109.443 E1.08148
G1 X106.805 Y108.722 E1.10678
G1 X107.053 Y108.224 E1.12561
G1 X107.391 Y107.771 E1.14474
G1 X107.593 Y107.547 E1.15495
G1 X107.975 Y107.223 E1.1719
G1 X108.516 Y106.9 E1.19323
G1 X109.094 Y106.685 E1.2141
G1 X109.703 Y106.584 E1.235
G1 X110.099 Y106.572 E1.24841
G1 X110.638 Y106.621 E1.26673
G1 X111.131 Y106.756 E1.28403
G1 X111.682 Y107.005 E1.3045
G1 X112.262 Y107.418 E1.3286
G1 X112.747 Y107.94 E1.35272
G1 X113.078 Y108.477 E1.37407
G1 X113.297 Y109.058 E1.39509
G1 X113.412 Y109.644 E1.4153
G1 X113.417 Y110.24 E1.43547
G1 X113.381 Y110.59 E1.44738
G1 X113.259 Y111.083 E1.46457
G1 X113.009 Y111.642 E1.4853
G1 X112.689 Y112.127 E1.50497
G1 X112.481 Y112.373 E1.51587
G1 X112.227 Y112.602 E1.52745
G1 X111.923 Y112.328 F9000
G1 F1500
G1 X111.836 Y112.407 E1.53143
G1 X111.354 Y112.702 E1.55056
G1 X110.77 Y112.93 E1.57178
G1 X110.159 Y113.025 E1.59271
G1 X109.52 Y112.991 E1.61437
G1 X108.984 Y112.855 E1.63309
G1 X108.426 Y112.59 E1.654
G1 X107.98 Y112.252 E1.67294
G1 X107.551 Y111.787 E1.69435
G1 X107.239 Y111.253 E1.71528
G1 X107.063 Y110.726 E1.73409
G1 X106.969 Y110.097 E1.75562
G1 X107.008 Y109.541 E1.77449
G1 X107.126 Y109.05 E1.79158
G1 X107.406 Y108.426 E1.81473
G1 X107.713 Y108.02 E1.83196
G1 X108.188 Y107.576 E1.85397
G1 X108.714 Y107.255 E1.87483
G1 X109.225 Y107.07 E1.89323
G1 X109.757 Y106.987 E1.91146
G1 X110.068 Y106.978 E1.92199
G1 X110.567 Y107.022 E1.93895
G1 X111.055 Y107.159 E1.95611
G1 X111.511 Y107.375 E1.97319
G1 X112.017 Y107.743 E1.99437
G1 X112.439 Y108.208 E2.01563
G1 X112.725 Y108.68 E2.03431
G1 X112.912 Y109.19 E2.0527
G1 X113.009 Y109.702 E2.07034
G1 X113.01 Y110.222 E2.08794
G1 X112.933 Y110.707 E2.10456
G1 X112.79 Y111.159 E2.12061
G1 X112.551 Y111.632 E2.13855
G1 X112.246 Y112.034 E2.15563
G1 X111.968 Y112.287 E2.16835
G1 X111.664 Y112.014 F9000
;TYPE:External perimeter
G1 F1500
G1 X111.563 Y112.105 E2.17295
G1 X111.085 Y112.388 E2.19175
G1 X110.605 Y112.553 E2.20893
G1 X110.104 Y112.622 E2.22605
G1 X109.55 Y112.585 E2.24484
G1 X109.06 Y112.451 E2.26203
G1 X108.607 Y112.225 E2.27917
G1 X108.17 Y111.883 E2.29795
G1 X107.842 Y111.497 E2.3151
G1 X107.595 Y111.054 E2.33227
G1 X107.427 Y110.525 E2.35106
G1 X107.373 Y110.023 E2.36815
G1 X107.419 Y109.516 E2.38538
G1 X107.555 Y109.038 E2.4022
G1 X107.826 Y108.539 E2.42142
G1 X108.119 Y108.168 E2.43742
G1 X108.501 Y107.844 E2.45437
G1 X108.938 Y107.599 E2.47133
G1 X109.474 Y107.436 E2.49029
G1 X110.038 Y107.384 E2.50946
G1 X110.61 Y107.456 E2.52897
G1 X111.054 Y107.606 E2.54483
G1 X111.363 Y107.759 E2.5565
G1 X111.772 Y108.068 E2.57385
G1 X112.132 Y108.475 E2.59224
G1 X112.384 Y108.908 E2.6092
G1 X112.548 Y109.384 E2.62624
G1 X112.618 Y109.871 E2.64289
G1 X112.595 Y110.376 E2.66
G1 X112.475 Y110.864 E2.67701
G1 X112.242 Y111.359 E2.69553
G1 X111.938 Y111.766 E2.71273
G1 X111.709 Y111.974 E2.7232
G1 X111.383 Y112.206 F9000
G1 E1.9232 F2100
G92 E0
G1 X117.94 Y110.507 F9000
G1 E.8 F2100
;TYPE:Perimeter
G1 F2700
G1 X117.891 Y111.017 E.81734
G1 X117.791 Y111.604 E.8375
G1 X117.622 Y112.281 E.86112
G1 X117.45 Y112.797 E.87953
G1 X117.24 Y113.299 E.89795
G1 X116.895 Y113.968 E.92343
G1 X116.611 Y114.427 E.9417
G1 X116.295 Y114.87 E.96012
G1 X115.946 Y115.287 E.97853
G1 X115.562 Y115.688 E.99732
G1 X115.012 Y116.18 E1.0223
G1 X114.579 Y116.509 E1.04071
G1 X114.123 Y116.806 E1.05913
G1 X113.46 Y117.165 E1.08465
G1 X112.968 Y117.383 E1.10287
G1 X112.457 Y117.571 E1.1213
G1 X111.934 Y117.719 E1.1397
G1 X111.388 Y117.835 E1.15859
G1 X110.757 Y117.921 E1.18015
G1 X110.184 Y117.956 E1.19958
G1 X109.651 Y117.953 E1.21762
G1 X108.908 Y117.881 E1.24289
G1 X108.304 Y117.774 E1.26365
G1 X107.765 Y117.641 E1.28244
G1 X107.249 Y117.469 E1.30085
G1 X106.73 Y117.256 E1.31984
G1 X106.077 Y116.926 E1.34461
G1 X105.612 Y116.644 E1.36302
G1 X105.169 Y116.327 E1.38146
G1 X104.591 Y115.839 E1.40707
G1 X104.209 Y115.463 E1.42521
G1 X103.849 Y115.056 E1.4436
G1 X103.519 Y114.623 E1.46203
G1 X103.209 Y114.152 E1.48112
G1 X102.856 Y113.514 E1.5058
G1 X102.632 Y113.019 E1.52419
G1 X102.444 Y112.508 E1.54262
G1 X102.241 Y111.778 E1.56827
G1 X102.138 Y111.253 E1.58638
G1 X102.069 Y110.714 E1.60477
G1 X102.041 Y110.17 E1.62321
G1 X102.058 Y109.557 E1.64397
G1 X102.162 Y108.649 E1.67491
G1 X102.294 Y108.038 E1.69607
G1 X102.529 Y107.272 E1.72319
G1 X102.768 Y106.693 E1.74439
G1 X103.137 Y105.982 E1.7715
G1 X103.519 Y105.377 E1.79572
G1 X103.849 Y104.944 E1.81415
G1 X104.209 Y104.537 E1.83254
G1 X104.656 Y104.11 E1.85346
G1 X105.365 Y103.538 E1.8843
G1 X105.846 Y103.212 E1.90397
G1 X106.377 Y102.913 E1.9246
G1 X106.869 Y102.68 E1.94303
G1 X107.377 Y102.485 E1.96145
G1 X108.03 Y102.29 E1.98452
G1 X108.55 Y102.175 E2.00255
G1 X109.098 Y102.092 E2.02131
G1 X109.629 Y102.048 E2.03935
G1 X110.376 Y102.053 E2.06464
G1 X110.906 Y102.099 E2.08265
G1 X111.469 Y102.179 E2.1019
G1 X112 Y102.296 E2.1203
G1 X112.521 Y102.452 E2.13871
G1 X113.163 Y102.7 E2.16201
G1 X113.709 Y102.96 E2.18248
G1 X114.172 Y103.223 E2.2005
G1 X114.712 Y103.595 E2.2227
G1 X115.149 Y103.942 E2.24159
G1 X115.619 Y104.367 E2.26304
G1 X115.992 Y104.763 E2.28145
G1 X116.334 Y105.185 E2.29984
G1 X116.727 Y105.754 E2.32325
G1 X117.03 Y106.274 E2.34362
G1 X117.269 Y106.762 E2.36201
G1 X117.472 Y107.267 E2.38043
G1 X117.639 Y107.782 E2.39876
G1 X117.77 Y108.299 E2.41681
G1 X117.891 Y108.983 E2.44032
G1 X117.943 Y109.524 E2.45872
G1 X117.943 Y110.447 E2.48996
G1 X118.344 Y110.519 F9000
G1 F2700
G1 X118.312 Y110.92 E2.50358
G1 X118.242 Y111.415 E2.5205
G1 X118.143 Y111.906 E2.53745
G1 X118.014 Y112.389 E2.55437
G1 X117.857 Y112.865 E2.57134
G1 X117.672 Y113.329 E2.58825
G1 X117.459 Y113.782 E2.60519
G1 X117.219 Y114.222 E2.62215
G1 X116.954 Y114.646 E2.63907
G1 X116.664 Y115.054 E2.65601
G1 X116.349 Y115.444 E2.67298
G1 X116.013 Y115.814 E2.6899
G1 X115.654 Y116.163 E2.70685
G1 X115.275 Y116.49 E2.72379
G1 X114.878 Y116.794 E2.74072
G1 X114.463 Y117.074 E2.75767
G1 X114.032 Y117.328 E2.7746
G1 X113.586 Y117.557 E2.79157
G1 X113.128 Y117.758 E2.8085
G1 X112.658 Y117.931 E2.82545
G1 X112.179 Y118.076 E2.84239
G1 X111.692 Y118.192 E2.85934
G1 X111.199 Y118.279 E2.87629
G1 X110.702 Y118.336 E2.89322
G1 X110.202 Y118.363 E2.91017
G1 X109.629 Y118.359 E2.92957
G1 X108.853 Y118.285 E2.95596
G1 X108.233 Y118.175 E2.97727
G1 X107.728 Y118.052 E2.99486
G1 X107.251 Y117.902 E3.01179
G1 X106.783 Y117.723 E3.02875
G1 X106.327 Y117.517 E3.04569
G1 X105.884 Y117.284 E3.06263
G1 X105.456 Y117.025 E3.07956
G1 X105.044 Y116.741 E3.0965
G1 X104.649 Y116.433 E3.11345
G1 X104.274 Y116.102 E3.13038
G1 X103.919 Y115.748 E3.14735
G1 X103.587 Y115.375 E3.16425
G1 X103.277 Y114.982 E3.18119
G1 X102.991 Y114.571 E3.19814
G1 X102.73 Y114.144 E3.21508
G1 X102.495 Y113.701 E3.23205
G1 X102.287 Y113.246 E3.24898
G1 X102.107 Y112.779 E3.26592
G1 X101.955 Y112.303 E3.28283
G1 X101.831 Y111.817 E3.29981
G1 X101.737 Y111.326 E3.31673
G1 X101.673 Y110.829 E3.33369
G1 X101.638 Y110.33 E3.35062
G1 X101.633 Y109.756 E3.37005
G1 X101.696 Y108.98 E3.3964
G1 X101.813 Y108.261 E3.42106
G1 X102.012 Y107.514 E3.44723
G1 X102.255 Y106.828 E3.47186
G1 X102.584 Y106.128 E3.49804
G1 X102.897 Y105.581 E3.51937
G1 X103.183 Y105.148 E3.53694
G1 X103.485 Y104.749 E3.55388
G1 X103.811 Y104.369 E3.57083
G1 X104.21 Y103.957 E3.59024
G1 X104.8 Y103.448 E3.61662
G1 X105.308 Y103.075 E3.63795
G1 X105.745 Y102.795 E3.65552
G1 X106.184 Y102.554 E3.67247
G1 X106.636 Y102.339 E3.68941
G1 X107.1 Y102.152 E3.70634
G1 X107.575 Y101.993 E3.7233
G1 X108.058 Y101.862 E3.74024
G1 X108.548 Y101.761 E3.75717
G1 X109.043 Y101.689 E3.7741
G1 X109.615 Y101.641 E3.79353
G1 X110.394 Y101.646 E3.8199
G1 X111.022 Y101.7 E3.84124
G1 X111.536 Y101.777 E3.85883
G1 X112.025 Y101.884 E3.87577
G1 X112.506 Y102.019 E3.89268
G1 X112.979 Y102.184 E3.90964
G1 X113.441 Y102.376 E3.92657
G1 X113.891 Y102.596 E3.94352
G1 X114.39 Y102.878 E3.96292
G1 X115.031 Y103.321 E3.98929
G1 X115.601 Y103.786 E4.01419
G1 X116.013 Y104.186 E4.03363
G1 X116.35 Y104.556 E4.05057
G1 X116.664 Y104.946 E4.06752
G1 X116.954 Y105.354 E4.08446
G1 X117.219 Y105.778 E4.10138
G1 X117.459 Y106.218 E4.11834
G1 X117.672 Y106.67 E4.13525
G1 X117.857 Y107.135 E4.15219
G1 X118.014 Y107.611 E4.16916
G1 X118.143 Y108.094 E4.18608
G1 X118.242 Y108.585 E4.20303
G1 X118.312 Y109.081 E4.21999
G1 X118.352 Y109.579 E4.2369
G1 X118.352 Y110.42 E4.26537
G1 X118.349 Y110.459 E4.26669
G1 X118.756 Y110.531 F9000
;TYPE:External perimeter
G1 F1800
G1 X118.709 Y111.048 E4.28426
G1 X118.631 Y111.567 E4.30202
G1 X118.522 Y112.08 E4.31977
G1 X118.382 Y112.586 E4.33754
G1 X118.213 Y113.083 E4.35531
G1 X118.014 Y113.569 E4.37309
G1 X117.786 Y114.042 E4.39086
G1 X117.53 Y114.501 E4.40865
G1 X117.247 Y114.943 E4.42642
G1 X116.939 Y115.368 E4.44419
G1 X116.605 Y115.773 E4.46196
G1 X116.248 Y116.158 E4.47973
G1 X115.869 Y116.521 E4.49749
G1 X115.468 Y116.861 E4.51529
G1 X115.048 Y117.175 E4.53304
G1 X114.61 Y117.465 E4.55082
G1 X114.156 Y117.727 E4.56856
G1 X113.686 Y117.962 E4.58635
G1 X113.203 Y118.168 E4.60412
G1 X112.709 Y118.345 E4.62188
G1 X112.205 Y118.493 E4.63966
G1 X111.693 Y118.609 E4.65743
G1 X111.175 Y118.695 E4.6752
G1 X110.653 Y118.75 E4.69297
G1 X110.129 Y118.774 E4.71073
G1 X109.606 Y118.766 E4.72843
G1 X108.798 Y118.688 E4.75591
G1 X108.043 Y118.554 E4.78187
G1 X107.537 Y118.423 E4.79956
G1 X107.037 Y118.261 E4.81735
G1 X106.549 Y118.069 E4.8351
G1 X106.072 Y117.848 E4.85289
G1 X105.61 Y117.599 E4.87065
G1 X105.163 Y117.323 E4.88843
G1 X104.734 Y117.021 E4.90619
G1 X104.323 Y116.694 E4.92397
G1 X103.933 Y116.342 E4.94175
G1 X103.565 Y115.968 E4.95951
G1 X103.219 Y115.573 E4.97728
G1 X102.898 Y115.158 E4.99504
G1 X102.603 Y114.724 E5.0128
G1 X102.333 Y114.273 E5.03059
G1 X102.091 Y113.807 E5.04836
G1 X101.878 Y113.328 E5.0661
G1 X101.693 Y112.836 E5.08389
G1 X101.539 Y112.334 E5.10166
G1 X101.414 Y111.824 E5.11943
G1 X101.32 Y111.308 E5.13718
G1 X101.258 Y110.787 E5.15494
G1 X101.226 Y110.263 E5.17271
G1 X101.226 Y109.74 E5.19041
G1 X101.292 Y108.931 E5.21788
G1 X101.414 Y108.176 E5.24377
G1 X101.623 Y107.394 E5.27117
G1 X101.878 Y106.673 E5.29706
G1 X102.223 Y105.94 E5.32448
G1 X102.604 Y105.274 E5.35045
G1 X102.898 Y104.842 E5.36814
G1 X103.219 Y104.427 E5.3859
G1 X103.565 Y104.032 E5.40367
G1 X103.932 Y103.659 E5.42138
G1 X104.546 Y103.129 E5.44883
G1 X105.165 Y102.676 E5.47479
G1 X105.61 Y102.401 E5.4925
G1 X106.072 Y102.152 E5.51026
G1 X106.549 Y101.931 E5.52805
G1 X107.037 Y101.739 E5.5458
G1 X107.537 Y101.577 E5.56359
G1 X108.045 Y101.445 E5.58136
G1 X108.56 Y101.344 E5.59912
G1 X109.08 Y101.273 E5.61688
G1 X109.601 Y101.234 E5.63456
G1 X110.413 Y101.239 E5.66205
G1 X111.177 Y101.305 E5.68801
G1 X111.693 Y101.391 E5.70572
G1 X112.205 Y101.507 E5.72349
G1 X112.709 Y101.655 E5.74127
G1 X113.203 Y101.832 E5.75903
G1 X113.686 Y102.038 E5.7768
G1 X114.155 Y102.273 E5.79456
G1 X114.608 Y102.534 E5.81226
G1 X115.276 Y102.995 E5.83973
G1 X115.87 Y103.48 E5.86569
G1 X116.311 Y103.909 E5.88652
G1 X116.664 Y104.298 E5.9043
G1 X116.993 Y104.707 E5.92207
G1 X117.297 Y105.134 E5.93981
G1 X117.575 Y105.58 E5.9576
G1 X117.826 Y106.041 E5.97537
G1 X118.048 Y106.516 E5.99312
G1 X118.242 Y107.004 E6.0109
G1 X118.407 Y107.502 E6.02866
G1 X118.541 Y108.01 E6.04644
G1 X118.645 Y108.524 E6.06419
G1 X118.718 Y109.044 E6.08196
G1 X118.759 Y109.567 E6.09972
G1 X118.757 Y110.471 E6.13032
G1 X118.725 Y110.87 F9000
G1 E5.33032 F2100
G92 E0
G1 X115.902 Y114.866 F9000
G1 E.8 F2100
;TYPE:Internal infill
;WIDTH:0.45
G1 F3000
G1 X116.569 Y113.926 E.83901
G1 X116.965 Y113.167 E.86799
G1 X116.808 Y113.057 E.87448
G1 X116.493 Y112.621 E.89269
G1 X116.37 Y112.184 E.90806
G1 X116.541 Y111.747 E.92394
G1 X117.167 Y111.31 E.94978
G1 X117.482 Y110.874 E.96799
G1 X117.606 Y110.437 E.98337
G1 X117.435 Y110 E.99925
G1 X116.808 Y109.563 E1.02512
G1 X116.493 Y109.126 E1.04335
G1 X116.37 Y108.69 E1.05868
G1 X116.541 Y108.253 E1.07456
G1 X117.167 Y107.816 E1.1004
G1 X117.282 Y107.656 E1.10707
G1 X116.991 Y106.887 E1.1349
G1 X116.321 Y105.687 E1.18142
G1 X115.617 Y104.808 E1.21954
G1 X115.061 Y105.195 E1.24247
G1 X114.746 Y105.632 E1.2607
G1 X114.623 Y106.069 E1.27607
G1 X114.793 Y106.506 E1.29194
G1 X115.42 Y106.943 E1.31781
G1 X115.735 Y107.379 E1.33602
G1 X115.858 Y107.816 E1.35139
G1 X115.688 Y108.253 E1.36726
G1 X115.061 Y108.69 E1.39313
G1 X114.746 Y109.126 E1.41134
G1 X114.623 Y109.563 E1.42671
G1 X114.793 Y110 E1.44258
G1 X115.42 Y110.437 E1.46845
G1 X115.735 Y110.874 E1.48668
G1 X115.858 Y111.31 E1.50201
G1 X115.688 Y111.747 E1.51788
G1 X115.061 Y112.184 E1.54375
G1 X114.746 Y112.621 E1.56198
G1 X114.623 Y113.057 E1.57731
G1 X114.793 Y113.494 E1.59318
G1 X115.42 Y113.931 E1.61905
G1 X115.735 Y114.368 E1.63728
G1 X115.858 Y114.805 E1.65265
G1 X115.762 Y115.036 E1.66112
G1 X114.95 Y115.833 E1.69963
G1 X114.404 Y116.26 E1.72309
G1 X113.601 Y116.752 E1.75497
G1 X113.314 Y116.552 E1.76681
G1 X112.999 Y116.115 E1.78504
G1 X112.876 Y115.678 E1.80041
G1 X113.046 Y115.241 E1.81628
G1 X113.673 Y114.805 E1.84213
G1 X113.988 Y114.368 E1.86036
G1 X114.111 Y113.931 E1.87573
G1 X113.941 Y113.494 E1.8916
G1 X113.314 Y113.057 E1.91747
G1 X112.999 Y112.621 E1.93568
G1 X112.915 Y112.322 E1.94619
G1 X113.201 Y111.939 E1.96237
G1 X113.412 Y111.492 E1.9791
G1 X113.673 Y111.31 E1.98987
G1 X113.988 Y110.874 E2.00808
G1 X114.111 Y110.437 E2.02345
G1 X113.941 Y110 E2.03932
G1 X113.736 Y109.857 E2.04778
G1 X113.639 Y109.127 E2.07271
G1 X113.389 Y108.412 E2.09835
G1 X113.224 Y108.129 E2.10944
G1 X113.673 Y107.816 E2.12797
G1 X113.988 Y107.379 E2.1462
G1 X114.111 Y106.943 E2.16153
G1 X113.941 Y106.506 E2.1774
G1 X113.314 Y106.069 E2.20327
G1 X112.999 Y105.632 E2.2215
G1 X112.876 Y105.195 E2.23687
G1 X113.046 Y104.759 E2.25271
G1 X113.673 Y104.322 E2.27858
G1 X113.988 Y103.885 E2.29681
G1 X114.087 Y103.535 E2.30912
G1 X112.794 Y102.874 E2.35827
G1 X112.271 Y102.693 E2.377
G1 X111.167 Y102.438 E2.41535
G1 X111.129 Y102.575 E2.42016
G1 X111.299 Y103.012 E2.43603
G1 X111.926 Y103.448 E2.46188
G1 X112.241 Y103.885 E2.48011
G1 X112.364 Y104.322 E2.49548
G1 X112.194 Y104.759 E2.51135
G1 X111.567 Y105.195 E2.5372
G1 X111.252 Y105.632 E2.55543
G1 X111.129 Y106.069 E2.5708
G1 X111.292 Y106.487 E2.58599
G1 X110.648 Y106.312 E2.60858
G1 X110.119 Y106.277 E2.62653
G1 X109.82 Y106.069 E2.63886
G1 X109.505 Y105.632 E2.65709
G1 X109.382 Y105.195 E2.67246
G1 X109.552 Y104.759 E2.6883
G1 X110.179 Y104.322 E2.71417
G1 X110.494 Y103.885 E2.7324
G1 X110.617 Y103.448 E2.74777
G1 X110.447 Y103.012 E2.76361
G1 X109.82 Y102.575 E2.78948
G1 X109.663 Y102.358 E2.79855
G1 X108.743 Y102.448 E2.82984
G1 X107.88 Y102.645 E2.8598
G1 E2.0598 F2100
G92 E0
G1 X109.916 Y106.264 F9000
G1 E.8 F2100
G1 F3000
G1 X109.141 Y106.355 E.82641
G1 X108.457 Y106.587 E.85086
G1 X108.162 Y106.755 E.86235
G1 X107.805 Y106.506 E.87708
G1 X107.634 Y106.069 E.89296
G1 X107.758 Y105.632 E.90834
G1 X108.073 Y105.195 E.92657
G1 X108.699 Y104.759 E.95239
G1 X108.87 Y104.322 E.96827
G1 X108.747 Y103.885 E.98364
G1 X108.432 Y103.448 E1.00187
G1 X107.805 Y103.012 E1.02772
G1 X107.686 Y102.706 E1.03883
G1 X106.923 Y102.991 E1.0664
G1 X107.123 Y103.448 E1.08329
G1 X107 Y103.885 E1.09866
G1 X106.685 Y104.322 E1.11689
G1 X106.058 Y104.759 E1.14276
G1 X105.887 Y105.195 E1.15861
G1 X106.011 Y105.632 E1.17399
G1 X106.326 Y106.069 E1.19222
G1 X106.952 Y106.506 E1.21806
G1 X107.123 Y106.943 E1.23394
G1 X107 Y107.379 E1.24927
G1 X106.685 Y107.816 E1.2675
G1 X106.058 Y108.253 E1.29337
G1 X105.887 Y108.69 E1.30925
G1 X106.011 Y109.126 E1.32459
G1 X106.299 Y109.526 E1.34127
G1 X106.254 Y110.086 E1.36029
G1 X106.33 Y110.754 E1.38305
G1 X106.476 Y111.219 E1.39955
G1 E.59955 F2100
G92 E0
G1 X102.58 Y108.149 F9000
G1 E.8 F2100
G1 F3000
G1 X102.915 Y107.099 E.83731
G1 X103.266 Y106.372 E.86464
G1 X103.458 Y106.506 E.87257
G1 X103.629 Y106.943 E.88845
G1 X103.505 Y107.379 E.90379
G1 X103.19 Y107.816 E.92202
G1 X102.564 Y108.253 E.94786
G1 X102.439 Y108.851 E.96854
G1 X102.516 Y109.126 E.97821
G1 X102.831 Y109.563 E.99644
G1 X103.458 Y110 E1.02231
G1 X103.629 Y110.437 E1.03819
G1 X103.505 Y110.874 E1.05357
G1 X103.19 Y111.31 E1.07178
G1 X102.554 Y111.773 E1.09841
G1 X102.753 Y112.474 E1.12308
G1 X103.051 Y113.211 E1.14999
G1 X103.458 Y113.494 E1.16677
G1 X103.629 Y113.931 E1.18265
G1 X103.567 Y114.151 E1.19039
G1 X104.085 Y114.862 E1.22017
G1 X104.742 Y115.564 E1.25272
G1 X105.205 Y115.241 E1.27183
G1 X105.376 Y114.805 E1.28768
G1 X105.252 Y114.368 E1.30306
G1 X104.938 Y113.931 E1.32127
G1 X104.311 Y113.494 E1.34714
G1 X104.14 Y113.057 E1.36302
G1 X104.264 Y112.621 E1.37836
G1 X104.579 Y112.184 E1.39659
G1 X105.205 Y111.747 E1.42243
G1 X105.376 Y111.31 E1.43831
G1 X105.252 Y110.874 E1.45365
G1 X104.938 Y110.437 E1.47186
G1 X104.311 Y110 E1.49773
G1 X104.14 Y109.563 E1.51361
G1 X104.264 Y109.126 E1.52899
G1 X104.579 Y108.69 E1.5472
G1 X105.205 Y108.253 E1.57304
G1 X105.376 Y107.816 E1.58892
G1 X105.252 Y107.379 E1.6043
G1 X104.938 Y106.943 E1.62249
G1 X104.311 Y106.506 E1.64836
G1 X104.14 Y106.069 E1.66424
G1 X104.264 Y105.632 E1.67962
G1 X104.579 Y105.195 E1.69785
G1 X105.205 Y104.759 E1.72367
G1 X105.376 Y104.322 E1.73955
G1 X105.279 Y103.98 E1.75158
G1 X104.386 Y104.793 E1.79246
G1 X103.626 Y105.762 E1.83414
G1 E1.03414 F2100
G92 E0
G1 X107.654 Y117.28 F9000
G1 E.8 F2100
G1 F3000
G1 X106.963 Y117.017 E.82503
G1 X106.326 Y116.552 E.85173
G1 X106.011 Y116.115 E.86996
G1 X105.887 Y115.678 E.88534
G1 X106.058 Y115.241 E.90122
G1 X106.685 Y114.805 E.92707
G1 X107 Y114.368 E.9453
G1 X107.123 Y113.931 E.96067
G1 X106.952 Y113.494 E.97655
G1 X106.326 Y113.057 E1.00239
G1 X106.011 Y112.621 E1.0206
G1 X105.887 Y112.184 E1.03598
G1 X106.058 Y111.747 E1.05186
G1 X106.538 Y111.413 E1.07165
G1 X106.924 Y112.139 E1.09948
G1 X107.392 Y112.69 E1.12395
G1 X107.675 Y112.912 E1.13612
G1 X107.634 Y113.057 E1.14122
G1 X107.805 Y113.494 E1.1571
G1 X108.432 Y113.931 E1.18297
G1 X108.747 Y114.368 E1.2012
G1 X108.87 Y114.805 E1.21657
G1 X108.699 Y115.241 E1.23242
G1 X108.073 Y115.678 E1.25826
G1 X107.758 Y116.115 E1.27649
G1 X107.634 Y116.552 E1.29187
G1 X107.805 Y116.988 E1.30772
G1 X108.482 Y117.495 E1.33635
G1 X109.668 Y117.647 E1.37682
G1 X110.558 Y117.634 E1.40695
G1 X110.617 Y117.425 E1.4143
G1 X110.447 Y116.988 E1.43017
G1 X109.82 Y116.552 E1.45602
G1 X109.505 Y116.115 E1.47425
G1 X109.382 Y115.678 E1.48962
G1 X109.552 Y115.241 E1.50549
G1 X110.179 Y114.805 E1.53134
G1 X110.494 Y114.368 E1.54957
G1 X110.617 Y113.931 E1.56494
G1 X110.523 Y113.689 E1.57373
G1 X110.868 Y113.642 E1.58552
G1 X111.299 Y113.494 E1.60094
G1 X111.926 Y113.931 E1.62681
G1 X112.241 Y114.368 E1.64504
G1 X112.364 Y114.805 E1.66041
G1 X112.194 Y115.241 E1.67625
G1 X111.567 Y115.678 E1.70212
G1 X111.252 Y116.115 E1.72035
G1 X111.129 Y116.552 E1.73572
G1 X111.299 Y116.988 E1.75156
G1 X111.907 Y117.412 E1.77665
G1 X112.362 Y117.281 E1.79268
G1 X113.418 Y116.84 E1.83142
M106 S119.85
;LAYER_CHANGE
;Z:1.6
;HEIGHT:0.2
G1 E1.03142 F2100
G92 E0
G1 Z1.6 F9000
G1 X112.188 Y112.638
G1 E.8 F2100
;TYPE:Perimeter
;WIDTH:0.449999
G1 F1500
G1 X112.091 Y112.726 E.80443
G1 X111.558 Y113.054 E.82561
G1 X111.029 Y113.271 E.84496
G1 X110.705 Y113.362 E.85635
G1 X110.19 Y113.432 E.87394
G1 X109.568 Y113.402 E.89502
G1 X109.008 Y113.284 E.91439
G1 X108.686 Y113.175 E.9259
G1 X108.222 Y112.943 E.94346
G1 X107.727 Y112.57 E.96444
G1 X107.331 Y112.157 E.98381
G1 X107.124 Y111.883 E.99543
G1 X106.852 Y111.39 E1.01449
G1 X106.648 Y110.76 E1.0369
G1 X106.564 Y110.13 E1.05841
G1 X106.606 Y109.449 E1.0815
G1 X106.763 Y108.841 E1.10276
G1 X107.022 Y108.282 E1.12361
G1 X107.309 Y107.855 E1.14102
G1 X107.868 Y107.32 E1.16721
G1 X108.13 Y107.116 E1.17845
G1 X108.579 Y106.867 E1.19583
G1 X109.086 Y106.687 E1.21404
G1 X109.703 Y106.584 E1.23521
G1 X110.136 Y106.574 E1.24987
G1 X110.651 Y106.625 E1.26739
G1 X111.187 Y106.774 E1.28622
G1 X111.676 Y107.002 E1.30448
G1 X112.12 Y107.294 E1.32247
G1 X112.642 Y107.829 E1.34777
G1 X112.856 Y108.094 E1.3593
G1 X113.11 Y108.538 E1.37661
G1 X113.297 Y109.059 E1.39535
G1 X113.383 Y109.514 E1.41102
G1 X113.429 Y110.051 E1.42926
G1 X113.412 Y110.339 E1.43903
G1 X113.277 Y111.011 E1.46223
G1 X113.009 Y111.642 E1.48544
G1 X112.692 Y112.123 E1.50494
G1 X112.477 Y112.377 E1.5162
G1 X112.233 Y112.598 E1.52734
G1 X111.929 Y112.324 F9000
G1 F1500
G1 X111.842 Y112.403 E1.53132
G1 X111.353 Y112.702 E1.55072
G1 X110.763 Y112.932 E1.57215
G1 X110.166 Y113.025 E1.5926
G1 X109.597 Y112.996 E1.61188
G1 X108.977 Y112.853 E1.63342
G1 X108.432 Y112.593 E1.65386
G1 X107.98 Y112.251 E1.67305
G1 X107.546 Y111.781 E1.6947
G1 X107.249 Y111.272 E1.71465
G1 X107.037 Y110.639 E1.73725
G1 X106.969 Y110.089 E1.75601
G1 X107.012 Y109.486 E1.77647
G1 X107.154 Y108.954 E1.79511
G1 X107.386 Y108.463 E1.81349
G1 X107.683 Y108.05 E1.83071
G1 X108.211 Y107.557 E1.85516
G1 X108.708 Y107.258 E1.87479
G1 X109.219 Y107.072 E1.8932
G1 X109.757 Y106.988 E1.91163
G1 X110.105 Y106.98 E1.92341
G1 X110.586 Y107.028 E1.93977
G1 X111.074 Y107.166 E1.95694
G1 X111.541 Y107.39 E1.97447
G1 X111.916 Y107.66 E1.99011
G1 X112.416 Y108.181 E2.01455
G1 X112.722 Y108.674 E2.03419
G1 X112.912 Y109.191 E2.05283
G1 X112.977 Y109.549 E2.06515
G1 X113.023 Y110.085 E2.08336
G1 X112.9 Y110.819 E2.10855
G1 X112.789 Y111.158 E2.12062
G1 X112.549 Y111.635 E2.13869
G1 X112.242 Y112.038 E2.15584
G1 X111.973 Y112.283 E2.16816
G1 X111.669 Y112.01 F9000
;TYPE:External perimeter
G1 F1500
G1 X111.555 Y112.113 E2.17336
G1 X111.08 Y112.39 E2.19197
G1 X110.6 Y112.554 E2.20914
G1 X110.093 Y112.623 E2.22646
G1 X109.544 Y112.584 E2.24509
G1 X109.055 Y112.449 E2.26226
G1 X108.597 Y112.22 E2.27959
G1 X108.166 Y111.879 E2.29819
G1 X107.839 Y111.494 E2.31529
G1 X107.591 Y111.047 E2.33259
G1 X107.426 Y110.519 E2.35131
G1 X107.373 Y110.015 E2.36846
G1 X107.418 Y109.516 E2.38542
G1 X107.558 Y109.033 E2.40244
G1 X107.887 Y108.445 E2.42525
G1 X108.424 Y107.915 E2.45079
G1 X108.907 Y107.613 E2.47007
G1 X109.39 Y107.447 E2.48736
G1 X109.911 Y107.378 E2.50515
G1 X110.44 Y107.414 E2.5231
G1 X110.924 Y107.544 E2.54006
G1 X111.548 Y107.885 E2.56413
G1 X112.055 Y108.392 E2.5884
G1 X112.369 Y108.878 E2.60799
G1 X112.549 Y109.388 E2.6263
G1 X112.601 Y109.923 E2.64449
G1 X112.614 Y110.178 E2.65313
G1 X112.479 Y110.85 E2.67633
G1 X112.239 Y111.363 E2.6955
G1 X111.935 Y111.77 E2.7127
G1 X111.714 Y111.969 E2.72277
G1 X111.389 Y112.203 F9000
G1 E1.92277 F2100
G92 E0
G1 X117.937 Y110.507 F9000
G1 E.8 F2100
;TYPE:Perimeter
G1 F2700
G1 X117.901 Y110.95 E.81504
G1 X117.816 Y111.488 E.83348
G1 X117.622 Y112.281 E.86111
G1 X117.45 Y112.797 E.87952
G1 X117.24 Y113.299 E.89794
G1 X116.893 Y113.972 E.92357
G1 X116.611 Y114.427 E.94169
G1 X116.295 Y114.87 E.96011
G1 X115.946 Y115.287 E.97852
G1 X115.559 Y115.691 E.99746
G1 X115.012 Y116.18 E1.0223
G1 X114.579 Y116.509 E1.04071
G1 X114.123 Y116.806 E1.05913
G1 X113.455 Y117.167 E1.08483
G1 X112.968 Y117.384 E1.10288
G1 X112.457 Y117.571 E1.1213
G1 X111.934 Y117.719 E1.1397
G1 X111.383 Y117.836 E1.15877
G1 X110.659 Y117.931 E1.18349
G1 X110.116 Y117.959 E1.20189
G1 X109.573 Y117.947 E1.22027
G1 X108.816 Y117.869 E1.24603
G1 X108.292 Y117.774 E1.26406
G1 X107.765 Y117.641 E1.28246
G1 X107.249 Y117.469 E1.30087
G1 X106.725 Y117.253 E1.32005
G1 X106.077 Y116.926 E1.34462
G1 X105.612 Y116.644 E1.36303
G1 X105.169 Y116.327 E1.38147
G1 X104.587 Y115.835 E1.40727
G1 X104.209 Y115.463 E1.42522
G1 X103.849 Y115.056 E1.44361
G1 X103.519 Y114.623 E1.46204
G1 X103.185 Y114.099 E1.48307
G1 X102.76 Y113.293 E1.51391
G1 X102.512 Y112.673 E1.53651
G1 X102.353 Y112.196 E1.55353
G1 X102.194 Y111.562 E1.57565
G1 X102.111 Y111.06 E1.59287
G1 X102.045 Y110.306 E1.61849
G1 X102.041 Y109.762 E1.6369
G1 X102.077 Y109.219 E1.65532
G1 X102.173 Y108.552 E1.67813
G1 X102.308 Y107.948 E1.69908
G1 X102.461 Y107.439 E1.71707
G1 X102.721 Y106.79 E1.74074
G1 X102.976 Y106.263 E1.76056
G1 X103.254 Y105.773 E1.77963
G1 X103.55 Y105.331 E1.79764
G1 X104.048 Y104.717 E1.8244
G1 X104.443 Y104.303 E1.84377
G1 X104.85 Y103.928 E1.8625
G1 X105.278 Y103.592 E1.88092
G1 X105.834 Y103.219 E1.90358
G1 X106.33 Y102.938 E1.92288
G1 X106.807 Y102.709 E1.94079
G1 X107.301 Y102.511 E1.9588
G1 X107.971 Y102.31 E1.98248
G1 X108.509 Y102.187 E2.00116
G1 X109.098 Y102.092 E2.02135
G1 X109.628 Y102.049 E2.03935
G1 X110.327 Y102.054 E2.06301
G1 X110.914 Y102.099 E2.08294
G1 X111.469 Y102.179 E2.10192
G1 X112 Y102.296 E2.12032
G1 X112.521 Y102.452 E2.13873
G1 X113.151 Y102.695 E2.16159
G1 X113.709 Y102.96 E2.1825
G1 X114.182 Y103.228 E2.2009
G1 X114.634 Y103.531 E2.21932
G1 X115.057 Y103.858 E2.23742
G1 X115.619 Y104.366 E2.26306
G1 X115.992 Y104.763 E2.2815
G1 X116.334 Y105.185 E2.29989
G1 X116.72 Y105.744 E2.32288
G1 X117.03 Y106.274 E2.34366
G1 X117.269 Y106.762 E2.36205
G1 X117.472 Y107.267 E2.38047
G1 X117.64 Y107.785 E2.3989
G1 X117.771 Y108.303 E2.41699
G1 X117.891 Y108.982 E2.44033
G1 X117.943 Y109.524 E2.45876
G1 X117.945 Y110.408 E2.48868
G1 X117.942 Y110.447 E2.49
G1 X118.344 Y110.519 F9000
G1 F2700
G1 X118.312 Y110.919 E2.50358
G1 X118.242 Y111.415 E2.52054
G1 X118.143 Y111.905 E2.53746
G1 X118.014 Y112.389 E2.55441
G1 X117.857 Y112.865 E2.57138
G1 X117.672 Y113.329 E2.58829
G1 X117.459 Y113.782 E2.60523
G1 X117.219 Y114.222 E2.62219
G1 X116.954 Y114.646 E2.63911
G1 X116.664 Y115.054 E2.65605
G1 X116.349 Y115.444 E2.67302
G1 X116.013 Y115.814 E2.68994
G1 X115.654 Y116.163 E2.70689
G1 X115.275 Y116.49 E2.72383
G1 X114.878 Y116.794 E2.74076
G1 X114.463 Y117.074 E2.75771
G1 X114.032 Y117.328 E2.77464
G1 X113.586 Y117.557 E2.79161
G1 X113.128 Y117.758 E2.80854
G1 X112.658 Y117.931 E2.82549
G1 X112.179 Y118.076 E2.84243
G1 X111.692 Y118.192 E2.85938
G1 X111.199 Y118.279 E2.87633
G1 X110.702 Y118.336 E2.89326
G1 X110.202 Y118.363 E2.91021
G1 X109.702 Y118.36 E2.92713
G1 X109.202 Y118.328 E2.94409
G1 X108.706 Y118.265 E2.96101
G1 X108.214 Y118.173 E2.97795
G1 X107.728 Y118.052 E2.9949
G1 X107.251 Y117.902 E3.01183
G1 X106.783 Y117.723 E3.02879
G1 X106.327 Y117.517 E3.04573
G1 X105.884 Y117.284 E3.06267
G1 X105.456 Y117.025 E3.0796
G1 X105.044 Y116.741 E3.09654
G1 X104.649 Y116.433 E3.11349
G1 X104.274 Y116.102 E3.13042
G1 X103.919 Y115.748 E3.14739
G1 X103.587 Y115.375 E3.16429
G1 X103.277 Y114.982 E3.18123
G1 X102.95 Y114.511 E3.20064
G1 X102.544 Y113.795 E3.2285
G1 X102.256 Y113.175 E3.25164
G1 X101.986 Y112.403 E3.27932
G1 X101.837 Y111.833 E3.29926
G1 X101.737 Y111.326 E3.31675
G1 X101.673 Y110.829 E3.33371
G1 X101.638 Y110.33 E3.35064
G1 X101.633 Y109.83 E3.36757
G1 X101.659 Y109.33 E3.38452
G1 X101.714 Y108.832 E3.40148
G1 X101.798 Y108.339 E3.41841
G1 X101.912 Y107.852 E3.43534
G1 X102.077 Y107.302 E3.45478
G1 X102.383 Y106.539 E3.48261
G1 X102.646 Y106.012 E3.50255
G1 X102.905 Y105.564 E3.52007
G1 X103.224 Y105.088 E3.53947
G1 X103.742 Y104.448 E3.56734
G1 X104.148 Y104.022 E3.58726
G1 X104.527 Y103.671 E3.60475
G1 X104.916 Y103.355 E3.62171
G1 X105.322 Y103.063 E3.63864
G1 X105.745 Y102.795 E3.65559
G1 X106.184 Y102.554 E3.67254
G1 X106.636 Y102.339 E3.68948
G1 X107.168 Y102.125 E3.70889
G1 X107.956 Y101.889 E3.73673
G1 X108.532 Y101.766 E3.75667
G1 X109.043 Y101.689 E3.77416
G1 X109.615 Y101.641 E3.79359
G1 X110.438 Y101.648 E3.82145
G1 X111.126 Y101.709 E3.84483
G1 X111.692 Y101.808 E3.86428
G1 X112.179 Y101.924 E3.88123
G1 X112.658 Y102.069 E3.89817
G1 X113.128 Y102.242 E3.91512
G1 X113.586 Y102.443 E3.93205
G1 X114.032 Y102.671 E3.949
G1 X114.463 Y102.926 E3.96595
G1 X114.878 Y103.206 E3.9829
G1 X115.275 Y103.51 E3.99983
G1 X115.654 Y103.837 E4.01677
G1 X116.013 Y104.186 E4.03372
G1 X116.35 Y104.557 E4.05069
G1 X116.664 Y104.946 E4.06761
G1 X116.954 Y105.354 E4.08455
G1 X117.219 Y105.778 E4.10147
G1 X117.459 Y106.218 E4.11843
G1 X117.672 Y106.67 E4.13534
G1 X117.857 Y107.135 E4.15228
G1 X118.014 Y107.611 E4.16925
G1 X118.143 Y108.094 E4.18617
G1 X118.242 Y108.585 E4.20312
G1 X118.312 Y109.081 E4.22008
G1 X118.352 Y109.58 E4.23702
G1 X118.352 Y110.421 E4.26549
G1 X118.349 Y110.459 E4.26678
G1 X118.756 Y110.531 F9000
;TYPE:External perimeter
G1 F1800
G1 X118.709 Y111.048 E4.28435
G1 X118.631 Y111.567 E4.30211
G1 X118.522 Y112.08 E4.31986
G1 X118.382 Y112.586 E4.33763
G1 X118.213 Y113.083 E4.3554
G1 X118.014 Y113.569 E4.37318
G1 X117.786 Y114.042 E4.39095
G1 X117.53 Y114.501 E4.40874
G1 X117.247 Y114.943 E4.42651
G1 X116.939 Y115.368 E4.44428
G1 X116.605 Y115.773 E4.46205
G1 X116.248 Y116.158 E4.47982
G1 X115.869 Y116.521 E4.49758
G1 X115.468 Y116.861 E4.51538
G1 X115.048 Y117.175 E4.53313
G1 X114.61 Y117.465 E4.55091
G1 X114.156 Y117.727 E4.56865
G1 X113.686 Y117.962 E4.58644
G1 X113.203 Y118.168 E4.60421
G1 X112.709 Y118.345 E4.62197
G1 X112.205 Y118.493 E4.63975
G1 X111.693 Y118.609 E4.65752
G1 X111.175 Y118.695 E4.67529
G1 X110.653 Y118.75 E4.69306
G1 X110.129 Y118.774 E4.71082
G1 X109.604 Y118.766 E4.72859
G1 X109.08 Y118.727 E4.74638
G1 X108.56 Y118.656 E4.76414
G1 X108.045 Y118.555 E4.7819
G1 X107.537 Y118.423 E4.79967
G1 X107.037 Y118.261 E4.81746
G1 X106.549 Y118.069 E4.83521
G1 X106.072 Y117.848 E4.853
G1 X105.61 Y117.599 E4.87076
G1 X105.163 Y117.323 E4.88854
G1 X104.734 Y117.021 E4.9063
G1 X104.323 Y116.694 E4.92408
G1 X103.933 Y116.342 E4.94186
G1 X103.565 Y115.968 E4.95962
G1 X103.219 Y115.573 E4.97739
G1 X102.898 Y115.158 E4.99515
G1 X102.604 Y114.726 E5.01284
G1 X102.182 Y113.981 E5.04182
G1 X101.878 Y113.328 E5.0662
G1 X101.597 Y112.522 E5.09509
G1 X101.414 Y111.823 E5.11955
G1 X101.32 Y111.308 E5.13727
G1 X101.258 Y110.787 E5.15503
G1 X101.226 Y110.263 E5.1728
G1 X101.226 Y109.737 E5.1906
G1 X101.258 Y109.213 E5.20837
G1 X101.32 Y108.692 E5.22613
G1 X101.414 Y108.176 E5.24388
G1 X101.539 Y107.666 E5.26165
G1 X101.693 Y107.166 E5.27936
G1 X102.012 Y106.372 E5.30832
G1 X102.334 Y105.725 E5.33278
G1 X102.603 Y105.276 E5.3505
G1 X102.897 Y104.844 E5.36819
G1 X103.436 Y104.179 E5.39716
G1 X103.935 Y103.656 E5.42163
G1 X104.323 Y103.306 E5.43932
G1 X104.734 Y102.979 E5.4571
G1 X105.163 Y102.677 E5.47486
G1 X105.61 Y102.401 E5.49264
G1 X106.072 Y102.152 E5.5104
G1 X106.549 Y101.931 E5.52819
G1 X107.035 Y101.74 E5.54587
G1 X107.855 Y101.495 E5.57484
G1 X108.562 Y101.343 E5.59932
G1 X109.08 Y101.273 E5.61701
G1 X109.601 Y101.234 E5.63469
G1 X110.457 Y101.241 E5.66367
G1 X111.177 Y101.305 E5.68814
G1 X111.783 Y101.411 E5.70896
G1 X112.293 Y101.533 E5.72671
G1 X112.796 Y101.686 E5.74451
G1 X113.288 Y101.868 E5.76227
G1 X113.768 Y102.079 E5.78002
G1 X114.235 Y102.319 E5.79779
G1 X114.687 Y102.586 E5.81556
G1 X115.122 Y102.88 E5.83333
G1 X115.539 Y103.199 E5.8511
G1 X115.935 Y103.543 E5.86886
G1 X116.311 Y103.91 E5.88664
G1 X116.664 Y104.298 E5.9044
G1 X116.993 Y104.707 E5.92217
G1 X117.297 Y105.134 E5.93991
G1 X117.575 Y105.58 E5.9577
G1 X117.826 Y106.041 E5.97547
G1 X118.048 Y106.516 E5.99322
G1 X118.242 Y107.004 E6.011
G1 X118.407 Y107.502 E6.02876
G1 X118.541 Y108.01 E6.04654
G1 X118.645 Y108.524 E6.06429
G1 X118.718 Y109.044 E6.08206
G1 X118.759 Y109.568 E6.09985
G1 X118.757 Y110.471 E6.13042
G1 X118.725 Y110.87 F9000
G1 E5.33042 F2100
G92 E0
G1 X115.965 Y105.889 F9000
G1 E.8 F2100
;TYPE:Internal infill
;WIDTH:0.45
G1 F3000
G1 X116.43 Y106.661 E.83051
G1 X116.923 Y107.864 E.87452
G1 X116.987 Y108.095 E.88263
G1 X116.55 Y108.69 E.90762
G1 X116.541 Y109.126 E.92238
G1 X116.722 Y109.563 E.93839
G1 X117.14 Y110 E.95886
G1 X117.238 Y110.247 E.96785
G1 X117.232 Y110.433 E.97415
G1 X117.088 Y111.482 E1.00999
G1 X116.835 Y111.747 E1.02239
G1 X116.55 Y112.184 E1.04005
G1 X116.541 Y112.621 E1.05485
G1 X116.647 Y112.877 E1.06423
G1 X116.219 Y113.717 E1.09614
G1 X115.685 Y114.489 E1.12791
G1 X115.687 Y114.368 E1.13201
G1 X115.506 Y113.931 E1.14802
G1 X115.088 Y113.494 E1.16849
G1 X114.803 Y113.057 E1.18615
G1 X114.794 Y112.621 E1.20091
G1 X114.975 Y112.184 E1.21692
G1 X115.393 Y111.747 E1.23739
G1 X115.679 Y111.31 E1.25507
G1 X115.687 Y110.874 E1.26983
G1 X115.506 Y110.437 E1.28584
G1 X115.088 Y110 E1.30631
G1 X114.803 Y109.563 E1.32397
G1 X114.794 Y109.126 E1.33877
G1 X114.975 Y108.69 E1.35475
G1 X115.393 Y108.253 E1.37522
G1 X115.679 Y107.816 E1.3929
G1 X115.687 Y107.379 E1.40769
G1 X115.506 Y106.943 E1.42367
G1 X115.088 Y106.506 E1.44414
G1 X114.803 Y106.069 E1.4618
G1 X114.794 Y105.632 E1.4766
G1 X114.975 Y105.195 E1.49261
G1 X115.202 Y104.959 E1.50369
G1 X114.516 Y104.334 E1.5351
G1 X113.928 Y103.914 E1.55956
G1 X113.759 Y104.322 E1.57451
G1 X113.341 Y104.759 E1.59498
G1 X113.056 Y105.195 E1.61261
G1 X113.047 Y105.632 E1.62741
G1 X113.228 Y106.069 E1.64342
G1 X113.646 Y106.506 E1.66389
G1 X113.931 Y106.943 E1.68155
G1 X113.94 Y107.379 E1.69631
G1 X113.759 Y107.816 E1.71232
G1 X113.604 Y107.978 E1.71991
G1 X113.374 Y107.58 E1.73547
G1 X112.517 Y106.699 E1.77707
G1 X112.097 Y106.417 E1.79419
G1 X111.309 Y106.069 E1.82335
G1 X111.3 Y105.632 E1.83815
G1 X111.481 Y105.195 E1.85416
G1 X111.899 Y104.759 E1.8746
G1 X112.184 Y104.322 E1.89226
G1 X112.193 Y103.885 E1.90706
G1 X112.012 Y103.448 E1.92307
G1 X111.534 Y102.92 E1.94718
G1 X110.984 Y102.82 E1.9661
G1 X109.911 Y102.76 E2.00248
G1 X110.152 Y103.012 E2.01428
G1 X110.437 Y103.448 E2.03191
G1 X110.446 Y103.885 E2.04671
G1 X110.265 Y104.322 E2.06272
G1 X109.847 Y104.759 E2.08319
G1 X109.561 Y105.195 E2.10084
G1 X109.553 Y105.632 E2.11563
G1 X109.654 Y105.876 E2.12457
G1 X109.022 Y105.965 E2.14617
G1 X108.284 Y106.217 E2.17257
G1 X108.013 Y106.373 E2.18315
G1 X107.814 Y106.069 E2.19545
G1 X107.806 Y105.632 E2.21024
G1 X107.987 Y105.195 E2.22625
G1 X108.405 Y104.759 E2.24669
G1 X108.69 Y104.322 E2.26435
G1 X108.699 Y103.885 E2.27915
G1 X108.518 Y103.448 E2.29516
G1 X108.098 Y103.009 E2.31572
G1 X106.934 Y103.435 E2.35768
G1 X106.952 Y103.885 E2.37292
G1 X106.77 Y104.322 E2.38894
G1 X106.353 Y104.759 E2.40939
G1 X106.067 Y105.195 E2.42704
G1 X106.059 Y105.632 E2.44183
G1 X106.24 Y106.069 E2.45784
G1 X106.658 Y106.506 E2.47831
G1 X106.943 Y106.943 E2.49597
G1 X106.948 Y107.213 E2.50511
G1 X106.436 Y107.868 E2.53325
G1 X106.119 Y108.523 E2.55788
G1 X105.915 Y109.235 E2.58295
G1 X105.845 Y110.086 E2.61185
G1 X105.928 Y110.83 E2.63719
G1 X106.29 Y111.842 E2.67357
G1 X106.067 Y112.184 E2.68739
G1 X106.059 Y112.621 E2.70218
G1 X106.24 Y113.057 E2.71816
G1 X106.658 Y113.494 E2.73863
G1 X106.943 Y113.931 E2.75629
G1 X106.952 Y114.368 E2.77109
G1 X106.77 Y114.805 E2.78711
G1 X106.353 Y115.241 E2.80753
G1 X106.067 Y115.678 E2.82521
G1 X106.059 Y116.082 E2.83889
G1 X104.943 Y115.192 E2.88721
G1 X105.196 Y114.805 E2.90286
G1 X105.205 Y114.368 E2.91766
G1 X105.023 Y113.931 E2.93368
G1 X104.605 Y113.494 E2.95415
G1 X104.32 Y113.057 E2.97181
G1 X104.311 Y112.621 E2.98657
G1 X104.493 Y112.184 E3.00259
G1 X104.911 Y111.747 E3.02306
G1 X105.196 Y111.31 E3.04072
G1 X105.205 Y110.874 E3.05548
G1 X105.023 Y110.437 E3.0715
G1 X104.605 Y110 E3.09197
G1 X104.32 Y109.563 E3.10963
G1 X104.311 Y109.126 E3.12443
G1 X104.493 Y108.69 E3.14042
G1 X104.911 Y108.253 E3.16089
G1 X105.196 Y107.816 E3.17855
G1 X105.205 Y107.379 E3.19335
G1 X105.023 Y106.943 E3.20934
G1 X104.605 Y106.506 E3.22981
G1 X104.32 Y106.069 E3.24747
G1 X104.311 Y105.632 E3.26227
G1 X104.418 Y105.375 E3.27169
G1 X103.89 Y106.098 E3.30199
G1 X103.437 Y106.924 E3.33388
G1 X103.458 Y107.379 E3.3493
G1 X103.276 Y107.816 E3.36532
G1 X103.004 Y108.101 E3.37866
G1 X102.779 Y109.35 E3.42162
G1 X102.765 Y109.583 E3.42952
G1 X103.163 Y110 E3.44903
G1 X103.449 Y110.437 E3.46671
G1 X103.458 Y110.874 E3.48151
G1 X103.276 Y111.31 E3.4975
G1 X102.945 Y111.657 E3.51373
G1 X103.291 Y112.748 E3.55247
G1 X103.887 Y113.898 E3.59631
G1 E2.79631 F2100
G92 E0
G1 X106.232 Y116.189 F9000
G1 E.8 F2100
G1 F3000
G1 X107.125 Y116.653 E.83406
G1 X108.104 Y116.993 E.86914
G1 X107.814 Y116.552 E.88701
G1 X107.806 Y116.115 E.9018
G1 X107.987 Y115.678 E.91781
G1 X108.405 Y115.241 E.93828
G1 X108.69 Y114.805 E.95591
G1 X108.699 Y114.368 E.97071
G1 X108.518 Y113.931 E.98672
G1 X108.422 Y113.831 E.99141
G1 X109.279 Y114.09 E1.02171
G1 X110.158 Y114.151 E1.05153
G1 X110.441 Y114.112 E1.0612
G1 X110.446 Y114.368 E1.06987
G1 X110.265 Y114.805 E1.08588
G1 X109.847 Y115.241 E1.10632
G1 X109.561 Y115.678 E1.124
G1 X109.553 Y116.115 E1.13879
G1 X109.734 Y116.552 E1.1548
G1 X110.315 Y117.237 E1.1852
G1 X111.655 Y117.052 E1.23099
G1 X111.309 Y116.552 E1.25157
G1 X111.3 Y116.115 E1.26637
G1 X111.481 Y115.678 E1.28238
G1 X111.899 Y115.241 E1.30285
G1 X112.184 Y114.805 E1.32048
G1 X112.193 Y114.368 E1.33528
G1 X112.012 Y113.931 E1.35129
G1 X111.814 Y113.724 E1.36099
G1 X112.45 Y113.35 E1.38596
G1 X113.101 Y112.752 E1.41588
G1 X113.228 Y113.057 E1.42706
G1 X113.646 Y113.494 E1.44753
G1 X113.931 Y113.931 E1.46519
G1 X113.94 Y114.368 E1.47999
G1 X113.759 Y114.805 E1.496
G1 X113.341 Y115.241 E1.51644
G1 X113.056 Y115.678 E1.5341
G1 X113.047 Y116.115 E1.5489
G1 X113.205 Y116.496 E1.56286
G1 X114.169 Y115.927 E1.60075
G1 X115.174 Y115.071 E1.64544
G1 X115.753 Y115.045 F9000
;TYPE:Solid infill
;WIDTH:0.449488
G1 F2400
G1 X115.11 Y115.696 E1.67637
;WIDTH:0.449284
G1 X114.39 Y116.261 E1.70729
;WIDTH:0.437662
G1 X113.611 Y116.74 E1.73731
;WIDTH:0.43807
G1 X112.843 Y117.098 E1.76515
;WIDTH:0.449032
G1 X112.35 Y117.283 E1.78293
;WIDTH:0.449484
G1 X111.465 Y117.512 E1.81383
G1 X110.557 Y117.634 E1.8448
;WIDTH:0.45012
G1 X109.642 Y117.646 E1.87578
G1 X108.733 Y117.542 E1.90676
;WIDTH:0.448226
G1 X107.842 Y117.344 E1.93752
G1 X106.959 Y117.02 E1.96922
;WIDTH:0.440894
G1 X106.163 Y116.617 E1.99874
;WIDTH:0.436498
G1 X105.401 Y116.112 E2.02866
G1 X104.704 Y115.52 E2.05859
G1 X104.083 Y114.848 E2.08853
G1 X103.551 Y114.105 E2.11844
;WIDTH:0.45344
G1 X103.178 Y113.465 E2.14373
;WIDTH:0.462424
G1 X102.923 Y112.904 E2.16523
G1 X102.672 Y112.194 E2.1915
;WIDTH:0.457768
G1 X102.506 Y111.567 E2.21387
;WIDTH:0.44948
G1 X102.373 Y110.674 E2.24439
G1 X102.347 Y109.759 E2.27533
G1 X102.43 Y108.847 E2.30629
G1 X102.623 Y107.952 E2.33724
;WIDTH:0.44798
G1 X102.936 Y107.07 E2.36876
;WIDTH:0.45004
G1 X103.173 Y106.552 E2.38804
G1 X103.555 Y105.867 E2.41459
;WIDTH:0.457722
G1 X104.282 Y104.919 E2.4558
G1 X104.726 Y104.451 E2.47805
;WIDTH:0.449536
G1 X105.415 Y103.869 E2.50854
;WIDTH:0.451322
G1 X106.121 Y103.402 E2.53729
;WIDTH:0.463322
G1 X106.574 Y103.161 E2.55523
G1 X107.406 Y102.804 E2.58688
;WIDTH:0.462824
G1 X108.134 Y102.584 E2.61343
;WIDTH:0.457774
G1 X108.768 Y102.446 E2.63581
;WIDTH:0.449108
G1 X109.726 Y102.354 E2.66831
;WIDTH:0.448878
G1 X110.417 Y102.366 E2.69164
;WIDTH:0.469014
G1 X111.04 Y102.427 E2.71382
G1 X111.922 Y102.598 E2.74565
;WIDTH:0.463228
G1 X112.604 Y102.81 E2.77061
;WIDTH:0.457288
G1 X113.226 Y103.06 E2.79371
;WIDTH:0.453064
G1 X114.119 Y103.555 E2.82853
G1 X114.782 Y104.026 E2.85627
;WIDTH:0.449482
G1 X115.459 Y104.637 E2.8871
G1 X116.06 Y105.327 E2.91803
G1 X116.574 Y106.085 E2.94899
G1 X116.995 Y106.898 E2.97994
G1 X117.315 Y107.755 E3.01087
G1 X117.531 Y108.645 E3.04183
;WIDTH:0.45003
G1 X117.633 Y109.486 E3.07051
G1 X117.652 Y110.008 E3.08819
G1 X117.632 Y110.531 E3.10591
;WIDTH:0.449476
G1 X117.526 Y111.379 E3.1348
;WIDTH:0.450002
G1 X117.31 Y112.262 E3.16557
G1 X117.136 Y112.757 E3.18333
;WIDTH:0.44948
G1 X116.786 Y113.537 E3.21223
G1 X116.315 Y114.322 E3.24318
;WIDTH:0.449766
G1 X115.878 Y114.884 E3.26726
G1 E2.46726 F2100
G92 E0
G1 X112.751 Y112.535 F9000
G1 E.8 F2100
;WIDTH:0.450022
G1 F2400
G1 X112.208 Y113.02 E.82465
G1 X111.528 Y113.415 E.85127
G1 X110.843 Y113.646 E.87574
G1 X110.128 Y113.74 E.90015
G1 X109.339 Y113.684 E.92693
G1 X108.67 Y113.499 E.95043
G1 X107.996 Y113.163 E.97592
G1 X107.376 Y112.672 E1.00269
G1 X106.91 Y112.117 E1.02722
G1 X106.568 Y111.497 E1.05119
G1 X106.326 Y110.727 E1.07851
G1 X106.255 Y110.062 E1.10115
G1 X106.324 Y109.285 E1.12756
;WIDTH:0.44933
G1 X106.523 Y108.616 E1.15115
;WIDTH:0.445924
G1 X106.81 Y108.042 E1.17266
G1 X107.167 Y107.563 E1.19268
;WIDTH:0.44481
G1 X107.988 Y106.853 E1.22895
;WIDTH:0.452206
G1 X108.454 Y106.59 E1.24716
G1 X109.117 Y106.362 E1.27102
;WIDTH:0.45004
G1 X109.868 Y106.261 E1.29667
G1 X110.656 Y106.315 E1.32341
G1 X111.303 Y106.492 E1.34612
G1 X111.915 Y106.786 E1.3691
;WIDTH:0.449268
G1 X112.42 Y107.157 E1.39027
;WIDTH:0.450022
G1 X113.055 Y107.841 E1.42186
G1 X113.413 Y108.471 E1.44639
G1 X113.653 Y109.202 E1.47243
G1 X113.736 Y110.067 E1.50185
;WIDTH:0.450182
G1 X113.693 Y110.491 E1.51628
G1 X113.506 Y111.302 E1.54446
;WIDTH:0.450036
G1 X113.187 Y111.958 E1.56915
;WIDTH:0.450523
G1 X112.873 Y112.373 E1.58679
M106 S112.2
;LAYER_CHANGE
;Z:1.8
;HEIGHT:0.2
G1 Z1.8 F9000
G1 X112.206 Y112.623
;TYPE:Perimeter
;WIDTH:0.449999
G1 F1500
G1 X112.086 Y112.731 E1.59225
G1 X111.557 Y113.054 E1.61323
G1 X111.034 Y113.27 E1.63238
G1 X110.7 Y113.363 E1.64412
G1 X110.196 Y113.432 E1.66134
G1 X109.616 Y113.405 E1.68099
G1 X109.278 Y113.36 E1.69253
G1 X108.792 Y113.221 E1.70964
G1 X108.255 Y112.961 E1.72984
G1 X107.727 Y112.569 E1.7521
G1 X107.335 Y112.162 E1.77123
G1 X107.121 Y111.879 E1.78324
G1 X106.874 Y111.436 E1.80041
G1 X106.675 Y110.846 E1.82149
G1 X106.58 Y110.288 E1.84065
G1 X106.562 Y109.93 E1.85278
G1 X106.608 Y109.425 E1.86994
G1 X106.825 Y108.678 E1.89627
G1 X107.09 Y108.165 E1.91581
G1 X107.392 Y107.766 E1.93275
G1 X107.872 Y107.316 E1.95502
G1 X108.123 Y107.12 E1.9658
G1 X108.574 Y106.869 E1.98327
G1 X109.078 Y106.689 E2.00139
G1 X109.702 Y106.585 E2.0228
G1 X110.023 Y106.565 E2.03369
G1 X110.541 Y106.605 E2.05128
G1 X111.106 Y106.748 E2.07101
G1 X111.669 Y106.998 E2.09186
G1 X112.117 Y107.292 E2.11
G1 X112.646 Y107.832 E2.13559
G1 X112.852 Y108.088 E2.14671
G1 X113.108 Y108.533 E2.16409
G1 X113.296 Y109.059 E2.183
G1 X113.383 Y109.513 E2.19865
G1 X113.429 Y110.05 E2.21689
G1 X113.413 Y110.337 E2.22662
G1 X113.279 Y111.005 E2.24968
G1 X113.008 Y111.642 E2.27311
G1 X112.694 Y112.119 E2.29244
G1 X112.474 Y112.381 E2.30402
G1 X112.25 Y112.583 E2.31423
G1 X111.94 Y112.312 F9000
G1 F1500
G1 X111.848 Y112.399 E2.31852
G1 X111.352 Y112.702 E2.33819
G1 X110.757 Y112.933 E2.35979
G1 X110.173 Y113.024 E2.3798
G1 X109.646 Y112.999 E2.39766
G1 X109.171 Y112.907 E2.41404
G1 X108.863 Y112.809 E2.42498
G1 X108.388 Y112.57 E2.44298
G1 X107.981 Y112.251 E2.46048
G1 X107.542 Y111.775 E2.4824
G1 X107.244 Y111.265 E2.50239
G1 X107.064 Y110.725 E2.52166
G1 X106.968 Y110.081 E2.5437
G1 X107.011 Y109.492 E2.56369
G1 X107.242 Y108.755 E2.58983
G1 X107.579 Y108.175 E2.61254
G1 X108.15 Y107.613 E2.63966
G1 X108.463 Y107.396 E2.65255
G1 X108.952 Y107.164 E2.67087
G1 X109.419 Y107.034 E2.68728
G1 X109.936 Y106.969 E2.70492
G1 X110.466 Y107.007 E2.72291
G1 X110.999 Y107.14 E2.7415
G1 X111.494 Y107.365 E2.7599
G1 X111.906 Y107.65 E2.77686
G1 X112.353 Y108.114 E2.79867
G1 X112.576 Y108.423 E2.81157
G1 X112.801 Y108.87 E2.82851
G1 X112.961 Y109.369 E2.84625
G1 X113.007 Y109.887 E2.86385
G1 X113.014 Y110.257 E2.87638
G1 X112.88 Y110.925 E2.89944
G1 X112.641 Y111.465 E2.91943
G1 X112.278 Y111.994 E2.94115
G1 X111.984 Y112.271 E2.95482
G1 X111.677 Y112.003 F9000
;TYPE:External perimeter
G1 F1500
G1 X111.554 Y112.113 E2.96041
G1 X111.075 Y112.392 E2.97917
G1 X110.595 Y112.556 E2.99634
G1 X110.099 Y112.623 E3.01328
G1 X109.539 Y112.583 E3.03228
G1 X109.047 Y112.446 E3.04957
G1 X108.594 Y112.218 E3.06674
G1 X108.162 Y111.875 E3.08541
G1 X107.835 Y111.487 E3.10259
G1 X107.592 Y111.05 E3.11951
G1 X107.424 Y110.513 E3.13856
G1 X107.373 Y110.009 E3.15571
G1 X107.419 Y109.51 E3.17267
G1 X107.607 Y108.935 E3.19315
G1 X107.913 Y108.408 E3.21378
G1 X108.429 Y107.91 E3.23805
G1 X108.902 Y107.616 E3.2569
G1 X109.385 Y107.449 E3.2742
G1 X109.918 Y107.378 E3.2924
G1 X110.435 Y107.413 E3.30994
G1 X110.919 Y107.542 E3.32689
G1 X111.345 Y107.748 E3.34291
G1 X111.618 Y107.938 E3.35417
G1 X112.119 Y108.458 E3.37861
G1 X112.378 Y108.895 E3.3958
G1 X112.55 Y109.392 E3.4136
G1 X112.615 Y110.177 E3.44026
G1 X112.481 Y110.845 E3.46332
G1 X112.236 Y111.368 E3.48287
G1 X111.932 Y111.774 E3.50004
G1 X111.721 Y111.963 E3.50963
G1 X111.398 Y112.198 F9000
G1 E2.70963 F2100
G92 E0
G1 X117.937 Y110.507 F9000
G1 E.8 F2100
;TYPE:Perimeter
G1 F2700
G1 X117.901 Y110.95 E.81504
G1 X117.816 Y111.488 E.83348
G1 X117.685 Y112.053 E.85311
G1 X117.52 Y112.594 E.87225
G1 X117.295 Y113.175 E.89334
G1 X117.063 Y113.667 E.91175
G1 X116.794 Y114.14 E.93017
G1 X116.501 Y114.586 E.94823
G1 X116.069 Y115.144 E.97212
G1 X115.714 Y115.537 E.99005
G1 X115.329 Y115.911 E1.00822
G1 X114.854 Y116.302 E1.02904
G1 X114.25 Y116.723 E1.05396
G1 X113.77 Y117.01 E1.07289
G1 X113.281 Y117.25 E1.09133
G1 X112.784 Y117.454 E1.10951
G1 X112.065 Y117.685 E1.13507
G1 X111.536 Y117.81 E1.15347
G1 X110.998 Y117.895 E1.17191
G1 X110.338 Y117.95 E1.19433
G1 X109.708 Y117.953 E1.21565
G1 X109.18 Y117.918 E1.23356
G1 X108.311 Y117.774 E1.26338
G1 X107.78 Y117.645 E1.28188
G1 X106.721 Y117.251 E1.32013
G1 X106.077 Y116.926 E1.34455
G1 X105.612 Y116.644 E1.36296
G1 X105.169 Y116.327 E1.3814
G1 X104.583 Y115.832 E1.40736
G1 X104.209 Y115.463 E1.42514
G1 X103.849 Y115.056 E1.44353
G1 X103.519 Y114.623 E1.46196
G1 X103.203 Y114.142 E1.48144
G1 X102.856 Y113.514 E1.50573
G1 X102.632 Y113.019 E1.52412
G1 X102.444 Y112.508 E1.54255
G1 X102.238 Y111.766 E1.56862
G1 X102.138 Y111.253 E1.58631
G1 X102.069 Y110.714 E1.6047
G1 X102.041 Y110.17 E1.62314
G1 X102.051 Y109.591 E1.64274
G1 X102.106 Y108.982 E1.66344
G1 X102.199 Y108.412 E1.68299
G1 X102.32 Y107.897 E1.7009
G1 X102.605 Y107.063 E1.73073
G1 X102.819 Y106.56 E1.74923
G1 X103.371 Y105.593 E1.78692
G1 X103.807 Y104.998 E1.81189
G1 X104.162 Y104.586 E1.8303
G1 X104.547 Y104.201 E1.84873
G1 X104.962 Y103.838 E1.86739
G1 X105.557 Y103.395 E1.8925
G1 X106.017 Y103.106 E1.91089
G1 X106.498 Y102.852 E1.9293
G1 X107.1 Y102.589 E1.95154
G1 X107.701 Y102.38 E1.97308
G1 X108.226 Y102.239 E1.99148
G1 X108.76 Y102.138 E2.00988
G1 X109.573 Y102.053 E2.03755
G1 X110.101 Y102.041 E2.05543
G1 X110.839 Y102.096 E2.08048
G1 X111.469 Y102.179 E2.10199
G1 X112 Y102.296 E2.12039
G1 X112.521 Y102.452 E2.1388
G1 X113.139 Y102.69 E2.16122
G1 X113.709 Y102.96 E2.18257
G1 X114.182 Y103.228 E2.20097
G1 X114.634 Y103.531 E2.21939
G1 X115.053 Y103.854 E2.2373
G1 X115.619 Y104.366 E2.26313
G1 X115.992 Y104.763 E2.28157
G1 X116.334 Y105.185 E2.29996
G1 X116.713 Y105.733 E2.32251
G1 X117.03 Y106.274 E2.34373
G1 X117.269 Y106.762 E2.36212
G1 X117.472 Y107.267 E2.38054
G1 X117.641 Y107.788 E2.39908
G1 X117.772 Y108.307 E2.4172
G1 X117.891 Y108.982 E2.4404
G1 X117.943 Y109.524 E2.45883
G1 X117.945 Y110.408 E2.48875
G1 X117.942 Y110.447 E2.49007
G1 X118.344 Y110.519 F9000
G1 F2700
G1 X118.312 Y110.919 E2.50365
G1 X118.242 Y111.415 E2.52061
G1 X118.143 Y111.905 E2.53753
G1 X118.014 Y112.389 E2.55448
G1 X117.857 Y112.865 E2.57145
G1 X117.672 Y113.329 E2.58836
G1 X117.459 Y113.782 E2.6053
G1 X117.219 Y114.222 E2.62226
G1 X116.954 Y114.646 E2.63918
G1 X116.664 Y115.054 E2.65612
G1 X116.349 Y115.444 E2.67309
G1 X116.013 Y115.814 E2.69001
G1 X115.599 Y116.215 E2.70952
G1 X115.1 Y116.627 E2.73142
G1 X114.482 Y117.057 E2.7569
G1 X114.032 Y117.328 E2.77468
G1 X113.586 Y117.557 E2.79165
G1 X113.128 Y117.758 E2.80858
G1 X112.658 Y117.931 E2.82553
G1 X112.179 Y118.076 E2.84247
G1 X111.692 Y118.192 E2.85942
G1 X111.199 Y118.279 E2.87637
G1 X110.702 Y118.336 E2.8933
G1 X110.202 Y118.363 E2.91025
G1 X109.702 Y118.36 E2.92717
G1 X109.132 Y118.322 E2.94651
G1 X108.245 Y118.175 E2.97694
G1 X107.66 Y118.034 E2.99731
G1 X106.813 Y117.731 E3.02776
G1 X106.327 Y117.517 E3.04573
G1 X105.884 Y117.284 E3.06267
G1 X105.456 Y117.025 E3.0796
G1 X105.044 Y116.741 E3.09654
G1 X104.649 Y116.433 E3.11349
G1 X104.274 Y116.102 E3.13042
G1 X103.919 Y115.748 E3.14739
G1 X103.587 Y115.375 E3.16429
G1 X103.277 Y114.982 E3.18123
G1 X102.991 Y114.571 E3.19818
G1 X102.73 Y114.144 E3.21512
G1 X102.495 Y113.701 E3.23209
G1 X102.287 Y113.246 E3.24902
G1 X102.107 Y112.779 E3.26596
G1 X101.955 Y112.303 E3.28287
G1 X101.831 Y111.817 E3.29985
G1 X101.737 Y111.326 E3.31677
G1 X101.673 Y110.829 E3.33373
G1 X101.638 Y110.33 E3.35066
G1 X101.633 Y109.83 E3.36759
G1 X101.659 Y109.33 E3.38454
G1 X101.714 Y108.832 E3.4015
G1 X101.798 Y108.339 E3.41843
G1 X101.929 Y107.783 E3.43777
G1 X102.22 Y106.932 E3.46821
G1 X102.455 Y106.378 E3.48858
G1 X102.893 Y105.592 E3.51904
G1 X103.183 Y105.148 E3.53699
G1 X103.485 Y104.749 E3.55393
G1 X103.811 Y104.369 E3.57088
G1 X104.158 Y104.009 E3.5878
G1 X104.527 Y103.671 E3.60474
G1 X104.916 Y103.355 E3.6217
G1 X105.322 Y103.063 E3.63863
G1 X105.745 Y102.795 E3.65558
G1 X106.184 Y102.554 E3.67253
G1 X106.636 Y102.339 E3.68947
G1 X107.1 Y102.152 E3.7064
G1 X107.575 Y101.993 E3.72336
G1 X108.058 Y101.862 E3.7403
G1 X108.548 Y101.761 E3.75723
G1 X109.043 Y101.689 E3.77416
G1 X109.542 Y101.647 E3.79111
G1 X110.113 Y101.633 E3.81044
G1 X111.13 Y101.71 E3.84496
G1 X111.692 Y101.808 E3.86427
G1 X112.179 Y101.924 E3.88122
G1 X112.658 Y102.069 E3.89816
G1 X113.128 Y102.242 E3.91511
G1 X113.586 Y102.443 E3.93204
G1 X114.032 Y102.671 E3.94899
G1 X114.463 Y102.926 E3.96594
G1 X114.878 Y103.206 E3.98289
G1 X115.275 Y103.51 E3.99982
G1 X115.654 Y103.837 E4.01676
G1 X116.013 Y104.186 E4.03371
G1 X116.35 Y104.557 E4.05068
G1 X116.664 Y104.946 E4.0676
G1 X116.954 Y105.354 E4.08454
G1 X117.219 Y105.778 E4.10146
G1 X117.459 Y106.218 E4.11842
G1 X117.672 Y106.67 E4.13533
G1 X117.857 Y107.136 E4.1523
G1 X118.014 Y107.611 E4.16923
G1 X118.143 Y108.094 E4.18615
G1 X118.242 Y108.585 E4.2031
G1 X118.312 Y109.081 E4.22006
G1 X118.352 Y109.58 E4.237
G1 X118.352 Y110.421 E4.26547
G1 X118.349 Y110.459 E4.26676
G1 X118.756 Y110.531 F9000
;TYPE:External perimeter
G1 F1800
G1 X118.709 Y111.048 E4.28433
G1 X118.631 Y111.567 E4.30209
G1 X118.522 Y112.08 E4.31984
G1 X118.382 Y112.586 E4.33761
G1 X118.213 Y113.083 E4.35538
G1 X118.014 Y113.569 E4.37316
G1 X117.786 Y114.042 E4.39093
G1 X117.53 Y114.501 E4.40872
G1 X117.247 Y114.943 E4.42649
G1 X116.939 Y115.368 E4.44426
G1 X116.605 Y115.773 E4.46203
G1 X116.248 Y116.158 E4.4798
G1 X115.87 Y116.52 E4.49752
G1 X115.347 Y116.952 E4.52048
G1 X114.608 Y117.466 E4.55095
G1 X114.156 Y117.727 E4.56862
G1 X113.686 Y117.962 E4.58641
G1 X113.203 Y118.168 E4.60418
G1 X112.709 Y118.345 E4.62194
G1 X112.205 Y118.493 E4.63972
G1 X111.693 Y118.609 E4.65749
G1 X111.175 Y118.695 E4.67526
G1 X110.653 Y118.75 E4.69303
G1 X110.129 Y118.774 E4.71079
G1 X109.604 Y118.766 E4.72856
G1 X109.083 Y118.727 E4.74624
G1 X108.042 Y118.554 E4.78196
G1 X107.54 Y118.424 E4.79951
G1 X106.546 Y118.067 E4.83526
G1 X106.072 Y117.848 E4.85293
G1 X105.61 Y117.599 E4.87069
G1 X105.163 Y117.323 E4.88847
G1 X104.734 Y117.021 E4.90623
G1 X104.323 Y116.694 E4.92401
G1 X103.933 Y116.342 E4.94179
G1 X103.565 Y115.968 E4.95955
G1 X103.219 Y115.573 E4.97732
G1 X102.898 Y115.158 E4.99508
G1 X102.603 Y114.724 E5.01284
G1 X102.333 Y114.273 E5.03063
G1 X102.091 Y113.807 E5.0484
G1 X101.878 Y113.328 E5.06614
G1 X101.693 Y112.836 E5.08393
G1 X101.539 Y112.334 E5.1017
G1 X101.414 Y111.824 E5.11947
G1 X101.32 Y111.308 E5.13722
G1 X101.258 Y110.787 E5.15498
G1 X101.226 Y110.263 E5.17275
G1 X101.226 Y109.737 E5.19055
G1 X101.258 Y109.213 E5.20832
G1 X101.32 Y108.692 E5.22608
G1 X101.414 Y108.176 E5.24383
G1 X101.538 Y107.669 E5.2615
G1 X101.879 Y106.669 E5.29726
G1 X102.09 Y106.196 E5.31479
G1 X102.604 Y105.273 E5.35055
G1 X102.898 Y104.842 E5.36821
G1 X103.219 Y104.427 E5.38597
G1 X103.565 Y104.032 E5.40374
G1 X103.933 Y103.658 E5.4215
G1 X104.323 Y103.306 E5.43928
G1 X104.734 Y102.979 E5.45706
G1 X105.163 Y102.677 E5.47482
G1 X105.61 Y102.401 E5.4926
G1 X106.072 Y102.152 E5.51036
G1 X106.549 Y101.931 E5.52815
G1 X107.037 Y101.739 E5.5459
G1 X107.537 Y101.577 E5.56369
G1 X108.045 Y101.445 E5.58146
G1 X108.56 Y101.344 E5.59922
G1 X109.08 Y101.273 E5.61698
G1 X109.604 Y101.234 E5.63477
G1 X110.126 Y101.226 E5.65244
G1 X111.178 Y101.305 E5.68815
G1 X111.783 Y101.411 E5.70894
G1 X112.293 Y101.533 E5.72669
G1 X112.796 Y101.686 E5.74449
G1 X113.288 Y101.868 E5.76225
G1 X113.768 Y102.079 E5.78
G1 X114.235 Y102.319 E5.79777
G1 X114.687 Y102.586 E5.81554
G1 X115.122 Y102.88 E5.83331
G1 X115.539 Y103.199 E5.85108
G1 X115.936 Y103.543 E5.86886
G1 X116.311 Y103.91 E5.88662
G1 X116.664 Y104.298 E5.90438
G1 X116.993 Y104.707 E5.92215
G1 X117.297 Y105.134 E5.93989
G1 X117.575 Y105.58 E5.95768
G1 X117.826 Y106.041 E5.97545
G1 X118.048 Y106.516 E5.9932
G1 X118.242 Y107.004 E6.01098
G1 X118.407 Y107.502 E6.02874
G1 X118.541 Y108.01 E6.04652
G1 X118.645 Y108.524 E6.06427
G1 X118.718 Y109.044 E6.08204
G1 X118.759 Y109.568 E6.09983
G1 X118.757 Y110.471 E6.1304
G1 X118.725 Y110.87 F9000
G1 E5.3304 F2100
G92 E0
G1 X115.88 Y115.176 F9000
G1 E.8 F2100
;TYPE:Bridge infill
;WIDTH:0.411834
;HEIGHT:0.4
M106 S127.5
G1 F1500
G1 X113.968 Y116.518 E.92937
G1 X113.615 Y116.722 E.95195
G1 X113.206 Y116.926 E.97726
G1 X112.786 Y117.106 E1.00257
G1 X112.356 Y117.26 E1.02787
G1 X111.93 Y117.384 E1.05244
G1 X116.285 Y114.327 E1.34712
G1 X116.55 Y113.915 E1.37425
G1 X116.843 Y113.371 E1.40847
G1 X110.847 Y117.581 E1.81422
G1 X110.567 Y117.612 E1.82982
G1 X109.972 Y117.631 E1.86279
G1 X117.183 Y112.568 E2.35076
G1 X117.402 Y111.85 E2.39233
G1 X109.221 Y117.593 E2.9459
G1 X108.571 Y117.485 E2.98239
G1 X117.534 Y111.193 E3.58888
G1 X117.606 Y110.578 E3.62317
G1 X107.956 Y117.353 E4.27617
G1 X107.417 Y117.168 E4.30773
G1 X117.631 Y109.996 E4.99893
G1 X117.608 Y109.448 E5.02931
G1 X106.893 Y116.971 E5.75438
G1 X106.419 Y116.739 E5.78361
G1 X110.781 Y113.677 E6.07876
G1 X110.862 Y113.666 E6.08329
G1 X111.553 Y113.429 E6.12375
G1 X112.209 Y113.048 E6.16576
G1 X112.778 Y112.541 E6.20797
G1 X113.197 Y111.98 E6.24675
G1 X117.551 Y108.924 E6.54135
G1 X117.462 Y108.422 E6.56959
G1 X113.576 Y111.15 E6.83254
G1 X113.716 Y110.488 E6.87001
G1 X117.344 Y107.94 E7.11554
G1 X117.199 Y107.478 E7.14236
G1 X113.742 Y109.905 E7.37629
G1 X113.692 Y109.376 E7.40572
G1 X117.028 Y107.034 E7.63146
G1 X116.83 Y106.608 E7.65748
G1 X113.577 Y108.892 E7.87761
G1 X113.423 Y108.436 E7.90427
G1 X116.613 Y106.197 E8.12011
G1 X116.37 Y105.803 E8.14575
G1 X113.191 Y108.035 E8.36087
G1 X113.06 Y107.808 E8.37538
G1 X112.921 Y107.66 E8.38662
G1 X116.105 Y105.425 E8.60206
G1 X115.816 Y105.063 E8.62771
G1 X112.602 Y107.32 E8.84521
G1 X112.425 Y107.131 E8.85955
G1 X112.263 Y106.993 E8.87134
G1 X115.505 Y104.718 E9.09068
G1 X115.169 Y104.389 E9.11672
G1 X111.844 Y106.724 E9.34174
G1 X111.363 Y106.497 E9.3712
G1 X114.81 Y104.077 E9.60445
G1 X114.425 Y103.783 E9.63128
G1 X110.796 Y106.331 E9.87685
G1 X110.64 Y106.289 E9.8858
G1 X110.103 Y106.253 E9.91561
G1 X114.191 Y103.383 E10.19224
M106 S112.2
G1 E9.39224 F2100
G92 E0
G1 X110.144 Y113.56 F9000
G1 E.8 F2100
M106 S127.5
G1 F1500
G1 X105.977 Y116.485 E1.08196
G1 X105.565 Y116.211 E1.10936
G1 X109.187 Y113.667 E1.35449
G1 X108.622 Y113.5 E1.38712
G1 X105.179 Y115.917 E1.62009
G1 X104.82 Y115.605 E1.64643
G1 X108.15 Y113.267 E1.87177
G1 X108.001 Y113.194 E1.88096
G1 X107.741 Y112.99 E1.89926
G1 X104.484 Y115.276 E2.11963
G1 X104.173 Y114.93 E2.1454
G1 X107.364 Y112.69 E2.36132
G1 X107.064 Y112.336 E2.38702
G1 X103.885 Y114.569 E2.60217
G1 X103.822 Y114.487 E2.6079
G1 X103.62 Y114.19 E2.62779
G1 X106.797 Y111.959 E2.84279
G1 X106.571 Y111.554 E2.86848
G1 X103.377 Y113.796 E3.0846
G1 X103.158 Y113.386 E3.11034
G1 X106.417 Y111.098 E3.33087
G1 X106.307 Y110.751 E3.35103
G1 X106.293 Y110.621 E3.35827
G1 X102.963 Y112.959 E3.58361
G1 X102.791 Y112.515 E3.60998
G1 X106.234 Y110.097 E3.84299
G1 X106.279 Y109.502 E3.87604
G1 X102.646 Y112.053 E4.12189
G1 X102.528 Y111.571 E4.14937
G1 X106.721 Y108.627 E4.43311
M106 S112.2
G1 E3.63311 F2100
G92 E0
G1 X102.254 Y111.199 F9000
G1 E.8 F2100
M106 S127.5
G1 F1500
G1 X106.818 Y107.995 E1.10883
G1 X107.083 Y107.616 E1.13444
G1 X107.788 Y106.952 E1.18808
G1 X108.437 Y106.572 E1.22973
G1 X109.194 Y106.327 E1.2738
G1 X113.569 Y103.255 E1.56986
G1 X113.09 Y103.027 E1.59924
G1 X102.386 Y110.542 E2.32356
G1 X102.367 Y109.991 E2.35409
G1 X112.58 Y102.821 E3.04518
G1 X112.025 Y102.646 E3.07741
G1 X102.389 Y109.412 E3.72949
G1 X102.461 Y108.797 E3.76378
G1 X111.426 Y102.503 E4.37042
G1 X111.042 Y102.439 E4.39198
G1 X110.744 Y102.417 E4.40853
G1 X102.598 Y108.136 E4.95975
G1 X102.833 Y107.407 E5.00217
G1 X110.001 Y102.374 E5.48723
G1 X109.654 Y102.374 E5.50645
G1 X109.137 Y102.417 E5.53518
G1 X103.166 Y106.609 E5.93922
G1 X103.576 Y105.874 E5.98583
G1 X103.729 Y105.649 E6.0009
G1 X108.034 Y102.627 E6.2922
G1 X107.422 Y102.814 E6.32764
G1 X106.997 Y102.981 E6.35293
G1 X106.583 Y103.173 E6.3782
G1 X106.128 Y103.421 E6.4069
G1 X105.877 Y103.577 E6.42327
G1 X104.147 Y104.791 E6.54032
M106 S112.2
M106 S114.75
;LAYER_CHANGE
;Z:2
;HEIGHT:0.2
G1 E5.74032 F2100
G92 E0
G1 Z2 F9000
G1 X112.21 Y112.617
G1 E.8 F2100
;TYPE:Perimeter
;WIDTH:0.449999
G1 F1500
G1 X112.127 Y112.696 E.80388
G1 X111.556 Y113.054 E.82669
G1 X111.038 Y113.268 E.84566
G1 X110.695 Y113.364 E.85772
G1 X110.198 Y113.432 E.8747
G1 X109.567 Y113.401 E.89608
G1 X109.018 Y113.287 E.91506
G1 X108.676 Y113.172 E.92727
G1 X108.229 Y112.948 E.94419
G1 X107.727 Y112.569 E.96548
G1 X107.338 Y112.166 E.98444
G1 X107.027 Y111.711 E1.0031
G1 X106.808 Y111.273 E1.01968
G1 X106.645 Y110.748 E1.03829
G1 X106.563 Y110.113 E1.05996
G1 X106.604 Y109.461 E1.08207
G1 X106.783 Y108.776 E1.10603
G1 X107.013 Y108.296 E1.12405
G1 X107.308 Y107.857 E1.14195
G1 X107.875 Y107.312 E1.16857
G1 X108.268 Y107.039 E1.18477
G1 X108.661 Y106.834 E1.19977
G1 X109.18 Y106.66 E1.2183
G1 X109.702 Y106.586 E1.23615
G1 X110.029 Y106.564 E1.24724
G1 X110.537 Y106.605 E1.26449
G1 X111.099 Y106.745 E1.28409
G1 X111.662 Y106.994 E1.30493
G1 X112.114 Y107.29 E1.32322
G1 X112.684 Y107.87 E1.35075
G1 X112.93 Y108.222 E1.36529
G1 X113.16 Y108.666 E1.38222
G1 X113.356 Y109.29 E1.40436
G1 X113.415 Y109.787 E1.4213
G1 X113.419 Y110.304 E1.4388
G1 X113.299 Y110.906 E1.45958
G1 X113.2 Y111.24 E1.47137
G1 X112.968 Y111.725 E1.48957
G1 X112.599 Y112.245 E1.51115
G1 X112.253 Y112.576 E1.52736
G1 X111.946 Y112.308 F9000
G1 F1500
G1 X111.853 Y112.395 E1.53167
G1 X111.352 Y112.702 E1.55156
G1 X110.75 Y112.935 E1.57341
G1 X110.18 Y113.024 E1.59294
G1 X109.596 Y112.995 E1.61273
G1 X108.964 Y112.848 E1.63469
G1 X108.442 Y112.6 E1.65425
G1 X107.981 Y112.25 E1.67384
G1 X107.537 Y111.769 E1.696
G1 X107.247 Y111.27 E1.71554
G1 X107.064 Y110.725 E1.735
G1 X106.968 Y110.074 E1.75727
G1 X107.01 Y109.498 E1.77682
G1 X107.172 Y108.901 E1.79776
G1 X107.403 Y108.431 E1.81549
G1 X107.674 Y108.061 E1.83101
G1 X108.2 Y107.565 E1.85548
G1 X108.695 Y107.264 E1.87509
G1 X109.205 Y107.075 E1.8935
G1 X109.756 Y106.989 E1.91238
G1 X109.998 Y106.97 E1.9206
G1 X110.514 Y107.012 E1.93812
G1 X111.005 Y107.142 E1.95531
G1 X111.488 Y107.362 E1.97328
G1 X111.902 Y107.647 E1.99029
G1 X112.409 Y108.171 E2.01497
G1 X112.716 Y108.663 E2.0346
G1 X112.967 Y109.412 E2.06134
G1 X113.025 Y110.101 E2.08474
G1 X112.9 Y110.826 E2.10964
G1 X112.788 Y111.158 E2.1215
G1 X112.565 Y111.613 E2.13865
G1 X112.259 Y112.018 E2.15583
G1 X111.99 Y112.268 E2.16826
G1 X111.682 Y111.999 F9000
;TYPE:External perimeter
G1 F1500
G1 X111.58 Y112.093 E2.17296
G1 X111.147 Y112.35 E2.19
G1 X110.621 Y112.549 E2.20904
G1 X110.124 Y112.621 E2.22604
G1 X109.533 Y112.582 E2.24609
G1 X109.045 Y112.446 E2.26324
G1 X108.598 Y112.22 E2.28019
G1 X108.158 Y111.871 E2.2992
G1 X107.832 Y111.483 E2.31635
G1 X107.589 Y111.044 E2.33333
G1 X107.423 Y110.507 E2.35236
G1 X107.373 Y110.004 E2.36947
G1 X107.42 Y109.504 E2.38647
G1 X107.553 Y109.044 E2.40268
G1 X107.76 Y108.628 E2.41841
G1 X107.953 Y108.357 E2.42967
G1 X108.479 Y107.862 E2.45412
G1 X108.92 Y107.607 E2.47136
G1 X109.521 Y107.431 E2.49256
G1 X109.967 Y107.376 E2.50777
G1 X110.467 Y107.418 E2.52475
G1 X111.072 Y107.615 E2.54629
G1 X111.559 Y107.892 E2.56525
G1 X112.099 Y108.436 E2.5912
G1 X112.365 Y108.868 E2.60837
G1 X112.579 Y109.534 E2.63205
G1 X112.618 Y110.124 E2.65206
G1 X112.501 Y110.747 E2.67352
G1 X112.273 Y111.289 E2.69342
G1 X111.95 Y111.753 E2.71256
G1 X111.727 Y111.958 E2.72281
G1 X111.402 Y112.192 F9000
G1 E1.92281 F2100
G92 E0
G1 X117.937 Y110.507 F9000
G1 E.8 F2100
;TYPE:Perimeter
G1 F2700
G1 X117.901 Y110.95 E.81504
G1 X117.816 Y111.488 E.83348
G1 X117.688 Y112.043 E.85276
G1 X117.521 Y112.588 E.87205
G1 X117.295 Y113.175 E.89334
G1 X117.063 Y113.667 E.91175
G1 X116.794 Y114.14 E.93017
G1 X116.494 Y114.595 E.94862
G1 X116.035 Y115.185 E.97392
G1 X115.668 Y115.587 E.99234
G1 X115.272 Y115.96 E1.01075
G1 X114.764 Y116.371 E1.03287
G1 X114.239 Y116.734 E1.05447
G1 X113.77 Y117.01 E1.07289
G1 X113.281 Y117.25 E1.09133
G1 X112.772 Y117.458 E1.10994
G1 X112.065 Y117.685 E1.13507
G1 X111.536 Y117.81 E1.15347
G1 X110.998 Y117.895 E1.17191
G1 X110.345 Y117.949 E1.19409
G1 X109.708 Y117.953 E1.21565
G1 X109.165 Y117.917 E1.23407
G1 X108.627 Y117.84 E1.25247
G1 X108.084 Y117.724 E1.27126
G1 X107.376 Y117.515 E1.29625
G1 X106.869 Y117.32 E1.31464
G1 X106.377 Y117.087 E1.33307
G1 X105.805 Y116.763 E1.35532
G1 X105.278 Y116.408 E1.37683
G1 X104.85 Y116.072 E1.39525
G1 X104.449 Y115.706 E1.41363
G1 X104.063 Y115.301 E1.43257
G1 X103.625 Y114.766 E1.45597
G1 X103.327 Y114.341 E1.47354
G1 X103.052 Y113.89 E1.49142
G1 X102.802 Y113.37 E1.51095
G1 X102.488 Y112.636 E1.53797
G1 X102.324 Y112.118 E1.55636
G1 X102.199 Y111.588 E1.57479
G1 X102.107 Y111.032 E1.59387
G1 X102.047 Y110.346 E1.61718
G1 X102.041 Y109.83 E1.63465
G1 X102.068 Y109.302 E1.65255
G1 X102.215 Y108.33 E1.68583
G1 X102.344 Y107.817 E1.70374
G1 X102.554 Y107.189 E1.72615
G1 X102.762 Y106.714 E1.7437
G1 X103.175 Y105.905 E1.77445
G1 X103.519 Y105.377 E1.79578
G1 X103.839 Y104.956 E1.81368
G1 X104.508 Y104.236 E1.84695
G1 X104.952 Y103.847 E1.86693
G1 X105.557 Y103.395 E1.89249
G1 X106.017 Y103.106 E1.91088
G1 X106.498 Y102.852 E1.92929
G1 X107.088 Y102.594 E1.95109
G1 X107.654 Y102.395 E1.9714
G1 X108.809 Y102.131 E2.0115
G1 X109.348 Y102.07 E2.02986
G1 X109.869 Y102.044 E2.04752
G1 X110.372 Y102.061 E2.06456
G1 X111.181 Y102.131 E2.09205
G1 X111.77 Y102.243 E2.11234
G1 X112.321 Y102.389 E2.13163
G1 X112.842 Y102.567 E2.15027
G1 X113.344 Y102.777 E2.16869
G1 X113.828 Y103.024 E2.18708
G1 X114.303 Y103.308 E2.20581
G1 X114.906 Y103.736 E2.23084
G1 X115.312 Y104.074 E2.24872
G1 X116.002 Y104.774 E2.28199
G1 X116.334 Y105.185 E2.29987
G1 X116.707 Y105.723 E2.32203
G1 X116.996 Y106.214 E2.34131
G1 X117.24 Y106.701 E2.35975
G1 X117.45 Y107.203 E2.37817
G1 X117.622 Y107.719 E2.39658
G1 X117.801 Y108.443 E2.42182
G1 X117.891 Y108.983 E2.44035
G1 X117.943 Y109.524 E2.45875
G1 X117.945 Y110.408 E2.48867
G1 X117.942 Y110.447 E2.48999
G1 X118.344 Y110.519 F9000
G1 F2700
G1 X118.312 Y110.919 E2.50357
G1 X118.242 Y111.415 E2.52053
G1 X118.143 Y111.905 E2.53745
G1 X118.014 Y112.389 E2.5544
G1 X117.857 Y112.865 E2.57137
G1 X117.672 Y113.329 E2.58828
G1 X117.459 Y113.782 E2.60522
G1 X117.219 Y114.222 E2.62218
G1 X116.954 Y114.646 E2.6391
G1 X116.664 Y115.054 E2.65604
G1 X116.349 Y115.444 E2.67301
G1 X116.013 Y115.814 E2.68993
G1 X115.654 Y116.163 E2.70688
G1 X115.275 Y116.49 E2.72382
G1 X114.878 Y116.794 E2.74075
G1 X114.463 Y117.074 E2.7577
G1 X114.032 Y117.328 E2.77463
G1 X113.586 Y117.557 E2.7916
G1 X113.128 Y117.758 E2.80853
G1 X112.658 Y117.931 E2.82548
G1 X112.179 Y118.076 E2.84242
G1 X111.692 Y118.192 E2.85937
G1 X111.199 Y118.279 E2.87632
G1 X110.702 Y118.336 E2.89325
G1 X110.202 Y118.363 E2.9102
G1 X109.702 Y118.36 E2.92712
G1 X109.202 Y118.328 E2.94408
G1 X108.706 Y118.265 E2.961
G1 X108.214 Y118.173 E2.97794
G1 X107.728 Y118.052 E2.99489
G1 X107.251 Y117.902 E3.01182
G1 X106.783 Y117.723 E3.02878
G1 X106.327 Y117.517 E3.04572
G1 X105.884 Y117.284 E3.06266
G1 X105.456 Y117.025 E3.07959
G1 X105.044 Y116.741 E3.09653
G1 X104.649 Y116.433 E3.11348
G1 X104.274 Y116.102 E3.13041
G1 X103.919 Y115.748 E3.14738
G1 X103.587 Y115.375 E3.16428
G1 X103.277 Y114.982 E3.18122
G1 X102.991 Y114.571 E3.19817
G1 X102.694 Y114.083 E3.21751
G1 X102.303 Y113.273 E3.24795
G1 X102.107 Y112.779 E3.26594
G1 X101.955 Y112.303 E3.28285
G1 X101.831 Y111.817 E3.29983
G1 X101.737 Y111.326 E3.31675
G1 X101.673 Y110.829 E3.33371
G1 X101.638 Y110.33 E3.35064
G1 X101.633 Y109.83 E3.36757
G1 X101.663 Y109.259 E3.38692
G1 X101.797 Y108.37 E3.41735
G1 X101.912 Y107.852 E3.43531
G1 X102.055 Y107.372 E3.45226
G1 X102.251 Y106.835 E3.47161
G1 X102.642 Y106.025 E3.50205
G1 X102.905 Y105.564 E3.52002
G1 X103.183 Y105.148 E3.53696
G1 X103.528 Y104.693 E3.55629
G1 X104.14 Y104.034 E3.58673
G1 X104.527 Y103.671 E3.60469
G1 X104.916 Y103.355 E3.62165
G1 X105.322 Y103.063 E3.63858
G1 X105.745 Y102.795 E3.65553
G1 X106.184 Y102.554 E3.67248
G1 X106.636 Y102.339 E3.68942
G1 X107.1 Y102.152 E3.70635
G1 X107.642 Y101.971 E3.72569
G1 X108.519 Y101.771 E3.75614
G1 X109.043 Y101.689 E3.77409
G1 X109.542 Y101.647 E3.79104
G1 X110.113 Y101.633 E3.81037
G1 X111.01 Y101.701 E3.84082
G1 X111.536 Y101.777 E3.85881
G1 X112.025 Y101.884 E3.87575
G1 X112.506 Y102.02 E3.89267
G1 X112.979 Y102.184 E3.90962
G1 X113.441 Y102.376 E3.92655
G1 X113.891 Y102.596 E3.9435
G1 X114.327 Y102.842 E3.96045
G1 X114.747 Y103.114 E3.97739
G1 X115.151 Y103.41 E3.99434
G1 X115.589 Y103.776 E4.01366
G1 X116.305 Y104.502 E4.04817
G1 X116.664 Y104.946 E4.0675
G1 X116.954 Y105.354 E4.08444
G1 X117.219 Y105.778 E4.10136
G1 X117.459 Y106.218 E4.11832
G1 X117.672 Y106.67 E4.13523
G1 X117.857 Y107.136 E4.1522
G1 X118.015 Y107.611 E4.16914
G1 X118.143 Y108.094 E4.18605
G1 X118.242 Y108.585 E4.203
G1 X118.312 Y109.081 E4.21996
G1 X118.352 Y109.58 E4.2369
G1 X118.352 Y110.421 E4.26537
G1 X118.349 Y110.459 E4.26666
G1 X118.756 Y110.531 F9000
;TYPE:External perimeter
G1 F1800
G1 X118.709 Y111.048 E4.28423
G1 X118.631 Y111.567 E4.30199
G1 X118.522 Y112.08 E4.31974
G1 X118.382 Y112.586 E4.33751
G1 X118.213 Y113.083 E4.35528
G1 X118.014 Y113.569 E4.37306
G1 X117.786 Y114.042 E4.39083
G1 X117.53 Y114.501 E4.40862
G1 X117.247 Y114.943 E4.42639
G1 X116.939 Y115.368 E4.44416
G1 X116.605 Y115.773 E4.46193
G1 X116.248 Y116.158 E4.4797
G1 X115.869 Y116.521 E4.49746
G1 X115.468 Y116.861 E4.51526
G1 X115.048 Y117.175 E4.53301
G1 X114.61 Y117.465 E4.55079
G1 X114.156 Y117.727 E4.56853
G1 X113.686 Y117.962 E4.58632
G1 X113.203 Y118.168 E4.60409
G1 X112.709 Y118.345 E4.62185
G1 X112.205 Y118.493 E4.63963
G1 X111.693 Y118.609 E4.6574
G1 X111.175 Y118.695 E4.67517
G1 X110.653 Y118.75 E4.69294
G1 X110.129 Y118.774 E4.7107
G1 X109.604 Y118.766 E4.72847
G1 X109.08 Y118.727 E4.74626
G1 X108.56 Y118.656 E4.76402
G1 X108.045 Y118.555 E4.78178
G1 X107.537 Y118.423 E4.79955
G1 X107.037 Y118.261 E4.81734
G1 X106.549 Y118.069 E4.83509
G1 X106.072 Y117.848 E4.85288
G1 X105.61 Y117.599 E4.87064
G1 X105.163 Y117.323 E4.88842
G1 X104.734 Y117.021 E4.90618
G1 X104.323 Y116.694 E4.92396
G1 X103.933 Y116.342 E4.94174
G1 X103.565 Y115.968 E4.9595
G1 X103.219 Y115.573 E4.97727
G1 X102.898 Y115.158 E4.99503
G1 X102.603 Y114.724 E5.01279
G1 X102.335 Y114.276 E5.03046
G1 X101.877 Y113.325 E5.06619
G1 X101.693 Y112.836 E5.08388
G1 X101.539 Y112.334 E5.10165
G1 X101.414 Y111.824 E5.11942
G1 X101.32 Y111.308 E5.13717
G1 X101.258 Y110.787 E5.15493
G1 X101.226 Y110.263 E5.1727
G1 X101.226 Y109.737 E5.1905
G1 X101.258 Y109.216 E5.20817
G1 X101.415 Y108.173 E5.24387
G1 X101.539 Y107.666 E5.26154
G1 X101.693 Y107.164 E5.27931
G1 X101.877 Y106.675 E5.297
G1 X102.335 Y105.724 E5.33273
G1 X102.603 Y105.276 E5.3504
G1 X102.898 Y104.842 E5.36816
G1 X103.218 Y104.429 E5.38584
G1 X103.936 Y103.655 E5.42158
G1 X104.323 Y103.306 E5.43922
G1 X104.734 Y102.979 E5.457
G1 X105.163 Y102.677 E5.47476
G1 X105.61 Y102.401 E5.49254
G1 X106.072 Y102.152 E5.5103
G1 X106.549 Y101.931 E5.52809
G1 X107.037 Y101.739 E5.54584
G1 X107.534 Y101.578 E5.56352
G1 X108.563 Y101.343 E5.59925
G1 X109.08 Y101.273 E5.61691
G1 X109.604 Y101.234 E5.6347
G1 X110.126 Y101.226 E5.65237
G1 X111.178 Y101.305 E5.68808
G1 X111.693 Y101.391 E5.70575
G1 X112.205 Y101.507 E5.72352
G1 X112.709 Y101.655 E5.7413
G1 X113.203 Y101.832 E5.75906
G1 X113.686 Y102.038 E5.77683
G1 X114.155 Y102.273 E5.79459
G1 X114.61 Y102.535 E5.81236
G1 X115.048 Y102.825 E5.83014
G1 X115.468 Y103.139 E5.84789
G1 X115.867 Y103.477 E5.86559
G1 X116.607 Y104.229 E5.9013
G1 X116.993 Y104.707 E5.9221
G1 X117.297 Y105.134 E5.93984
G1 X117.575 Y105.58 E5.95763
G1 X117.826 Y106.041 E5.9754
G1 X118.048 Y106.516 E5.99315
G1 X118.242 Y107.004 E6.01093
G1 X118.407 Y107.503 E6.02872
G1 X118.541 Y108.01 E6.04647
G1 X118.645 Y108.524 E6.06422
G1 X118.718 Y109.044 E6.08199
G1 X118.759 Y109.567 E6.09975
G1 X118.757 Y110.471 E6.13035
G1 X118.725 Y110.87 F9000
G1 E5.33035 F2100
G92 E0
G1 X105.322 Y103.763 F9000
G1 E.8 F2100
;TYPE:Solid infill
;WIDTH:0.38292
G1 F2400
G1 X104.649 Y104.382 E.82585
G1 X103.685 Y105.412 E.86573
G1 X103.309 Y106.25 F9000
G1 F2400
G1 X103.238 Y106.231 E.86781
G1 X103.257 Y106.302 E.86989
G1 X103.298 Y106.291 E.87109
;WIDTH:0.41646
G1 X103.394 Y106.132 E.87686
;WIDTH:0.449999
G1 X103.49 Y105.974 E.88312
G1 X105.968 Y103.495 E1.00176
G1 X106.127 Y103.4 E1.00803
;WIDTH:0.41646
G1 X106.286 Y103.304 E1.0138
;WIDTH:0.38292
G1 X106.245 Y103.315 E1.015
G1 X106.226 Y103.244 E1.01708
G1 X106.297 Y103.263 E1.01916
G1 X107.136 Y102.903 F9000
;WIDTH:0.449999
G1 F2400
G1 X102.897 Y107.142 E1.22208
G1 X102.825 Y107.28 E1.22735
;WIDTH:0.41646
G1 X102.753 Y107.418 E1.23218
;WIDTH:0.38292
G1 X102.682 Y107.399 E1.23426
G1 X102.701 Y107.471 E1.23637
G1 X102.742 Y107.46 E1.23757
;WIDTH:0.449999
G1 X102.608 Y108.007 E1.25663
G1 X107.993 Y102.621 E1.51443
G1 X108.739 Y102.451 E1.54033
G1 X102.463 Y108.727 E1.84076
G1 X102.368 Y109.398 E1.8637
G1 X109.394 Y102.372 E2.20003
G1 X109.989 Y102.353 E2.22018
G1 X102.346 Y109.996 E2.58605
G1 X102.365 Y110.552 E2.60488
G1 X110.538 Y102.38 E2.99609
G1 X111.071 Y102.422 E3.01419
G1 X102.42 Y111.073 E3.42831
G1 X102.505 Y111.564 E3.44518
G1 X111.56 Y102.509 E3.87864
G1 X112.024 Y102.621 E3.8948
G1 X102.616 Y112.028 E4.34513
G1 X102.752 Y112.469 E4.36075
G1 X106.477 Y108.744 E4.53906
G1 X106.575 Y108.6 E4.54496
;WIDTH:0.41646
G1 X106.673 Y108.456 E4.55037
;WIDTH:0.38292
G1 X107.083 Y107.921 E4.56943
G1 X106.298 Y109.498 F9000
;WIDTH:0.449999
G1 F2400
G1 X102.909 Y112.887 E4.73166
G1 X103.096 Y113.276 E4.74627
G1 X106.258 Y110.114 E4.89763
G1 X106.315 Y110.632 E4.91527
G1 X103.283 Y113.665 E5.06043
G1 X103.492 Y114.031 E5.0747
G1 X106.438 Y111.085 E5.21572
G1 X106.578 Y111.52 E5.23119
G1 X103.721 Y114.378 E5.36798
G1 X103.966 Y114.709 E5.38192
G1 X106.782 Y111.892 E5.51674
G1 X107.011 Y112.24 E5.53084
G1 X104.226 Y115.024 E5.66413
G1 X104.502 Y115.324 E5.67793
G1 X107.274 Y112.552 E5.81062
G1 X107.572 Y112.829 E5.82439
G1 X104.792 Y115.609 E5.95747
G1 X105.098 Y115.879 E5.97128
G1 X107.895 Y113.082 E6.10517
G1 X108.255 Y113.298 E6.11938
G1 X105.419 Y116.134 E6.25514
G1 X105.757 Y116.372 E6.26913
G1 X108.64 Y113.489 E6.40714
G1 X109.089 Y113.615 E6.42293
G1 X106.111 Y116.593 E6.56549
G1 X106.482 Y116.798 E6.57984
G1 X109.577 Y113.703 E6.728
G1 X109.666 Y113.634 E6.73181
;WIDTH:0.41646
G1 X109.755 Y113.564 E6.73533
;WIDTH:0.38292
G1 X109.714 Y113.575 E6.73653
G1 X109.695 Y113.504 E6.73861
G1 X109.766 Y113.523 E6.74069
;WIDTH:0.449999
G1 X110.117 Y113.739 E6.75464
G1 X106.871 Y116.985 E6.91002
G1 X107.279 Y117.153 E6.92496
G1 X110.775 Y113.657 E7.09231
G1 X110.932 Y113.586 E7.09814
;WIDTH:0.41646
G1 X111.09 Y113.515 E7.10352
;WIDTH:0.38292
G1 X111.049 Y113.526 E7.10472
G1 X111.03 Y113.455 E7.1068
G1 X111.101 Y113.474 E7.10888
G1 E6.30888 F2100
G92 E0
G1 X117.493 Y112.163 F9000
G1 E.8 F2100
G1 F2400
G1 X117.612 Y111.691 E.81376
G1 E.01376 F2100
G92 E0
G1 X108.738 Y106.653 F9000
G1 E.8 F2100
G1 F2400
G1 X108.594 Y106.695 E.80424
G1 X108.437 Y106.681 E.8087
;WIDTH:0.41646
G1 X108.581 Y106.588 E.81402
;WIDTH:0.449999
G1 X108.725 Y106.496 E.8198
G1 X112.464 Y102.756 E.99881
G1 X112.884 Y102.913 E1.01399
G1 X109.485 Y106.311 E1.17667
G1 X110.098 Y106.273 E1.19746
G1 X113.283 Y103.088 E1.34992
G1 X113.665 Y103.282 E1.36442
G1 X110.637 Y106.311 E1.50939
G1 X111.091 Y106.432 E1.52529
G1 X114.03 Y103.494 E1.66595
G1 X114.376 Y103.722 E1.67998
G1 X111.509 Y106.59 E1.81725
G1 X111.899 Y106.775 E1.83186
G1 X114.707 Y103.968 E1.96625
G1 X115.022 Y104.228 E1.98008
G1 X112.244 Y107.006 E2.11306
G1 X112.541 Y107.285 E2.12685
G1 X115.314 Y104.512 E2.25959
G1 X115.6 Y104.802 E2.27338
G1 X112.823 Y107.579 E2.40631
G1 X113.079 Y107.898 E2.42015
G1 X115.876 Y105.102 E2.55402
G1 X116.13 Y105.423 E2.56788
G1 X113.297 Y108.256 E2.70349
G1 X113.467 Y108.661 E2.71836
G1 X116.368 Y105.76 E2.85723
G1 X116.591 Y106.114 E2.87139
G1 X113.608 Y109.097 E3.01418
G1 X113.699 Y109.581 E3.03085
G1 X116.796 Y106.484 E3.1791
G1 X116.984 Y106.872 E3.19369
G1 X113.734 Y110.121 E3.34924
G1 X113.515 Y111.077 F9000
;WIDTH:0.38292
G1 F2400
G1 X113.444 Y111.057 E3.35133
G1 X113.463 Y111.129 E3.35344
G1 X113.504 Y111.118 E3.35464
;WIDTH:0.41646
G1 X113.568 Y110.959 E3.35996
;WIDTH:0.449999
G1 X113.632 Y110.8 E3.36576
G1 X117.152 Y107.28 E3.53426
G1 X117.3 Y107.707 E3.54956
G1 X113.321 Y111.686 E3.74003
G1 X113.215 Y111.83 E3.74608
;WIDTH:0.41646
G1 X113.109 Y111.974 E3.75163
;WIDTH:0.38292
G1 X112.677 Y112.47 E3.77023
G1 X111.962 Y113.11 E3.79736
;WIDTH:0.449999
G1 X111.674 Y113.333 E3.80969
G1 X107.708 Y117.299 E3.99954
G1 X107.809 Y117.397 E4.0043
;WIDTH:0.41646
G1 X107.909 Y117.494 E4.00863
;WIDTH:0.38292
G1 X107.838 Y117.475 E4.01071
G1 X107.857 Y117.546 E4.01279
G1 X107.898 Y117.535 E4.01399
;WIDTH:0.449999
G1 X108.156 Y117.427 E4.02346
G1 X117.426 Y108.157 E4.46721
G1 X117.529 Y108.63 E4.4836
G1 X108.629 Y117.529 E4.90961
G1 X109.13 Y117.604 E4.92676
G1 X117.602 Y109.133 E5.33229
G1 X117.642 Y109.668 E5.35045
G1 X109.663 Y117.647 E5.7324
G1 X110.237 Y117.648 E5.75183
G1 X117.645 Y110.241 E6.10642
G1 X117.602 Y110.859 E6.12739
G1 X110.858 Y117.603 E6.45022
G1 X112.16 Y117.494 F9000
;WIDTH:0.38292
G1 F2400
G1 X111.736 Y117.603 E6.4626
;WIDTH:0.41646
G1 X111.638 Y117.55 E6.46606
;WIDTH:0.449999
G1 X111.541 Y117.496 E6.46982
G1 X117.491 Y111.546 E6.75464
G1 X117.289 Y112.324 E6.78185
G1 X112.32 Y117.293 E7.01971
G1 X113.026 Y117.101 E7.04448
;WIDTH:0.38292
G1 X112.955 Y117.082 E7.04656
G1 X112.974 Y117.153 E7.04864
G1 X113.015 Y117.142 E7.04984
;WIDTH:0.41646
G1 X113.143 Y117.03 E7.05512
;WIDTH:0.449999
G1 X117.024 Y113.148 E7.24092
;WIDTH:0.41646
G1 X117.135 Y113.019 E7.24621
;WIDTH:0.38292
G1 X117.094 Y113.03 E7.24741
G1 X117.075 Y112.959 E7.24949
G1 X117.146 Y112.978 E7.25157
G1 E6.45157 F2100
G92 E0
G1 X116.061 Y114.689 F9000
G1 E.8 F2100
;WIDTH:0.460286
G1 F2400
G1 X115.748 Y115.023 E.81589
;WIDTH:0.491092
G1 X115.436 Y115.358 E.83295
G1 X114.772 Y115.987 E.86703
;WIDTH:0.443192
G1 X114.418 Y116.285 E.88243
;WIDTH:0.413056
G1 X114.065 Y116.583 E.89665
;LAYER_CHANGE
;Z:2.2
;HEIGHT:0.2
G1 E.09665 F2100
G92 E0
G1 Z2.2 F9000
G1 X112.212 Y112.609
G1 E.8 F2100
;TYPE:Perimeter
;WIDTH:0.449999
G1 F1500
G1 X111.985 Y112.803 E.81011
G1 X111.432 Y113.122 E.83172
G1 X110.788 Y113.335 E.85468
G1 X110.24 Y113.421 E.87346
G1 X109.675 Y113.414 E.89259
G1 X109.259 Y113.356 E.90681
G1 X108.737 Y113.2 E.92525
G1 X108.222 Y112.932 E.9449
G1 X107.959 Y112.767 E.95541
G1 X107.556 Y112.422 E.97337
G1 X107.22 Y112.023 E.99103
G1 X106.894 Y111.475 E1.01261
G1 X106.691 Y110.892 E1.03351
G1 X106.603 Y110.537 E1.04589
G1 X106.558 Y110.009 E1.06383
G1 X106.603 Y109.467 E1.08224
G1 X106.754 Y108.865 E1.10325
G1 X107.009 Y108.303 E1.12414
G1 X107.362 Y107.812 E1.14461
G1 X107.611 Y107.528 E1.15739
G1 X108.028 Y107.181 E1.17575
G1 X108.487 Y106.913 E1.19374
G1 X109.063 Y106.693 E1.21461
G1 X109.702 Y106.586 E1.23654
G1 X110.036 Y106.564 E1.24787
G1 X110.576 Y106.61 E1.26621
G1 X111.091 Y106.742 E1.28421
G1 X111.674 Y107.012 E1.30596
G1 X111.967 Y107.185 E1.31748
G1 X112.386 Y107.526 E1.33577
G1 X112.738 Y107.927 E1.35383
G1 X113.065 Y108.474 E1.3754
G1 X113.238 Y108.884 E1.39046
G1 X113.39 Y109.479 E1.41125
G1 X113.421 Y110 E1.42892
G1 X113.395 Y110.501 E1.4459
G1 X113.238 Y111.116 E1.46738
G1 X113.065 Y111.526 E1.48244
G1 X112.817 Y111.968 E1.4996
G1 X112.454 Y112.402 E1.51875
G1 X112.258 Y112.57 E1.52749
G1 X111.951 Y112.303 F9000
G1 F1500
G1 X111.729 Y112.486 E1.53723
G1 X111.238 Y112.764 E1.55633
G1 X110.673 Y112.945 E1.57641
G1 X110.025 Y113.03 E1.59853
G1 X109.483 Y112.986 E1.61694
G1 X108.938 Y112.839 E1.63605
G1 X108.414 Y112.573 E1.65594
G1 X107.888 Y112.175 E1.67827
G1 X107.533 Y111.763 E1.69668
G1 X107.249 Y111.276 E1.71576
G1 X107.08 Y110.772 E1.73375
G1 X107.009 Y110.499 E1.7433
G1 X106.966 Y109.976 E1.76106
G1 X107.016 Y109.449 E1.77898
G1 X107.15 Y108.96 E1.79614
G1 X107.375 Y108.482 E1.81402
G1 X107.684 Y108.062 E1.83167
G1 X107.874 Y107.839 E1.84159
G1 X108.262 Y107.514 E1.85872
G1 X108.702 Y107.26 E1.87592
G1 X109.198 Y107.077 E1.89382
G1 X109.756 Y106.99 E1.91294
G1 X110.005 Y106.97 E1.9214
G1 X110.509 Y107.011 E1.93852
G1 X111 Y107.14 E1.9557
G1 X111.491 Y107.376 E1.97414
G1 X111.875 Y107.632 E1.98976
G1 X112.261 Y107.997 E2.00774
G1 X112.568 Y108.416 E2.02532
G1 X112.814 Y108.881 E2.04313
G1 X112.995 Y109.58 E2.06757
G1 X113.014 Y110.269 E2.0909
G1 X112.843 Y111.015 E2.11681
G1 X112.708 Y111.329 E2.12838
G1 X112.461 Y111.768 E2.14543
G1 X112.131 Y112.154 E2.16262
G1 X111.997 Y112.265 E2.16851
G1 X111.686 Y111.993 F9000
;TYPE:External perimeter
G1 F1500
G1 X111.445 Y112.189 E2.17902
G1 X110.884 Y112.458 E2.20008
G1 X110.425 Y112.589 E2.21624
G1 X109.956 Y112.624 E2.23216
G1 X109.486 Y112.574 E2.24816
G1 X108.907 Y112.375 E2.26888
G1 X108.483 Y112.143 E2.28524
G1 X108.124 Y111.838 E2.30119
G1 X107.825 Y111.472 E2.31719
G1 X107.554 Y110.93 E2.3377
G1 X107.414 Y110.461 E2.35427
G1 X107.373 Y109.991 E2.37024
G1 X107.421 Y109.503 E2.38684
G1 X107.539 Y109.08 E2.4017
G1 X107.763 Y108.624 E2.4189
G1 X108.107 Y108.18 E2.43791
G1 X108.487 Y107.854 E2.45486
G1 X108.924 Y107.605 E2.47188
G1 X109.472 Y107.438 E2.49127
G1 X109.973 Y107.376 E2.50836
G1 X110.461 Y107.417 E2.52494
G1 X111.004 Y107.586 E2.54419
G1 X111.451 Y107.815 E2.56119
G1 X111.837 Y108.129 E2.57803
G1 X112.211 Y108.613 E2.59873
G1 X112.449 Y109.086 E2.61665
G1 X112.601 Y109.68 E2.6374
G1 X112.607 Y110.269 E2.65734
G1 X112.449 Y110.914 E2.67982
G1 X112.187 Y111.43 E2.69941
G1 X111.837 Y111.871 E2.71847
G1 X111.733 Y111.956 E2.72302
G1 X111.411 Y112.193 F9000
G1 E1.92302 F2100
G92 E0
G1 X117.935 Y110.507 F9000
G1 E.8 F2100
;TYPE:Perimeter
G1 F2700
G1 X117.907 Y110.883 E.81276
G1 X117.83 Y111.421 E.83116
G1 X117.713 Y111.953 E.8496
G1 X117.564 Y112.463 E.86758
G1 X117.36 Y113.017 E.88756
G1 X117.092 Y113.606 E.90946
G1 X116.831 Y114.083 E.92786
G1 X116.535 Y114.539 E.94626
G1 X116.199 Y114.986 E.96519
G1 X115.714 Y115.537 E.99004
G1 X115.326 Y115.913 E1.00833
G1 X114.922 Y116.252 E1.02618
G1 X114.17 Y116.779 E1.05726
G1 X113.709 Y117.04 E1.07519
G1 X113.123 Y117.317 E1.09713
G1 X112.521 Y117.548 E1.11896
G1 X112 Y117.704 E1.13737
G1 X111.469 Y117.821 E1.15577
G1 X110.91 Y117.905 E1.1749
G1 X110.224 Y117.955 E1.19818
G1 X109.708 Y117.953 E1.21565
G1 X109.18 Y117.918 E1.23356
G1 X108.06 Y117.718 E1.27207
G1 X107.376 Y117.515 E1.29622
G1 X106.869 Y117.32 E1.31461
G1 X106.377 Y117.087 E1.33304
G1 X105.702 Y116.699 E1.35939
G1 X105.278 Y116.408 E1.3768
G1 X104.85 Y116.072 E1.39522
G1 X104.449 Y115.706 E1.4136
G1 X104.054 Y115.291 E1.43299
G1 X103.599 Y114.733 E1.45736
G1 X103.289 Y114.285 E1.4758
G1 X103.013 Y113.816 E1.49422
G1 X102.725 Y113.23 E1.51632
G1 X102.488 Y112.636 E1.53797
G1 X102.328 Y112.132 E1.55587
G1 X102.145 Y111.271 E1.58566
G1 X102.069 Y110.714 E1.60469
G1 X102.041 Y110.17 E1.62313
G1 X102.051 Y109.579 E1.64314
G1 X102.118 Y108.881 E1.66688
G1 X102.211 Y108.345 E1.68529
G1 X102.344 Y107.817 E1.70372
G1 X102.551 Y107.195 E1.72591
G1 X102.756 Y106.726 E1.74324
G1 X103.172 Y105.91 E1.77424
G1 X103.519 Y105.377 E1.79577
G1 X103.839 Y104.956 E1.81367
G1 X104.637 Y104.119 E1.85281
G1 X105.086 Y103.74 E1.8727
G1 X105.557 Y103.395 E1.89246
G1 X106.017 Y103.106 E1.91085
G1 X106.498 Y102.852 E1.92926
G1 X107.076 Y102.599 E1.95062
G1 X107.701 Y102.38 E1.97304
G1 X108.226 Y102.239 E1.99144
G1 X108.76 Y102.138 E2.00984
G1 X109.355 Y102.069 E2.03011
G1 X109.875 Y102.044 E2.04773
G1 X110.379 Y102.062 E2.0648
G1 X111.181 Y102.131 E2.09205
G1 X111.757 Y102.24 E2.11189
G1 X112.392 Y102.41 E2.13414
G1 X112.906 Y102.59 E2.15257
G1 X113.404 Y102.807 E2.17096
G1 X114.1 Y103.181 E2.1977
G1 X114.523 Y103.453 E2.21472
G1 X114.961 Y103.776 E2.23314
G1 X115.373 Y104.131 E2.25155
G1 X115.826 Y104.584 E2.27323
G1 X116.22 Y105.04 E2.29363
G1 X116.888 Y106.019 E2.33375
G1 X117.24 Y106.701 E2.35973
G1 X117.45 Y107.203 E2.37815
G1 X117.622 Y107.719 E2.39656
G1 X117.802 Y108.447 E2.42194
G1 X117.891 Y108.983 E2.44033
G1 X117.943 Y109.524 E2.45873
G1 X117.948 Y110.337 E2.48625
G1 X117.939 Y110.447 E2.48999
G1 X118.344 Y110.519 F9000
G1 F2700
G1 X118.312 Y110.92 E2.50361
G1 X118.242 Y111.415 E2.52053
G1 X118.143 Y111.905 E2.53745
G1 X118.015 Y112.389 E2.5544
G1 X117.857 Y112.865 E2.57138
G1 X117.672 Y113.33 E2.58832
G1 X117.459 Y113.782 E2.60523
G1 X117.219 Y114.222 E2.62219
G1 X116.954 Y114.646 E2.63911
G1 X116.664 Y115.054 E2.65605
G1 X116.35 Y115.444 E2.673
G1 X116.013 Y115.814 E2.68994
G1 X115.598 Y116.217 E2.70952
G1 X115.17 Y116.575 E2.72841
G1 X114.485 Y117.055 E2.75672
G1 X114.032 Y117.328 E2.77462
G1 X113.586 Y117.557 E2.79159
G1 X113.128 Y117.758 E2.80852
G1 X112.658 Y117.931 E2.82547
G1 X112.179 Y118.076 E2.84241
G1 X111.692 Y118.192 E2.85936
G1 X111.199 Y118.279 E2.87631
G1 X110.702 Y118.336 E2.89324
G1 X110.202 Y118.363 E2.91019
G1 X109.702 Y118.36 E2.92711
G1 X109.132 Y118.322 E2.94645
G1 X108.245 Y118.175 E2.97688
G1 X107.728 Y118.052 E2.99487
G1 X107.251 Y117.902 E3.0118
G1 X106.783 Y117.723 E3.02876
G1 X106.327 Y117.517 E3.0457
G1 X105.884 Y117.285 E3.06263
G1 X105.456 Y117.025 E3.07958
G1 X105.044 Y116.741 E3.09652
G1 X104.649 Y116.433 E3.11347
G1 X104.274 Y116.102 E3.1304
G1 X103.919 Y115.748 E3.14737
G1 X103.587 Y115.375 E3.16427
G1 X103.277 Y114.982 E3.18121
G1 X102.991 Y114.571 E3.19816
G1 X102.73 Y114.144 E3.2151
G1 X102.495 Y113.701 E3.23207
G1 X102.287 Y113.246 E3.249
G1 X102.107 Y112.779 E3.26594
G1 X101.934 Y112.235 E3.28526
G1 X101.747 Y111.355 E3.31571
G1 X101.673 Y110.829 E3.33369
G1 X101.638 Y110.33 E3.35062
G1 X101.633 Y109.83 E3.36755
G1 X101.659 Y109.33 E3.3845
G1 X101.714 Y108.832 E3.40146
G1 X101.798 Y108.339 E3.41839
G1 X101.912 Y107.852 E3.43532
G1 X102.055 Y107.372 E3.45227
G1 X102.251 Y106.835 E3.47162
G1 X102.642 Y106.025 E3.50206
G1 X102.905 Y105.564 E3.52003
G1 X103.183 Y105.148 E3.53697
G1 X103.528 Y104.693 E3.5563
G1 X104.14 Y104.034 E3.58674
G1 X104.527 Y103.67 E3.60472
G1 X104.916 Y103.355 E3.62166
G1 X105.322 Y103.063 E3.63859
G1 X105.745 Y102.795 E3.65554
G1 X106.184 Y102.554 E3.67249
G1 X106.636 Y102.339 E3.68943
G1 X107.1 Y102.152 E3.70636
G1 X107.575 Y101.993 E3.72332
G1 X108.058 Y101.862 E3.74026
G1 X108.548 Y101.761 E3.75719
G1 X109.043 Y101.689 E3.77412
G1 X109.542 Y101.647 E3.79107
G1 X110.113 Y101.633 E3.8104
G1 X111.01 Y101.701 E3.84085
G1 X111.536 Y101.777 E3.85884
G1 X112.025 Y101.884 E3.87578
G1 X112.506 Y102.02 E3.8927
G1 X112.979 Y102.184 E3.90965
G1 X113.441 Y102.376 E3.92658
G1 X113.891 Y102.596 E3.94353
G1 X114.327 Y102.842 E3.96048
G1 X114.747 Y103.114 E3.97742
G1 X115.15 Y103.41 E3.99435
G1 X115.535 Y103.73 E4.0113
G1 X115.901 Y104.072 E4.02826
G1 X116.244 Y104.436 E4.04519
G1 X116.611 Y104.874 E4.06453
G1 X117.185 Y105.716 E4.09902
G1 X117.459 Y106.218 E4.11838
G1 X117.672 Y106.67 E4.13529
G1 X117.857 Y107.135 E4.15223
G1 X118.015 Y107.611 E4.16921
G1 X118.143 Y108.095 E4.18616
G1 X118.242 Y108.585 E4.20308
G1 X118.312 Y109.08 E4.22
G1 X118.352 Y109.579 E4.23694
G1 X118.352 Y110.421 E4.26544
G1 X118.349 Y110.459 E4.26673
G1 X118.756 Y110.531 F9000
;TYPE:External perimeter
G1 F1800
G1 X118.709 Y111.048 E4.2843
G1 X118.631 Y111.567 E4.30206
G1 X118.522 Y112.08 E4.31981
G1 X118.382 Y112.586 E4.33758
G1 X118.213 Y113.083 E4.35535
G1 X118.014 Y113.569 E4.37313
G1 X117.786 Y114.042 E4.3909
G1 X117.53 Y114.501 E4.40869
G1 X117.247 Y114.943 E4.42646
G1 X116.939 Y115.368 E4.44423
G1 X116.605 Y115.773 E4.462
G1 X116.248 Y116.158 E4.47977
G1 X115.869 Y116.521 E4.49753
G1 X115.418 Y116.898 E4.51743
G1 X114.608 Y117.466 E4.55092
G1 X114.156 Y117.727 E4.56859
G1 X113.686 Y117.962 E4.58638
G1 X113.203 Y118.168 E4.60415
G1 X112.709 Y118.345 E4.62191
G1 X112.205 Y118.493 E4.63969
G1 X111.693 Y118.609 E4.65746
G1 X111.175 Y118.695 E4.67523
G1 X110.653 Y118.75 E4.693
G1 X110.129 Y118.774 E4.71076
G1 X109.604 Y118.766 E4.72853
G1 X109.083 Y118.727 E4.74621
G1 X108.042 Y118.554 E4.78193
G1 X107.537 Y118.423 E4.79959
G1 X107.037 Y118.261 E4.81738
G1 X106.549 Y118.069 E4.83513
G1 X106.072 Y117.848 E4.85292
G1 X105.61 Y117.599 E4.87068
G1 X105.163 Y117.323 E4.88846
G1 X104.734 Y117.021 E4.90622
G1 X104.323 Y116.694 E4.924
G1 X103.933 Y116.342 E4.94178
G1 X103.565 Y115.968 E4.95954
G1 X103.219 Y115.573 E4.97731
G1 X102.898 Y115.158 E4.99507
G1 X102.603 Y114.724 E5.01283
G1 X102.333 Y114.273 E5.03062
G1 X102.091 Y113.807 E5.04839
G1 X101.878 Y113.328 E5.06613
G1 X101.693 Y112.836 E5.08392
G1 X101.54 Y112.337 E5.10159
G1 X101.32 Y111.305 E5.13731
G1 X101.258 Y110.787 E5.15497
G1 X101.226 Y110.263 E5.17274
G1 X101.226 Y109.737 E5.19054
G1 X101.258 Y109.213 E5.20831
G1 X101.32 Y108.692 E5.22607
G1 X101.414 Y108.176 E5.24382
G1 X101.539 Y107.666 E5.26159
G1 X101.693 Y107.164 E5.27936
G1 X101.877 Y106.675 E5.29705
G1 X102.335 Y105.724 E5.33278
G1 X102.603 Y105.276 E5.35045
G1 X102.898 Y104.842 E5.36821
G1 X103.218 Y104.429 E5.38589
G1 X103.936 Y103.655 E5.42163
G1 X104.323 Y103.306 E5.43927
G1 X104.734 Y102.979 E5.45705
G1 X105.163 Y102.677 E5.47481
G1 X105.61 Y102.401 E5.49259
G1 X106.072 Y102.152 E5.51035
G1 X106.549 Y101.931 E5.52814
G1 X107.037 Y101.739 E5.54589
G1 X107.537 Y101.577 E5.56368
G1 X108.045 Y101.445 E5.58145
G1 X108.56 Y101.344 E5.59921
G1 X109.08 Y101.273 E5.61697
G1 X109.604 Y101.234 E5.63476
G1 X110.126 Y101.226 E5.65243
G1 X111.178 Y101.305 E5.68814
G1 X111.693 Y101.391 E5.70581
G1 X112.205 Y101.507 E5.72358
G1 X112.709 Y101.655 E5.74136
G1 X113.203 Y101.832 E5.75912
G1 X113.686 Y102.038 E5.77689
G1 X114.155 Y102.273 E5.79465
G1 X114.61 Y102.535 E5.81242
G1 X115.048 Y102.825 E5.8302
G1 X115.468 Y103.139 E5.84795
G1 X115.869 Y103.479 E5.86575
G1 X116.248 Y103.842 E5.88351
G1 X116.605 Y104.227 E5.90128
G1 X116.937 Y104.63 E5.91895
G1 X117.532 Y105.502 E5.95468
G1 X117.826 Y106.041 E5.97546
G1 X118.048 Y106.516 E5.99321
G1 X118.242 Y107.004 E6.01099
G1 X118.407 Y107.502 E6.02875
G1 X118.541 Y108.01 E6.04653
G1 X118.645 Y108.524 E6.06428
G1 X118.718 Y109.044 E6.08205
G1 X118.759 Y109.567 E6.09981
G1 X118.757 Y110.471 E6.13041
G1 X118.725 Y110.87 F9000
G1 E5.33041 F2100
G92 E0
G1 X103.686 Y114.586 F9000
G1 E.8 F2100
;TYPE:Solid infill
;WIDTH:0.38292
G1 F2400
G1 X104.312 Y115.277 E.82636
G1 X104.71 Y115.673 E.84223
G1 X105.452 Y116.345 E.87053
G1 X106.296 Y116.702 F9000
G1 F2400
G1 X106.307 Y116.743 E.87173
G1 X106.235 Y116.762 E.87384
G1 X106.254 Y116.691 E.87592
;WIDTH:0.41646
G1 X106.116 Y116.601 E.88104
;WIDTH:0.449999
G1 X105.978 Y116.511 E.88662
G1 X103.484 Y114.017 E1.00601
G1 X103.39 Y113.858 E1.01226
;WIDTH:0.41646
G1 X103.296 Y113.699 E1.018
;WIDTH:0.38292
G1 X103.307 Y113.74 E1.0192
G1 X103.236 Y113.76 E1.02129
G1 X103.255 Y113.688 E1.0234
G1 X102.895 Y112.853 F9000
;WIDTH:0.449999
G1 F2400
G1 X107.142 Y117.099 E1.22668
G1 X107.301 Y117.177 E1.23267
;WIDTH:0.41646
G1 X107.46 Y117.255 E1.23817
;WIDTH:0.38292
G1 X107.471 Y117.296 E1.23937
G1 X107.399 Y117.315 E1.24148
G1 X107.419 Y117.244 E1.24357
G1 X108.423 Y117.638 F9000
G1 F2400
G1 X108.167 Y117.588 E1.25094
;WIDTH:0.41646
G1 X108.087 Y117.488 E1.25492
;WIDTH:0.449999
G1 X108.007 Y117.388 E1.25925
G1 X102.611 Y111.992 E1.51755
G1 X102.455 Y111.261 E1.54285
G1 X108.727 Y117.533 E1.84309
G1 X109.398 Y117.628 E1.86603
G1 X102.368 Y110.598 E2.20255
G1 X102.346 Y110 E2.22281
G1 X109.998 Y117.652 E2.58911
G1 X110.555 Y117.634 E2.60797
G1 X102.365 Y109.444 E3.00002
G1 X102.42 Y108.923 E3.01775
G1 X111.074 Y117.577 E3.43201
G1 X111.563 Y117.491 E3.44882
G1 X102.505 Y108.433 E3.88242
G1 X102.617 Y107.969 E3.89858
G1 X112.027 Y117.378 E4.34901
G1 X112.186 Y117.399 E4.35444
;WIDTH:0.41646
G1 X112.345 Y117.42 E4.35942
;WIDTH:0.38292
G1 X112.356 Y117.462 E4.36065
G1 X112.285 Y117.481 E4.36273
G1 X112.304 Y117.409 E4.36484
G1 E3.56484 F2100
G92 E0
G1 X108.155 Y113.101 F9000
G1 E.8 F2100
G1 F2400
G1 X108.454 Y113.321 E.81049
G1 X108.612 Y113.315 E.81496
G1 X108.454 Y113.321 E.81943
G1 X107.992 Y112.98 E.83566
G1 X108.742 Y113.518 F9000
;WIDTH:0.449999
G1 F2400
G1 X112.467 Y117.243 E1.01397
G1 X112.886 Y117.086 E1.02912
G1 X109.499 Y113.699 E1.19125
G1 X110.111 Y113.735 E1.212
G1 X113.286 Y116.91 E1.36399
G1 X113.667 Y116.716 E1.37846
G1 X110.636 Y113.685 E1.52355
G1 X111.086 Y113.559 E1.53937
G1 X114.03 Y116.504 E1.68032
G1 X114.369 Y116.266 E1.69434
G1 X111.519 Y113.416 E1.83077
G1 X111.891 Y113.213 E1.84511
G1 X114.707 Y116.029 E1.97991
G1 X115.023 Y115.769 E1.99376
G1 X112.238 Y112.984 E2.12708
G1 X112.552 Y112.723 E2.1409
G1 X115.323 Y115.494 E2.27355
G1 X115.608 Y115.203 E2.28734
G1 X112.831 Y112.426 E2.42027
G1 X113.088 Y112.107 E2.43414
G1 X115.877 Y114.896 E2.56765
G1 X116.131 Y114.575 E2.58151
G1 X113.295 Y111.738 E2.71729
G1 X113.487 Y111.355 E2.73179
G1 X116.37 Y114.237 E2.86977
G1 X116.592 Y113.884 E2.88389
G1 X113.604 Y110.896 E3.02692
G1 X113.714 Y110.43 E3.04313
G1 X116.798 Y113.514 E3.19076
G1 X116.985 Y113.125 E3.20537
G1 X113.724 Y109.864 E3.36147
G1 X113.453 Y109.16 E3.387
;WIDTH:0.38292
G1 X113.439 Y109.004 E3.39143
G1 X113.466 Y108.913 E3.39411
;WIDTH:0.41646
G1 X113.549 Y109.056 E3.39925
;WIDTH:0.449999
G1 X113.633 Y109.198 E3.40483
G1 X117.153 Y112.718 E3.57333
G1 E2.77333 F2100
G92 E0
G1 X106.68 Y111.554 F9000
G1 E.8 F2100
;WIDTH:0.38292
G1 F2400
G1 X106.692 Y111.468 E.80245
G1 X106.649 Y111.26 E.80845
;WIDTH:0.41646
G1 X106.569 Y111.263 E.81094
;WIDTH:0.449999
G1 X106.49 Y111.266 E.81362
G1 X102.752 Y107.528 E.99256
G1 X102.91 Y107.11 E1.00769
G1 X106.301 Y110.501 E1.17002
G1 X106.263 Y109.888 E1.19081
G1 X103.097 Y106.722 E1.34236
G1 X103.284 Y106.333 E1.35697
G1 X106.311 Y109.36 E1.50187
G1 X106.433 Y108.906 E1.51778
G1 X103.494 Y105.967 E1.65847
G1 X103.723 Y105.62 E1.67254
G1 X106.586 Y108.484 E1.80961
G1 X106.779 Y108.101 E1.82413
G1 X103.968 Y105.289 E1.95871
G1 X104.234 Y104.98 E1.97251
G1 X107.018 Y107.764 E2.10578
G1 X107.27 Y107.441 E2.11965
G1 X104.511 Y104.681 E2.25175
G1 X104.794 Y104.389 E2.26551
G1 X107.574 Y107.169 E2.39859
G1 X107.89 Y106.909 E2.41244
G1 X105.1 Y104.119 E2.546
G1 X105.421 Y103.864 E2.55988
G1 X108.256 Y106.699 E2.69559
G1 X108.652 Y106.52 E2.7103
G1 X105.759 Y103.626 E2.84881
G1 X106.114 Y103.405 E2.86296
G1 X109.079 Y106.371 E3.00492
G1 X109.583 Y106.299 E3.02215
G1 X106.485 Y103.201 E3.17045
G1 X106.874 Y103.014 E3.18506
G1 X110.135 Y106.276 E3.34119
G1 X111.104 Y106.5 F9000
;WIDTH:0.38292
G1 F2400
G1 X111.115 Y106.541 E3.34239
G1 X111.043 Y106.56 E3.3445
G1 X111.063 Y106.489 E3.34659
;WIDTH:0.41646
G1 X110.924 Y106.42 E3.35141
;WIDTH:0.449999
G1 X110.786 Y106.351 E3.35663
G1 X107.282 Y102.847 E3.52436
G1 X107.709 Y102.698 E3.53967
G1 X111.7 Y106.69 E3.73074
G1 X111.844 Y106.794 E3.73675
;WIDTH:0.41646
G1 X111.988 Y106.898 E3.74227
;WIDTH:0.38292
G1 X112.615 Y107.466 E3.76619
G1 X113.1 Y108.019 E3.78698
;WIDTH:0.449999
G1 X113.318 Y108.307 E3.79921
G1 X117.301 Y112.29 E3.98987
G1 X117.395 Y112.189 E3.99454
;WIDTH:0.41646
G1 X117.49 Y112.087 E3.99887
;WIDTH:0.38292
G1 X117.471 Y112.158 E4.00095
G1 X117.542 Y112.139 E4.00303
G1 X117.531 Y112.098 E4.00423
;WIDTH:0.449999
G1 X117.427 Y111.84 E4.01365
G1 X108.159 Y102.572 E4.4573
G1 X108.633 Y102.47 E4.47371
G1 X117.529 Y111.367 E4.89958
G1 X117.602 Y110.864 E4.91678
G1 X109.134 Y102.396 E5.32214
G1 X109.666 Y102.353 E5.34021
G1 X117.642 Y110.329 E5.72202
G1 X117.645 Y109.756 E5.74142
G1 X110.247 Y102.358 E6.09556
G1 X110.87 Y102.404 E6.11671
G1 X117.602 Y109.137 E6.43899
G1 E5.63899 F2100
G92 E0
G1 X112.165 Y102.505 F9000
G1 E.8 F2100
;WIDTH:0.38292
G1 F2400
G1 X111.763 Y102.404 E.81172
;WIDTH:0.449999
G1 X111.546 Y102.505 E.81982
G1 X117.49 Y108.449 E1.10436
G1 X117.526 Y108.284 E1.11008
;WIDTH:0.41646
G1 X117.562 Y108.119 E1.11533
;WIDTH:0.38292
G1 X117.49 Y107.831 E1.12372
;WIDTH:0.449999
G1 X117.287 Y107.671 E1.13247
G1 X112.325 Y102.709 E1.37
G1 X112.979 Y102.854 E1.39267
;WIDTH:0.38292
G1 X112.96 Y102.925 E1.39475
G1 X113.031 Y102.906 E1.39683
G1 X113.02 Y102.865 E1.39803
;WIDTH:0.41646
G1 X113.149 Y102.975 E1.4033
;WIDTH:0.449999
G1 X113.278 Y103.085 E1.40904
G1 X117.022 Y106.845 E1.58865
;WIDTH:0.41646
G1 X117.136 Y106.974 E1.594
;WIDTH:0.38292
G1 X117.147 Y107.015 E1.5952
G1 X117.076 Y107.034 E1.59728
G1 X117.095 Y106.963 E1.59936
G1 X116.051 Y105.298 F9000
;WIDTH:0.458498
G1 F2400
G1 X115.744 Y104.97 E1.61488
;WIDTH:0.488498
G1 X115.437 Y104.642 E1.63153
G1 X114.773 Y104.012 E1.66544
;WIDTH:0.44059
G1 X114.42 Y103.715 E1.68069
;WIDTH:0.411755
G1 X114.066 Y103.417 E1.69488
M106 S112.2
;LAYER_CHANGE
;Z:2.4
;HEIGHT:0.2
G1 E.89488 F2100
G92 E0
G1 Z2.4 F9000
G1 X112.217 Y112.605
G1 E.8 F2100
;TYPE:Perimeter
;WIDTH:0.449999
G1 F1500
G1 X111.979 Y112.807 E.81057
G1 X111.439 Y113.119 E.83168
G1 X110.787 Y113.335 E.85493
G1 X110.483 Y113.402 E.86547
G1 X109.955 Y113.439 E.88339
G1 X109.435 Y113.39 E.90107
G1 X108.831 Y113.232 E.9222
G1 X108.222 Y112.931 E.94519
G1 X107.953 Y112.762 E.95594
G1 X107.552 Y112.418 E.97382
G1 X107.215 Y112.017 E.99155
G1 X106.896 Y111.48 E1.01269
G1 X106.675 Y110.841 E1.03558
G1 X106.602 Y110.528 E1.04646
G1 X106.558 Y110.003 E1.06429
G1 X106.602 Y109.473 E1.08229
G1 X106.751 Y108.873 E1.10322
G1 X107.005 Y108.311 E1.1241
G1 X107.393 Y107.774 E1.14652
G1 X107.616 Y107.523 E1.15788
G1 X108.023 Y107.184 E1.17581
G1 X108.48 Y106.917 E1.19373
G1 X109.055 Y106.695 E1.21459
G1 X109.702 Y106.587 E1.23679
G1 X110.043 Y106.564 E1.24836
G1 X110.57 Y106.609 E1.26626
G1 X111.084 Y106.74 E1.28421
G1 X111.674 Y107.013 E1.30622
G1 X111.973 Y107.189 E1.31796
G1 X112.383 Y107.522 E1.33584
G1 X112.733 Y107.921 E1.35381
G1 X113.064 Y108.474 E1.37563
G1 X113.238 Y108.88 E1.39058
G1 X113.391 Y109.483 E1.41164
G1 X113.422 Y110 E1.42917
G1 X113.395 Y110.5 E1.44612
G1 X113.238 Y111.12 E1.46777
G1 X113.064 Y111.526 E1.48272
G1 X112.815 Y111.971 E1.49998
G1 X112.449 Y112.408 E1.51927
G1 X112.263 Y112.566 E1.52753
G1 X111.955 Y112.297 F9000
G1 F1500
G1 X111.724 Y112.49 E1.53772
G1 X111.245 Y112.761 E1.55635
G1 X110.672 Y112.945 E1.57672
G1 X110.213 Y113.015 E1.59244
G1 X109.672 Y113.005 E1.61076
G1 X109.145 Y112.899 E1.62896
G1 X108.715 Y112.733 E1.64456
G1 X108.257 Y112.483 E1.66222
G1 X107.868 Y112.157 E1.6794
G1 X107.529 Y111.757 E1.69715
G1 X107.252 Y111.282 E1.71576
G1 X107.064 Y110.721 E1.73579
G1 X106.987 Y110.267 E1.75138
G1 X106.987 Y109.729 E1.76959
G1 X107.078 Y109.218 E1.78716
G1 X107.143 Y108.982 E1.79545
G1 X107.371 Y108.488 E1.81387
G1 X107.715 Y108.023 E1.83345
G1 X108.04 Y107.697 E1.84903
G1 X108.479 Y107.386 E1.86724
G1 X108.97 Y107.158 E1.88556
G1 X109.422 Y107.035 E1.90142
G1 X109.919 Y106.97 E1.91839
G1 X110.451 Y107.004 E1.93643
G1 X110.98 Y107.134 E1.95487
G1 X111.49 Y107.376 E1.97398
G1 X111.874 Y107.631 E1.98958
G1 X112.267 Y108.004 E2.00792
G1 X112.545 Y108.376 E2.02364
G1 X112.791 Y108.824 E2.04094
G1 X112.927 Y109.31 E2.05802
G1 X113.015 Y109.733 E2.07264
G1 X113.015 Y110.267 E2.09072
G1 X112.843 Y111.02 E2.11686
G1 X112.543 Y111.627 E2.13978
G1 X112.141 Y112.141 E2.16187
G1 X112.001 Y112.259 E2.16807
G1 X111.692 Y111.989 F9000
;TYPE:External perimeter
G1 F1500
G1 X111.443 Y112.191 E2.17892
G1 X110.883 Y112.458 E2.19992
G1 X110.419 Y112.59 E2.21625
G1 X109.95 Y112.624 E2.23217
G1 X109.481 Y112.573 E2.24814
G1 X108.907 Y112.374 E2.2687
G1 X108.477 Y112.139 E2.28529
G1 X108.12 Y111.833 E2.30121
G1 X107.822 Y111.468 E2.31716
G1 X107.561 Y110.948 E2.33685
G1 X107.413 Y110.461 E2.35408
G1 X107.373 Y109.985 E2.37025
G1 X107.419 Y109.51 E2.3864
G1 X107.536 Y109.091 E2.40113
G1 X107.753 Y108.639 E2.4181
G1 X108.112 Y108.176 E2.43793
G1 X108.492 Y107.85 E2.45488
G1 X108.918 Y107.608 E2.47146
G1 X109.475 Y107.439 E2.49116
G1 X109.972 Y107.375 E2.50812
G1 X110.456 Y107.416 E2.52456
G1 X111.003 Y107.586 E2.54395
G1 X111.456 Y107.818 E2.56118
G1 X111.833 Y108.125 E2.57764
G1 X112.188 Y108.573 E2.59699
G1 X112.429 Y109.011 E2.61391
G1 X112.601 Y109.683 E2.63739
G1 X112.608 Y110.267 E2.65716
G1 X112.448 Y110.92 E2.67992
G1 X112.187 Y111.431 E2.69934
G1 X111.833 Y111.875 E2.71856
G1 X111.739 Y111.952 E2.72267
G1 X111.418 Y112.19 F9000
G1 E1.92267 F2100
G92 E0
G1 X117.935 Y110.507 F9000
G1 E.8 F2100
;TYPE:Perimeter
G1 F2700
G1 X117.907 Y110.883 E.81276
G1 X117.83 Y111.421 E.83116
G1 X117.713 Y111.953 E.8496
G1 X117.472 Y112.733 E.87723
G1 X117.269 Y113.238 E.89565
G1 X117.03 Y113.726 E.91404
G1 X116.631 Y114.395 E.94041
G1 X116.334 Y114.815 E.95782
G1 X115.992 Y115.237 E.97621
G1 X115.619 Y115.633 E.99462
G1 X115.199 Y116.022 E1.014
G1 X114.634 Y116.469 E1.03839
G1 X114.182 Y116.772 E1.05681
G1 X113.709 Y117.04 E1.07521
G1 X113.129 Y117.315 E1.09694
G1 X112.521 Y117.548 E1.11898
G1 X112 Y117.704 E1.13739
G1 X111.469 Y117.821 E1.15579
G1 X110.897 Y117.906 E1.17536
G1 X110.219 Y117.955 E1.19837
G1 X109.708 Y117.953 E1.21567
G1 X109.165 Y117.917 E1.23409
G1 X108.627 Y117.84 E1.25249
G1 X108.055 Y117.716 E1.2723
G1 X107.394 Y117.52 E1.29564
G1 X106.868 Y117.319 E1.3147
G1 X106.377 Y117.087 E1.33308
G1 X105.697 Y116.696 E1.35963
G1 X105.278 Y116.408 E1.37684
G1 X104.85 Y116.072 E1.39526
G1 X104.449 Y115.706 E1.41364
G1 X104.045 Y115.281 E1.43349
G1 X103.599 Y114.733 E1.45741
G1 X103.289 Y114.285 E1.47585
G1 X103.013 Y113.816 E1.49427
G1 X102.728 Y113.235 E1.51617
G1 X102.495 Y112.654 E1.53736
G1 X102.324 Y112.117 E1.55644
G1 X102.199 Y111.588 E1.57484
G1 X102.104 Y111.004 E1.59487
G1 X102.046 Y110.334 E1.61763
G1 X102.041 Y109.83 E1.63469
G1 X102.069 Y109.286 E1.65313
G1 X102.138 Y108.747 E1.67152
G1 X102.258 Y108.15 E1.69213
G1 X102.444 Y107.493 E1.71524
G1 X102.632 Y106.981 E1.7337
G1 X102.856 Y106.486 E1.75209
G1 X103.169 Y105.915 E1.77413
G1 X103.519 Y105.377 E1.79586
G1 X103.849 Y104.944 E1.81429
G1 X104.194 Y104.555 E1.83189
G1 X104.642 Y104.115 E1.85314
G1 X105.17 Y103.673 E1.87645
G1 X105.612 Y103.356 E1.89486
G1 X106.077 Y103.074 E1.91327
G1 X106.659 Y102.777 E1.93539
G1 X107.249 Y102.531 E1.95703
G1 X107.765 Y102.359 E1.97544
G1 X108.269 Y102.232 E1.99303
G1 X108.764 Y102.138 E2.01008
G1 X109.573 Y102.053 E2.03761
G1 X110.116 Y102.041 E2.05599
G1 X110.636 Y102.068 E2.07362
G1 X111.137 Y102.123 E2.09068
G1 X111.745 Y102.237 E2.11162
G1 X112.392 Y102.41 E2.13429
G1 X112.906 Y102.59 E2.15272
G1 X113.404 Y102.807 E2.17111
G1 X114.123 Y103.194 E2.19875
G1 X114.579 Y103.491 E2.21717
G1 X115.012 Y103.82 E2.23558
G1 X115.505 Y104.257 E2.25788
G1 X115.945 Y104.712 E2.2793
G1 X116.295 Y105.13 E2.29775
G1 X116.597 Y105.553 E2.31534
G1 X116.866 Y105.98 E2.33242
G1 X117.232 Y106.685 E2.35931
G1 X117.451 Y107.204 E2.37838
G1 X117.622 Y107.719 E2.39675
G1 X117.803 Y108.455 E2.4224
G1 X117.891 Y108.983 E2.44052
G1 X117.943 Y109.524 E2.45892
G1 X117.948 Y110.335 E2.48637
G1 X117.939 Y110.447 E2.49017
G1 X118.345 Y110.519 F9000
G1 F2700
G1 X118.343 Y110.58 E2.49224
G1 X118.293 Y111.078 E2.50918
G1 X118.214 Y111.572 E2.52611
G1 X118.105 Y112.061 E2.54307
G1 X117.967 Y112.542 E2.56001
G1 X117.801 Y113.014 E2.57695
G1 X117.607 Y113.475 E2.59388
G1 X117.385 Y113.924 E2.61083
G1 X117.137 Y114.359 E2.62778
G1 X116.864 Y114.778 E2.64471
G1 X116.566 Y115.18 E2.66165
G1 X116.244 Y115.564 E2.67861
G1 X115.901 Y115.928 E2.69554
G1 X115.535 Y116.27 E2.7125
G1 X115.15 Y116.59 E2.72945
G1 X114.747 Y116.886 E2.74638
G1 X114.327 Y117.158 E2.76332
G1 X113.891 Y117.404 E2.78027
G1 X113.441 Y117.624 E2.79722
G1 X112.979 Y117.816 E2.81415
G1 X112.506 Y117.981 E2.83111
G1 X112.025 Y118.116 E2.84802
G1 X111.536 Y118.223 E2.86496
G1 X111.041 Y118.3 E2.88192
G1 X110.543 Y118.348 E2.89885
G1 X110.043 Y118.366 E2.91579
G1 X109.542 Y118.353 E2.93275
G1 X109.043 Y118.311 E2.9497
G1 X108.548 Y118.239 E2.96663
G1 X107.953 Y118.11 E2.98724
G1 X107.268 Y117.908 E3.01141
G1 X106.785 Y117.724 E3.02891
G1 X106.327 Y117.517 E3.04592
G1 X105.884 Y117.285 E3.06285
G1 X105.456 Y117.025 E3.0798
G1 X105.044 Y116.741 E3.09674
G1 X104.649 Y116.433 E3.11369
G1 X104.274 Y116.102 E3.13062
G1 X103.919 Y115.748 E3.14759
G1 X103.587 Y115.375 E3.16449
G1 X103.277 Y114.982 E3.18143
G1 X102.991 Y114.571 E3.19838
G1 X102.73 Y114.144 E3.21532
G1 X102.495 Y113.701 E3.23229
G1 X102.287 Y113.246 E3.24922
G1 X102.086 Y112.725 E3.26812
G1 X101.931 Y112.225 E3.28584
G1 X101.798 Y111.661 E3.30545
G1 X101.714 Y111.168 E3.32238
G1 X101.659 Y110.67 E3.33934
G1 X101.633 Y110.17 E3.35629
G1 X101.638 Y109.67 E3.37322
G1 X101.673 Y109.171 E3.39015
G1 X101.768 Y108.503 E3.41299
G1 X101.908 Y107.87 E3.43493
G1 X102.055 Y107.374 E3.45244
G1 X102.227 Y106.902 E3.46944
G1 X102.426 Y106.443 E3.48637
G1 X102.652 Y105.996 E3.50332
G1 X102.905 Y105.564 E3.52027
G1 X103.183 Y105.148 E3.53721
G1 X103.485 Y104.749 E3.55415
G1 X103.849 Y104.325 E3.57307
G1 X104.215 Y103.951 E3.59078
G1 X104.649 Y103.567 E3.6104
G1 X105.044 Y103.259 E3.62735
G1 X105.456 Y102.975 E3.64429
G1 X105.884 Y102.716 E3.66122
G1 X106.327 Y102.483 E3.67816
G1 X106.915 Y102.225 E3.69989
G1 X107.474 Y102.025 E3.71999
G1 X108.04 Y101.867 E3.73988
G1 X108.546 Y101.762 E3.75737
G1 X109.043 Y101.689 E3.77437
G1 X109.542 Y101.647 E3.79132
G1 X110.043 Y101.634 E3.80828
G1 X110.601 Y101.655 E3.82718
G1 X111.121 Y101.708 E3.84487
G1 X111.692 Y101.808 E3.86449
G1 X112.179 Y101.924 E3.88144
G1 X112.658 Y102.069 E3.89838
G1 X113.128 Y102.242 E3.91533
G1 X113.586 Y102.443 E3.93226
G1 X114.032 Y102.672 E3.94923
G1 X114.463 Y102.926 E3.96616
G1 X114.878 Y103.206 E3.98311
G1 X115.275 Y103.51 E4.00004
G1 X115.654 Y103.837 E4.01698
G1 X116.111 Y104.294 E4.03886
G1 X116.506 Y104.746 E4.05918
G1 X116.853 Y105.207 E4.07871
G1 X117.136 Y105.639 E4.09619
G1 X117.385 Y106.076 E4.11321
G1 X117.632 Y106.577 E4.13212
G1 X117.832 Y107.061 E4.14985
G1 X118.014 Y107.611 E4.16946
G1 X118.143 Y108.095 E4.18641
G1 X118.242 Y108.585 E4.20333
G1 X118.312 Y109.08 E4.22025
G1 X118.352 Y109.579 E4.23719
G1 X118.363 Y110.08 E4.25415
G1 X118.348 Y110.459 E4.26699
G1 X118.756 Y110.531 F9000
;TYPE:External perimeter
G1 F1800
G1 X118.709 Y111.048 E4.28456
G1 X118.631 Y111.567 E4.30232
G1 X118.522 Y112.08 E4.32007
G1 X118.382 Y112.586 E4.33784
G1 X118.213 Y113.083 E4.35561
G1 X118.014 Y113.569 E4.37339
G1 X117.786 Y114.042 E4.39116
G1 X117.53 Y114.501 E4.40895
G1 X117.247 Y114.943 E4.42672
G1 X116.939 Y115.368 E4.44449
G1 X116.605 Y115.773 E4.46226
G1 X116.248 Y116.158 E4.48003
G1 X115.869 Y116.521 E4.49779
G1 X115.468 Y116.861 E4.51559
G1 X115.048 Y117.175 E4.53334
G1 X114.61 Y117.465 E4.55112
G1 X114.156 Y117.727 E4.56886
G1 X113.686 Y117.962 E4.58665
G1 X113.203 Y118.168 E4.60442
G1 X112.709 Y118.345 E4.62218
G1 X112.205 Y118.493 E4.63996
G1 X111.693 Y118.609 E4.65773
G1 X111.175 Y118.695 E4.6755
G1 X110.653 Y118.75 E4.69327
G1 X110.129 Y118.774 E4.71103
G1 X109.604 Y118.766 E4.7288
G1 X109.08 Y118.727 E4.74659
G1 X108.56 Y118.656 E4.76435
G1 X108.045 Y118.555 E4.78211
G1 X107.537 Y118.423 E4.79988
G1 X107.058 Y118.267 E4.81693
G1 X106.548 Y118.069 E4.83545
G1 X106.072 Y117.848 E4.85321
G1 X105.61 Y117.599 E4.87097
G1 X105.163 Y117.323 E4.88875
G1 X104.734 Y117.021 E4.90651
G1 X104.323 Y116.694 E4.92429
G1 X103.933 Y116.342 E4.94207
G1 X103.565 Y115.968 E4.95983
G1 X103.219 Y115.573 E4.9776
G1 X102.898 Y115.158 E4.99536
G1 X102.603 Y114.724 E5.01312
G1 X102.333 Y114.273 E5.03091
G1 X102.091 Y113.807 E5.04868
G1 X101.878 Y113.328 E5.06642
G1 X101.701 Y112.857 E5.08345
G1 X101.539 Y112.334 E5.10198
G1 X101.414 Y111.824 E5.11975
G1 X101.32 Y111.308 E5.1375
G1 X101.258 Y110.787 E5.15526
G1 X101.226 Y110.263 E5.17303
G1 X101.226 Y109.737 E5.19083
G1 X101.258 Y109.213 E5.2086
G1 X101.32 Y108.692 E5.22636
G1 X101.414 Y108.176 E5.24411
G1 X101.533 Y107.687 E5.26115
G1 X101.693 Y107.164 E5.27966
G1 X101.878 Y106.672 E5.29745
G1 X102.091 Y106.193 E5.31519
G1 X102.333 Y105.727 E5.33296
G1 X102.603 Y105.276 E5.35075
G1 X102.898 Y104.842 E5.36851
G1 X103.219 Y104.427 E5.38627
G1 X103.55 Y104.048 E5.4033
G1 X103.934 Y103.657 E5.42185
G1 X104.323 Y103.306 E5.43959
G1 X104.734 Y102.979 E5.45737
G1 X105.163 Y102.677 E5.47513
G1 X105.61 Y102.401 E5.49291
G1 X106.072 Y102.152 E5.51067
G1 X106.549 Y101.931 E5.52846
G1 X107.037 Y101.739 E5.54621
G1 X107.537 Y101.577 E5.564
G1 X108.023 Y101.451 E5.58099
G1 X108.56 Y101.344 E5.59952
G1 X109.08 Y101.273 E5.61728
G1 X109.604 Y101.234 E5.63507
G1 X110.129 Y101.226 E5.65284
G1 X110.631 Y101.249 E5.66985
G1 X111.175 Y101.305 E5.68836
G1 X111.693 Y101.391 E5.70613
G1 X112.205 Y101.507 E5.7239
G1 X112.709 Y101.655 E5.74168
G1 X113.203 Y101.832 E5.75944
G1 X113.686 Y102.038 E5.77721
G1 X114.155 Y102.273 E5.79497
G1 X114.61 Y102.535 E5.81274
G1 X115.048 Y102.825 E5.83052
G1 X115.468 Y103.139 E5.84827
G1 X115.869 Y103.479 E5.86607
G1 X116.232 Y103.826 E5.88307
G1 X116.606 Y104.227 E5.90163
G1 X116.939 Y104.632 E5.91938
G1 X117.234 Y105.039 E5.93639
G1 X117.53 Y105.5 E5.95493
G1 X117.786 Y105.958 E5.97269
G1 X118.038 Y106.493 E5.99271
G1 X118.244 Y107.008 E6.01148
G1 X118.407 Y107.502 E6.02909
G1 X118.541 Y108.01 E6.04687
G1 X118.645 Y108.524 E6.06462
G1 X118.718 Y109.044 E6.08239
G1 X118.759 Y109.567 E6.10015
G1 X118.757 Y110.471 E6.13075
G1 X118.725 Y110.87 F9000
G1 E5.33075 F2100
G92 E0
G1 X114.322 Y116.536 F9000
G1 E.8 F2100
;TYPE:Top solid infill
;WIDTH:0.400075
G1 F1800
G1 X115.469 Y115.39 E.84815
G1 X115.781 Y115.053 E.86179
G1 X116.073 Y114.698 E.87544
G1 X116.343 Y114.326 E.88909
G1 X116.59 Y113.939 E.90272
G1 X116.812 Y113.541 E.91625
G1 X113.543 Y116.809 E1.05352
G1 X113.28 Y116.941 E1.06226
G1 X112.641 Y117.207 E1.08282
G1 X117.207 Y112.641 E1.27459
G1 X117.434 Y111.909 E1.29735
G1 X111.905 Y117.438 E1.52956
G1 X111.267 Y117.571 E1.54891
G1 X117.569 Y111.268 E1.81361
G1 X117.643 Y110.69 E1.83092
G1 X110.689 Y117.644 E2.12298
G1 X110.15 Y117.677 E2.13902
G1 X117.673 Y110.155 E2.45496
G1 X117.667 Y109.655 E2.46981
G1 X109.65 Y117.672 E2.80651
G1 X109.181 Y117.636 E2.82048
G1 X117.632 Y109.186 E3.17539
G1 X117.571 Y108.741 E3.18873
G1 X108.737 Y117.576 E3.55977
G1 X108.315 Y117.493 E3.57254
G1 X117.488 Y108.319 E3.95782
G1 X117.386 Y107.916 E3.97017
G1 X107.912 Y117.39 E4.36807
G1 X107.528 Y117.269 E4.38003
G1 X111.341 Y113.456 E4.54017
G1 X111.463 Y113.419 E4.54396
G1 X112.057 Y113.098 E4.56401
G1 X112.629 Y112.627 E4.58601
G1 X113.049 Y112.126 E4.60543
G1 X113.379 Y111.536 E4.62551
G1 X113.469 Y111.328 E4.63224
G1 X117.266 Y107.531 E4.79171
G1 X117.13 Y107.162 E4.80339
G1 X113.64 Y110.652 E4.94997
G1 X113.688 Y110.46 E4.95585
G1 X113.695 Y110.092 E4.96678
G1 X116.98 Y106.807 E5.10475
G1 X116.816 Y106.466 E5.11599
G1 X113.687 Y109.594 E5.24738
G1 X113.602 Y109.175 E5.26008
G1 X116.635 Y106.142 E5.38746
G1 X116.442 Y105.83 E5.39836
G1 X113.5 Y108.772 E5.52192
G1 X113.411 Y108.527 E5.52966
G1 X113.349 Y108.417 E5.53341
G1 X116.238 Y105.529 E5.65472
G1 X116.022 Y105.24 E5.66543
G1 X113.167 Y108.094 E5.78532
G1 X112.976 Y107.78 E5.79623
G1 X115.794 Y104.963 E5.91456
G1 X115.551 Y104.7 E5.92519
G1 X112.738 Y107.513 E6.04333
G1 X112.496 Y107.25 E6.05394
G1 X115.298 Y104.448 E6.17162
G1 X115.034 Y104.206 E6.18226
G1 X112.211 Y107.03 E6.30084
G1 X111.994 Y106.863 E6.30897
G1 X111.913 Y106.823 E6.31165
G1 X114.76 Y103.976 E6.43122
G1 X114.471 Y103.76 E6.44193
G1 X111.575 Y106.656 E6.56356
G1 X111.232 Y106.494 E6.57483
G1 X114.17 Y103.556 E6.69822
G1 X113.857 Y103.364 E6.70912
G1 X110.832 Y106.389 E6.83617
G1 X110.616 Y106.332 E6.8428
G1 X110.398 Y106.318 E6.84929
G1 X113.531 Y103.184 E6.98089
G1 X113.193 Y103.018 E6.99207
G1 X109.924 Y106.286 E7.12934
G1 X109.351 Y106.354 E7.14648
G1 X112.961 Y102.744 E7.2981
G1 E6.4981 F2100
G92 E0
G1 X110.858 Y113.434 F9000
G1 E.8 F2100
G1 F1800
G1 X107.16 Y117.132 E.95531
G1 X106.805 Y116.981 E.96677
G1 X110.074 Y113.713 E1.10404
G1 X109.601 Y113.681 E1.11812
G1 X106.467 Y116.815 E1.24974
G1 X106.138 Y116.639 E1.26082
G1 X109.162 Y113.615 E1.38782
G1 X108.77 Y113.501 E1.39994
G1 X105.826 Y116.446 E1.52361
G1 X105.526 Y116.24 E1.53442
G1 X108.419 Y113.347 E1.65592
G1 X108.089 Y113.173 E1.667
G1 X105.238 Y116.023 E1.78672
G1 X104.961 Y115.795 E1.79737
G1 X107.784 Y112.973 E1.91591
G1 X107.507 Y112.744 E1.92658
G1 X104.69 Y115.551 E2.04468
G1 X104.444 Y115.302 E2.05507
G1 X107.252 Y112.494 E2.173
G1 X107.024 Y112.217 E2.18365
G1 X104.204 Y115.037 E2.30209
G1 X103.975 Y114.761 E2.31274
G1 X106.824 Y111.912 E2.43239
G1 X106.646 Y111.585 E2.44345
G1 X103.757 Y114.474 E2.56478
G1 X103.552 Y114.174 E2.57557
G1 X106.504 Y111.221 E2.69957
G1 X106.388 Y110.833 E2.7116
G1 X103.361 Y113.86 E2.83873
G1 X103.182 Y113.533 E2.8498
G1 X106.314 Y110.402 E2.98132
G1 X106.284 Y109.926 E2.99548
G1 X103.016 Y113.194 E3.13273
G1 X102.864 Y112.841 E3.14414
G1 X106.558 Y109.147 E3.29928
G1 E2.49928 F2100
G92 E0
G1 X102.602 Y112.599 F9000
G1 E.8 F2100
G1 F1800
G1 X106.528 Y108.672 E.96491
G1 X106.841 Y108.034 E.98601
G1 X107.345 Y107.392 E1.01025
G1 X107.862 Y106.954 E1.03037
G1 X108.441 Y106.621 E1.05021
G1 X108.652 Y106.548 E1.05684
G1 X112.469 Y102.731 E1.21715
G1 X112.083 Y102.612 E1.22915
G1 X102.608 Y112.087 E1.62709
G1 X102.506 Y111.684 E1.63944
G1 X111.68 Y102.51 E2.02474
G1 X111.257 Y102.428 E2.03754
G1 X102.424 Y111.261 E2.40851
G1 X102.364 Y110.816 E2.42184
G1 X110.807 Y102.373 E2.77643
G1 X110.338 Y102.336 E2.7904
G1 X102.328 Y110.347 E3.12683
G1 X102.321 Y109.849 E3.14162
G1 X109.843 Y102.326 E3.45756
G1 X109.311 Y102.353 E3.47338
G1 X102.348 Y109.317 E3.76584
G1 X102.425 Y108.734 E3.7833
G1 X108.735 Y102.425 E4.04829
G1 X108.09 Y102.564 E4.06788
G1 X102.561 Y108.094 E4.30011
G1 X102.789 Y107.361 E4.32291
G1 X107.361 Y102.788 E4.51495
G1 X106.979 Y102.938 E4.52714
G1 X106.456 Y103.188 E4.54436
G1 X102.842 Y106.802 E4.69614
M106 S127.5
;LAYER_CHANGE
;Z:2.6
;HEIGHT:0.2
G1 E3.89614 F2100
G92 E0
G1 Z2.6 F9000
G1 X112.425 Y109.678
G1 E.8 F2100
;TYPE:External perimeter
;WIDTH:0.38292
G1 F600
G1 X112.383 Y109.215 E.81314
G1 X112.422 Y110.782 F9000
G1 F600
G1 X112.401 Y110.819 E.81434
G1 X112.337 Y110.782 E.81643
G1 X112.401 Y110.745 E.81852
;LAYER_CHANGE
;Z:2.8
;HEIGHT:0.2
G1 Z2.8 F9000
G1 X111.4 Y110
;TYPE:Overhang perimeter
;WIDTH:0.4
;HEIGHT:0.4
G1 F1500
G1 X111.183 Y110.14 E.83201
G1 X110.856 Y110.616 E.86218
G1 X110.607 Y110.86 E.88039
G1 X110.173 Y111.031 E.90476
G1 X109.737 Y111.016 E.92755
G1 X109.448 Y110.894 E.94394
G1 X109.185 Y110.672 E.96192
G1 X109.062 Y110.482 E.97375
G1 X108.95 Y110.064 E.99636
G1 X108.978 Y109.75 E1.01283
G1 X109.097 Y109.46 E1.02921
G1 X109.317 Y109.195 E1.0472
G1 X109.505 Y109.069 E1.05902
G1 X109.943 Y108.949 E1.08275
G1 X110.283 Y108.988 E1.10063
G1 X110.677 Y109.205 E1.12413
G1 X111.182 Y109.861 E1.16738
G1 X111.35 Y109.968 E1.17779
G1 X111.865 Y110.233 F9000
G1 F1500
G1 X111.865 Y110.271 E1.17978
G1 X111.654 Y110.312 E1.19101
G1 X111.462 Y110.435 E1.20292
G1 X111.188 Y110.855 E1.22912
G1 X110.824 Y111.208 E1.25561
G1 X110.404 Y111.405 E1.27985
G1 X110.078 Y111.46 E1.29712
G1 X109.634 Y111.415 E1.32044
G1 X109.233 Y111.245 E1.3432
G1 X108.885 Y110.951 E1.367
G1 X108.634 Y110.532 E1.39252
G1 X108.539 Y110.089 E1.41619
G1 X108.578 Y109.652 E1.43911
G1 X108.744 Y109.249 E1.46188
G1 X109.034 Y108.898 E1.48567
G1 X109.449 Y108.643 E1.51112
G1 X109.921 Y108.537 E1.53639
G1 X110.405 Y108.596 E1.56186
G1 X110.666 Y108.718 E1.57691
G1 X110.941 Y108.896 E1.59402
G1 X111.161 Y109.142 E1.61126
G1 X111.462 Y109.565 E1.63838
G1 X111.654 Y109.688 E1.65029
G1 X111.865 Y109.729 E1.66152
G1 X111.865 Y110.173 E1.68472
G1 X112.089 Y110.681 F9000
G1 F1500
G1 X111.806 Y110.69 E1.69951
G1 X111.707 Y110.775 E1.70633
G1 X111.417 Y111.212 E1.73373
G1 X111.041 Y111.556 E1.76036
G1 X110.527 Y111.797 E1.79002
G1 X110.091 Y111.871 E1.81312
G1 X109.532 Y111.814 E1.84248
G1 X109.017 Y111.596 E1.8717
G1 X108.73 Y111.353 E1.89135
G1 X108.474 Y111.078 E1.91098
G1 X108.246 Y110.665 E1.93563
G1 X108.128 Y110.113 E1.96512
G1 X108.179 Y109.554 E1.99445
G1 X108.391 Y109.037 E2.02364
G1 X108.631 Y108.747 E2.04331
G1 X108.903 Y108.488 E2.06293
G1 X109.312 Y108.256 E2.0875
G1 X109.984 Y108.129 E2.12323
G1 X110.528 Y108.204 E2.15192
G1 X111.038 Y108.443 E2.18135
G1 X111.375 Y108.731 E2.20451
G1 X111.66 Y109.156 E2.23124
G1 X111.806 Y109.31 E2.24233
G1 X112.089 Y109.319 E2.25712
;TYPE:External perimeter
;WIDTH:0.449999
;HEIGHT:0.2
G1 F600
G1 X112.272 Y109.325 E2.26332
G1 X112.272 Y110.675 E2.30902
G1 X112.149 Y110.679 E2.31319
G1 X111.757 Y110.759 F9000
G1 X110.842 Y109.622
;TYPE:Bridge infill
;WIDTH:0.419036
;HEIGHT:0.4
G1 F1500
G1 X110.149 Y109.297 E2.35708
G1 X110.006 Y109.272 E2.3654
G1 X109.702 Y109.338 E2.38324
G1 X109.54 Y109.438 E2.39416
G1 X109.485 Y109.504 E2.39909
G1 X110.781 Y110.111 E2.48114
G1 X110.589 Y110.425 E2.50224
G1 X110.519 Y110.506 E2.50838
G1 X109.29 Y109.93 E2.5862
G1 X109.28 Y110.044 E2.59276
G1 X109.332 Y110.287 E2.60701
G1 X109.43 Y110.451 E2.61796
G1 X109.596 Y110.592 E2.63045
G1 X110.241 Y110.894 E2.67128
;LAYER_CHANGE
;Z:3
;HEIGHT:0.2
G1 Z3 F9000
G1 X111.36 Y110.026
;TYPE:Perimeter
;WIDTH:0.449999
G1 F600
G1 X111.182 Y110.14 E2.67843
G1 X110.856 Y110.616 E2.69796
G1 X110.606 Y110.86 E2.70978
G1 X110.173 Y111.031 E2.72554
G1 X109.737 Y111.016 E2.74031
G1 X109.448 Y110.894 E2.75093
G1 X109.185 Y110.672 E2.76258
G1 X108.978 Y110.25 E2.77849
G1 X108.947 Y109.908 E2.79011
G1 X109.098 Y109.46 E2.80611
G1 X109.317 Y109.195 E2.81775
G1 X109.506 Y109.069 E2.82544
G1 X109.945 Y108.948 E2.84085
G1 X110.284 Y108.988 E2.8524
G1 X110.676 Y109.205 E2.86757
G1 X111.182 Y109.861 E2.89561
G1 X111.39 Y109.994 E2.90397
G1 X111.569 Y110.367 F9000
G1 F600
G1 X111.462 Y110.435 E2.90826
G1 X111.188 Y110.854 E2.92521
G1 X110.824 Y111.208 E2.9424
G1 X110.404 Y111.405 E2.9581
G1 X110.078 Y111.46 E2.96929
G1 X109.635 Y111.415 E2.98436
G1 X109.233 Y111.245 E2.99913
G1 X108.819 Y110.86 E3.01827
G1 X108.579 Y110.348 E3.03741
G1 X108.554 Y109.782 E3.05659
G1 X108.745 Y109.248 E3.07579
G1 X109.035 Y108.897 E3.0912
G1 X109.45 Y108.642 E3.10769
G1 X109.921 Y108.537 E3.12402
G1 X110.407 Y108.596 E3.14059
G1 X110.665 Y108.717 E3.15024
G1 X110.941 Y108.895 E3.16136
G1 X111.162 Y109.144 E3.17263
G1 X111.462 Y109.565 E3.19013
G1 X111.654 Y109.688 E3.19785
G1 X111.865 Y109.729 E3.20513
G1 X111.865 Y110.271 E3.22348
G1 X111.654 Y110.312 E3.23076
G1 X111.619 Y110.335 E3.23218
G1 X111.779 Y110.713 F9000
;TYPE:External perimeter
G1 F600
G1 X111.707 Y110.775 E3.2354
G1 X111.417 Y111.212 E3.25315
G1 X111.041 Y111.556 E3.2704
G1 X110.526 Y111.797 E3.28965
G1 X110.092 Y111.871 E3.30455
G1 X109.533 Y111.814 E3.32357
G1 X109.018 Y111.596 E3.3425
G1 X108.585 Y111.231 E3.36167
G1 X108.394 Y110.969 E3.37264
G1 X108.179 Y110.447 E3.39175
G1 X108.127 Y109.883 E3.41092
G1 X108.176 Y109.559 E3.42201
G1 X108.392 Y109.036 E3.44116
G1 X108.632 Y108.746 E3.4539
G1 X108.903 Y108.487 E3.46659
G1 X109.313 Y108.256 E3.48252
G1 X109.983 Y108.129 E3.5056
G1 X110.53 Y108.204 E3.52429
G1 X111.038 Y108.442 E3.54328
G1 X111.375 Y108.731 E3.55831
G1 X111.66 Y109.156 E3.57563
G1 X111.806 Y109.31 E3.58281
G1 X112.272 Y109.325 E3.59859
G1 X112.272 Y110.675 E3.64429
G1 X111.83 Y110.689 E3.65926
G1 X111.57 Y110.992 F9000
G1 E2.85926 F2100
G92 E0
G1 X109.276 Y110.046 F9000
G1 E.8 F2100
;TYPE:Solid infill
G1 F600
G1 X109.281 Y110.182 E.80461
G1 X109.371 Y110.401 E.81262
G1 X109.616 Y110.633 E.82404
G1 X109.919 Y110.728 E.83479
G1 X110.182 Y110.72 E.8437
G1 X110.52 Y110.531 E.85681
G1 X110.909 Y109.992 E.87931
G1 X110.535 Y109.485 E.90064
G1 X110.192 Y109.282 E.91413
G1 X110.003 Y109.25 E.92062
G1 X109.694 Y109.318 E.93133
G1 X109.464 Y109.496 E.94117
G1 X109.324 Y109.712 E.94988
G1 X109.27 Y109.843 E.95468
G1 X109.737 Y109.928 E.97075
;WIDTH:0.563627
G1 X109.821 Y109.792 E.97767
G1 X109.991 Y109.728 E.98553
G1 X110.183 Y109.795 E.99433
G1 X110.329 Y109.987 E1.00477
G1 X110.231 Y110.131 E1.01231
G1 X110.088 Y110.241 E1.02012
G1 X109.93 Y110.263 E1.02703
G1 X109.761 Y110.13 E1.03634
;LAYER_CHANGE
;Z:3.2
;HEIGHT:0.2
G1 Z3.2 F9000
G1 X111.36 Y110.026
;TYPE:Perimeter
;WIDTH:0.449999
G1 F600
G1 X111.182 Y110.14 E1.04349
G1 X110.856 Y110.616 E1.06302
G1 X110.606 Y110.861 E1.07487
G1 X110.173 Y111.031 E1.09062
G1 X109.738 Y111.017 E1.10535
G1 X109.449 Y110.894 E1.11598
G1 X109.185 Y110.673 E1.12763
G1 X108.978 Y110.251 E1.14354
G1 X108.947 Y109.908 E1.1552
G1 X109.098 Y109.46 E1.1712
G1 X109.317 Y109.194 E1.18286
G1 X109.506 Y109.069 E1.19053
G1 X109.947 Y108.948 E1.20601
G1 X110.286 Y108.989 E1.21757
G1 X110.676 Y109.205 E1.23266
G1 X111.182 Y109.86 E1.26068
G1 X111.39 Y109.994 E1.26906
G1 X111.569 Y110.367 F9000
G1 F600
G1 X111.462 Y110.435 E1.27335
G1 X111.188 Y110.854 E1.2903
G1 X110.823 Y111.209 E1.30753
G1 X110.404 Y111.405 E1.32319
G1 X110.078 Y111.46 E1.33438
G1 X109.636 Y111.415 E1.34942
G1 X109.234 Y111.245 E1.36419
G1 X108.819 Y110.861 E1.38333
G1 X108.579 Y110.349 E1.40247
G1 X108.555 Y109.782 E1.42168
G1 X108.745 Y109.248 E1.44087
G1 X109.035 Y108.897 E1.45628
G1 X109.451 Y108.642 E1.4728
G1 X109.922 Y108.536 E1.48914
G1 X110.408 Y108.597 E1.50572
G1 X110.664 Y108.716 E1.51528
G1 X110.941 Y108.895 E1.52644
G1 X111.162 Y109.145 E1.53773
G1 X111.462 Y109.565 E1.5552
G1 X111.654 Y109.688 E1.56292
G1 X111.865 Y109.729 E1.5702
G1 X111.865 Y110.271 E1.58855
G1 X111.654 Y110.312 E1.59583
G1 X111.619 Y110.335 E1.59725
G1 X111.779 Y110.713 F9000
;TYPE:External perimeter
G1 F600
G1 X111.707 Y110.775 E1.60047
G1 X111.417 Y111.211 E1.61819
G1 X111.04 Y111.557 E1.63551
G1 X110.526 Y111.797 E1.65471
G1 X110.092 Y111.871 E1.66961
G1 X109.533 Y111.814 E1.68863
G1 X109.018 Y111.596 E1.70756
G1 X108.586 Y111.232 E1.72668
G1 X108.395 Y110.97 E1.73765
G1 X108.179 Y110.447 E1.7568
G1 X108.127 Y109.884 E1.77594
G1 X108.177 Y109.558 E1.7871
G1 X108.392 Y109.036 E1.80621
G1 X108.632 Y108.745 E1.81898
G1 X108.904 Y108.487 E1.83167
G1 X109.314 Y108.256 E1.8476
G1 X109.982 Y108.129 E1.87062
G1 X110.531 Y108.205 E1.88938
G1 X111.037 Y108.442 E1.90829
G1 X111.376 Y108.732 E1.92339
G1 X111.66 Y109.156 E1.94066
G1 X111.806 Y109.31 E1.94784
G1 X112.272 Y109.325 E1.96362
G1 X112.272 Y110.675 E2.00932
G1 X111.83 Y110.689 E2.02429
G1 X111.57 Y110.992 F9000
G1 E1.22429 F2100
G92 E0
G1 X110 Y109.25 F9000
G1 E.8 F2100
;TYPE:Solid infill
G1 F600
G1 X110.194 Y109.283 E.80666
G1 X110.535 Y109.486 E.82009
G1 X110.909 Y109.992 E.84139
G1 X110.52 Y110.531 E.86389
G1 X110.182 Y110.72 E.877
G1 X109.919 Y110.728 E.88591
G1 X109.616 Y110.634 E.89665
G1 X109.371 Y110.401 E.90809
G1 X109.281 Y110.183 E.91607
G1 X109.27 Y109.842 E.92762
G1 X109.363 Y109.619 E.9358
G1 X109.61 Y109.369 E.9477
G1 X109.805 Y109.31 E.9546
G1 X109.987 Y109.728 E.97003
;WIDTH:0.563743
G1 X110.126 Y109.763 E.97624
G1 X110.329 Y109.987 E.98933
G1 X110.231 Y110.131 E.99687
G1 X110.087 Y110.241 E1.00472
G1 X109.93 Y110.263 E1.01159
G1 X109.762 Y110.133 E1.02079
G1 X109.737 Y109.927 E1.02978
G1 X109.807 Y109.814 E1.03554
;LAYER_CHANGE
;Z:3.4
;HEIGHT:0.2
G1 Z3.4 F9000
G1 X111.36 Y110.026
;TYPE:Perimeter
;WIDTH:0.449999
G1 F600
G1 X111.182 Y110.14 E1.04269
G1 X110.856 Y110.616 E1.06222
G1 X110.605 Y110.861 E1.07409
G1 X110.173 Y111.031 E1.0898
G1 X109.738 Y111.017 E1.10453
G1 X109.449 Y110.895 E1.11515
G1 X109.186 Y110.673 E1.1268
G1 X108.979 Y110.251 E1.14271
G1 X108.947 Y109.909 E1.15434
G1 X109.098 Y109.459 E1.17041
G1 X109.318 Y109.194 E1.18207
G1 X109.506 Y109.069 E1.18971
G1 X109.949 Y108.948 E1.20525
G1 X110.287 Y108.989 E1.21677
G1 X110.676 Y109.205 E1.23183
G1 X111.182 Y109.86 E1.25985
G1 X111.39 Y109.994 E1.26823
G1 X111.569 Y110.367 F9000
G1 F600
G1 X111.462 Y110.435 E1.27252
G1 X111.188 Y110.854 E1.28947
G1 X110.822 Y111.209 E1.30673
G1 X110.403 Y111.405 E1.32239
G1 X110.078 Y111.46 E1.33355
G1 X109.636 Y111.416 E1.34859
G1 X109.234 Y111.246 E1.36336
G1 X108.819 Y110.861 E1.38252
G1 X108.579 Y110.35 E1.40163
G1 X108.555 Y109.782 E1.42087
G1 X108.745 Y109.247 E1.44009
G1 X109.035 Y108.897 E1.45548
G1 X109.451 Y108.642 E1.472
G1 X109.923 Y108.536 E1.48837
G1 X110.41 Y108.597 E1.50498
G1 X110.662 Y108.716 E1.51441
G1 X110.94 Y108.895 E1.5256
G1 X111.163 Y109.146 E1.53696
G1 X111.462 Y109.565 E1.55438
G1 X111.654 Y109.688 E1.5621
G1 X111.865 Y109.729 E1.56938
G1 X111.865 Y110.271 E1.58773
G1 X111.654 Y110.312 E1.59501
G1 X111.619 Y110.335 E1.59643
G1 X111.779 Y110.713 F9000
;TYPE:External perimeter
G1 F600
G1 X111.707 Y110.775 E1.59965
G1 X111.418 Y111.211 E1.61736
G1 X111.039 Y111.557 E1.63473
G1 X110.526 Y111.797 E1.6539
G1 X110.092 Y111.871 E1.6688
G1 X109.534 Y111.814 E1.68779
G1 X109.019 Y111.597 E1.70671
G1 X108.586 Y111.233 E1.72586
G1 X108.395 Y110.971 E1.73683
G1 X108.179 Y110.448 E1.75598
G1 X108.127 Y109.885 E1.77512
G1 X108.177 Y109.557 E1.78635
G1 X108.393 Y109.035 E1.80547
G1 X108.633 Y108.745 E1.81821
G1 X108.905 Y108.487 E1.8309
G1 X109.314 Y108.255 E1.84682
G1 X109.982 Y108.129 E1.86983
G1 X110.533 Y108.205 E1.88866
G1 X111.036 Y108.442 E1.90748
G1 X111.376 Y108.732 E1.92261
G1 X111.66 Y109.156 E1.93988
G1 X111.806 Y109.31 E1.94706
G1 X112.272 Y109.325 E1.96284
G1 X112.272 Y110.675 E2.00854
G1 X111.83 Y110.689 E2.02351
G1 X111.57 Y110.992 F9000
G1 E1.22351 F2100
G92 E0
G1 X109.277 Y110.045 F9000
G1 E.8 F2100
;TYPE:Solid infill
G1 F600
G1 X109.281 Y110.183 E.80467
G1 X109.371 Y110.401 E.81265
G1 X109.616 Y110.634 E.82409
G1 X109.931 Y110.729 E.83523
G1 X110.189 Y110.719 E.84397
G1 X110.438 Y110.602 E.85328
G1 X110.654 Y110.358 E.86431
G1 X110.909 Y109.992 E.87941
G1 X110.535 Y109.486 E.90071
G1 X110.196 Y109.284 E.91407
G1 X109.997 Y109.251 E.9209
G1 X109.699 Y109.316 E.93122
G1 X109.458 Y109.503 E.94155
G1 X109.325 Y109.711 E.94991
G1 X109.271 Y109.842 E.95471
G1 X109.74 Y109.927 E.97084
;WIDTH:0.568027
G1 X109.817 Y109.801 E.97729
G1 X110.009 Y109.725 E.98631
G1 X110.181 Y109.797 E.99445
G1 X110.33 Y109.992 E1.00517
G1 X110.254 Y110.119 E1.01163
G1 X110.103 Y110.244 E1.02019
G1 X109.931 Y110.261 E1.02774
G1 X109.764 Y110.129 E1.03703
;LAYER_CHANGE
;Z:3.6
;HEIGHT:0.2
G1 Z3.6 F9000
G1 X111.36 Y110.026
;TYPE:Perimeter
;WIDTH:0.449999
G1 F600
G1 X111.182 Y110.14 E1.04418
G1 X110.856 Y110.616 E1.06371
G1 X110.605 Y110.862 E1.07561
G1 X110.173 Y111.031 E1.09131
G1 X109.738 Y111.017 E1.10604
G1 X109.45 Y110.895 E1.11663
G1 X109.186 Y110.673 E1.12831
G1 X108.979 Y110.252 E1.14419
G1 X108.947 Y109.91 E1.15582
G1 X108.994 Y109.681 E1.16373
G1 X109.21 Y109.307 E1.17835
G1 X109.473 Y109.085 E1.19
G1 X109.951 Y108.947 E1.20684
G1 X110.289 Y108.99 E1.21837
G1 X110.676 Y109.204 E1.23334
G1 X111.182 Y109.86 E1.26138
G1 X111.39 Y109.994 E1.26976
G1 X111.569 Y110.367 F9000
G1 F600
G1 X111.462 Y110.435 E1.27405
G1 X111.188 Y110.854 E1.291
G1 X110.822 Y111.209 E1.30826
G1 X110.403 Y111.405 E1.32392
G1 X110.079 Y111.46 E1.33504
G1 X109.637 Y111.416 E1.35008
G1 X109.235 Y111.246 E1.36485
G1 X108.82 Y110.862 E1.38399
G1 X108.579 Y110.35 E1.40314
G1 X108.537 Y109.898 E1.41851
G1 X108.654 Y109.417 E1.43527
G1 X108.901 Y109.035 E1.45067
G1 X109.35 Y108.692 E1.4698
G1 X109.923 Y108.536 E1.4899
G1 X110.411 Y108.598 E1.50655
G1 X110.661 Y108.715 E1.51589
G1 X110.94 Y108.895 E1.52713
G1 X111.164 Y109.147 E1.53854
G1 X111.462 Y109.565 E1.55592
G1 X111.654 Y109.688 E1.56364
G1 X111.865 Y109.729 E1.57092
G1 X111.865 Y110.271 E1.58927
G1 X111.654 Y110.312 E1.59655
G1 X111.619 Y110.335 E1.59797
G1 X111.779 Y110.713 F9000
;TYPE:External perimeter
G1 F600
G1 X111.707 Y110.775 E1.60119
G1 X111.418 Y111.211 E1.6189
G1 X111.039 Y111.557 E1.63627
G1 X110.526 Y111.797 E1.65544
G1 X110.093 Y111.871 E1.67031
G1 X109.535 Y111.815 E1.68929
G1 X109.02 Y111.597 E1.70822
G1 X108.587 Y111.233 E1.72737
G1 X108.395 Y110.971 E1.73836
G1 X108.179 Y110.449 E1.75748
G1 X108.145 Y110.078 E1.77009
G1 X108.156 Y109.696 E1.78303
G1 X108.286 Y109.238 E1.79915
G1 X108.592 Y108.763 E1.81828
G1 X108.806 Y108.583 E1.82775
G1 X109.17 Y108.327 E1.84281
G1 X109.473 Y108.22 E1.85369
G1 X109.981 Y108.129 E1.87116
G1 X110.534 Y108.206 E1.89006
G1 X111.036 Y108.441 E1.90882
G1 X111.376 Y108.733 E1.92399
G1 X111.66 Y109.156 E1.94124
G1 X111.806 Y109.31 E1.94842
G1 X112.272 Y109.325 E1.9642
G1 X112.272 Y110.675 E2.0099
G1 X111.83 Y110.689 E2.02487
G1 X111.57 Y110.993 F9000
G1 E1.22487 F2100
G92 E0
G1 X109.996 Y109.25 F9000
G1 E.8 F2100
;TYPE:Solid infill
G1 F600
G1 X110.197 Y109.284 E.8069
G1 X110.536 Y109.487 E.82027
G1 X110.909 Y109.992 E.84152
G1 X110.437 Y110.603 E.86765
G1 X110.189 Y110.719 E.87692
G1 X109.931 Y110.729 E.88566
G1 X109.616 Y110.634 E.8968
G1 X109.371 Y110.402 E.90822
G1 X109.282 Y110.185 E.91616
G1 X109.276 Y109.82 E.92852
G1 X109.444 Y109.511 E.94043
G1 X109.709 Y109.314 E.95161
G1 X109.797 Y109.294 E.95466
G1 X109.981 Y109.731 E.97071
;WIDTH:0.56756
G1 X110.122 Y109.764 E.97703
G1 X110.33 Y109.992 E.99049
G1 X110.22 Y110.163 E.99936
G1 X110.117 Y110.238 E1.00492
G1 X109.931 Y110.261 E1.0131
G1 X109.782 Y110.149 E1.02123
G1 X109.745 Y110.005 E1.02772
G1 X109.803 Y109.828 E1.03585
;LAYER_CHANGE
;Z:3.8
;HEIGHT:0.2
G1 Z3.8 F9000
G1 X111.36 Y110.026
;TYPE:Perimeter
;WIDTH:0.449999
G1 F600
G1 X111.182 Y110.14 E1.043
G1 X110.856 Y110.615 E1.0625
G1 X110.604 Y110.862 E1.07444
G1 X110.173 Y111.031 E1.09011
G1 X109.739 Y111.017 E1.10481
G1 X109.45 Y110.895 E1.11543
G1 X109.186 Y110.673 E1.12711
G1 X108.979 Y110.252 E1.14299
G1 X108.947 Y109.911 E1.15458
G1 X108.994 Y109.681 E1.16253
G1 X109.21 Y109.306 E1.17718
G1 X109.474 Y109.085 E1.18883
G1 X109.953 Y108.947 E1.2057
G1 X110.29 Y108.99 E1.2172
G1 X110.675 Y109.204 E1.23211
G1 X111.182 Y109.86 E1.26017
G1 X111.39 Y109.994 E1.26855
G1 X111.569 Y110.367 F9000
G1 F600
G1 X111.462 Y110.435 E1.27284
G1 X111.188 Y110.854 E1.28979
G1 X110.821 Y111.21 E1.3071
G1 X110.403 Y111.405 E1.32271
G1 X110.079 Y111.46 E1.33383
G1 X109.637 Y111.416 E1.34887
G1 X109.235 Y111.246 E1.36364
G1 X108.82 Y110.862 E1.38278
G1 X108.579 Y110.351 E1.4019
G1 X108.537 Y109.899 E1.41727
G1 X108.655 Y109.417 E1.43407
G1 X108.901 Y109.034 E1.44948
G1 X109.351 Y108.692 E1.46861
G1 X109.924 Y108.536 E1.48871
G1 X110.413 Y108.598 E1.50539
G1 X110.66 Y108.714 E1.51463
G1 X110.94 Y108.895 E1.52592
G1 X111.165 Y109.148 E1.53738
G1 X111.462 Y109.565 E1.55471
G1 X111.654 Y109.688 E1.56243
G1 X111.865 Y109.729 E1.56971
G1 X111.865 Y110.271 E1.58806
G1 X111.654 Y110.312 E1.59534
G1 X111.619 Y110.335 E1.59676
G1 X111.779 Y110.713 F9000
;TYPE:External perimeter
G1 F600
G1 X111.707 Y110.775 E1.59998
G1 X111.418 Y111.211 E1.61769
G1 X111.038 Y111.558 E1.63511
G1 X110.526 Y111.797 E1.65424
G1 X110.093 Y111.871 E1.66911
G1 X109.536 Y111.815 E1.68806
G1 X109.02 Y111.597 E1.70702
G1 X108.587 Y111.234 E1.72615
G1 X108.396 Y110.972 E1.73712
G1 X108.18 Y110.45 E1.75624
G1 X108.145 Y110.079 E1.76885
G1 X108.156 Y109.696 E1.78182
G1 X108.286 Y109.238 E1.79794
G1 X108.592 Y108.762 E1.81709
G1 X108.806 Y108.582 E1.82656
G1 X109.17 Y108.327 E1.8416
G1 X109.474 Y108.22 E1.85251
G1 X109.98 Y108.129 E1.86991
G1 X110.536 Y108.206 E1.88891
G1 X111.035 Y108.441 E1.90758
G1 X111.377 Y108.733 E1.9228
G1 X111.66 Y109.156 E1.94003
G1 X111.806 Y109.31 E1.94721
G1 X112.272 Y109.325 E1.96299
G1 X112.272 Y110.675 E2.00869
G1 X111.83 Y110.689 E2.02366
G1 X111.57 Y110.993 F9000
G1 E1.22366 F2100
G92 E0
G1 X109.279 Y110.023 F9000
G1 E.8 F2100
;TYPE:Solid infill
G1 F600
G1 X109.282 Y110.185 E.80548
G1 X109.371 Y110.402 E.81342
G1 X109.617 Y110.634 E.82487
G1 X109.932 Y110.729 E.83601
G1 X110.189 Y110.719 E.84472
G1 X110.437 Y110.603 E.85399
G1 X110.655 Y110.357 E.86512
G1 X110.909 Y109.992 E.88017
G1 X110.536 Y109.487 E.90142
G1 X110.198 Y109.285 E.91475
G1 X109.996 Y109.25 E.92169
G1 X109.709 Y109.314 E.93164
G1 X109.444 Y109.511 E.94282
G1 X109.276 Y109.82 E.95473
G1 X109.745 Y110.005 E.9718
;WIDTH:0.56759
G1 X109.804 Y109.824 E.98011
G1 X110.008 Y109.725 E.99
G1 X110.181 Y109.797 E.99817
G1 X110.33 Y109.992 E1.00888
G1 X110.255 Y110.119 E1.01531
G1 X110.117 Y110.238 E1.02326
G1 X109.931 Y110.261 E1.03144
G1 X109.826 Y110.182 E1.03717
;LAYER_CHANGE
;Z:4
;HEIGHT:0.2
G1 Z4 F9000
G1 X111.36 Y110.026
;TYPE:Perimeter
;WIDTH:0.449999
G1 F600
G1 X111.182 Y110.14 E1.04432
G1 X110.856 Y110.615 E1.06382
G1 X110.611 Y110.857 E1.07548
G1 X110.171 Y111.032 E1.09151
G1 X109.739 Y111.017 E1.10614
G1 X109.45 Y110.895 E1.11676
G1 X109.187 Y110.674 E1.12839
G1 X108.979 Y110.252 E1.14432
G1 X108.947 Y109.911 E1.15591
G1 X108.995 Y109.68 E1.1639
G1 X109.21 Y109.306 E1.1785
G1 X109.474 Y109.085 E1.19015
G1 X109.955 Y108.946 E1.2071
G1 X110.292 Y108.991 E1.21861
G1 X110.675 Y109.204 E1.23344
G1 X111.182 Y109.86 E1.2615
G1 X111.39 Y109.994 E1.26988
G1 X111.569 Y110.367 F9000
G1 F600
G1 X111.462 Y110.435 E1.27417
G1 X111.189 Y110.853 E1.29107
G1 X110.829 Y111.204 E1.30809
G1 X110.402 Y111.405 E1.32406
G1 X110.079 Y111.46 E1.33515
G1 X109.638 Y111.416 E1.35015
G1 X109.236 Y111.247 E1.36491
G1 X108.82 Y110.863 E1.38407
G1 X108.579 Y110.351 E1.40322
G1 X108.537 Y109.9 E1.41855
G1 X108.655 Y109.416 E1.43541
G1 X108.901 Y109.034 E1.45079
G1 X109.351 Y108.691 E1.46994
G1 X109.925 Y108.536 E1.49007
G1 X110.414 Y108.599 E1.50676
G1 X110.659 Y108.714 E1.51592
G1 X110.94 Y108.895 E1.52723
G1 X111.166 Y109.149 E1.53874
G1 X111.462 Y109.565 E1.55602
G1 X111.654 Y109.688 E1.56374
G1 X111.865 Y109.729 E1.57102
G1 X111.865 Y110.271 E1.58937
G1 X111.654 Y110.312 E1.59665
G1 X111.619 Y110.335 E1.59807
G1 X111.779 Y110.713 F9000
;TYPE:External perimeter
G1 F600
G1 X111.707 Y110.775 E1.60129
G1 X111.419 Y111.21 E1.61895
G1 X111.047 Y111.552 E1.63605
G1 X110.525 Y111.797 E1.65557
G1 X110.093 Y111.871 E1.67041
G1 X109.536 Y111.815 E1.68936
G1 X109.021 Y111.598 E1.70828
G1 X108.588 Y111.234 E1.72743
G1 X108.396 Y110.973 E1.7384
G1 X108.18 Y110.451 E1.75752
G1 X108.145 Y110.081 E1.7701
G1 X108.156 Y109.697 E1.7831
G1 X108.286 Y109.237 E1.79928
G1 X108.593 Y108.762 E1.81842
G1 X108.807 Y108.582 E1.82789
G1 X109.171 Y108.326 E1.84295
G1 X109.475 Y108.219 E1.85386
G1 X109.979 Y108.128 E1.8712
G1 X110.537 Y108.207 E1.89028
G1 X111.034 Y108.44 E1.90886
G1 X111.377 Y108.733 E1.92413
G1 X111.66 Y109.156 E1.94136
G1 X111.806 Y109.31 E1.94854
G1 X112.272 Y109.325 E1.96432
G1 X112.272 Y110.675 E2.01002
G1 X111.83 Y110.689 E2.02499
G1 X111.57 Y110.993 F9000
G1 E1.22499 F2100
G92 E0
G1 X109.995 Y109.25 F9000
G1 E.8 F2100
;TYPE:Solid infill
G1 F600
G1 X110.2 Y109.285 E.80704
G1 X110.536 Y109.487 E.82031
G1 X110.909 Y109.992 E.84156
G1 X110.443 Y110.599 E.86746
G1 X110.187 Y110.719 E.87703
G1 X109.931 Y110.729 E.8857
G1 X109.617 Y110.634 E.8968
G1 X109.372 Y110.402 E.90822
G1 X109.282 Y110.186 E.91614
G1 X109.276 Y109.819 E.92856
G1 X109.445 Y109.511 E.94045
G1 X109.71 Y109.314 E.95163
G1 X109.796 Y109.295 E.95461
G1 X109.977 Y109.732 E.97062
;WIDTH:0.56715
G1 X110.122 Y109.763 E.97708
G1 X110.33 Y109.992 E.99057
G1 X110.22 Y110.164 E.99947
G1 X110.102 Y110.245 E1.00571
G1 X109.932 Y110.261 E1.01315
G1 X109.781 Y110.149 E1.02135
G1 X109.745 Y110.006 E1.02778
G1 X109.802 Y109.831 E1.0358
;LAYER_CHANGE
;Z:4.2
;HEIGHT:0.2
G1 Z4.2 F9000
G1 X111.36 Y110.026
;TYPE:Perimeter
;WIDTH:0.449999
G1 F600
G1 X111.182 Y110.14 E1.04295
G1 X110.856 Y110.615 E1.06245
G1 X110.612 Y110.856 E1.07406
G1 X110.171 Y111.032 E1.09013
G1 X109.74 Y111.017 E1.10473
G1 X109.451 Y110.895 E1.11535
G1 X109.187 Y110.674 E1.127
G1 X108.979 Y110.253 E1.14289
G1 X108.947 Y109.912 E1.15448
G1 X108.995 Y109.679 E1.16253
G1 X109.211 Y109.306 E1.17712
G1 X109.474 Y109.085 E1.18875
G1 X109.957 Y108.946 E1.20576
G1 X110.293 Y108.991 E1.21723
G1 X110.675 Y109.204 E1.23203
G1 X111.182 Y109.86 E1.26009
G1 X111.39 Y109.994 E1.26847
G1 X111.569 Y110.367 F9000
G1 F600
G1 X111.462 Y110.436 E1.27278
G1 X111.189 Y110.853 E1.28965
G1 X110.83 Y111.204 E1.30664
G1 X110.402 Y111.405 E1.32265
G1 X110.079 Y111.46 E1.33374
G1 X109.638 Y111.416 E1.34874
G1 X109.236 Y111.247 E1.3635
G1 X108.821 Y110.863 E1.38264
G1 X108.58 Y110.352 E1.40176
G1 X108.537 Y109.9 E1.41713
G1 X108.655 Y109.416 E1.43399
G1 X108.902 Y109.033 E1.44942
G1 X109.352 Y108.691 E1.46855
G1 X109.925 Y108.536 E1.48864
G1 X110.416 Y108.599 E1.5054
G1 X110.658 Y108.713 E1.51445
G1 X110.939 Y108.895 E1.52578
G1 X111.166 Y109.15 E1.53734
G1 X111.462 Y109.565 E1.55459
G1 X111.654 Y109.688 E1.56231
G1 X111.865 Y109.729 E1.56959
G1 X111.865 Y110.271 E1.58794
G1 X111.654 Y110.312 E1.59522
G1 X111.619 Y110.335 E1.59664
G1 X111.779 Y110.713 F9000
;TYPE:External perimeter
G1 F600
G1 X111.707 Y110.775 E1.59986
G1 X111.419 Y111.209 E1.61749
G1 X111.048 Y111.551 E1.63457
G1 X110.525 Y111.797 E1.65413
G1 X110.093 Y111.871 E1.66897
G1 X109.537 Y111.815 E1.68789
G1 X109.021 Y111.598 E1.70684
G1 X108.588 Y111.235 E1.72597
G1 X108.397 Y110.973 E1.73694
G1 X108.18 Y110.451 E1.75607
G1 X108.145 Y110.082 E1.76862
G1 X108.156 Y109.697 E1.78166
G1 X108.287 Y109.236 E1.79788
G1 X108.593 Y108.761 E1.81701
G1 X108.807 Y108.581 E1.82648
G1 X109.172 Y108.326 E1.84155
G1 X109.475 Y108.219 E1.85243
G1 X109.978 Y108.128 E1.86973
G1 X110.538 Y108.207 E1.88887
G1 X111.034 Y108.44 E1.90742
G1 X111.378 Y108.734 E1.92274
G1 X111.66 Y109.156 E1.93992
G1 X111.806 Y109.31 E1.9471
G1 X112.272 Y109.325 E1.96288
G1 X112.272 Y110.675 E2.00858
G1 X111.83 Y110.689 E2.02355
G1 X111.57 Y110.993 F9000
G1 E1.22355 F2100
G92 E0
G1 X109.279 Y110.022 F9000
G1 E.8 F2100
;TYPE:Solid infill
G1 F600
G1 X109.282 Y110.186 E.80555
G1 X109.372 Y110.402 E.81347
G1 X109.617 Y110.634 E.82489
G1 X109.931 Y110.729 E.83599
G1 X110.186 Y110.719 E.84463
G1 X110.444 Y110.598 E.85428
G1 X110.654 Y110.359 E.86505
G1 X110.909 Y109.992 E.88018
G1 X110.537 Y109.488 E.90138
G1 X110.201 Y109.286 E.91465
G1 X109.994 Y109.251 E.92176
G1 X109.71 Y109.314 E.93161
G1 X109.445 Y109.511 E.94279
G1 X109.276 Y109.819 E.95468
G1 X109.745 Y110.006 E.97177
;WIDTH:0.567113
G1 X109.804 Y109.824 E.98011
G1 X110.007 Y109.725 E.98995
G1 X110.181 Y109.796 E.99814
G1 X110.33 Y109.992 E1.00887
G1 X110.254 Y110.12 E1.01536
G1 X110.101 Y110.245 E1.02397
G1 X109.932 Y110.262 E1.03137
G1 X109.826 Y110.183 E1.03713
;LAYER_CHANGE
;Z:4.4
;HEIGHT:0.2
G1 Z4.4 F9000
G1 X111.36 Y110.026
;TYPE:Perimeter
;WIDTH:0.449999
G1 F600
G1 X111.182 Y110.14 E1.04428
G1 X110.676 Y110.795 E1.0723
G1 X110.294 Y111.007 E1.08709
G1 X109.957 Y111.054 E1.09861
G1 X109.505 Y110.927 E1.1145
G1 X109.254 Y110.74 E1.12509
G1 X109.068 Y110.488 E1.13569
G1 X108.956 Y110.165 E1.14726
G1 X108.996 Y109.686 E1.16353
G1 X109.134 Y109.405 E1.17413
G1 X109.348 Y109.176 E1.18474
G1 X109.62 Y109.021 E1.19534
G1 X109.959 Y108.946 E1.20709
G1 X110.295 Y108.992 E1.21857
G1 X110.675 Y109.204 E1.2333
G1 X111.182 Y109.86 E1.26136
G1 X111.39 Y109.993 E1.26972
G1 X111.569 Y110.367 F9000
G1 F600
G1 X111.462 Y110.435 E1.27401
G1 X111.071 Y110.993 E1.29707
G1 X110.811 Y111.215 E1.30864
G1 X110.411 Y111.401 E1.32357
G1 X109.855 Y111.453 E1.34247
G1 X109.312 Y111.29 E1.36166
G1 X108.962 Y111.031 E1.3764
G1 X108.704 Y110.679 E1.39117
G1 X108.545 Y110.131 E1.41048
G1 X108.603 Y109.563 E1.42981
G1 X108.795 Y109.171 E1.44458
G1 X109.093 Y108.853 E1.45933
G1 X109.472 Y108.637 E1.4741
G1 X109.926 Y108.536 E1.48984
G1 X110.417 Y108.6 E1.5066
G1 X110.657 Y108.712 E1.51556
G1 X110.939 Y108.895 E1.52694
G1 X111.167 Y109.151 E1.53854
G1 X111.462 Y109.565 E1.55575
G1 X111.654 Y109.688 E1.56347
G1 X111.865 Y109.729 E1.57075
G1 X111.865 Y110.271 E1.5891
G1 X111.654 Y110.312 E1.59638
G1 X111.619 Y110.335 E1.5978
G1 X111.779 Y110.712 F9000
;TYPE:External perimeter
G1 F600
G1 X111.713 Y110.765 E1.60067
G1 X111.378 Y111.266 E1.62107
G1 X111.033 Y111.56 E1.63641
G1 X110.528 Y111.796 E1.65528
G1 X109.974 Y111.873 E1.67421
G1 X109.656 Y111.842 E1.68502
G1 X109.12 Y111.654 E1.70425
G1 X108.67 Y111.321 E1.7232
G1 X108.339 Y110.871 E1.74211
G1 X108.155 Y110.337 E1.76123
G1 X108.124 Y109.998 E1.77275
G1 X108.211 Y109.44 E1.79187
G1 X108.456 Y108.937 E1.81081
G1 X108.838 Y108.53 E1.8297
G1 X109.324 Y108.253 E1.84863
G1 X109.977 Y108.128 E1.87113
G1 X110.54 Y108.208 E1.89038
G1 X111.033 Y108.439 E1.90881
G1 X111.378 Y108.734 E1.92417
G1 X111.713 Y109.235 E1.94457
G1 X111.806 Y109.31 E1.94861
G1 X112.272 Y109.325 E1.96439
G1 X112.272 Y110.675 E2.01009
G1 X111.831 Y110.689 E2.02502
G1 X111.569 Y110.991 F9000
G1 E1.22502 F2100
G92 E0
G1 X109.994 Y109.251 F9000
G1 E.8 F2100
;TYPE:Solid infill
G1 F600
G1 X110.282 Y109.323 E.81005
G1 X110.537 Y109.488 E.82033
G1 X110.915 Y110 E.84187
G1 X110.485 Y110.557 E.86569
G1 X110.212 Y110.708 E.87625
G1 X109.881 Y110.735 E.88749
G1 X109.568 Y110.593 E.89912
G1 X109.346 Y110.35 E.91026
G1 X109.254 Y110.016 E.92199
G1 X109.276 Y109.877 E.92675
G1 X109.388 Y109.58 E.93749
G1 X109.633 Y109.365 E.94852
G1 X109.8 Y109.312 E.95445
G1 X109.973 Y109.732 E.96983
;WIDTH:0.566534
G1 X110.122 Y109.763 E.97646
G1 X110.337 Y110 E.99039
G1 X110.168 Y110.215 E1.0023
G1 X109.942 Y110.263 E1.01236
G1 X109.806 Y110.19 E1.01908
G1 X109.729 Y109.988 E1.02849
G1 X109.796 Y109.829 E1.036
;LAYER_CHANGE
;Z:4.6
;HEIGHT:0.2
G1 Z4.6 F9000
G1 X111.36 Y110.026
;TYPE:Perimeter
;WIDTH:0.449999
G1 F600
G1 X111.182 Y110.14 E1.04315
G1 X110.676 Y110.795 E1.07117
G1 X110.294 Y111.007 E1.08596
G1 X109.957 Y111.054 E1.09748
G1 X109.506 Y110.927 E1.11334
G1 X109.254 Y110.741 E1.12394
G1 X109.069 Y110.488 E1.13455
G1 X108.957 Y110.165 E1.14612
G1 X108.996 Y109.686 E1.16239
G1 X109.134 Y109.404 E1.17302
G1 X109.348 Y109.176 E1.1836
G1 X109.62 Y109.021 E1.1942
G1 X109.961 Y108.945 E1.20603
G1 X110.296 Y108.992 E1.21748
G1 X110.674 Y109.204 E1.23215
G1 X111.182 Y109.86 E1.26023
G1 X111.39 Y109.993 E1.26859
G1 X111.569 Y110.367 F9000
G1 F600
G1 X111.462 Y110.435 E1.27288
G1 X111.071 Y110.992 E1.29592
G1 X110.811 Y111.215 E1.30751
G1 X110.411 Y111.401 E1.32244
G1 X109.856 Y111.453 E1.34131
G1 X109.313 Y111.291 E1.36049
G1 X108.963 Y111.031 E1.37525
G1 X108.704 Y110.68 E1.39002
G1 X108.545 Y110.131 E1.40937
G1 X108.604 Y109.562 E1.42873
G1 X108.795 Y109.17 E1.44349
G1 X109.093 Y108.852 E1.45824
G1 X109.472 Y108.637 E1.47299
G1 X109.927 Y108.536 E1.48877
G1 X110.419 Y108.6 E1.50556
G1 X110.655 Y108.711 E1.51439
G1 X110.939 Y108.895 E1.52584
G1 X111.168 Y109.152 E1.53749
G1 X111.462 Y109.565 E1.55465
G1 X111.654 Y109.688 E1.56237
G1 X111.865 Y109.729 E1.56965
G1 X111.865 Y110.271 E1.588
G1 X111.654 Y110.312 E1.59528
G1 X111.619 Y110.335 E1.5967
G1 X111.779 Y110.712 F9000
;TYPE:External perimeter
G1 F600
G1 X111.713 Y110.765 E1.59957
G1 X111.378 Y111.265 E1.61994
G1 X111.033 Y111.561 E1.63533
G1 X110.528 Y111.796 E1.65418
G1 X109.974 Y111.873 E1.67311
G1 X109.657 Y111.842 E1.68389
G1 X109.12 Y111.654 E1.70315
G1 X108.671 Y111.322 E1.72205
G1 X108.34 Y110.871 E1.74099
G1 X108.155 Y110.338 E1.76009
G1 X108.124 Y109.997 E1.77168
G1 X108.211 Y109.439 E1.7908
G1 X108.456 Y108.937 E1.80971
G1 X108.839 Y108.529 E1.82865
G1 X109.324 Y108.253 E1.84754
G1 X109.976 Y108.128 E1.87001
G1 X110.541 Y108.208 E1.88933
G1 X111.032 Y108.439 E1.9077
G1 X111.378 Y108.735 E1.92311
G1 X111.713 Y109.235 E1.94348
G1 X111.806 Y109.31 E1.94752
G1 X112.272 Y109.325 E1.9633
G1 X112.272 Y110.675 E2.009
G1 X111.831 Y110.689 E2.02393
G1 X111.569 Y110.991 F9000
G1 E1.22393 F2100
G92 E0
G1 X109.254 Y110.015 F9000
G1 E.8 F2100
;TYPE:Solid infill
G1 F600
G1 X109.276 Y109.876 E.80476
G1 X109.388 Y109.58 E.81547
G1 X109.633 Y109.365 E.8265
G1 X109.993 Y109.251 E.83928
G1 X110.204 Y109.287 E.84653
G1 X110.537 Y109.489 E.85971
G1 X110.915 Y110 E.88122
G1 X110.537 Y110.511 E.90273
G1 X110.212 Y110.708 E.91559
G1 X109.882 Y110.735 E.9268
G1 X109.568 Y110.593 E.93846
G1 X109.346 Y110.35 E.9496
G1 X109.308 Y110.211 E.95448
G1 X109.785 Y110.145 E.97078
;WIDTH:0.566598
G1 X109.791 Y110.17 E.9719
G1 X109.943 Y110.263 E.97966
G1 X110.167 Y110.215 E.98964
G1 X110.337 Y110 E1.00157
G1 X110.181 Y109.796 E1.01275
G1 X110.005 Y109.725 E1.02101
G1 X109.83 Y109.788 E1.02911
G1 X109.736 Y109.948 E1.03719
;LAYER_CHANGE
;Z:4.8
;HEIGHT:0.2
G1 Z4.8 F9000
G1 X111.36 Y110.026
;TYPE:Perimeter
;WIDTH:0.449999
G1 F600
G1 X111.182 Y110.14 E1.04434
G1 X110.676 Y110.795 E1.07236
G1 X110.294 Y111.007 E1.08715
G1 X109.958 Y111.054 E1.09863
G1 X109.506 Y110.927 E1.11452
G1 X109.255 Y110.741 E1.12509
G1 X109.069 Y110.489 E1.13569
G1 X108.957 Y110.166 E1.14726
G1 X108.996 Y109.685 E1.16359
G1 X109.134 Y109.404 E1.17419
G1 X109.348 Y109.176 E1.18477
G1 X109.621 Y109.021 E1.1954
G1 X109.963 Y108.945 E1.20726
G1 X110.298 Y108.993 E1.21872
G1 X110.674 Y109.204 E1.23331
G1 X111.182 Y109.86 E1.26139
G1 X111.39 Y109.993 E1.26975
G1 X111.569 Y110.367 F9000
G1 F600
G1 X111.462 Y110.435 E1.27404
G1 X111.071 Y110.992 E1.29708
G1 X110.81 Y111.216 E1.30872
G1 X110.411 Y111.401 E1.32361
G1 X109.857 Y111.453 E1.34244
G1 X109.313 Y111.291 E1.36165
G1 X108.963 Y111.032 E1.37639
G1 X108.705 Y110.68 E1.39116
G1 X108.545 Y110.131 E1.41052
G1 X108.604 Y109.562 E1.42988
G1 X108.795 Y109.17 E1.44464
G1 X109.094 Y108.852 E1.45941
G1 X109.473 Y108.637 E1.47416
G1 X109.927 Y108.536 E1.4899
G1 X110.42 Y108.601 E1.50673
G1 X110.654 Y108.711 E1.51548
G1 X110.939 Y108.894 E1.52694
G1 X111.169 Y109.153 E1.53866
G1 X111.462 Y109.565 E1.55577
G1 X111.654 Y109.688 E1.56349
G1 X111.865 Y109.729 E1.57077
G1 X111.865 Y110.271 E1.58912
G1 X111.654 Y110.312 E1.5964
G1 X111.619 Y110.335 E1.59782
G1 X111.779 Y110.712 F9000
;TYPE:External perimeter
G1 F600
G1 X111.713 Y110.765 E1.60069
G1 X111.379 Y111.265 E1.62104
G1 X111.032 Y111.561 E1.63648
G1 X110.527 Y111.796 E1.65533
G1 X110.132 Y111.851 E1.66883
G1 X109.658 Y111.842 E1.68488
G1 X109.121 Y111.655 E1.70413
G1 X108.672 Y111.322 E1.72305
G1 X108.34 Y110.872 E1.74198
G1 X108.155 Y110.339 E1.76108
G1 X108.124 Y109.996 E1.77274
G1 X108.211 Y109.438 E1.79186
G1 X108.456 Y108.936 E1.81077
G1 X108.839 Y108.529 E1.82969
G1 X109.325 Y108.252 E1.84862
G1 X109.975 Y108.128 E1.87102
G1 X110.543 Y108.209 E1.89044
G1 X111.032 Y108.438 E1.90872
G1 X111.379 Y108.735 E1.92418
G1 X111.713 Y109.235 E1.94453
G1 X111.806 Y109.31 E1.94857
G1 X112.272 Y109.325 E1.96435
G1 X112.272 Y110.675 E2.01005
G1 X111.831 Y110.689 E2.02498
G1 X111.569 Y110.991 F9000
G1 E1.22498 F2100
G92 E0
G1 X109.993 Y109.251 F9000
G1 E.8 F2100
;TYPE:Solid infill
G1 F600
G1 X110.287 Y109.325 E.81026
G1 X110.538 Y109.489 E.82041
G1 X110.915 Y110 E.8419
G1 X110.485 Y110.556 E.86569
G1 X110.212 Y110.708 E.87627
G1 X109.883 Y110.735 E.88744
G1 X109.568 Y110.593 E.89914
G1 X109.346 Y110.35 E.91028
G1 X109.254 Y110.014 E.92207
G1 X109.276 Y109.876 E.9268
G1 X109.388 Y109.579 E.93754
G1 X109.633 Y109.365 E.94855
G1 X109.798 Y109.313 E.95441
G1 X109.969 Y109.733 E.96976
;WIDTH:0.566665
G1 X110.122 Y109.762 E.97654
G1 X110.337 Y110 E.99051
G1 X110.167 Y110.216 E1.00248
G1 X109.943 Y110.263 E1.01245
G1 X109.806 Y110.19 E1.01921
G1 X109.729 Y109.988 E1.02862
G1 X109.795 Y109.832 E1.036
;LAYER_CHANGE
;Z:5
;HEIGHT:0.2
G1 Z5 F9000
G1 X111.36 Y110.026
;TYPE:Perimeter
;WIDTH:0.449999
G1 F600
G1 X111.182 Y110.14 E1.04315
G1 X110.676 Y110.795 E1.07117
G1 X110.294 Y111.007 E1.08596
G1 X109.958 Y111.054 E1.09744
G1 X109.506 Y110.927 E1.11333
G1 X109.255 Y110.741 E1.1239
G1 X109.069 Y110.489 E1.1345
G1 X108.957 Y110.167 E1.14604
G1 X108.997 Y109.685 E1.16241
G1 X109.134 Y109.404 E1.17299
G1 X109.349 Y109.175 E1.18362
G1 X109.621 Y109.021 E1.1942
G1 X109.965 Y108.945 E1.20612
G1 X110.299 Y108.993 E1.21754
G1 X110.674 Y109.204 E1.2321
G1 X111.182 Y109.86 E1.26018
G1 X111.39 Y109.993 E1.26854
G1 X111.569 Y110.367 F9000
G1 F600
G1 X111.462 Y110.435 E1.27283
G1 X111.072 Y110.992 E1.29585
G1 X110.809 Y111.216 E1.30754
G1 X110.411 Y111.401 E1.3224
G1 X109.857 Y111.453 E1.34123
G1 X109.314 Y111.291 E1.36041
G1 X108.963 Y111.032 E1.37518
G1 X108.705 Y110.681 E1.38993
G1 X108.545 Y110.131 E1.40932
G1 X108.604 Y109.561 E1.42872
G1 X108.796 Y109.169 E1.44349
G1 X109.094 Y108.852 E1.45822
G1 X109.473 Y108.636 E1.47299
G1 X109.928 Y108.536 E1.48876
G1 X110.422 Y108.601 E1.50563
G1 X110.653 Y108.71 E1.51428
G1 X110.938 Y108.894 E1.52576
G1 X111.169 Y109.154 E1.53753
G1 X111.462 Y109.565 E1.55462
G1 X111.654 Y109.688 E1.56234
G1 X111.865 Y109.729 E1.56962
G1 X111.865 Y110.271 E1.58797
G1 X111.654 Y110.312 E1.59525
G1 X111.619 Y110.335 E1.59667
G1 X111.779 Y110.712 F9000
;TYPE:External perimeter
G1 F600
G1 X111.713 Y110.765 E1.59954
G1 X111.379 Y111.265 E1.61989
G1 X111.032 Y111.562 E1.63535
G1 X110.527 Y111.796 E1.65419
G1 X110.132 Y111.851 E1.66769
G1 X109.659 Y111.843 E1.6837
G1 X109.121 Y111.655 E1.70299
G1 X108.672 Y111.323 E1.72189
G1 X108.341 Y110.873 E1.7408
G1 X108.155 Y110.34 E1.75991
G1 X108.124 Y109.995 E1.77163
G1 X108.211 Y109.437 E1.79075
G1 X108.457 Y108.935 E1.80967
G1 X108.84 Y108.528 E1.82859
G1 X109.326 Y108.252 E1.84751
G1 X109.974 Y108.128 E1.86984
G1 X110.544 Y108.209 E1.88933
G1 X111.031 Y108.438 E1.90755
G1 X111.379 Y108.735 E1.92304
G1 X111.713 Y109.235 E1.94339
G1 X111.806 Y109.31 E1.94743
G1 X112.272 Y109.325 E1.96321
G1 X112.272 Y110.675 E2.00891
G1 X111.831 Y110.689 E2.02384
G1 X111.569 Y110.991 F9000
G1 E1.22384 F2100
G92 E0
G1 X109.254 Y110.014 F9000
G1 E.8 F2100
;TYPE:Solid infill
G1 F600
G1 X109.276 Y109.875 E.80476
G1 X109.388 Y109.579 E.81547
G1 X109.633 Y109.365 E.82648
G1 X109.992 Y109.251 E.83923
G1 X110.207 Y109.288 E.84661
G1 X110.538 Y109.489 E.85972
G1 X110.915 Y110 E.88121
G1 X110.485 Y110.556 E.905
G1 X110.212 Y110.708 E.91558
G1 X109.883 Y110.735 E.92675
G1 X109.568 Y110.593 E.93845
G1 X109.346 Y110.351 E.94957
G1 X109.308 Y110.21 E.95451
G1 X109.785 Y110.145 E.97081
;WIDTH:0.566731
G1 X109.791 Y110.17 E.97193
G1 X109.943 Y110.263 E.97969
G1 X110.167 Y110.216 E.98966
G1 X110.337 Y110 E1.00163
G1 X110.181 Y109.796 E1.01282
G1 X110.004 Y109.725 E1.02113
G1 X109.831 Y109.788 E1.02915
G1 X109.736 Y109.947 E1.03722
;LAYER_CHANGE
;Z:5.2
;HEIGHT:0.2
G1 Z5.2 F9000
G1 X111.36 Y110.026
;TYPE:Perimeter
;WIDTH:0.449999
G1 F600
G1 X111.182 Y110.14 E1.04437
G1 X110.676 Y110.795 E1.07239
G1 X110.294 Y111.007 E1.08718
G1 X109.958 Y111.054 E1.09866
G1 X109.507 Y110.927 E1.11452
G1 X109.255 Y110.742 E1.1251
G1 X109.069 Y110.489 E1.13573
G1 X108.95 Y110.094 E1.14969
G1 X108.997 Y109.684 E1.16366
G1 X109.135 Y109.403 E1.17426
G1 X109.349 Y109.175 E1.18484
G1 X109.622 Y109.02 E1.19547
G1 X109.966 Y108.945 E1.20739
G1 X110.284 Y108.989 E1.21826
G1 X110.676 Y109.205 E1.23341
G1 X111.182 Y109.86 E1.26143
G1 X111.39 Y109.993 E1.26979
G1 X111.569 Y110.367 F9000
G1 F600
G1 X111.462 Y110.436 E1.2741
G1 X111.072 Y110.991 E1.29706
G1 X110.809 Y111.216 E1.30878
G1 X110.41 Y111.402 E1.32368
G1 X109.858 Y111.453 E1.34244
G1 X109.314 Y111.291 E1.36165
G1 X108.964 Y111.032 E1.37639
G1 X108.705 Y110.681 E1.39116
G1 X108.545 Y110.131 E1.41055
G1 X108.604 Y109.561 E1.42995
G1 X108.796 Y109.169 E1.44472
G1 X109.095 Y108.851 E1.45949
G1 X109.474 Y108.636 E1.47424
G1 X109.929 Y108.536 E1.49001
G1 X110.404 Y108.596 E1.50622
G1 X110.652 Y108.711 E1.51547
G1 X110.94 Y108.896 E1.52706
G1 X111.169 Y109.153 E1.53871
G1 X111.462 Y109.564 E1.5558
G1 X111.654 Y109.688 E1.56354
G1 X111.865 Y109.729 E1.57082
G1 X111.865 Y110.271 E1.58917
G1 X111.654 Y110.312 E1.59645
G1 X111.619 Y110.335 E1.59787
G1 X111.779 Y110.712 F9000
;TYPE:External perimeter
G1 F600
G1 X111.713 Y110.765 E1.60074
G1 X111.379 Y111.264 E1.62106
G1 X111.031 Y111.562 E1.63657
G1 X110.527 Y111.796 E1.65538
G1 X110.132 Y111.852 E1.66888
G1 X109.66 Y111.843 E1.68486
G1 X109.122 Y111.655 E1.70415
G1 X108.673 Y111.323 E1.72305
G1 X108.341 Y110.874 E1.74195
G1 X108.155 Y110.34 E1.76109
G1 X108.124 Y109.994 E1.77285
G1 X108.212 Y109.437 E1.79194
G1 X108.457 Y108.935 E1.81085
G1 X108.84 Y108.528 E1.82977
G1 X109.326 Y108.252 E1.84869
G1 X109.975 Y108.128 E1.87106
G1 X110.525 Y108.203 E1.88985
G1 X111.031 Y108.438 E1.90873
G1 X111.379 Y108.736 E1.92424
G1 X111.713 Y109.235 E1.94456
G1 X111.806 Y109.31 E1.9486
G1 X112.272 Y109.325 E1.96438
G1 X112.272 Y110.675 E2.01008
G1 X111.831 Y110.689 E2.02501
G1 X111.569 Y110.991 F9000
G1 E1.22501 F2100
G92 E0
G1 X109.994 Y109.251 F9000
G1 E.8 F2100
;TYPE:Solid infill
G1 F600
G1 X110.271 Y109.319 E.80965
G1 X110.538 Y109.49 E.82038
G1 X110.915 Y110 E.84185
G1 X110.485 Y110.556 E.86564
G1 X110.212 Y110.708 E.87622
G1 X109.884 Y110.735 E.88736
G1 X109.568 Y110.593 E.89909
G1 X109.347 Y110.351 E.91018
G1 X109.254 Y110.013 E.92205
G1 X109.276 Y109.875 E.92678
G1 X109.388 Y109.579 E.93749
G1 X109.633 Y109.365 E.9485
G1 X109.8 Y109.312 E.95443
G1 X109.979 Y109.731 E.96985
;WIDTH:0.566144
G1 X110.147 Y109.775 E.97741
G1 X110.337 Y110 E.99022
G1 X110.166 Y110.216 E1.00221
G1 X109.944 Y110.264 E1.01209
G1 X109.806 Y110.191 E1.01888
G1 X109.729 Y109.987 E1.02837
G1 X109.801 Y109.824 E1.03612
;LAYER_CHANGE
;Z:5.4
;HEIGHT:0.2
G1 Z5.4 F9000
G1 X111.36 Y110.026
;TYPE:Perimeter
;WIDTH:0.449999
G1 F600
G1 X111.182 Y110.14 E1.04327
G1 X110.675 Y110.795 E1.07131
G1 X110.294 Y111.007 E1.08607
G1 X109.959 Y111.054 E1.09752
G1 X109.507 Y110.927 E1.11341
G1 X109.255 Y110.742 E1.12399
G1 X109.07 Y110.49 E1.13457
G1 X108.951 Y110.094 E1.14857
G1 X108.997 Y109.684 E1.16254
G1 X109.135 Y109.403 E1.17314
G1 X109.349 Y109.175 E1.18372
G1 X109.622 Y109.02 E1.19435
G1 X109.968 Y108.944 E1.20634
G1 X110.284 Y108.989 E1.21714
G1 X110.675 Y109.205 E1.23226
G1 X111.182 Y109.86 E1.2603
G1 X111.39 Y109.993 E1.26866
G1 X111.569 Y110.367 F9000
G1 F600
G1 X111.462 Y110.436 E1.27297
G1 X111.073 Y110.991 E1.29591
G1 X110.808 Y111.217 E1.3077
G1 X110.41 Y111.402 E1.32256
G1 X109.859 Y111.453 E1.34129
G1 X109.315 Y111.292 E1.36049
G1 X108.964 Y111.033 E1.37526
G1 X108.705 Y110.682 E1.39003
G1 X108.545 Y110.131 E1.40945
G1 X108.604 Y109.56 E1.42888
G1 X108.796 Y109.168 E1.44365
G1 X109.095 Y108.851 E1.4584
G1 X109.475 Y108.636 E1.47318
G1 X109.929 Y108.536 E1.48892
G1 X110.404 Y108.596 E1.50513
G1 X110.651 Y108.71 E1.51434
G1 X110.94 Y108.896 E1.52597
G1 X111.17 Y109.154 E1.53767
G1 X111.462 Y109.564 E1.55471
G1 X111.654 Y109.688 E1.56245
G1 X111.865 Y109.729 E1.56973
G1 X111.865 Y110.271 E1.58808
G1 X111.654 Y110.312 E1.59536
G1 X111.619 Y110.335 E1.59678
G1 X111.779 Y110.712 F9000
;TYPE:External perimeter
G1 F600
G1 X111.713 Y110.765 E1.59965
G1 X111.38 Y111.264 E1.61996
G1 X111.03 Y111.562 E1.63552
G1 X110.527 Y111.796 E1.6543
G1 X110.132 Y111.852 E1.6678
G1 X109.661 Y111.843 E1.68375
G1 X109.123 Y111.656 E1.70303
G1 X108.673 Y111.324 E1.72196
G1 X108.341 Y110.874 E1.74089
G1 X108.155 Y110.341 E1.76
G1 X108.124 Y109.993 E1.77183
G1 X108.212 Y109.436 E1.79092
G1 X108.458 Y108.934 E1.80984
G1 X108.841 Y108.527 E1.82876
G1 X109.327 Y108.252 E1.84766
G1 X109.974 Y108.128 E1.86996
G1 X110.525 Y108.203 E1.88878
G1 X111.03 Y108.438 E1.90763
G1 X111.38 Y108.736 E1.92319
G1 X111.713 Y109.235 E1.9435
G1 X111.806 Y109.31 E1.94754
G1 X112.272 Y109.325 E1.96332
G1 X112.272 Y110.675 E2.00902
G1 X111.831 Y110.689 E2.02395
G1 X111.569 Y110.991 F9000
G1 E1.22395 F2100
G92 E0
G1 X109.254 Y110.013 F9000
G1 E.8 F2100
;TYPE:Solid infill
G1 F600
G1 X109.276 Y109.874 E.80476
G1 X109.389 Y109.579 E.81545
G1 X109.634 Y109.365 E.82646
G1 X109.993 Y109.251 E.83921
G1 X110.194 Y109.283 E.8461
G1 X110.539 Y109.49 E.85972
G1 X110.915 Y110 E.88117
G1 X110.485 Y110.556 E.90496
G1 X110.212 Y110.708 E.91554
G1 X109.884 Y110.735 E.92668
G1 X109.568 Y110.593 E.93841
G1 X109.347 Y110.351 E.9495
G1 X109.308 Y110.209 E.95448
G1 X109.785 Y110.144 E.97078
;WIDTH:0.56616
G1 X109.791 Y110.17 E.97194
G1 X109.944 Y110.264 E.97975
G1 X110.166 Y110.217 E.98962
G1 X110.337 Y110 E1.00164
G1 X110.182 Y109.797 E1.01275
G1 X110.007 Y109.725 E1.02098
G1 X109.831 Y109.788 E1.02911
G1 X109.736 Y109.947 E1.03717
;LAYER_CHANGE
;Z:5.6
;HEIGHT:0.2
G1 Z5.6 F9000
G1 X111.36 Y110.026
;TYPE:Perimeter
;WIDTH:0.449999
G1 F600
G1 X111.182 Y110.14 E1.04432
G1 X110.86 Y110.576 E1.06267
G1 X110.675 Y110.795 E1.07237
G1 X110.293 Y111.007 E1.08716
G1 X109.959 Y111.054 E1.09858
G1 X109.507 Y110.928 E1.11446
G1 X109.256 Y110.742 E1.12503
G1 X109.07 Y110.49 E1.13563
G1 X108.951 Y110.094 E1.14963
G1 X108.997 Y109.684 E1.1636
G1 X109.135 Y109.402 E1.17423
G1 X109.35 Y109.175 E1.18481
G1 X109.622 Y109.02 E1.19541
G1 X109.969 Y108.944 E1.20743
G1 X110.284 Y108.989 E1.2182
G1 X110.675 Y109.205 E1.23332
G1 X110.86 Y109.424 E1.24302
G1 X111.182 Y109.86 E1.26137
G1 X111.39 Y109.993 E1.26973
G1 X111.569 Y110.367 F9000
G1 F600
G1 X111.462 Y110.436 E1.27404
G1 X111.073 Y110.99 E1.29695
G1 X110.808 Y111.217 E1.30876
G1 X110.41 Y111.402 E1.32362
G1 X109.859 Y111.453 E1.34235
G1 X109.315 Y111.292 E1.36155
G1 X108.965 Y111.033 E1.37629
G1 X108.706 Y110.683 E1.39103
G1 X108.545 Y110.131 E1.41049
G1 X108.605 Y109.559 E1.42996
G1 X108.797 Y109.168 E1.4447
G1 X109.096 Y108.851 E1.45945
G1 X109.475 Y108.636 E1.4742
G1 X109.93 Y108.536 E1.48997
G1 X110.404 Y108.596 E1.50614
G1 X110.65 Y108.71 E1.51532
G1 X110.94 Y108.896 E1.52698
G1 X111.17 Y109.155 E1.5387
G1 X111.462 Y109.564 E1.55571
G1 X111.654 Y109.688 E1.56345
G1 X111.865 Y109.729 E1.57073
G1 X111.865 Y110.271 E1.58908
G1 X111.654 Y110.312 E1.59636
G1 X111.619 Y110.335 E1.59778
G1 X111.779 Y110.712 F9000
;TYPE:External perimeter
G1 F600
G1 X111.713 Y110.765 E1.60065
G1 X111.38 Y111.263 E1.62093
G1 X111.03 Y111.563 E1.63653
G1 X110.526 Y111.796 E1.65532
G1 X110.132 Y111.852 E1.66879
G1 X109.662 Y111.843 E1.6847
G1 X109.123 Y111.656 E1.70401
G1 X108.674 Y111.324 E1.72291
G1 X108.342 Y110.875 E1.74181
G1 X108.156 Y110.342 E1.76092
G1 X108.124 Y109.993 E1.77278
G1 X108.212 Y109.435 E1.7919
G1 X108.458 Y108.933 E1.81082
G1 X108.841 Y108.527 E1.82971
G1 X109.328 Y108.251 E1.84866
G1 X109.973 Y108.128 E1.87089
G1 X110.525 Y108.203 E1.88975
G1 X111.03 Y108.437 E1.90859
G1 X111.38 Y108.737 E1.92419
G1 X111.713 Y109.235 E1.94447
G1 X111.806 Y109.31 E1.94851
G1 X112.272 Y109.325 E1.96429
G1 X112.272 Y110.675 E2.00999
G1 X111.831 Y110.689 E2.02492
G1 X111.569 Y110.991 F9000
G1 E1.22492 F2100
G92 E0
G1 X109.993 Y109.251 F9000
G1 E.8 F2100
;TYPE:Solid infill
G1 F600
G1 X110.272 Y109.32 E.80973
G1 X110.539 Y109.491 E.82046
G1 X110.915 Y110 E.84188
G1 X110.484 Y110.556 E.86569
G1 X110.211 Y110.708 E.87627
G1 X109.885 Y110.736 E.88735
G1 X109.568 Y110.593 E.89912
G1 X109.347 Y110.352 E.91019
G1 X109.254 Y110.012 E.92212
G1 X109.276 Y109.874 E.92685
G1 X109.389 Y109.578 E.93757
G1 X109.634 Y109.365 E.94856
G1 X109.799 Y109.313 E.95442
G1 X109.978 Y109.731 E.96981
;WIDTH:0.566175
G1 X110.145 Y109.774 E.97731
G1 X110.337 Y110 E.99021
G1 X110.165 Y110.217 E1.00226
G1 X109.944 Y110.264 E1.01209
G1 X109.807 Y110.191 E1.01884
G1 X109.729 Y109.986 E1.02838
G1 X109.798 Y109.824 E1.03604
;LAYER_CHANGE
;Z:5.8
;HEIGHT:0.2
G1 Z5.8 F9000
G1 X111.36 Y110.026
;TYPE:Perimeter
;WIDTH:0.449999
G1 F600
G1 X111.182 Y110.14 E1.04319
G1 X110.86 Y110.576 E1.06154
G1 X110.675 Y110.795 E1.07124
G1 X110.293 Y111.007 E1.08603
G1 X109.959 Y111.054 E1.09745
G1 X109.508 Y110.928 E1.1133
G1 X109.256 Y110.742 E1.1239
G1 X109.07 Y110.491 E1.13447
G1 X108.951 Y110.094 E1.1485
G1 X108.997 Y109.683 E1.1625
G1 X109.135 Y109.402 E1.1731
G1 X109.35 Y109.174 E1.18371
G1 X109.649 Y109.005 E1.19534
G1 X109.865 Y108.959 E1.20282
G1 X110.284 Y108.989 E1.21704
G1 X110.675 Y109.205 E1.23216
G1 X110.86 Y109.424 E1.24186
G1 X111.182 Y109.86 E1.26021
G1 X111.39 Y109.993 E1.26857
G1 X111.569 Y110.367 F9000
G1 F600
G1 X111.462 Y110.436 E1.27288
G1 X111.073 Y110.99 E1.29579
G1 X110.807 Y111.217 E1.30763
G1 X110.41 Y111.402 E1.32246
G1 X109.86 Y111.453 E1.34116
G1 X109.316 Y111.292 E1.36036
G1 X108.965 Y111.034 E1.37511
G1 X108.706 Y110.683 E1.38988
G1 X108.545 Y110.131 E1.40934
G1 X108.605 Y109.559 E1.42881
G1 X108.797 Y109.167 E1.44358
G1 X109.096 Y108.85 E1.45833
G1 X109.619 Y108.591 E1.47808
G1 X110.038 Y108.537 E1.49238
G1 X110.404 Y108.596 E1.50493
G1 X110.649 Y108.709 E1.51406
G1 X110.94 Y108.896 E1.52577
G1 X111.171 Y109.156 E1.53754
G1 X111.462 Y109.564 E1.5545
G1 X111.654 Y109.688 E1.56224
G1 X111.865 Y109.729 E1.56952
G1 X111.865 Y110.271 E1.58787
G1 X111.654 Y110.312 E1.59515
G1 X111.619 Y110.335 E1.59657
G1 X111.779 Y110.712 F9000
;TYPE:External perimeter
G1 F600
G1 X111.713 Y110.765 E1.59944
G1 X111.38 Y111.263 E1.61972
G1 X111.029 Y111.563 E1.63535
G1 X110.526 Y111.796 E1.65411
G1 X110.133 Y111.852 E1.66755
G1 X109.663 Y111.843 E1.68346
G1 X109.124 Y111.656 E1.70277
G1 X108.674 Y111.325 E1.72168
G1 X108.342 Y110.876 E1.74058
G1 X108.156 Y110.343 E1.75969
G1 X108.124 Y109.992 E1.77162
G1 X108.212 Y109.434 E1.79074
G1 X108.459 Y108.933 E1.80965
G1 X108.842 Y108.526 E1.82857
G1 X109.132 Y108.362 E1.83985
G1 X109.509 Y108.199 E1.85375
G1 X110.055 Y108.128 E1.87239
G1 X110.524 Y108.203 E1.88847
G1 X111.029 Y108.437 E1.90731
G1 X111.38 Y108.737 E1.92294
G1 X111.713 Y109.235 E1.94322
G1 X111.806 Y109.31 E1.94726
G1 X112.272 Y109.325 E1.96304
G1 X112.272 Y110.675 E2.00874
G1 X111.831 Y110.689 E2.02367
G1 X111.569 Y110.991 F9000
G1 E1.22367 F2100
G92 E0
G1 X109.254 Y110.011 F9000
G1 E.8 F2100
;TYPE:Solid infill
G1 F600
G1 X109.335 Y109.688 E.81127
G1 X109.536 Y109.423 E.82253
G1 X109.86 Y109.268 E.83469
G1 X110.194 Y109.284 E.84601
G1 X110.539 Y109.491 E.85963
G1 X110.915 Y110 E.88105
G1 X110.484 Y110.556 E.90486
G1 X110.211 Y110.708 E.91544
G1 X109.885 Y110.736 E.92652
G1 X109.568 Y110.593 E.93829
G1 X109.347 Y110.352 E.94936
G1 X109.308 Y110.208 E.95441
G1 X109.784 Y110.143 E.97067
;WIDTH:0.56392
G1 X109.791 Y110.172 E.97196
G1 X109.945 Y110.265 E.97975
G1 X110.165 Y110.218 E.9895
G1 X110.339 Y110 E1.00158
G1 X110.183 Y109.797 E1.01267
G1 X110.012 Y109.732 E1.0206
G1 X109.814 Y109.804 E1.02973
G1 X109.735 Y109.946 E1.03677
;LAYER_CHANGE
;Z:6
;HEIGHT:0.2
G1 Z6 F9000
G1 X111.36 Y110.026
;TYPE:Perimeter
;WIDTH:0.449999
G1 F600
G1 X111.181 Y110.14 E1.04395
G1 X110.86 Y110.576 E1.06228
G1 X110.675 Y110.795 E1.07198
G1 X110.293 Y111.007 E1.08677
G1 X109.96 Y111.054 E1.09815
G1 X109.508 Y110.928 E1.11403
G1 X109.256 Y110.743 E1.12461
G1 X109.07 Y110.491 E1.13521
G1 X108.951 Y110.094 E1.14924
G1 X108.997 Y109.683 E1.16324
G1 X109.149 Y109.374 E1.1749
G1 X109.508 Y109.072 E1.19078
G1 X109.929 Y108.954 E1.20558
G1 X110.285 Y108.989 E1.21769
G1 X110.675 Y109.205 E1.23278
G1 X110.86 Y109.424 E1.24248
G1 X111.181 Y109.86 E1.26081
G1 X111.39 Y109.994 E1.26921
G1 X111.569 Y110.367 F9000
G1 F600
G1 X111.462 Y110.436 E1.27352
G1 X111.074 Y110.99 E1.29641
G1 X110.806 Y111.218 E1.30832
G1 X110.41 Y111.402 E1.3231
G1 X109.86 Y111.453 E1.3418
G1 X109.316 Y111.292 E1.361
G1 X108.966 Y111.034 E1.37572
G1 X108.706 Y110.684 E1.39048
G1 X108.545 Y110.131 E1.40998
G1 X108.605 Y109.558 E1.42948
G1 X108.878 Y109.064 E1.44858
G1 X109.316 Y108.708 E1.46769
G1 X109.523 Y108.636 E1.47511
G1 X109.898 Y108.548 E1.48815
G1 X110.404 Y108.596 E1.50535
G1 X110.806 Y108.782 E1.52034
G1 X111.074 Y109.01 E1.53225
G1 X111.462 Y109.564 E1.55514
G1 X111.654 Y109.688 E1.56288
G1 X111.865 Y109.729 E1.57016
G1 X111.865 Y110.271 E1.58851
G1 X111.654 Y110.312 E1.59579
G1 X111.619 Y110.335 E1.59721
G1 X111.778 Y110.712 F9000
;TYPE:External perimeter
G1 F600
G1 X111.713 Y110.765 E1.60005
G1 X111.381 Y111.262 E1.62028
G1 X111.028 Y111.564 E1.636
G1 X110.526 Y111.797 E1.65473
G1 X110.133 Y111.852 E1.66816
G1 X109.663 Y111.843 E1.68407
G1 X109.125 Y111.657 E1.70334
G1 X108.675 Y111.326 E1.72225
G1 X108.343 Y110.876 E1.74118
G1 X108.156 Y110.344 E1.76027
G1 X108.124 Y109.991 E1.77227
G1 X108.213 Y109.434 E1.79136
G1 X108.462 Y108.927 E1.81048
G1 X108.67 Y108.678 E1.82146
G1 X109.125 Y108.343 E1.84059
G1 X109.661 Y108.157 E1.85979
G1 X110.053 Y108.128 E1.87309
G1 X110.524 Y108.203 E1.88923
G1 X111.028 Y108.436 E1.90802
G1 X111.381 Y108.738 E1.92374
G1 X111.713 Y109.234 E1.94394
G1 X111.806 Y109.31 E1.94801
G1 X112.272 Y109.325 E1.96379
G1 X112.272 Y110.675 E2.00949
G1 X111.831 Y110.689 E2.02442
G1 X111.569 Y110.992 F9000
G1 E1.22442 F2100
G92 E0
G1 X109.88 Y109.266 F9000
G1 E.8 F2100
;TYPE:Solid infill
G1 F600
G1 X110.065 Y109.279 E.80628
G1 X110.322 Y109.343 E.81524
G1 X110.54 Y109.491 E.82416
G1 X110.915 Y110 E.84556
G1 X110.484 Y110.556 E.86937
G1 X110.211 Y110.709 E.87996
G1 X109.886 Y110.736 E.891
G1 X109.568 Y110.593 E.9028
G1 X109.348 Y110.353 E.91382
G1 X109.254 Y110.011 E.92583
G1 X109.291 Y109.782 E.93368
G1 X109.457 Y109.489 E.94508
G1 X109.571 Y109.405 E.94987
G1 X109.694 Y109.35 E.95443
G1 X109.943 Y109.735 E.96995
;WIDTH:0.563143
G1 X110.128 Y109.763 E.97804
;WIDTH:0.562006
G1 X110.34 Y110 E.99176
G1 X110.166 Y110.219 E1.00383
;WIDTH:0.563143
G1 X109.945 Y110.265 E1.01359
G1 X109.806 Y110.192 E1.02038
G1 X109.728 Y109.985 E1.02995
G1 X109.788 Y109.854 E1.03618
;LAYER_CHANGE
;Z:6.2
;HEIGHT:0.2
G1 Z6.2 F9000
G1 X111.36 Y110.026
;TYPE:Perimeter
;WIDTH:0.449999
G1 F600
G1 X111.181 Y110.141 E1.04338
G1 X110.86 Y110.576 E1.06168
G1 X110.675 Y110.795 E1.07138
G1 X110.293 Y111.007 E1.08617
G1 X109.96 Y111.054 E1.09755
G1 X109.508 Y110.928 E1.11343
G1 X109.257 Y110.743 E1.12398
G1 X109.07 Y110.491 E1.1346
G1 X108.951 Y110.094 E1.14863
G1 X108.998 Y109.682 E1.16267
G1 X109.15 Y109.374 E1.1743
G1 X109.508 Y109.072 E1.19015
G1 X109.928 Y108.954 E1.20492
G1 X110.285 Y108.989 E1.21706
G1 X110.675 Y109.205 E1.23215
G1 X110.86 Y109.424 E1.24185
G1 X111.181 Y109.859 E1.26015
G1 X111.39 Y109.994 E1.26857
G1 X111.569 Y110.367 F9000
G1 F600
G1 X111.462 Y110.436 E1.27288
G1 X111.074 Y110.989 E1.29575
G1 X110.806 Y111.218 E1.30768
G1 X110.409 Y111.402 E1.32249
G1 X109.861 Y111.453 E1.34112
G1 X109.317 Y111.293 E1.36031
G1 X108.966 Y111.035 E1.37506
G1 X108.707 Y110.684 E1.38983
G1 X108.546 Y110.131 E1.40933
G1 X108.605 Y109.558 E1.42883
G1 X108.878 Y109.063 E1.44796
G1 X109.317 Y108.707 E1.46709
G1 X109.523 Y108.636 E1.47447
G1 X109.898 Y108.548 E1.48751
G1 X110.404 Y108.596 E1.50471
G1 X110.806 Y108.782 E1.5197
G1 X111.074 Y109.011 E1.53163
G1 X111.462 Y109.564 E1.5545
G1 X111.654 Y109.688 E1.56224
G1 X111.865 Y109.729 E1.56952
G1 X111.865 Y110.271 E1.58787
G1 X111.654 Y110.312 E1.59515
G1 X111.619 Y110.335 E1.59657
G1 X111.779 Y110.712 F9000
;TYPE:External perimeter
G1 F600
G1 X111.713 Y110.765 E1.59944
G1 X111.381 Y111.262 E1.61967
G1 X111.028 Y111.564 E1.63539
G1 X110.526 Y111.797 E1.65412
G1 X110.133 Y111.852 E1.66755
G1 X109.664 Y111.844 E1.68343
G1 X109.125 Y111.657 E1.70274
G1 X108.675 Y111.326 E1.72165
G1 X108.343 Y110.877 E1.74055
G1 X108.156 Y110.345 E1.75964
G1 X108.124 Y109.99 E1.77171
G1 X108.213 Y109.433 E1.7908
G1 X108.462 Y108.926 E1.80992
G1 X108.67 Y108.678 E1.82088
G1 X109.125 Y108.343 E1.84001
G1 X109.662 Y108.157 E1.85925
G1 X110.051 Y108.128 E1.87245
G1 X110.524 Y108.203 E1.88866
G1 X111.028 Y108.436 E1.90745
G1 X111.381 Y108.738 E1.92317
G1 X111.713 Y109.235 E1.9434
G1 X111.806 Y109.31 E1.94744
G1 X112.272 Y109.325 E1.96322
G1 X112.272 Y110.675 E2.00892
G1 X111.831 Y110.689 E2.02385
G1 X111.569 Y110.992 F9000
G1 E1.22385 F2100
G92 E0
G1 X109.254 Y110.01 F9000
G1 E.8 F2100
;TYPE:Solid infill
G1 F600
G1 X109.291 Y109.782 E.80782
G1 X109.457 Y109.488 E.81925
G1 X109.571 Y109.405 E.82402
G1 X109.881 Y109.266 E.83552
G1 X110.203 Y109.288 E.84644
G1 X110.54 Y109.492 E.85977
G1 X110.915 Y110 E.88114
G1 X110.484 Y110.556 E.90495
G1 X110.211 Y110.709 E.91554
G1 X109.886 Y110.736 E.92658
G1 X109.568 Y110.593 E.93838
G1 X109.348 Y110.353 E.9494
G1 X109.308 Y110.206 E.95456
G1 X109.786 Y110.155 E.97083
;WIDTH:0.563218
G1 X109.945 Y110.266 E.97922
G1 X110.165 Y110.22 E.98894
;WIDTH:0.562096
G1 X110.34 Y110 E1.00108
G1 X110.184 Y109.796 E1.01217
;WIDTH:0.563218
G1 X110.015 Y109.74 E1.01987
G1 X109.846 Y109.778 E1.02736
G1 X109.732 Y109.959 E1.03661
;LAYER_CHANGE
;Z:6.4
;HEIGHT:0.2
G1 Z6.4 F9000
G1 X111.36 Y110.026
;TYPE:Perimeter
;WIDTH:0.449999
G1 F600
G1 X111.181 Y110.141 E1.04381
G1 X110.86 Y110.576 E1.06211
G1 X110.675 Y110.795 E1.07181
G1 X110.293 Y111.007 E1.0866
G1 X109.96 Y111.054 E1.09798
G1 X109.509 Y110.928 E1.11383
G1 X109.257 Y110.743 E1.12441
G1 X109.071 Y110.492 E1.13498
G1 X108.951 Y110.094 E1.14905
G1 X108.998 Y109.682 E1.16309
G1 X109.15 Y109.373 E1.17475
G1 X109.509 Y109.072 E1.19061
G1 X109.928 Y108.953 E1.20535
G1 X110.285 Y108.989 E1.2175
G1 X110.675 Y109.205 E1.23259
G1 X110.86 Y109.424 E1.24229
G1 X111.181 Y109.859 E1.26059
G1 X111.39 Y109.994 E1.26901
G1 X111.569 Y110.367 F9000
G1 F600
G1 X111.462 Y110.436 E1.27332
G1 X111.074 Y110.989 E1.29619
G1 X110.805 Y111.219 E1.30817
G1 X110.409 Y111.402 E1.32294
G1 X109.862 Y111.454 E1.34154
G1 X109.317 Y111.293 E1.36078
G1 X108.966 Y111.035 E1.37553
G1 X108.707 Y110.685 E1.39027
G1 X108.546 Y110.131 E1.4098
G1 X108.605 Y109.557 E1.42933
G1 X108.879 Y109.063 E1.44845
G1 X109.317 Y108.707 E1.46756
G1 X109.524 Y108.636 E1.47497
G1 X109.897 Y108.547 E1.48795
G1 X110.404 Y108.596 E1.50519
G1 X110.805 Y108.781 E1.52014
G1 X111.074 Y109.011 E1.53212
G1 X111.462 Y109.564 E1.55499
G1 X111.654 Y109.688 E1.56273
G1 X111.865 Y109.729 E1.57001
G1 X111.865 Y110.271 E1.58836
G1 X111.654 Y110.312 E1.59564
G1 X111.619 Y110.335 E1.59706
G1 X111.779 Y110.712 F9000
;TYPE:External perimeter
G1 F600
G1 X111.713 Y110.766 E1.59995
G1 X111.382 Y111.262 E1.62013
G1 X111.027 Y111.564 E1.63591
G1 X110.525 Y111.797 E1.65464
G1 X110.133 Y111.852 E1.66804
G1 X109.665 Y111.844 E1.68388
G1 X109.126 Y111.657 E1.70319
G1 X108.676 Y111.327 E1.72208
G1 X108.343 Y110.878 E1.741
G1 X108.156 Y110.346 E1.76009
G1 X108.124 Y109.989 E1.77222
G1 X108.213 Y109.432 E1.79131
G1 X108.463 Y108.925 E1.81044
G1 X108.671 Y108.677 E1.8214
G1 X109.126 Y108.343 E1.84051
G1 X109.663 Y108.157 E1.85975
G1 X110.049 Y108.128 E1.87285
G1 X110.524 Y108.203 E1.88913
G1 X111.027 Y108.436 E1.90789
G1 X111.382 Y108.738 E1.92367
G1 X111.713 Y109.234 E1.94385
G1 X111.806 Y109.31 E1.94792
G1 X112.272 Y109.325 E1.9637
G1 X112.272 Y110.675 E2.0094
G1 X111.831 Y110.689 E2.02433
G1 X111.569 Y110.992 F9000
G1 E1.22433 F2100
G92 E0
G1 X109.882 Y109.266 F9000
G1 E.8 F2100
;TYPE:Solid infill
G1 F600
G1 X110.066 Y109.279 E.80624
G1 X110.322 Y109.343 E.81517
G1 X110.54 Y109.492 E.82411
G1 X110.915 Y110 E.84548
G1 X110.484 Y110.556 E.86929
G1 X110.211 Y110.709 E.87988
G1 X109.887 Y110.736 E.89089
G1 X109.568 Y110.593 E.90272
G1 X109.348 Y110.353 E.91374
G1 X109.255 Y110.009 E.9258
G1 X109.291 Y109.781 E.93361
G1 X109.458 Y109.488 E.94503
G1 X109.571 Y109.405 E.94978
G1 X109.696 Y109.349 E.95442
G1 X109.944 Y109.735 E.96995
;WIDTH:0.5633
G1 X110.127 Y109.763 E.97796
;WIDTH:0.562193
G1 X110.34 Y110 E.99172
G1 X110.165 Y110.22 E1.00386
;WIDTH:0.5633
G1 X109.946 Y110.266 E1.01354
G1 X109.806 Y110.192 E1.02039
G1 X109.728 Y109.984 E1.03
G1 X109.789 Y109.853 E1.03625
;LAYER_CHANGE
;Z:6.6
;HEIGHT:0.2
G1 Z6.6 F9000
G1 X111.36 Y110.026
;TYPE:Perimeter
;WIDTH:0.449999
G1 F600
G1 X111.181 Y110.141 E1.04345
G1 X110.861 Y110.576 E1.06173
G1 X110.675 Y110.795 E1.07146
G1 X110.293 Y111.007 E1.08625
G1 X109.96 Y111.054 E1.09763
G1 X109.509 Y110.928 E1.11348
G1 X109.257 Y110.744 E1.12404
G1 X109.071 Y110.492 E1.13464
G1 X108.951 Y110.094 E1.14871
G1 X108.998 Y109.681 E1.16278
G1 X109.15 Y109.373 E1.17441
G1 X109.509 Y109.072 E1.19027
G1 X109.927 Y108.953 E1.20498
G1 X110.285 Y108.989 E1.21716
G1 X110.675 Y109.205 E1.23225
G1 X110.861 Y109.424 E1.24198
G1 X111.181 Y109.859 E1.26026
G1 X111.39 Y109.994 E1.26868
G1 X111.569 Y110.367 F9000
G1 F600
G1 X111.462 Y110.436 E1.27299
G1 X111.075 Y110.988 E1.29581
G1 X110.805 Y111.219 E1.30784
G1 X110.409 Y111.402 E1.32261
G1 X109.862 Y111.454 E1.34121
G1 X109.318 Y111.293 E1.36041
G1 X108.967 Y111.035 E1.37516
G1 X108.707 Y110.685 E1.38992
G1 X108.546 Y110.131 E1.40945
G1 X108.606 Y109.556 E1.42902
G1 X108.879 Y109.062 E1.44812
G1 X109.318 Y108.707 E1.46723
G1 X109.524 Y108.636 E1.47461
G1 X109.896 Y108.547 E1.48756
G1 X110.404 Y108.596 E1.50483
G1 X110.805 Y108.781 E1.51978
G1 X111.075 Y109.012 E1.53181
G1 X111.462 Y109.564 E1.55463
G1 X111.654 Y109.688 E1.56237
G1 X111.865 Y109.729 E1.56965
G1 X111.865 Y110.271 E1.588
G1 X111.654 Y110.312 E1.59528
G1 X111.619 Y110.335 E1.5967
G1 X111.779 Y110.712 F9000
;TYPE:External perimeter
G1 F600
G1 X111.713 Y110.766 E1.59959
G1 X111.382 Y111.261 E1.61975
G1 X111.026 Y111.565 E1.6356
G1 X110.525 Y111.797 E1.65429
G1 X110.133 Y111.852 E1.66769
G1 X109.666 Y111.844 E1.6835
G1 X109.127 Y111.658 E1.7028
G1 X108.676 Y111.327 E1.72174
G1 X108.344 Y110.878 E1.74064
G1 X108.156 Y110.347 E1.75971
G1 X108.124 Y109.988 E1.77191
G1 X108.213 Y109.431 E1.791
G1 X108.463 Y108.925 E1.8101
G1 X108.671 Y108.677 E1.82106
G1 X109.127 Y108.342 E1.84021
G1 X109.664 Y108.157 E1.85944
G1 X110.047 Y108.128 E1.87244
G1 X110.524 Y108.203 E1.88878
G1 X111.026 Y108.435 E1.9075
G1 X111.382 Y108.739 E1.92335
G1 X111.713 Y109.234 E1.94351
G1 X111.806 Y109.31 E1.94758
G1 X112.272 Y109.325 E1.96336
G1 X112.272 Y110.675 E2.00906
G1 X111.831 Y110.689 E2.02399
G1 X111.569 Y110.992 F9000
G1 E1.22399 F2100
G92 E0
G1 X109.255 Y110.009 F9000
G1 E.8 F2100
;TYPE:Solid infill
G1 F600
G1 X109.291 Y109.781 E.80781
G1 X109.458 Y109.488 E.81923
G1 X109.571 Y109.405 E.82398
G1 X109.882 Y109.266 E.83551
G1 X110.204 Y109.288 E.84643
G1 X110.541 Y109.493 E.85978
G1 X110.915 Y110 E.88111
G1 X110.484 Y110.556 E.90492
G1 X110.211 Y110.709 E.91551
G1 X109.887 Y110.736 E.92652
G1 X109.568 Y110.593 E.93835
G1 X109.348 Y110.354 E.94935
G1 X109.308 Y110.205 E.95457
G1 X109.786 Y110.155 E.97084
;WIDTH:0.563376
G1 X109.946 Y110.266 E.97927
G1 X110.164 Y110.22 E.98891
;WIDTH:0.562287
G1 X110.34 Y110 E1.00108
G1 X110.183 Y109.797 E1.01216
;WIDTH:0.563376
G1 X110.016 Y109.74 E1.0198
G1 X109.846 Y109.778 E1.02734
G1 X109.732 Y109.959 E1.0366
;LAYER_CHANGE
;Z:6.8
;HEIGHT:0.2
G1 Z6.8 F9000
G1 X111.36 Y110.026
;TYPE:Perimeter
;WIDTH:0.449999
G1 F600
G1 X111.181 Y110.141 E1.0438
G1 X110.861 Y110.576 E1.06208
G1 X110.675 Y110.795 E1.07181
G1 X110.293 Y111.007 E1.0866
G1 X109.961 Y111.054 E1.09795
G1 X109.509 Y110.929 E1.11382
G1 X109.258 Y110.744 E1.12437
G1 X109.071 Y110.493 E1.13496
G1 X108.951 Y110.094 E1.14906
G1 X108.998 Y109.681 E1.16313
G1 X109.15 Y109.372 E1.17479
G1 X109.509 Y109.071 E1.19065
G1 X109.927 Y108.953 E1.20535
G1 X110.285 Y108.989 E1.21753
G1 X110.675 Y109.206 E1.23264
G1 X110.861 Y109.424 E1.24234
G1 X111.181 Y109.859 E1.26062
G1 X111.39 Y109.994 E1.26904
G1 X111.569 Y110.367 F9000
G1 F600
G1 X111.462 Y110.436 E1.27335
G1 X111.075 Y110.988 E1.29617
G1 X110.804 Y111.219 E1.30822
G1 X110.409 Y111.402 E1.32296
G1 X109.863 Y111.454 E1.34153
G1 X109.318 Y111.293 E1.36077
G1 X108.967 Y111.036 E1.3755
G1 X108.708 Y110.686 E1.39024
G1 X108.546 Y110.131 E1.40981
G1 X108.606 Y109.556 E1.42938
G1 X108.88 Y109.062 E1.4485
G1 X109.318 Y108.707 E1.46758
G1 X109.525 Y108.636 E1.47499
G1 X109.896 Y108.547 E1.4879
G1 X110.404 Y108.596 E1.50517
G1 X110.804 Y108.781 E1.52009
G1 X111.075 Y109.012 E1.53214
G1 X111.462 Y109.564 E1.55496
G1 X111.654 Y109.688 E1.5627
G1 X111.865 Y109.729 E1.56998
G1 X111.865 Y110.271 E1.58833
G1 X111.654 Y110.312 E1.59561
G1 X111.619 Y110.335 E1.59703
G1 X111.779 Y110.712 F9000
;TYPE:External perimeter
G1 F600
G1 X111.713 Y110.766 E1.59992
G1 X111.382 Y111.261 E1.62008
G1 X111.026 Y111.565 E1.63593
G1 X110.525 Y111.797 E1.65462
G1 X110.133 Y111.852 E1.66802
G1 X109.667 Y111.844 E1.6838
G1 X109.127 Y111.658 E1.70313
G1 X108.677 Y111.328 E1.72202
G1 X108.344 Y110.879 E1.74094
G1 X108.157 Y110.347 E1.76003
G1 X108.124 Y109.987 E1.77227
G1 X108.214 Y109.43 E1.79137
G1 X108.464 Y108.924 E1.81047
G1 X108.672 Y108.676 E1.82143
G1 X109.127 Y108.342 E1.84054
G1 X109.665 Y108.157 E1.8598
G1 X110.045 Y108.128 E1.8727
G1 X110.524 Y108.202 E1.88911
G1 X111.026 Y108.435 E1.90784
G1 X111.382 Y108.739 E1.92369
G1 X111.713 Y109.234 E1.94385
G1 X111.806 Y109.31 E1.94792
G1 X112.272 Y109.325 E1.9637
G1 X112.272 Y110.675 E2.0094
G1 X111.831 Y110.689 E2.02433
G1 X111.569 Y110.992 F9000
G1 E1.22433 F2100
G92 E0
G1 X109.883 Y109.266 F9000
G1 E.8 F2100
;TYPE:Solid infill
G1 F600
G1 X110.067 Y109.278 E.80624
G1 X110.322 Y109.343 E.81515
G1 X110.541 Y109.493 E.82413
G1 X110.915 Y110 E.84546
G1 X110.484 Y110.556 E.86927
G1 X110.211 Y110.709 E.87986
G1 X109.888 Y110.736 E.89083
G1 X109.568 Y110.593 E.90269
G1 X109.348 Y110.354 E.91369
G1 X109.255 Y110.008 E.92582
G1 X109.291 Y109.781 E.9336
G1 X109.458 Y109.488 E.94502
G1 X109.572 Y109.404 E.94981
G1 X109.697 Y109.348 E.95445
G1 X109.945 Y109.735 E.97001
;WIDTH:0.563452
G1 X110.127 Y109.763 E.97798
;WIDTH:0.562379
G1 X110.34 Y110 E.99174
G1 X110.164 Y110.22 E1.00391
;WIDTH:0.563452
G1 X109.946 Y110.266 E1.01355
G1 X109.806 Y110.192 E1.0204
G1 X109.728 Y109.983 E1.03006
G1 X109.789 Y109.852 E1.03631
;LAYER_CHANGE
;Z:7
;HEIGHT:0.2
G1 Z7 F9000
G1 X111.36 Y110.026
;TYPE:Perimeter
;WIDTH:0.449999
G1 F600
G1 X111.181 Y110.141 E1.04351
G1 X110.861 Y110.576 E1.06179
G1 X110.675 Y110.794 E1.07149
G1 X110.292 Y111.007 E1.08632
G1 X109.961 Y111.054 E1.09764
G1 X109.51 Y110.929 E1.11348
G1 X109.258 Y110.744 E1.12406
G1 X109.071 Y110.493 E1.13465
G1 X108.951 Y110.094 E1.14875
G1 X108.998 Y109.68 E1.16285
G1 X109.151 Y109.372 E1.17449
G1 X109.51 Y109.071 E1.19035
G1 X109.926 Y108.953 E1.20499
G1 X110.285 Y108.989 E1.2172
G1 X110.675 Y109.206 E1.23231
G1 X110.861 Y109.424 E1.24201
G1 X111.181 Y109.859 E1.26029
G1 X111.39 Y109.994 E1.26871
G1 X111.569 Y110.367 F9000
G1 F600
G1 X111.461 Y110.436 E1.27305
G1 X111.075 Y110.988 E1.29585
G1 X110.803 Y111.22 E1.30795
G1 X110.409 Y111.402 E1.32264
G1 X109.864 Y111.454 E1.34117
G1 X109.319 Y111.294 E1.3604
G1 X108.968 Y111.036 E1.37515
G1 X108.708 Y110.686 E1.38991
G1 X108.601 Y110.384 E1.40075
G1 X108.534 Y110.001 E1.41391
G1 X108.606 Y109.555 E1.4292
G1 X108.88 Y109.061 E1.44832
G1 X109.319 Y108.706 E1.46743
G1 X109.525 Y108.635 E1.47481
G1 X109.895 Y108.547 E1.48768
G1 X110.404 Y108.596 E1.50499
G1 X110.803 Y108.78 E1.51986
G1 X111.075 Y109.012 E1.53196
G1 X111.461 Y109.564 E1.55476
G1 X111.654 Y109.688 E1.56252
G1 X111.865 Y109.729 E1.5698
G1 X111.865 Y110.271 E1.58815
G1 X111.654 Y110.312 E1.59543
G1 X111.619 Y110.335 E1.59685
G1 X111.779 Y110.712 F9000
;TYPE:External perimeter
G1 F600
G1 X111.713 Y110.766 E1.59974
G1 X111.383 Y111.26 E1.61985
G1 X111.025 Y111.566 E1.63579
G1 X110.525 Y111.797 E1.65443
G1 X110.133 Y111.852 E1.66783
G1 X109.668 Y111.844 E1.68357
G1 X109.128 Y111.658 E1.7029
G1 X108.678 Y111.328 E1.72179
G1 X108.344 Y110.88 E1.7407
G1 X108.157 Y110.348 E1.75979
G1 X108.124 Y109.986 E1.77209
G1 X108.214 Y109.43 E1.79115
G1 X108.464 Y108.923 E1.81028
G1 X108.672 Y108.676 E1.82121
G1 X109.128 Y108.342 E1.84034
G1 X109.667 Y108.156 E1.85964
G1 X110.043 Y108.128 E1.8724
G1 X110.523 Y108.202 E1.88884
G1 X111.025 Y108.434 E1.90756
G1 X111.383 Y108.74 E1.9235
G1 X111.713 Y109.234 E1.94361
G1 X111.806 Y109.31 E1.94768
G1 X112.272 Y109.325 E1.96346
G1 X112.272 Y110.675 E2.00916
G1 X111.831 Y110.689 E2.02409
G1 X111.569 Y110.992 F9000
G1 E1.22409 F2100
G92 E0
G1 X109.255 Y110.008 F9000
G1 E.8 F2100
;TYPE:Solid infill
G1 F600
G1 X109.291 Y109.781 E.80778
G1 X109.458 Y109.488 E.8192
G1 X109.572 Y109.404 E.82399
G1 X109.884 Y109.265 E.83555
G1 X110.204 Y109.288 E.84641
G1 X110.541 Y109.493 E.85976
G1 X110.915 Y110 E.88109
G1 X110.484 Y110.556 E.9049
G1 X110.21 Y110.709 E.91552
G1 X109.888 Y110.736 E.92646
G1 X109.569 Y110.593 E.93829
G1 X109.348 Y110.354 E.94931
G1 X109.308 Y110.204 E.95456
G1 X109.786 Y110.154 E.97083
;WIDTH:0.563529
G1 X109.947 Y110.266 E.97932
G1 X110.163 Y110.22 E.98888
;WIDTH:0.562471
G1 X110.339 Y110 E1.00105
G1 X110.183 Y109.797 E1.01211
;WIDTH:0.563529
G1 X110.016 Y109.74 E1.01975
G1 X109.846 Y109.778 E1.02729
G1 X109.732 Y109.958 E1.03651
;LAYER_CHANGE
;Z:7.2
;HEIGHT:0.2
G1 Z7.2 F9000
G1 X111.36 Y110.026
;TYPE:Perimeter
;WIDTH:0.449999
G1 F600
G1 X111.181 Y110.141 E1.04371
G1 X110.86 Y110.576 E1.06201
G1 X110.674 Y110.794 E1.07171
G1 X110.292 Y111.007 E1.08651
G1 X109.961 Y111.054 E1.09783
G1 X109.606 Y110.98 E1.1101
G1 X109.257 Y110.753 E1.12419
G1 X109.009 Y110.372 E1.13958
G1 X108.941 Y109.983 E1.15295
G1 X109.031 Y109.576 E1.16706
G1 X109.253 Y109.25 E1.18041
G1 X109.606 Y109.02 E1.19467
G1 X109.903 Y108.955 E1.20496
G1 X110.286 Y108.989 E1.21798
G1 X110.674 Y109.206 E1.23303
G1 X110.86 Y109.424 E1.24273
G1 X111.181 Y109.859 E1.26103
G1 X111.39 Y109.994 E1.26945
G1 X111.569 Y110.367 F9000
G1 F600
G1 X111.461 Y110.436 E1.27379
G1 X111.076 Y110.987 E1.29654
G1 X110.803 Y111.22 E1.30869
G1 X110.408 Y111.402 E1.32341
G1 X109.971 Y111.464 E1.33835
G1 X109.451 Y111.359 E1.35631
G1 X109.063 Y111.121 E1.37172
G1 X108.781 Y110.815 E1.38581
G1 X108.594 Y110.399 E1.40125
G1 X108.533 Y109.981 E1.41555
G1 X108.596 Y109.605 E1.42845
G1 X108.798 Y109.159 E1.44502
G1 X109.162 Y108.797 E1.4624
G1 X109.592 Y108.601 E1.4784
G1 X110.025 Y108.537 E1.49322
G1 X110.404 Y108.596 E1.5062
G1 X110.803 Y108.78 E1.52107
G1 X111.076 Y109.013 E1.53322
G1 X111.461 Y109.564 E1.55597
G1 X111.654 Y109.688 E1.56373
G1 X111.865 Y109.729 E1.57101
G1 X111.865 Y110.271 E1.58936
G1 X111.654 Y110.312 E1.59664
G1 X111.619 Y110.335 E1.59806
G1 X111.779 Y110.712 F9000
;TYPE:External perimeter
G1 F600
G1 X111.713 Y110.766 E1.60095
G1 X111.383 Y111.26 E1.62106
G1 X111.024 Y111.566 E1.63703
G1 X110.525 Y111.797 E1.65564
G1 X110.254 Y111.835 E1.6649
G1 X109.806 Y111.857 E1.68008
G1 X109.297 Y111.738 E1.69777
G1 X108.803 Y111.434 E1.7174
G1 X108.439 Y111.041 E1.73553
G1 X108.202 Y110.511 E1.75518
G1 X108.124 Y109.979 E1.77338
G1 X108.207 Y109.485 E1.79034
G1 X108.378 Y109.076 E1.80535
G1 X108.677 Y108.67 E1.82242
G1 X109.089 Y108.374 E1.83959
G1 X109.491 Y108.206 E1.85434
G1 X110.041 Y108.128 E1.87314
G1 X110.523 Y108.202 E1.88965
G1 X111.024 Y108.434 E1.90834
G1 X111.383 Y108.74 E1.92431
G1 X111.713 Y109.234 E1.94442
G1 X111.806 Y109.31 E1.94849
G1 X112.272 Y109.325 E1.96427
G1 X112.272 Y110.675 E2.00997
G1 X111.831 Y110.689 E2.0249
G1 X111.569 Y110.992 F9000
G1 E1.2249 F2100
G92 E0
G1 X109.865 Y109.267 F9000
G1 E.8 F2100
;TYPE:Solid infill
G1 F600
G1 X110.075 Y109.28 E.80712
G1 X110.324 Y109.343 E.81581
G1 X110.542 Y109.494 E.82479
G1 X110.915 Y110 E.84607
G1 X110.484 Y110.555 E.86986
G1 X110.211 Y110.709 E.88047
G1 X109.869 Y110.734 E.89208
G1 X109.565 Y110.607 E.90323
G1 X109.38 Y110.418 E.91218
G1 X109.265 Y110.144 E.92224
G1 X109.263 Y109.871 E.93148
G1 X109.391 Y109.565 E.94271
G1 X109.563 Y109.393 E.95094
G1 X109.677 Y109.346 E.95511
G1 X109.944 Y109.736 E.97111
;WIDTH:0.562289
G1 X110.13 Y109.763 E.97923
;WIDTH:0.560529
G1 X110.341 Y110 E.99289
G1 X110.184 Y110.204 E1.00397
G1 X110.039 Y110.258 E1.01063
;WIDTH:0.562289
G1 X109.83 Y110.216 E1.01984
G1 X109.728 Y110.049 E1.02829
G1 X109.778 Y109.846 E1.03732
;LAYER_CHANGE
;Z:7.4
;HEIGHT:0.2
G1 Z7.4 F9000
G1 X111.36 Y110.026
;TYPE:Perimeter
;WIDTH:0.449999
G1 F600
G1 X111.181 Y110.141 E1.04452
G1 X110.86 Y110.576 E1.06282
G1 X110.674 Y110.794 E1.07252
G1 X110.292 Y111.008 E1.08734
G1 X109.962 Y111.054 E1.09862
G1 X109.605 Y110.979 E1.11097
G1 X109.258 Y110.754 E1.12497
G1 X109.01 Y110.373 E1.14036
G1 X108.942 Y109.983 E1.15376
G1 X109.031 Y109.577 E1.16783
G1 X109.253 Y109.25 E1.18121
G1 X109.605 Y109.021 E1.19542
G1 X109.903 Y108.954 E1.20576
G1 X110.286 Y108.989 E1.21878
G1 X110.674 Y109.206 E1.23383
G1 X110.86 Y109.424 E1.24353
G1 X111.181 Y109.859 E1.26183
G1 X111.39 Y109.994 E1.27025
G1 X111.569 Y110.367 F9000
G1 F600
G1 X111.461 Y110.436 E1.27459
G1 X111.076 Y110.987 E1.29734
G1 X110.802 Y111.22 E1.30951
G1 X110.408 Y111.402 E1.3242
G1 X109.971 Y111.464 E1.33914
G1 X109.45 Y111.358 E1.35714
G1 X109.064 Y111.121 E1.37247
G1 X108.78 Y110.814 E1.38663
G1 X108.594 Y110.4 E1.40199
G1 X108.533 Y109.981 E1.41632
G1 X108.596 Y109.605 E1.42922
G1 X108.798 Y109.158 E1.44582
G1 X109.059 Y108.882 E1.45868
G1 X109.45 Y108.642 E1.47421
G1 X109.872 Y108.549 E1.48884
G1 X110.404 Y108.596 E1.50692
G1 X110.802 Y108.78 E1.52176
G1 X111.076 Y109.013 E1.53393
G1 X111.461 Y109.564 E1.55668
G1 X111.654 Y109.688 E1.56444
G1 X111.865 Y109.729 E1.57172
G1 X111.865 Y110.271 E1.59007
G1 X111.654 Y110.312 E1.59735
G1 X111.619 Y110.335 E1.59877
G1 X111.779 Y110.712 F9000
;TYPE:External perimeter
G1 F600
G1 X111.713 Y110.766 E1.60166
G1 X111.383 Y111.26 E1.62177
G1 X111.024 Y111.567 E1.63776
G1 X110.524 Y111.797 E1.65639
G1 X110.254 Y111.835 E1.66562
G1 X109.807 Y111.857 E1.68077
G1 X109.296 Y111.737 E1.69854
G1 X108.804 Y111.435 E1.71808
G1 X108.439 Y111.04 E1.73628
G1 X108.203 Y110.513 E1.75583
G1 X108.124 Y109.978 E1.77414
G1 X108.207 Y109.485 E1.79106
G1 X108.379 Y109.075 E1.80611
G1 X108.678 Y108.67 E1.82315
G1 X109.089 Y108.374 E1.84029
G1 X109.493 Y108.206 E1.8551
G1 X110.038 Y108.127 E1.87374
G1 X110.523 Y108.202 E1.89035
G1 X111.024 Y108.433 E1.90902
G1 X111.383 Y108.74 E1.92501
G1 X111.713 Y109.234 E1.94512
G1 X111.806 Y109.31 E1.94919
G1 X112.272 Y109.325 E1.96497
G1 X112.272 Y110.675 E2.01067
G1 X111.831 Y110.689 E2.0256
G1 X111.569 Y110.992 F9000
G1 E1.2256 F2100
G92 E0
G1 X109.265 Y110.074 F9000
G1 E.8 F2100
;TYPE:Solid infill
G1 F600
G1 X109.265 Y110.145 E.8024
G1 X109.38 Y110.418 E.81243
G1 X109.565 Y110.608 E.82141
G1 X109.87 Y110.734 E.83258
G1 X110.211 Y110.709 E.84415
G1 X110.484 Y110.555 E.85476
G1 X110.915 Y110 E.87855
G1 X110.542 Y109.494 E.89983
G1 X110.205 Y109.289 E.91318
G1 X109.787 Y109.286 E.92733
G1 X109.461 Y109.477 E.94012
G1 X109.263 Y109.87 E.95502
G1 X109.728 Y110.05 E.9719
;WIDTH:0.562399
G1 X109.788 Y109.817 E.98229
G1 X109.915 Y109.735 E.98882
G1 X110.009 Y109.74 E.99289
G1 X110.184 Y109.796 E1.00083
;WIDTH:0.560638
G1 X110.341 Y110 E1.01191
G1 X110.201 Y110.189 E1.02204
G1 X110.039 Y110.258 E1.02962
;WIDTH:0.562329
G1 X109.839 Y110.218 E1.03843
;LAYER_CHANGE
;Z:7.6
;HEIGHT:0.2
G1 Z7.6 F9000
G1 X111.36 Y110.026
;TYPE:Perimeter
;WIDTH:0.449999
G1 F600
G1 X111.181 Y110.141 E1.04563
G1 X110.861 Y110.576 E1.06391
G1 X110.674 Y110.794 E1.07363
G1 X110.292 Y111.008 E1.08845
G1 X109.962 Y111.054 E1.09973
G1 X109.604 Y110.979 E1.11211
G1 X109.258 Y110.754 E1.12608
G1 X109.01 Y110.373 E1.14147
G1 X108.942 Y109.982 E1.1549
G1 X109.03 Y109.578 E1.1689
G1 X109.254 Y109.25 E1.18234
G1 X109.604 Y109.021 E1.1965
G1 X109.903 Y108.954 E1.20687
G1 X110.286 Y108.99 E1.21989
G1 X110.674 Y109.206 E1.23492
G1 X110.861 Y109.424 E1.24464
G1 X111.181 Y109.859 E1.26292
G1 X111.39 Y109.994 E1.27134
G1 X111.569 Y110.367 F9000
G1 F600
G1 X111.461 Y110.436 E1.27568
G1 X111.076 Y110.986 E1.2984
G1 X110.802 Y111.221 E1.31062
G1 X110.408 Y111.402 E1.3253
G1 X109.972 Y111.464 E1.34021
G1 X109.449 Y111.358 E1.35827
G1 X109.064 Y111.122 E1.37356
G1 X108.78 Y110.813 E1.38777
G1 X108.594 Y110.401 E1.40307
G1 X108.533 Y109.98 E1.41747
G1 X108.596 Y109.604 E1.43037
G1 X108.799 Y109.158 E1.44696
G1 X109.06 Y108.882 E1.45982
G1 X109.449 Y108.642 E1.47529
G1 X109.871 Y108.548 E1.48992
G1 X110.404 Y108.596 E1.50803
G1 X110.802 Y108.779 E1.52286
G1 X111.076 Y109.014 E1.53508
G1 X111.461 Y109.564 E1.5578
G1 X111.654 Y109.688 E1.56556
G1 X111.865 Y109.729 E1.57284
G1 X111.865 Y110.271 E1.59119
G1 X111.654 Y110.312 E1.59847
G1 X111.619 Y110.335 E1.59989
G1 X111.779 Y110.712 F9000
;TYPE:External perimeter
G1 F600
G1 X111.713 Y110.766 E1.60278
G1 X111.384 Y111.259 E1.62284
G1 X111.023 Y111.567 E1.6389
G1 X110.524 Y111.797 E1.6575
G1 X110.254 Y111.835 E1.66673
G1 X109.808 Y111.857 E1.68184
G1 X109.295 Y111.737 E1.69967
G1 X108.805 Y111.436 E1.71914
G1 X108.438 Y111.039 E1.73744
G1 X108.203 Y110.514 E1.75691
G1 X108.124 Y109.977 E1.77528
G1 X108.207 Y109.484 E1.7922
G1 X108.379 Y109.075 E1.80722
G1 X108.678 Y108.669 E1.82429
G1 X109.09 Y108.373 E1.84146
G1 X109.496 Y108.205 E1.85633
G1 X110.036 Y108.127 E1.8748
G1 X110.523 Y108.202 E1.89148
G1 X111.023 Y108.433 E1.91012
G1 X111.384 Y108.741 E1.92618
G1 X111.713 Y109.234 E1.94624
G1 X111.806 Y109.31 E1.95031
G1 X112.272 Y109.325 E1.96609
G1 X112.272 Y110.675 E2.01179
G1 X111.83 Y110.689 E2.02676
G1 X111.569 Y110.992 F9000
G1 E1.22676 F2100
G92 E0
G1 X109.867 Y109.267 F9000
G1 E.8 F2100
;TYPE:Solid infill
G1 F600
G1 X110.065 Y109.28 E.80672
G1 X110.323 Y109.343 E.81571
G1 X110.542 Y109.494 E.82471
G1 X110.915 Y110 E.84599
G1 X110.484 Y110.555 E.86978
G1 X110.211 Y110.709 E.88039
G1 X109.871 Y110.734 E.89193
G1 X109.566 Y110.608 E.9031
G1 X109.379 Y110.417 E.91215
G1 X109.265 Y110.146 E.9221
G1 X109.263 Y109.87 E.93144
G1 X109.392 Y109.564 E.94268
G1 X109.564 Y109.393 E.95089
G1 X109.679 Y109.345 E.95511
G1 X109.945 Y109.736 E.97112
;WIDTH:0.562508
G1 X110.13 Y109.763 E.9792
;WIDTH:0.560743
G1 X110.341 Y110 E.99286
G1 X110.184 Y110.204 E1.00394
G1 X110.039 Y110.258 E1.0106
;WIDTH:0.562508
G1 X109.831 Y110.216 E1.01977
G1 X109.728 Y110.051 E1.02817
G1 X109.779 Y109.845 E1.03734
;LAYER_CHANGE
;Z:7.8
;HEIGHT:0.2
G1 Z7.8 F9000
G1 X111.36 Y110.026
;TYPE:Perimeter
;WIDTH:0.449999
G1 F600
G1 X111.181 Y110.141 E1.04454
G1 X110.861 Y110.576 E1.06282
G1 X110.674 Y110.794 E1.07254
G1 X110.292 Y111.008 E1.08736
G1 X109.962 Y111.054 E1.09864
G1 X109.603 Y110.978 E1.11106
G1 X109.259 Y110.755 E1.12494
G1 X109.01 Y110.374 E1.14035
G1 X108.942 Y109.981 E1.15385
G1 X109.03 Y109.579 E1.16778
G1 X109.254 Y109.249 E1.18128
G1 X109.603 Y109.022 E1.19537
G1 X109.902 Y108.954 E1.20575
G1 X110.286 Y108.99 E1.2188
G1 X110.674 Y109.206 E1.23383
G1 X110.861 Y109.424 E1.24355
G1 X111.181 Y109.859 E1.26183
G1 X111.39 Y109.994 E1.27025
G1 X111.569 Y110.367 F9000
G1 F600
G1 X111.461 Y110.436 E1.27459
G1 X111.077 Y110.986 E1.2973
G1 X110.801 Y111.221 E1.30957
G1 X110.408 Y111.402 E1.32422
G1 X109.972 Y111.464 E1.33913
G1 X109.448 Y111.357 E1.35723
G1 X109.065 Y111.123 E1.37242
G1 X108.779 Y110.812 E1.38672
G1 X108.595 Y110.402 E1.40193
G1 X108.533 Y109.979 E1.4164
G1 X108.596 Y109.604 E1.42927
G1 X108.799 Y109.157 E1.44589
G1 X109.06 Y108.881 E1.45875
G1 X109.448 Y108.643 E1.47416
G1 X109.871 Y108.548 E1.48883
G1 X110.404 Y108.596 E1.50694
G1 X110.801 Y108.779 E1.52174
G1 X111.077 Y109.014 E1.53401
G1 X111.461 Y109.564 E1.55672
G1 X111.654 Y109.688 E1.56448
G1 X111.865 Y109.729 E1.57176
G1 X111.865 Y110.271 E1.59011
G1 X111.654 Y110.312 E1.59739
G1 X111.619 Y110.335 E1.59881
G1 X111.779 Y110.712 F9000
;TYPE:External perimeter
G1 F600
G1 X111.713 Y110.766 E1.6017
G1 X111.384 Y111.259 E1.62176
G1 X111.022 Y111.567 E1.63785
G1 X110.524 Y111.797 E1.65642
G1 X110.254 Y111.835 E1.66565
G1 X109.809 Y111.858 E1.68073
G1 X109.294 Y111.736 E1.69864
G1 X108.806 Y111.436 E1.71803
G1 X108.438 Y111.038 E1.73638
G1 X108.203 Y110.515 E1.75579
G1 X108.124 Y109.976 E1.77423
G1 X108.207 Y109.484 E1.79112
G1 X108.379 Y109.074 E1.80617
G1 X108.679 Y108.669 E1.82323
G1 X109.09 Y108.373 E1.84037
G1 X109.499 Y108.204 E1.85535
G1 X110.034 Y108.127 E1.87365
G1 X110.523 Y108.202 E1.8904
G1 X111.022 Y108.433 E1.90901
G1 X111.384 Y108.741 E1.9251
G1 X111.713 Y109.234 E1.94516
G1 X111.806 Y109.31 E1.94923
G1 X112.272 Y109.325 E1.96501
G1 X112.272 Y110.675 E2.01071
G1 X111.83 Y110.689 E2.02568
G1 X111.569 Y110.992 F9000
G1 E1.22568 F2100
G92 E0
G1 X109.265 Y110.073 F9000
G1 E.8 F2100
;TYPE:Solid infill
G1 F600
G1 X109.266 Y110.146 E.80247
G1 X109.379 Y110.416 E.81238
G1 X109.566 Y110.608 E.82145
G1 X109.871 Y110.734 E.83262
G1 X110.211 Y110.709 E.84416
G1 X110.484 Y110.555 E.85477
G1 X110.915 Y110 E.87856
G1 X110.543 Y109.495 E.89979
G1 X110.206 Y109.289 E.91316
G1 X109.787 Y109.286 E.92734
G1 X109.462 Y109.476 E.94008
G1 X109.263 Y109.869 E.95499
G1 X109.728 Y110.051 E.97189
;WIDTH:0.562616
G1 X109.788 Y109.817 E.98233
G1 X109.915 Y109.734 E.98889
G1 X110.01 Y109.74 E.993
G1 X110.184 Y109.797 E1.00091
;WIDTH:0.56085
G1 X110.341 Y110 E1.01196
G1 X110.202 Y110.188 E1.02203
G1 X110.039 Y110.258 E1.02967
;WIDTH:0.56254
G1 X109.84 Y110.218 E1.03844
;LAYER_CHANGE
;Z:8
;HEIGHT:0.2
G1 Z8 F9000
G1 X111.36 Y110.026
;TYPE:Perimeter
;WIDTH:0.449999
G1 F600
G1 X111.181 Y110.141 E1.04564
G1 X110.861 Y110.576 E1.06392
G1 X110.674 Y110.794 E1.07364
G1 X110.292 Y111.008 E1.08846
G1 X109.962 Y111.054 E1.09974
G1 X109.602 Y110.978 E1.11219
G1 X109.259 Y110.755 E1.12604
G1 X109.01 Y110.375 E1.14142
G1 X108.942 Y109.981 E1.15495
G1 X109.03 Y109.58 E1.16885
G1 X109.254 Y109.249 E1.18238
G1 X109.602 Y109.022 E1.19644
G1 X109.902 Y108.954 E1.20685
G1 X110.286 Y108.99 E1.2199
G1 X110.674 Y109.206 E1.23493
G1 X110.861 Y109.424 E1.24465
G1 X111.181 Y109.859 E1.26293
G1 X111.391 Y109.994 E1.27138
G1 X111.569 Y110.367 F9000
G1 F600
G1 X111.461 Y110.436 E1.27572
G1 X111.077 Y110.985 E1.2984
G1 X110.8 Y111.222 E1.31074
G1 X110.408 Y111.403 E1.32535
G1 X109.847 Y111.452 E1.34441
G1 X109.447 Y111.357 E1.35833
G1 X109.066 Y111.123 E1.37346
G1 X108.779 Y110.812 E1.38778
G1 X108.595 Y110.403 E1.40296
G1 X108.533 Y109.978 E1.4175
G1 X108.596 Y109.603 E1.43037
G1 X108.8 Y109.156 E1.447
G1 X109.061 Y108.881 E1.45983
G1 X109.447 Y108.643 E1.47518
G1 X109.871 Y108.548 E1.48989
G1 X110.404 Y108.596 E1.508
G1 X110.8 Y108.778 E1.52275
G1 X111.077 Y109.015 E1.53509
G1 X111.461 Y109.564 E1.55777
G1 X111.654 Y109.688 E1.56553
G1 X111.865 Y109.729 E1.57281
G1 X111.865 Y110.271 E1.59116
G1 X111.654 Y110.312 E1.59844
G1 X111.619 Y110.335 E1.59986
G1 X111.779 Y110.712 F9000
;TYPE:External perimeter
G1 F600
G1 X111.713 Y110.766 E1.60275
G1 X111.385 Y111.258 E1.62277
G1 X111.022 Y111.568 E1.63893
G1 X110.524 Y111.797 E1.65748
G1 X110.254 Y111.835 E1.66671
G1 X109.81 Y111.858 E1.68176
G1 X109.293 Y111.736 E1.69974
G1 X108.807 Y111.437 E1.71905
G1 X108.437 Y111.037 E1.73749
G1 X108.204 Y110.516 E1.75681
G1 X108.124 Y109.976 E1.77529
G1 X108.207 Y109.483 E1.79221
G1 X108.38 Y109.074 E1.80724
G1 X108.679 Y108.668 E1.82431
G1 X109.091 Y108.373 E1.84146
G1 X109.501 Y108.204 E1.85647
G1 X110.032 Y108.127 E1.87463
G1 X110.523 Y108.202 E1.89144
G1 X111.022 Y108.432 E1.91004
G1 X111.385 Y108.742 E1.9262
G1 X111.713 Y109.234 E1.94622
G1 X111.806 Y109.31 E1.95029
G1 X112.272 Y109.325 E1.96607
G1 X112.272 Y110.675 E2.01177
G1 X111.83 Y110.689 E2.02674
G1 X111.569 Y110.992 F9000
G1 E1.22674 F2100
G92 E0
G1 X109.869 Y109.267 F9000
G1 E.8 F2100
;TYPE:Solid infill
G1 F600
G1 X110.066 Y109.28 E.80668
G1 X110.323 Y109.343 E.81564
G1 X110.543 Y109.495 E.82469
G1 X110.915 Y110 E.84592
G1 X110.484 Y110.555 E.86971
G1 X110.211 Y110.709 E.88032
G1 X109.872 Y110.734 E.89183
G1 X109.566 Y110.608 E.90303
G1 X109.378 Y110.415 E.91215
G1 X109.266 Y110.147 E.92198
G1 X109.263 Y109.868 E.93142
G1 X109.392 Y109.563 E.94263
G1 X109.565 Y109.392 E.95086
G1 X109.681 Y109.344 E.95511
G1 X109.946 Y109.736 E.97113
;WIDTH:0.562728
G1 X110.129 Y109.763 E.97913
;WIDTH:0.560961
G1 X110.341 Y110 E.99283
G1 X110.184 Y110.203 E1.00388
G1 X110.039 Y110.258 E1.01056
;WIDTH:0.562728
G1 X109.831 Y110.216 E1.01973
G1 X109.728 Y110.052 E1.0281
G1 X109.78 Y109.844 E1.03737
;LAYER_CHANGE
;Z:8.2
;HEIGHT:0.2
G1 Z8.2 F9000
G1 X111.36 Y110.026
;TYPE:Perimeter
;WIDTH:0.449999
G1 F600
G1 X111.181 Y110.141 E1.04457
G1 X110.861 Y110.576 E1.06285
G1 X110.674 Y110.794 E1.07257
G1 X110.292 Y111.008 E1.08739
G1 X109.963 Y111.054 E1.09863
G1 X109.601 Y110.977 E1.11116
G1 X109.26 Y110.756 E1.12491
G1 X109.011 Y110.375 E1.14032
G1 X108.942 Y109.98 E1.15389
G1 X109.029 Y109.581 E1.16771
G1 X109.254 Y109.249 E1.18129
G1 X109.601 Y109.023 E1.19531
G1 X109.902 Y108.954 E1.20576
G1 X110.286 Y108.99 E1.21881
G1 X110.674 Y109.206 E1.23384
G1 X110.861 Y109.424 E1.24356
G1 X111.181 Y109.859 E1.26184
G1 X111.391 Y109.994 E1.27029
G1 X111.568 Y110.367 F9000
G1 F600
G1 X111.461 Y110.436 E1.2746
G1 X111.078 Y110.985 E1.29726
G1 X110.8 Y111.222 E1.30963
G1 X110.407 Y111.403 E1.32428
G1 X109.848 Y111.452 E1.34327
G1 X109.446 Y111.356 E1.35726
G1 X109.067 Y111.124 E1.3723
G1 X108.778 Y110.811 E1.38672
G1 X108.595 Y110.404 E1.40182
G1 X108.533 Y109.977 E1.41642
G1 X108.596 Y109.603 E1.42926
G1 X108.8 Y109.156 E1.44589
G1 X109.062 Y108.88 E1.45877
G1 X109.446 Y108.644 E1.47403
G1 X109.87 Y108.548 E1.48875
G1 X110.404 Y108.596 E1.5069
G1 X110.8 Y108.778 E1.52165
G1 X111.078 Y109.015 E1.53402
G1 X111.461 Y109.564 E1.55668
G1 X111.654 Y109.688 E1.56444
G1 X111.865 Y109.729 E1.57172
G1 X111.865 Y110.271 E1.59007
G1 X111.654 Y110.312 E1.59735
G1 X111.619 Y110.335 E1.59877
G1 X111.779 Y110.712 F9000
;TYPE:External perimeter
G1 F600
G1 X111.713 Y110.766 E1.60166
G1 X111.385 Y111.258 E1.62168
G1 X111.021 Y111.568 E1.63786
G1 X110.523 Y111.797 E1.65641
G1 X110.254 Y111.835 E1.66561
G1 X109.811 Y111.858 E1.68063
G1 X109.292 Y111.735 E1.69868
G1 X108.808 Y111.438 E1.7179
G1 X108.437 Y111.036 E1.73642
G1 X108.204 Y110.517 E1.75568
G1 X108.124 Y109.975 E1.77422
G1 X108.207 Y109.483 E1.79111
G1 X108.38 Y109.074 E1.80614
G1 X108.68 Y108.668 E1.82323
G1 X109.091 Y108.372 E1.84037
G1 X109.504 Y108.203 E1.85547
G1 X110.03 Y108.127 E1.87346
G1 X110.522 Y108.202 E1.89031
G1 X111.021 Y108.432 E1.90891
G1 X111.385 Y108.742 E1.92509
G1 X111.713 Y109.234 E1.94511
G1 X111.806 Y109.31 E1.94918
G1 X112.272 Y109.325 E1.96496
G1 X112.272 Y110.675 E2.01066
G1 X111.83 Y110.689 E2.02563
G1 X111.569 Y110.992 F9000
G1 E1.22563 F2100
G92 E0
G1 X109.265 Y110.071 F9000
G1 E.8 F2100
;TYPE:Solid infill
G1 F600
G1 X109.266 Y110.148 E.80261
G1 X109.378 Y110.414 E.81238
G1 X109.567 Y110.609 E.82157
G1 X109.873 Y110.734 E.83276
G1 X110.211 Y110.709 E.84423
G1 X110.484 Y110.555 E.85484
G1 X110.915 Y110 E.87863
G1 X110.543 Y109.496 E.89983
G1 X110.206 Y109.289 E.91322
G1 X109.787 Y109.287 E.9274
G1 X109.463 Y109.476 E.9401
G1 X109.264 Y109.868 E.95498
G1 X109.729 Y110.053 E.97192
;WIDTH:0.562838
G1 X109.789 Y109.816 E.98249
G1 X109.915 Y109.734 E.98899
G1 X110.011 Y109.74 E.99315
G1 X110.184 Y109.797 E1.00102
;WIDTH:0.56107
G1 X110.34 Y110 E1.01205
G1 X110.203 Y110.187 E1.02204
G1 X110.038 Y110.258 E1.02978
;WIDTH:0.562756
G1 X109.841 Y110.218 E1.03847
;LAYER_CHANGE
;Z:8.4
;HEIGHT:0.2
G1 Z8.4 F9000
G1 X111.36 Y110.026
;TYPE:Perimeter
;WIDTH:0.449999
G1 F600
G1 X111.181 Y110.141 E1.04567
G1 X110.861 Y110.576 E1.06395
G1 X110.674 Y110.794 E1.07367
G1 X110.291 Y111.008 E1.08852
G1 X109.963 Y111.054 E1.09973
G1 X109.6 Y110.977 E1.11229
G1 X109.26 Y110.756 E1.12602
G1 X109.011 Y110.376 E1.1414
G1 X108.942 Y109.979 E1.15504
G1 X109.029 Y109.582 E1.1688
G1 X109.255 Y109.249 E1.18242
G1 X109.6 Y109.023 E1.19638
G1 X109.902 Y108.954 E1.20687
G1 X110.286 Y108.99 E1.21992
G1 X110.674 Y109.206 E1.23495
G1 X110.861 Y109.424 E1.24467
G1 X111.181 Y109.859 E1.26295
G1 X111.391 Y109.994 E1.2714
G1 X111.568 Y110.367 F9000
G1 F600
G1 X111.461 Y110.436 E1.27571
G1 X111.078 Y110.985 E1.29837
G1 X110.799 Y111.222 E1.31076
G1 X110.407 Y111.403 E1.32537
G1 X109.849 Y111.453 E1.34433
G1 X109.445 Y111.356 E1.35839
G1 X109.067 Y111.125 E1.37338
G1 X108.778 Y110.81 E1.38785
G1 X108.595 Y110.405 E1.40289
G1 X108.533 Y109.976 E1.41756
G1 X108.596 Y109.602 E1.4304
G1 X108.801 Y109.155 E1.44705
G1 X109.062 Y108.88 E1.45988
G1 X109.445 Y108.644 E1.47511
G1 X109.87 Y108.548 E1.48986
G1 X110.404 Y108.596 E1.50801
G1 X110.799 Y108.778 E1.52273
G1 X111.078 Y109.015 E1.53512
G1 X111.461 Y109.564 E1.55778
G1 X111.654 Y109.688 E1.56554
G1 X111.865 Y109.729 E1.57282
G1 X111.865 Y110.271 E1.59117
G1 X111.654 Y110.312 E1.59845
G1 X111.619 Y110.335 E1.59987
G1 X111.779 Y110.712 F9000
;TYPE:External perimeter
G1 F600
G1 X111.713 Y110.766 E1.60276
G1 X111.385 Y111.258 E1.62278
G1 X111.02 Y111.569 E1.63901
G1 X110.523 Y111.797 E1.65752
G1 X110.254 Y111.835 E1.66672
G1 X109.812 Y111.858 E1.6817
G1 X109.291 Y111.735 E1.69982
G1 X108.808 Y111.439 E1.71899
G1 X108.436 Y111.035 E1.73758
G1 X108.205 Y110.519 E1.75672
G1 X108.124 Y109.974 E1.77537
G1 X108.207 Y109.482 E1.79226
G1 X108.38 Y109.073 E1.80729
G1 X108.68 Y108.667 E1.82438
G1 X109.092 Y108.372 E1.84153
G1 X109.506 Y108.203 E1.85667
G1 X110.028 Y108.127 E1.87453
G1 X110.522 Y108.202 E1.89144
G1 X111.02 Y108.431 E1.90999
G1 X111.385 Y108.742 E1.92622
G1 X111.713 Y109.234 E1.94624
G1 X111.806 Y109.31 E1.95031
G1 X112.272 Y109.325 E1.96609
G1 X112.272 Y110.675 E2.01179
G1 X111.83 Y110.689 E2.02676
G1 X111.569 Y110.992 F9000
G1 E1.22676 F2100
G92 E0
G1 X109.871 Y109.266 F9000
G1 E.8 F2100
;TYPE:Solid infill
G1 F600
G1 X110.067 Y109.279 E.80665
G1 X110.323 Y109.343 E.81558
G1 X110.544 Y109.496 E.82468
G1 X110.915 Y110 E.84586
G1 X110.484 Y110.555 E.86965
G1 X110.211 Y110.709 E.88026
G1 X109.874 Y110.734 E.8917
G1 X109.567 Y110.609 E.90292
G1 X109.377 Y110.414 E.91214
G1 X109.266 Y110.148 E.9219
G1 X109.264 Y109.867 E.93141
G1 X109.393 Y109.562 E.94262
G1 X109.566 Y109.392 E.95083
G1 X109.683 Y109.343 E.95512
G1 X109.948 Y109.736 E.97116
;WIDTH:0.56295
G1 X110.129 Y109.763 E.97907
;WIDTH:0.561181
G1 X110.34 Y110 E.99274
G1 X110.184 Y110.203 E1.00377
G1 X110.038 Y110.258 E1.01049
;WIDTH:0.56295
G1 X109.832 Y110.217 E1.01957
G1 X109.729 Y110.053 E1.02794
G1 X109.78 Y109.843 E1.03728
;LAYER_CHANGE
;Z:8.6
;HEIGHT:0.200001
G1 Z8.6 F9000
G1 X111.36 Y110.026
;TYPE:Perimeter
;WIDTH:0.449999
G1 F600
G1 X111.18 Y110.141 E1.04451
G1 X110.861 Y110.576 E1.06277
G1 X110.674 Y110.794 E1.07249
G1 X110.291 Y111.008 E1.08734
G1 X109.963 Y111.054 E1.09855
G1 X109.599 Y110.977 E1.11114
G1 X109.261 Y110.756 E1.12481
G1 X109.011 Y110.377 E1.14018
G1 X108.942 Y109.978 E1.15389
G1 X109.028 Y109.583 E1.16757
G1 X109.255 Y109.248 E1.18127
G1 X109.599 Y109.023 E1.19518
G1 X109.902 Y108.954 E1.2057
G1 X110.287 Y108.99 E1.21879
G1 X110.674 Y109.206 E1.23379
G1 X110.861 Y109.424 E1.24351
G1 X111.18 Y109.859 E1.26177
G1 X111.391 Y109.994 E1.27025
G1 X111.568 Y110.367 F9000
G1 F600
G1 X111.461 Y110.436 E1.27456
G1 X111.078 Y110.984 E1.29719
G1 X110.799 Y111.223 E1.30963
G1 X110.407 Y111.403 E1.32423
G1 X109.85 Y111.453 E1.34316
G1 X109.444 Y111.356 E1.35729
G1 X109.068 Y111.125 E1.37223
G1 X108.777 Y110.809 E1.38677
G1 X108.596 Y110.406 E1.40172
G1 X108.533 Y109.976 E1.41643
G1 X108.596 Y109.602 E1.42927
G1 X108.801 Y109.155 E1.44592
G1 X109.063 Y108.879 E1.4588
G1 X109.444 Y108.644 E1.47395
G1 X109.87 Y108.548 E1.48873
G1 X110.404 Y108.596 E1.50688
G1 X110.799 Y108.777 E1.52159
G1 X111.078 Y109.016 E1.53403
G1 X111.461 Y109.564 E1.55666
G1 X111.654 Y109.688 E1.56442
G1 X111.865 Y109.729 E1.5717
G1 X111.865 Y110.271 E1.59005
G1 X111.654 Y110.312 E1.59733
G1 X111.619 Y110.335 E1.59875
G1 X111.779 Y110.712 F9000
;TYPE:External perimeter
G1 F600
G1 X111.713 Y110.766 E1.60164
G1 X111.386 Y111.257 E1.62161
G1 X111.02 Y111.569 E1.63789
G1 X110.523 Y111.797 E1.6564
G1 X110.254 Y111.835 E1.6656
G1 X109.813 Y111.858 E1.68055
G1 X109.29 Y111.735 E1.69874
G1 X108.809 Y111.439 E1.71786
G1 X108.435 Y111.035 E1.7365
G1 X108.205 Y110.52 E1.75559
G1 X108.124 Y109.973 E1.77431
G1 X108.208 Y109.482 E1.79117
G1 X108.381 Y109.073 E1.8062
G1 X108.681 Y108.667 E1.82329
G1 X109.092 Y108.371 E1.84043
G1 X109.509 Y108.202 E1.85566
G1 X110.026 Y108.127 E1.87334
G1 X110.522 Y108.202 E1.89032
G1 X111.02 Y108.431 E1.90887
G1 X111.386 Y108.743 E1.92515
G1 X111.713 Y109.234 E1.94512
G1 X111.806 Y109.31 E1.94919
G1 X112.272 Y109.325 E1.96497
G1 X112.272 Y110.675 E2.01067
G1 X111.83 Y110.689 E2.02564
G1 X111.569 Y110.992 F9000
G1 E1.22564 F2100
G92 E0
G1 X109.251 Y109.984 F9000
G1 E.8 F2100
;TYPE:Solid infill
G1 F600
G1 X109.313 Y109.705 E.80967
G1 X109.472 Y109.469 E.8193
G1 X109.786 Y109.287 E.83158
G1 X110.206 Y109.289 E.8458
G1 X110.544 Y109.496 E.85922
G1 X110.915 Y110 E.8804
G1 X110.544 Y110.504 E.90158
G1 X110.325 Y110.656 E.9106
G1 X109.962 Y110.746 E.92326
G1 X109.721 Y110.693 E.93161
G1 X109.48 Y110.537 E.94133
G1 X109.299 Y110.262 E.95247
G1 X109.286 Y110.184 E.95515
G1 X109.742 Y110.088 E.97092
;WIDTH:0.567206
G1 X109.749 Y109.892 E.97947
G1 X109.916 Y109.736 E.98943
G1 X109.998 Y109.741 E.99301
G1 X110.182 Y109.799 E1.00142
G1 X110.337 Y110 E1.01249
G1 X110.224 Y110.152 E1.02075
G1 X110.072 Y110.26 E1.02888
G1 X109.903 Y110.256 E1.03625
G1 X109.883 Y110.235 E1.03751
;LAYER_CHANGE
;Z:8.8
;HEIGHT:0.2
G1 Z8.8 F9000
G1 X111.36 Y110.026
;TYPE:Perimeter
;WIDTH:0.449999
G1 F600
G1 X111.18 Y110.142 E1.04476
G1 X110.861 Y110.576 E1.06299
G1 X110.674 Y110.794 E1.07271
G1 X110.291 Y111.008 E1.08756
G1 X109.964 Y111.054 E1.09874
G1 X109.598 Y110.976 E1.11141
G1 X109.261 Y110.757 E1.12501
G1 X109.011 Y110.377 E1.14041
G1 X108.942 Y109.978 E1.15412
G1 X109.028 Y109.584 E1.16777
G1 X109.255 Y109.248 E1.1815
G1 X109.598 Y109.024 E1.19537
G1 X109.901 Y108.953 E1.2059
G1 X110.287 Y108.99 E1.21903
G1 X110.674 Y109.206 E1.23403
G1 X110.861 Y109.424 E1.24375
G1 X111.18 Y109.858 E1.26198
G1 X111.391 Y109.994 E1.27048
G1 X111.568 Y110.367 F9000
G1 F600
G1 X111.461 Y110.436 E1.27479
G1 X111.079 Y110.984 E1.2974
G1 X110.798 Y111.223 E1.30989
G1 X110.407 Y111.403 E1.32446
G1 X109.851 Y111.453 E1.34336
G1 X109.443 Y111.355 E1.35756
G1 X109.069 Y111.126 E1.3724
G1 X108.776 Y110.808 E1.38704
G1 X108.596 Y110.407 E1.40192
G1 X108.533 Y109.975 E1.4167
G1 X108.597 Y109.601 E1.42954
G1 X108.802 Y109.154 E1.44619
G1 X109.063 Y108.879 E1.45902
G1 X109.443 Y108.645 E1.47413
G1 X109.869 Y108.548 E1.48892
G1 X110.404 Y108.596 E1.5071
G1 X110.798 Y108.777 E1.52178
G1 X111.079 Y109.016 E1.53427
G1 X111.461 Y109.564 E1.55688
G1 X111.654 Y109.688 E1.56464
G1 X111.865 Y109.729 E1.57192
G1 X111.865 Y110.271 E1.59027
G1 X111.654 Y110.312 E1.59755
G1 X111.619 Y110.335 E1.59897
G1 X111.779 Y110.712 F9000
;TYPE:External perimeter
G1 F600
G1 X111.713 Y110.766 E1.60186
G1 X111.386 Y111.257 E1.62183
G1 X111.019 Y111.57 E1.63816
G1 X110.523 Y111.798 E1.65664
G1 X110.254 Y111.835 E1.66583
G1 X109.814 Y111.858 E1.68074
G1 X109.289 Y111.734 E1.699
G1 X108.81 Y111.44 E1.71802
G1 X108.435 Y111.034 E1.73673
G1 X108.205 Y110.521 E1.75576
G1 X108.124 Y109.972 E1.77454
G1 X108.208 Y109.481 E1.7914
G1 X108.381 Y109.073 E1.8064
G1 X108.681 Y108.666 E1.82351
G1 X109.093 Y108.371 E1.84066
G1 X109.511 Y108.201 E1.85593
G1 X110.024 Y108.127 E1.87347
G1 X110.522 Y108.202 E1.89052
G1 X111.019 Y108.43 E1.90903
G1 X111.386 Y108.743 E1.92536
G1 X111.713 Y109.234 E1.94533
G1 X111.806 Y109.31 E1.9494
G1 X112.272 Y109.325 E1.96518
G1 X112.272 Y110.675 E2.01088
G1 X111.83 Y110.689 E2.02585
G1 X111.569 Y110.992 F9000
G1 E1.22585 F2100
G92 E0
G1 X110.064 Y109.279 F9000
G1 E.8 F2100
;TYPE:Solid infill
G1 F600
G1 X110.322 Y109.342 E.80899
G1 X110.544 Y109.497 E.81815
G1 X110.915 Y110 E.83931
G1 X110.484 Y110.555 E.8631
G1 X110.324 Y110.657 E.86952
G1 X109.962 Y110.746 E.88214
G1 X109.72 Y110.692 E.89053
G1 X109.48 Y110.537 E.9002
G1 X109.3 Y110.263 E.9113
G1 X109.251 Y109.983 E.92092
G1 X109.313 Y109.706 E.93053
G1 X109.473 Y109.469 E.94021
G1 X109.786 Y109.287 E.95247
G1 X109.86 Y109.285 E.95498
G1 X109.916 Y109.736 E.97036
;WIDTH:0.567271
G1 X110.128 Y109.765 E.97969
G1 X110.337 Y110 E.9934
G1 X110.182 Y110.2 E1.00443
G1 X110.072 Y110.26 E1.00989
G1 X109.902 Y110.256 E1.0173
G1 X109.742 Y110.088 E1.02742
G1 X109.748 Y109.893 E1.03593
G1 X109.767 Y109.875 E1.03707
;LAYER_CHANGE
;Z:9
;HEIGHT:0.2
G1 Z9 F9000
G1 X111.36 Y110.026
;TYPE:Perimeter
;WIDTH:0.449999
G1 F600
G1 X111.18 Y110.142 E1.04432
G1 X110.861 Y110.576 E1.06255
G1 X110.673 Y110.794 E1.07229
G1 X110.43 Y110.944 E1.08196
G1 X110.13 Y111.031 E1.09253
G1 X109.733 Y111.022 E1.10597
G1 X109.409 Y110.877 E1.11799
G1 X109.095 Y110.548 E1.13338
G1 X108.963 Y110.211 E1.14563
G1 X108.96 Y109.804 E1.15941
G1 X109.138 Y109.386 E1.17479
G1 X109.396 Y109.132 E1.18704
G1 X109.819 Y108.96 E1.2025
G1 X110.084 Y108.96 E1.21147
G1 X110.421 Y109.051 E1.22329
G1 X110.673 Y109.206 E1.2333
G1 X110.861 Y109.424 E1.24304
G1 X111.18 Y109.858 E1.26127
G1 X111.391 Y109.994 E1.26977
G1 X111.568 Y110.367 F9000
G1 F600
G1 X111.461 Y110.436 E1.27408
G1 X111.079 Y110.983 E1.29666
G1 X110.797 Y111.224 E1.30922
G1 X110.407 Y111.403 E1.32375
G1 X110.179 Y111.435 E1.33154
G1 X109.8 Y111.44 E1.34437
G1 X109.401 Y111.338 E1.35831
G1 X109.075 Y111.127 E1.37145
G1 X108.748 Y110.765 E1.38796
G1 X108.599 Y110.416 E1.4008
G1 X108.533 Y109.974 E1.41593
G1 X108.597 Y109.601 E1.42874
G1 X108.802 Y109.153 E1.44542
G1 X109.064 Y108.878 E1.45828
G1 X109.442 Y108.645 E1.47331
G1 X109.869 Y108.547 E1.48814
G1 X110.404 Y108.596 E1.50632
G1 X110.797 Y108.776 E1.52095
G1 X111.079 Y109.017 E1.53351
G1 X111.461 Y109.564 E1.55609
G1 X111.654 Y109.688 E1.56385
G1 X111.865 Y109.729 E1.57113
G1 X111.865 Y110.271 E1.58948
G1 X111.654 Y110.312 E1.59676
G1 X111.619 Y110.335 E1.59818
G1 X111.779 Y110.712 F9000
;TYPE:External perimeter
G1 F600
G1 X111.713 Y110.766 E1.60107
G1 X111.386 Y111.256 E1.62101
G1 X111.018 Y111.57 E1.63738
G1 X110.523 Y111.798 E1.65583
G1 X109.988 Y111.873 E1.67412
G1 X109.55 Y111.82 E1.68905
G1 X109.093 Y111.632 E1.70578
G1 X108.644 Y111.295 E1.72478
G1 X108.402 Y110.983 E1.73815
G1 X108.208 Y110.53 E1.75483
G1 X108.124 Y109.971 E1.77396
G1 X108.208 Y109.481 E1.79079
G1 X108.381 Y109.072 E1.80582
G1 X108.682 Y108.665 E1.82295
G1 X109.093 Y108.371 E1.84005
G1 X109.514 Y108.201 E1.85542
G1 X110.022 Y108.127 E1.8728
G1 X110.522 Y108.202 E1.88991
G1 X111.018 Y108.43 E1.90839
G1 X111.386 Y108.744 E1.92476
G1 X111.713 Y109.234 E1.9447
G1 X111.806 Y109.31 E1.94877
G1 X112.272 Y109.325 E1.96455
G1 X112.272 Y110.675 E2.01025
G1 X111.83 Y110.689 E2.02522
G1 X111.569 Y110.992 F9000
G1 E1.22522 F2100
G92 E0
G1 X109.251 Y109.982 F9000
G1 E.8 F2100
;TYPE:Solid infill
G1 F600
G1 X109.312 Y109.707 E.80953
G1 X109.473 Y109.468 E.81928
G1 X109.786 Y109.287 E.83152
G1 X110.206 Y109.289 E.84574
G1 X110.545 Y109.497 E.8592
G1 X110.915 Y110 E.88034
G1 X110.545 Y110.503 E.90148
G1 X110.323 Y110.658 E.91064
G1 X109.986 Y110.743 E.9224
G1 X109.692 Y110.681 E.93257
G1 X109.459 Y110.516 E.94223
G1 X109.302 Y110.273 E.95202
G1 X109.287 Y110.183 E.95511
G1 X109.744 Y110.1 E.97083
;WIDTH:0.565684
G1 X109.747 Y109.893 E.97983
G1 X109.916 Y109.735 E.98989
G1 X109.997 Y109.74 E.99342
;WIDTH:0.566505
G1 X110.182 Y109.799 E1.00187
G1 X110.337 Y110 E1.01292
G1 X110.225 Y110.153 E1.02118
G1 X110.072 Y110.261 E1.02933
G1 X109.884 Y110.246 E1.03754
;LAYER_CHANGE
;Z:9.2
;HEIGHT:0.2
G1 Z9.2 F9000
G1 X111.36 Y110.026
;TYPE:Perimeter
;WIDTH:0.449999
G1 F600
G1 X111.18 Y110.142 E1.04479
G1 X110.772 Y110.71 E1.06846
G1 X110.459 Y110.931 E1.08143
G1 X110.13 Y111.031 E1.09307
G1 X109.734 Y111.022 E1.10648
G1 X109.409 Y110.877 E1.11853
G1 X109.095 Y110.548 E1.13392
G1 X108.963 Y110.212 E1.14614
G1 X108.96 Y109.804 E1.15995
G1 X109.139 Y109.386 E1.17534
G1 X109.396 Y109.132 E1.18757
G1 X109.821 Y108.96 E1.20309
G1 X110.081 Y108.959 E1.21189
G1 X110.421 Y109.052 E1.22382
G1 X110.673 Y109.206 E1.23382
G1 X110.861 Y109.424 E1.24356
G1 X111.18 Y109.858 E1.26179
G1 X111.391 Y109.994 E1.27029
G1 X111.568 Y110.367 F9000
G1 F600
G1 X111.461 Y110.436 E1.2746
G1 X111.079 Y110.983 E1.29718
G1 X110.797 Y111.224 E1.30974
G1 X110.407 Y111.403 E1.32427
G1 X110.181 Y111.435 E1.332
G1 X109.801 Y111.44 E1.34486
G1 X109.402 Y111.339 E1.35879
G1 X109.076 Y111.128 E1.37193
G1 X108.749 Y110.766 E1.38844
G1 X108.599 Y110.417 E1.4013
G1 X108.533 Y109.973 E1.41649
G1 X108.597 Y109.601 E1.42927
G1 X108.802 Y109.153 E1.44595
G1 X109.065 Y108.878 E1.45883
G1 X109.441 Y108.646 E1.47378
G1 X109.869 Y108.547 E1.48865
G1 X110.404 Y108.596 E1.50683
G1 X110.797 Y108.776 E1.52146
G1 X111.079 Y109.017 E1.53402
G1 X111.461 Y109.564 E1.5566
G1 X111.654 Y109.688 E1.56436
G1 X111.865 Y109.729 E1.57164
G1 X111.865 Y110.271 E1.58999
G1 X111.654 Y110.312 E1.59727
G1 X111.619 Y110.335 E1.59869
G1 X111.779 Y110.712 F9000
;TYPE:External perimeter
G1 F600
G1 X111.713 Y110.766 E1.60158
G1 X111.387 Y111.256 E1.6215
G1 X111.018 Y111.57 E1.6379
G1 X110.522 Y111.798 E1.65638
G1 X109.988 Y111.873 E1.67463
G1 X109.551 Y111.82 E1.68953
G1 X109.093 Y111.633 E1.70628
G1 X108.643 Y111.295 E1.72533
G1 X108.403 Y110.984 E1.73863
G1 X108.208 Y110.531 E1.75532
G1 X108.124 Y109.97 E1.77452
G1 X108.208 Y109.48 E1.79135
G1 X108.382 Y109.072 E1.80636
G1 X108.682 Y108.665 E1.82347
G1 X109.094 Y108.37 E1.84062
G1 X109.516 Y108.2 E1.85602
G1 X110.02 Y108.127 E1.87326
G1 X110.522 Y108.202 E1.89044
G1 X111.018 Y108.43 E1.90892
G1 X111.387 Y108.744 E1.92532
G1 X111.713 Y109.234 E1.94524
G1 X111.806 Y109.31 E1.94931
G1 X112.272 Y109.325 E1.96509
G1 X112.272 Y110.675 E2.01079
G1 X111.83 Y110.689 E2.02576
G1 X111.569 Y110.992 F9000
G1 E1.22576 F2100
G92 E0
G1 X110.056 Y109.278 F9000
G1 E.8 F2100
;TYPE:Solid infill
G1 F600
G1 X110.322 Y109.342 E.80926
G1 X110.545 Y109.498 E.81847
G1 X110.915 Y110 E.83958
G1 X110.484 Y110.555 E.86337
G1 X110.322 Y110.658 E.86987
G1 X109.986 Y110.743 E.8816
G1 X109.693 Y110.681 E.89174
G1 X109.459 Y110.515 E.90145
G1 X109.302 Y110.273 E.91121
G1 X109.252 Y109.982 E.9212
G1 X109.312 Y109.707 E.93073
G1 X109.473 Y109.468 E.94048
G1 X109.786 Y109.287 E.95272
G1 X109.853 Y109.285 E.95499
G1 X109.916 Y109.734 E.97034
;WIDTH:0.566571
G1 X110.128 Y109.765 E.97967
G1 X110.337 Y110 E.99336
G1 X110.182 Y110.201 E1.00441
G1 X110.072 Y110.261 E1.00987
G1 X109.883 Y110.246 E1.01813
;WIDTH:0.565768
G1 X109.744 Y110.1 E1.02689
G1 X109.747 Y109.894 E1.03585
G1 X109.768 Y109.874 E1.03711
;LAYER_CHANGE
;Z:9.4
;HEIGHT:0.2
G1 Z9.4 F9000
G1 X111.36 Y110.026
;TYPE:Perimeter
;WIDTH:0.449999
G1 F600
G1 X111.18 Y110.142 E1.04436
G1 X110.772 Y110.71 E1.06803
G1 X110.458 Y110.932 E1.08105
G1 X110.135 Y111.03 E1.09248
G1 X109.734 Y111.022 E1.10606
G1 X109.41 Y110.877 E1.11808
G1 X109.095 Y110.549 E1.13347
G1 X108.963 Y110.213 E1.14569
G1 X108.96 Y109.803 E1.15957
G1 X109.139 Y109.385 E1.17496
G1 X109.397 Y109.132 E1.18719
G1 X109.822 Y108.959 E1.20272
G1 X110.078 Y108.959 E1.21139
G1 X110.421 Y109.052 E1.22342
G1 X110.673 Y109.206 E1.23342
G1 X110.862 Y109.425 E1.24321
G1 X111.18 Y109.858 E1.26139
G1 X111.391 Y109.994 E1.26989
G1 X111.568 Y110.367 F9000
G1 F600
G1 X111.461 Y110.436 E1.2742
G1 X111.08 Y110.983 E1.29676
G1 X110.796 Y111.224 E1.30937
G1 X110.406 Y111.403 E1.3239
G1 X110.182 Y111.435 E1.33156
G1 X109.801 Y111.44 E1.34446
G1 X109.402 Y111.339 E1.35839
G1 X109.076 Y111.128 E1.37153
G1 X108.749 Y110.767 E1.38802
G1 X108.599 Y110.417 E1.40091
G1 X108.533 Y109.972 E1.41614
G1 X108.597 Y109.6 E1.42892
G1 X108.803 Y109.152 E1.44561
G1 X109.065 Y108.877 E1.45847
G1 X109.44 Y108.646 E1.47338
G1 X109.869 Y108.547 E1.48828
G1 X110.404 Y108.596 E1.50646
G1 X110.796 Y108.776 E1.52106
G1 X111.08 Y109.017 E1.53367
G1 X111.461 Y109.564 E1.55623
G1 X111.654 Y109.688 E1.56399
G1 X111.865 Y109.729 E1.57127
G1 X111.865 Y110.271 E1.58962
G1 X111.654 Y110.312 E1.5969
G1 X111.619 Y110.335 E1.59832
G1 X111.779 Y110.712 F9000
;TYPE:External perimeter
G1 F600
G1 X111.713 Y110.766 E1.60121
G1 X111.387 Y111.256 E1.62113
G1 X111.017 Y111.571 E1.63758
G1 X110.522 Y111.798 E1.65601
G1 X109.989 Y111.873 E1.67423
G1 X109.552 Y111.82 E1.68913
G1 X109.094 Y111.633 E1.70588
G1 X108.642 Y111.294 E1.725
G1 X108.403 Y110.984 E1.73825
G1 X108.208 Y110.532 E1.75491
G1 X108.124 Y109.969 E1.77418
G1 X108.208 Y109.48 E1.79097
G1 X108.382 Y109.071 E1.80601
G1 X108.683 Y108.664 E1.82314
G1 X109.094 Y108.37 E1.84024
G1 X109.519 Y108.199 E1.85575
G1 X110.018 Y108.127 E1.87282
G1 X110.521 Y108.202 E1.89003
G1 X111.017 Y108.429 E1.90849
G1 X111.387 Y108.744 E1.92494
G1 X111.713 Y109.234 E1.94486
G1 X111.806 Y109.31 E1.94893
G1 X112.272 Y109.325 E1.96471
G1 X112.272 Y110.675 E2.01041
G1 X111.83 Y110.689 E2.02538
G1 X111.569 Y110.992 F9000
G1 E1.22538 F2100
G92 E0
G1 X109.252 Y109.981 F9000
G1 E.8 F2100
;TYPE:Solid infill
G1 F600
G1 X109.311 Y109.708 E.80945
G1 X109.474 Y109.468 E.81927
G1 X109.786 Y109.287 E.83148
G1 X110.207 Y109.289 E.84573
G1 X110.545 Y109.498 E.85918
G1 X110.915 Y110 E.88029
G1 X110.545 Y110.502 E.9014
G1 X110.321 Y110.659 E.91066
G1 X109.987 Y110.743 E.92232
G1 X109.693 Y110.681 E.93249
G1 X109.458 Y110.514 E.94225
G1 X109.303 Y110.273 E.95195
G1 X109.287 Y110.181 E.95511
G1 X109.745 Y110.101 E.97085
;WIDTH:0.565848
G1 X109.747 Y109.895 E.97981
G1 X109.916 Y109.734 E.98996
G1 X109.997 Y109.74 E.99349
;WIDTH:0.566632
G1 X110.181 Y109.799 E1.0019
G1 X110.337 Y110 E1.01298
G1 X110.225 Y110.153 E1.02124
G1 X110.072 Y110.261 E1.0294
G1 X109.886 Y110.246 E1.03753
;LAYER_CHANGE
;Z:9.6
;HEIGHT:0.200001
G1 Z9.6 F9000
G1 X111.36 Y110.026
;TYPE:Perimeter
;WIDTH:0.449999
G1 F600
G1 X111.18 Y110.142 E1.04478
G1 X110.773 Y110.709 E1.0684
G1 X110.457 Y110.932 E1.08149
G1 X110.135 Y111.03 E1.09288
G1 X109.735 Y111.022 E1.10642
G1 X109.41 Y110.878 E1.11845
G1 X109.096 Y110.55 E1.13382
G1 X108.963 Y110.213 E1.14608
G1 X108.96 Y109.802 E1.15999
G1 X109.139 Y109.385 E1.17535
G1 X109.397 Y109.131 E1.1876
G1 X109.823 Y108.959 E1.20315
G1 X110.074 Y108.959 E1.21165
G1 X110.422 Y109.052 E1.22384
G1 X110.673 Y109.206 E1.23381
G1 X110.862 Y109.425 E1.2436
G1 X111.18 Y109.858 E1.26178
G1 X111.391 Y109.994 E1.27028
G1 X111.568 Y110.367 F9000
G1 F600
G1 X111.461 Y110.437 E1.27461
G1 X111.08 Y110.982 E1.29712
G1 X110.796 Y111.225 E1.30977
G1 X110.406 Y111.403 E1.32428
G1 X110.183 Y111.435 E1.33191
G1 X109.802 Y111.44 E1.34481
G1 X109.403 Y111.339 E1.35874
G1 X109.077 Y111.128 E1.37188
G1 X108.75 Y110.767 E1.38837
G1 X108.599 Y110.418 E1.40124
G1 X108.533 Y109.972 E1.4165
G1 X108.597 Y109.6 E1.42928
G1 X108.803 Y109.152 E1.44597
G1 X109.065 Y108.877 E1.45883
G1 X109.439 Y108.646 E1.47371
G1 X109.868 Y108.547 E1.48861
G1 X110.404 Y108.596 E1.50683
G1 X110.796 Y108.775 E1.52142
G1 X111.08 Y109.018 E1.53407
G1 X111.461 Y109.563 E1.55658
G1 X111.654 Y109.688 E1.56436
G1 X111.865 Y109.729 E1.57164
G1 X111.865 Y110.271 E1.58999
G1 X111.654 Y110.312 E1.59727
G1 X111.619 Y110.335 E1.59869
G1 X111.779 Y110.712 F9000
;TYPE:External perimeter
G1 F600
G1 X111.713 Y110.766 E1.60158
G1 X111.387 Y111.255 E1.62147
G1 X111.016 Y111.571 E1.63797
G1 X110.522 Y111.798 E1.65637
G1 X109.989 Y111.873 E1.67459
G1 X109.552 Y111.82 E1.68949
G1 X109.095 Y111.634 E1.70619
G1 X108.642 Y111.293 E1.72538
G1 X108.403 Y110.985 E1.73858
G1 X108.209 Y110.533 E1.75523
G1 X108.124 Y109.968 E1.77457
G1 X108.208 Y109.48 E1.79133
G1 X108.382 Y109.071 E1.80637
G1 X108.683 Y108.664 E1.8235
G1 X109.095 Y108.37 E1.84063
G1 X109.522 Y108.199 E1.8562
G1 X110.015 Y108.127 E1.87306
G1 X110.521 Y108.202 E1.89037
G1 X111.016 Y108.429 E1.9088
G1 X111.387 Y108.745 E1.9253
G1 X111.713 Y109.234 E1.94519
G1 X111.806 Y109.31 E1.94926
G1 X112.272 Y109.325 E1.96504
G1 X112.272 Y110.675 E2.01074
G1 X111.83 Y110.689 E2.02571
G1 X111.569 Y110.992 F9000
G1 E1.22571 F2100
G92 E0
G1 X110.046 Y109.277 F9000
G1 E.8 F2100
;TYPE:Solid infill
G1 F600
G1 X110.321 Y109.341 E.80956
G1 X110.546 Y109.498 E.81885
G1 X110.915 Y110 E.83994
G1 X110.484 Y110.555 E.86373
G1 X110.32 Y110.659 E.8703
G1 X109.987 Y110.743 E.88192
G1 X109.693 Y110.682 E.89208
G1 X109.457 Y110.514 E.90189
G1 X109.303 Y110.274 E.91154
G1 X109.252 Y109.98 E.92164
G1 X109.311 Y109.709 E.93103
G1 X109.474 Y109.467 E.94091
G1 X109.786 Y109.288 E.95309
G1 X109.843 Y109.285 E.95502
G1 X109.917 Y109.737 E.97052
;WIDTH:0.566698
G1 X110.127 Y109.765 E.97975
G1 X110.337 Y110 E.99348
G1 X110.182 Y110.2 E1.0045
G1 X110.002 Y110.271 E1.01293
G1 X109.8 Y110.187 E1.02246
;WIDTH:0.565932
G1 X109.725 Y109.99 E1.03163
G1 X109.767 Y109.872 E1.03708
;LAYER_CHANGE
;Z:9.8
;HEIGHT:0.2
G1 Z9.8 F9000
G1 X111.36 Y110.026
;TYPE:Perimeter
;WIDTH:0.449999
G1 F600
G1 X111.18 Y110.142 E1.04433
G1 X110.773 Y110.709 E1.06795
G1 X110.456 Y110.933 E1.08109
G1 X110.136 Y111.03 E1.09241
G1 X109.735 Y111.022 E1.10599
G1 X109.411 Y110.878 E1.11799
G1 X109.096 Y110.55 E1.13338
G1 X108.964 Y110.214 E1.1456
G1 X108.96 Y109.801 E1.15958
G1 X109.14 Y109.384 E1.17495
G1 X109.398 Y109.131 E1.18718
G1 X109.824 Y108.959 E1.20273
G1 X110.071 Y108.958 E1.21109
G1 X110.422 Y109.052 E1.22339
G1 X110.673 Y109.206 E1.23336
G1 X110.862 Y109.425 E1.24315
G1 X111.18 Y109.858 E1.26133
G1 X111.391 Y109.994 E1.26983
G1 X111.568 Y110.367 F9000
G1 F600
G1 X111.461 Y110.437 E1.27416
G1 X111.08 Y110.982 E1.29667
G1 X110.795 Y111.225 E1.30935
G1 X110.406 Y111.403 E1.32383
G1 X110.168 Y111.437 E1.33197
G1 X109.803 Y111.44 E1.34433
G1 X109.403 Y111.339 E1.35829
G1 X109.077 Y111.129 E1.37142
G1 X108.75 Y110.768 E1.38791
G1 X108.6 Y110.419 E1.40077
G1 X108.533 Y109.971 E1.4161
G1 X108.597 Y109.599 E1.42888
G1 X108.804 Y109.151 E1.44558
G1 X109.066 Y108.877 E1.45841
G1 X109.438 Y108.647 E1.47321
G1 X109.868 Y108.547 E1.48815
G1 X110.404 Y108.596 E1.50637
G1 X110.795 Y108.775 E1.52093
G1 X111.08 Y109.018 E1.53361
G1 X111.461 Y109.563 E1.55612
G1 X111.654 Y109.688 E1.5639
G1 X111.865 Y109.729 E1.57118
G1 X111.865 Y110.271 E1.58953
G1 X111.654 Y110.312 E1.59681
G1 X111.619 Y110.335 E1.59823
G1 X111.779 Y110.712 F9000
;TYPE:External perimeter
G1 F600
G1 X111.713 Y110.766 E1.60112
G1 X111.388 Y111.255 E1.62099
G1 X111.016 Y111.572 E1.63753
G1 X110.522 Y111.798 E1.65592
G1 X109.99 Y111.873 E1.67411
G1 X109.553 Y111.82 E1.68901
G1 X109.096 Y111.634 E1.70571
G1 X108.641 Y111.292 E1.72498
G1 X108.404 Y110.986 E1.73808
G1 X108.209 Y110.534 E1.75474
G1 X108.124 Y109.967 E1.77415
G1 X108.208 Y109.479 E1.79091
G1 X108.383 Y109.07 E1.80597
G1 X108.684 Y108.663 E1.8231
G1 X109.095 Y108.369 E1.8402
G1 X109.524 Y108.198 E1.85583
G1 X110.013 Y108.127 E1.87256
G1 X110.521 Y108.202 E1.88994
G1 X111.016 Y108.428 E1.90836
G1 X111.388 Y108.745 E1.9249
G1 X111.713 Y109.234 E1.94477
G1 X111.806 Y109.31 E1.94884
G1 X112.272 Y109.325 E1.96462
G1 X112.272 Y110.675 E2.01032
G1 X111.83 Y110.689 E2.02529
G1 X111.569 Y110.992 F9000
G1 E1.22529 F2100
G92 E0
G1 X109.252 Y109.979 F9000
G1 E.8 F2100
;TYPE:Solid infill
G1 F600
G1 X109.311 Y109.71 E.80932
G1 X109.474 Y109.467 E.81922
G1 X109.786 Y109.288 E.8314
G1 X110.207 Y109.289 E.84565
G1 X110.546 Y109.499 E.85915
G1 X110.915 Y110 E.88021
G1 X110.546 Y110.501 E.90127
G1 X110.318 Y110.66 E.91068
G1 X109.987 Y110.743 E.92223
G1 X109.694 Y110.682 E.93236
G1 X109.457 Y110.513 E.94221
G1 X109.303 Y110.274 E.95183
G1 X109.287 Y110.18 E.95506
G1 X109.745 Y110.102 E.97079
;WIDTH:0.566021
G1 X109.746 Y109.896 E.97975
G1 X109.913 Y109.736 E.98981
G1 X109.997 Y109.74 E.99347
;WIDTH:0.566768
G1 X110.18 Y109.798 E1.00183
G1 X110.337 Y110 E1.01297
G1 X110.225 Y110.153 E1.02123
G1 X110.071 Y110.261 E1.02942
G1 X109.887 Y110.247 E1.03746
;LAYER_CHANGE
;Z:10
;HEIGHT:0.2
G1 Z10 F9000
G1 X111.36 Y110.026
;TYPE:Perimeter
;WIDTH:0.449999
G1 F600
G1 X111.18 Y110.142 E1.04471
G1 X110.773 Y110.709 E1.06833
G1 X110.455 Y110.933 E1.0815
G1 X110.136 Y111.03 E1.09279
G1 X109.735 Y111.022 E1.10637
G1 X109.412 Y110.878 E1.11834
G1 X109.097 Y110.551 E1.13371
G1 X108.964 Y110.215 E1.14594
G1 X108.96 Y109.801 E1.15995
G1 X109.14 Y109.384 E1.17532
G1 X109.398 Y109.131 E1.18755
G1 X109.826 Y108.959 E1.20316
G1 X110.127 Y108.967 E1.21335
G1 X110.422 Y109.052 E1.22374
G1 X110.673 Y109.206 E1.23371
G1 X110.862 Y109.425 E1.2435
G1 X111.18 Y109.858 E1.26168
G1 X111.391 Y109.994 E1.27018
G1 X111.568 Y110.367 F9000
G1 F600
G1 X111.461 Y110.437 E1.27451
G1 X111.081 Y110.981 E1.29697
G1 X110.794 Y111.225 E1.30972
G1 X110.406 Y111.403 E1.32417
G1 X110.168 Y111.437 E1.33231
G1 X109.803 Y111.441 E1.34467
G1 X109.404 Y111.34 E1.3586
G1 X109.078 Y111.129 E1.37174
G1 X108.75 Y110.769 E1.38822
G1 X108.6 Y110.42 E1.40108
G1 X108.533 Y109.97 E1.41648
G1 X108.597 Y109.599 E1.42922
G1 X108.804 Y109.15 E1.44596
G1 X109.066 Y108.877 E1.45877
G1 X109.437 Y108.647 E1.47355
G1 X109.868 Y108.547 E1.48853
G1 X110.404 Y108.596 E1.50675
G1 X110.794 Y108.775 E1.52128
G1 X111.081 Y109.019 E1.53403
G1 X111.461 Y109.563 E1.55649
G1 X111.654 Y109.688 E1.56427
G1 X111.865 Y109.729 E1.57155
G1 X111.865 Y110.271 E1.5899
G1 X111.654 Y110.312 E1.59718
G1 X111.619 Y110.335 E1.5986
G1 X111.779 Y110.712 F9000
;TYPE:External perimeter
G1 F600
G1 X111.713 Y110.766 E1.60149
G1 X111.388 Y111.254 E1.62134
G1 X111.015 Y111.572 E1.63793
G1 X110.521 Y111.798 E1.65632
G1 X109.99 Y111.873 E1.67447
G1 X109.554 Y111.82 E1.68934
G1 X109.097 Y111.635 E1.70603
G1 X108.64 Y111.292 E1.72537
G1 X108.404 Y110.987 E1.73842
G1 X108.209 Y110.535 E1.75508
G1 X108.124 Y109.966 E1.77455
G1 X108.208 Y109.479 E1.79128
G1 X108.383 Y109.07 E1.80634
G1 X108.685 Y108.663 E1.82349
G1 X109.095 Y108.369 E1.84057
G1 X109.527 Y108.198 E1.8563
G1 X110.011 Y108.127 E1.87286
G1 X110.521 Y108.202 E1.89031
G1 X111.015 Y108.428 E1.9087
G1 X111.388 Y108.746 E1.92529
G1 X111.713 Y109.234 E1.94514
G1 X111.806 Y109.31 E1.94921
G1 X112.272 Y109.325 E1.96499
G1 X112.272 Y110.675 E2.01069
G1 X111.83 Y110.689 E2.02566
G1 X111.57 Y110.992 F9000
G1 E1.22566 F2100
G92 E0
G1 X110.043 Y109.277 F9000
G1 E.8 F2100
;TYPE:Solid infill
G1 F600
G1 X110.32 Y109.341 E.80962
G1 X110.546 Y109.499 E.81895
G1 X110.915 Y110 E.84001
G1 X110.483 Y110.554 E.86379
G1 X110.317 Y110.66 E.87046
G1 X109.987 Y110.743 E.88198
G1 X109.694 Y110.682 E.89211
G1 X109.456 Y110.512 E.90201
G1 X109.303 Y110.275 E.91156
G1 X109.252 Y109.979 E.92173
G1 X109.31 Y109.711 E.93101
G1 X109.475 Y109.467 E.94098
G1 X109.786 Y109.288 E.95313
G1 X109.84 Y109.286 E.95496
G1 X109.912 Y109.736 E.97039
;WIDTH:0.566833
G1 X110.126 Y109.764 E.97979
G1 X110.337 Y110 E.99358
G1 X110.182 Y110.2 E1.0046
G1 X110.071 Y110.261 E1.01012
G1 X109.884 Y110.246 E1.01829
;WIDTH:0.566103
G1 X109.745 Y110.102 E1.027
G1 X109.746 Y109.897 E1.03592
G1 X109.765 Y109.878 E1.03709
;LAYER_CHANGE
;Z:10.2
;HEIGHT:0.2
G1 Z10.2 F9000
G1 X111.36 Y110.026
;TYPE:Perimeter
;WIDTH:0.449999
G1 F600
G1 X111.18 Y110.142 E1.04434
G1 X110.774 Y110.708 E1.06792
G1 X110.453 Y110.934 E1.08121
G1 X110.136 Y111.03 E1.09242
G1 X109.736 Y111.022 E1.10596
G1 X109.412 Y110.879 E1.11795
G1 X109.097 Y110.551 E1.13334
G1 X108.964 Y110.215 E1.14557
G1 X108.961 Y109.8 E1.15962
G1 X109.141 Y109.383 E1.17499
G1 X109.399 Y109.13 E1.18722
G1 X109.827 Y108.958 E1.20283
G1 X110.127 Y108.967 E1.21299
G1 X110.423 Y109.052 E1.22341
G1 X110.673 Y109.206 E1.23335
G1 X110.862 Y109.425 E1.24314
G1 X111.18 Y109.858 E1.26132
G1 X111.391 Y109.994 E1.26982
G1 X111.568 Y110.367 F9000
G1 F600
G1 X111.461 Y110.437 E1.27415
G1 X111.081 Y110.981 E1.29661
G1 X110.794 Y111.226 E1.30938
G1 X110.406 Y111.403 E1.32382
G1 X110.186 Y111.434 E1.33134
G1 X109.804 Y111.441 E1.34427
G1 X109.404 Y111.34 E1.35823
G1 X109.078 Y111.129 E1.37137
G1 X108.751 Y110.769 E1.38783
G1 X108.6 Y110.421 E1.40067
G1 X108.533 Y109.969 E1.41614
G1 X108.597 Y109.598 E1.42888
G1 X108.805 Y109.15 E1.4456
G1 X109.066 Y108.876 E1.45841
G1 X109.436 Y108.648 E1.47312
G1 X109.867 Y108.547 E1.4881
G1 X110.404 Y108.596 E1.50635
G1 X110.794 Y108.774 E1.52086
G1 X111.081 Y109.019 E1.53363
G1 X111.461 Y109.563 E1.55609
G1 X111.654 Y109.688 E1.56387
G1 X111.865 Y109.729 E1.57115
G1 X111.865 Y110.271 E1.5895
G1 X111.654 Y110.312 E1.59678
G1 X111.619 Y110.335 E1.5982
G1 X111.779 Y110.712 F9000
;TYPE:External perimeter
G1 F600
G1 X111.713 Y110.766 E1.60109
G1 X111.389 Y111.254 E1.62092
G1 X111.015 Y111.572 E1.63754
G1 X110.521 Y111.798 E1.65593
G1 X109.99 Y111.873 E1.67408
G1 X109.554 Y111.821 E1.68894
G1 X109.098 Y111.635 E1.70561
G1 X108.639 Y111.291 E1.72503
G1 X108.405 Y110.987 E1.73802
G1 X108.21 Y110.536 E1.75465
G1 X108.124 Y109.966 E1.77416
G1 X108.208 Y109.478 E1.79092
G1 X108.384 Y109.069 E1.80599
G1 X108.685 Y108.662 E1.82312
G1 X109.095 Y108.369 E1.84018
G1 X109.529 Y108.197 E1.85598
G1 X110.009 Y108.127 E1.8724
G1 X110.521 Y108.202 E1.88992
G1 X111.015 Y108.428 E1.90831
G1 X111.389 Y108.746 E1.92493
G1 X111.713 Y109.234 E1.94476
G1 X111.806 Y109.31 E1.94883
G1 X112.272 Y109.325 E1.96461
G1 X112.272 Y110.675 E2.01031
G1 X111.83 Y110.689 E2.02528
G1 X111.57 Y110.992 F9000
G1 E1.22528 F2100
G92 E0
G1 X109.252 Y109.978 F9000
G1 E.8 F2100
;TYPE:Solid infill
G1 F600
G1 X109.31 Y109.712 E.80922
G1 X109.475 Y109.466 E.81925
G1 X109.786 Y109.288 E.83138
G1 X110.207 Y109.289 E.84563
G1 X110.547 Y109.5 E.85917
G1 X110.915 Y110 E.88018
G1 X110.547 Y110.5 E.90119
G1 X110.316 Y110.661 E.91072
G1 X109.988 Y110.743 E.92216
G1 X109.694 Y110.682 E.93232
G1 X109.455 Y110.512 E.94225
G1 X109.303 Y110.275 E.95178
G1 X109.287 Y110.179 E.95507
G1 X109.745 Y110.101 E.9708
;WIDTH:0.566189
G1 X109.885 Y110.246 E.97957
;WIDTH:0.566901
G1 X110.071 Y110.261 E.9877
G1 X110.225 Y110.153 E.9959
G1 X110.337 Y110 E1.00416
G1 X110.179 Y109.798 E1.01533
G1 X109.996 Y109.74 E1.02369
;WIDTH:0.566189
G1 X109.91 Y109.737 E1.02743
G1 X109.745 Y109.898 E1.03746
;LAYER_CHANGE
;Z:10.4
;HEIGHT:0.2
G1 Z10.4 F9000
G1 X111.36 Y110.026
;TYPE:Perimeter
;WIDTH:0.449999
G1 F600
G1 X111.18 Y110.142 E1.04471
G1 X110.847 Y110.597 E1.0638
G1 X110.572 Y110.88 E1.07716
G1 X110.29 Y111.009 E1.08766
G1 X109.982 Y111.052 E1.09819
G1 X109.57 Y110.966 E1.11244
G1 X109.231 Y110.725 E1.12652
G1 X109.015 Y110.389 E1.14004
G1 X108.942 Y109.972 E1.15437
G1 X109.025 Y109.591 E1.16757
G1 X109.258 Y109.245 E1.18169
G1 X109.538 Y109.07 E1.19287
G1 X109.845 Y108.975 E1.20375
G1 X110.152 Y108.971 E1.21414
G1 X110.413 Y109.048 E1.22335
G1 X110.673 Y109.206 E1.23365
G1 X110.863 Y109.426 E1.24349
G1 X111.18 Y109.858 E1.26163
G1 X111.391 Y109.994 E1.27013
G1 X111.568 Y110.367 F9000
G1 F600
G1 X111.461 Y110.437 E1.27446
G1 X111.081 Y110.981 E1.29692
G1 X110.793 Y111.226 E1.30972
G1 X110.405 Y111.403 E1.32416
G1 X110.186 Y111.434 E1.33165
G1 X109.804 Y111.441 E1.34458
G1 X109.405 Y111.34 E1.35851
G1 X109.079 Y111.129 E1.37165
G1 X108.751 Y110.77 E1.38811
G1 X108.6 Y110.422 E1.40095
G1 X108.533 Y109.968 E1.41648
G1 X108.597 Y109.598 E1.42919
G1 X108.805 Y109.149 E1.44594
G1 X109.161 Y108.799 E1.46284
G1 X109.569 Y108.603 E1.47816
G1 X110.013 Y108.539 E1.49334
G1 X110.404 Y108.596 E1.50671
G1 X110.793 Y108.774 E1.52119
G1 X111.081 Y109.019 E1.53399
G1 X111.461 Y109.563 E1.55645
G1 X111.654 Y109.688 E1.56423
G1 X111.865 Y109.729 E1.57151
G1 X111.865 Y110.271 E1.58986
G1 X111.654 Y110.312 E1.59714
G1 X111.619 Y110.335 E1.59856
G1 X111.779 Y110.712 F9000
;TYPE:External perimeter
G1 F600
G1 X111.713 Y110.766 E1.60145
G1 X111.389 Y111.253 E1.62125
G1 X111.014 Y111.573 E1.63794
G1 X110.521 Y111.798 E1.65628
G1 X109.991 Y111.873 E1.6744
G1 X109.555 Y111.821 E1.68926
G1 X109.099 Y111.636 E1.70592
G1 X108.639 Y111.29 E1.7254
G1 X108.328 Y110.835 E1.74406
G1 X108.16 Y110.369 E1.76083
G1 X108.142 Y109.797 E1.7802
G1 X108.272 Y109.269 E1.79861
G1 X108.578 Y108.789 E1.81788
G1 X108.941 Y108.453 E1.83462
G1 X109.449 Y108.21 E1.85368
G1 X110.014 Y108.128 E1.873
G1 X110.521 Y108.202 E1.89034
G1 X111.014 Y108.427 E1.90868
G1 X111.389 Y108.747 E1.92537
G1 X111.713 Y109.234 E1.94517
G1 X111.806 Y109.31 E1.94924
G1 X112.272 Y109.325 E1.96502
G1 X112.272 Y110.675 E2.01072
G1 X111.83 Y110.689 E2.02569
G1 X111.57 Y110.992 F9000
G1 E1.22569 F2100
G92 E0
G1 X110.013 Y109.259 F9000
G1 E.8 F2100
;TYPE:Solid infill
G1 F600
G1 X110.286 Y109.325 E.80951
G1 X110.547 Y109.5 E.82015
G1 X110.915 Y110 E.84116
G1 X110.483 Y110.554 E.86494
G1 X110.203 Y110.712 E.87582
G1 X109.9 Y110.735 E.88611
G1 X109.593 Y110.628 E.89711
G1 X109.358 Y110.385 E.90855
G1 X109.268 Y110.157 E.91685
G1 X109.265 Y109.861 E.92687
G1 X109.336 Y109.698 E.93289
G1 X109.478 Y109.474 E.94187
G1 X109.681 Y109.34 E.9501
G1 X109.815 Y109.307 E.95477
G1 X109.953 Y109.74 E.97015
;WIDTH:0.570626
G1 X110.12 Y109.763 E.97755
G1 X110.335 Y110 E.99159
G1 X110.153 Y110.221 E1.00415
G1 X109.956 Y110.271 E1.01307
G1 X109.801 Y110.17 E1.02119
G1 X109.734 Y110.034 E1.02784
G1 X109.786 Y109.843 E1.03653
;LAYER_CHANGE
;Z:10.6
;HEIGHT:0.200001
G1 Z10.6 F9000
G1 X111.36 Y110.026
;TYPE:Perimeter
;WIDTH:0.449999
G1 F600
G1 X111.18 Y110.142 E1.04378
G1 X110.848 Y110.596 E1.06282
G1 X110.572 Y110.88 E1.07622
G1 X110.29 Y111.009 E1.08672
G1 X109.983 Y111.052 E1.09721
G1 X109.57 Y110.966 E1.11149
G1 X109.23 Y110.724 E1.12562
G1 X109.015 Y110.389 E1.13909
G1 X108.942 Y109.971 E1.15345
G1 X109.025 Y109.592 E1.16658
G1 X109.258 Y109.245 E1.18073
G1 X109.539 Y109.069 E1.19195
G1 X109.846 Y108.974 E1.20283
G1 X110.151 Y108.971 E1.21315
G1 X110.414 Y109.048 E1.22243
G1 X110.673 Y109.206 E1.2327
G1 X110.863 Y109.426 E1.24254
G1 X111.18 Y109.858 E1.26068
G1 X111.391 Y109.994 E1.26918
G1 X111.568 Y110.367 F9000
G1 F600
G1 X111.461 Y110.437 E1.27351
G1 X111.082 Y110.98 E1.29592
G1 X110.793 Y111.227 E1.30879
G1 X110.405 Y111.403 E1.32321
G1 X110.187 Y111.434 E1.33066
G1 X109.805 Y111.441 E1.34359
G1 X109.405 Y111.34 E1.35755
G1 X109.079 Y111.13 E1.37068
G1 X108.752 Y110.771 E1.38712
G1 X108.601 Y110.422 E1.39999
G1 X108.533 Y109.968 E1.41553
G1 X108.597 Y109.597 E1.42827
G1 X108.806 Y109.149 E1.445
G1 X109.161 Y108.799 E1.46187
G1 X109.57 Y108.603 E1.47722
G1 X110.011 Y108.539 E1.4923
G1 X110.404 Y108.596 E1.50574
G1 X110.793 Y108.773 E1.52021
G1 X111.082 Y109.02 E1.53308
G1 X111.461 Y109.563 E1.55549
G1 X111.654 Y109.688 E1.56327
G1 X111.865 Y109.729 E1.57055
G1 X111.865 Y110.271 E1.5889
G1 X111.654 Y110.312 E1.59618
G1 X111.619 Y110.335 E1.5976
G1 X111.779 Y110.712 F9000
;TYPE:External perimeter
G1 F600
G1 X111.713 Y110.766 E1.60049
G1 X111.389 Y111.253 E1.62029
G1 X111.013 Y111.573 E1.637
G1 X110.521 Y111.798 E1.65531
G1 X109.991 Y111.873 E1.67343
G1 X109.556 Y111.821 E1.68826
G1 X109.1 Y111.636 E1.70492
G1 X108.638 Y111.289 E1.72448
G1 X108.328 Y110.836 E1.74306
G1 X108.161 Y110.37 E1.75982
G1 X108.142 Y109.796 E1.77926
G1 X108.272 Y109.27 E1.7976
G1 X108.578 Y108.788 E1.81693
G1 X108.941 Y108.453 E1.83365
G1 X109.45 Y108.209 E1.85276
G1 X110.011 Y108.128 E1.87195
G1 X110.52 Y108.202 E1.88936
G1 X111.013 Y108.427 E1.9077
G1 X111.389 Y108.747 E1.92441
G1 X111.713 Y109.234 E1.94421
G1 X111.806 Y109.31 E1.94828
G1 X112.272 Y109.325 E1.96406
G1 X112.272 Y110.675 E2.00976
G1 X111.83 Y110.689 E2.02473
G1 X111.57 Y110.992 F9000
G1 E1.22473 F2100
G92 E0
G1 X109.267 Y110.064 F9000
G1 E.8 F2100
;TYPE:Solid infill
G1 F600
G1 X109.268 Y110.158 E.80318
G1 X109.358 Y110.385 E.81145
G1 X109.593 Y110.628 E.82289
G1 X109.9 Y110.735 E.83389
G1 X110.203 Y110.713 E.84417
G1 X110.483 Y110.554 E.85507
G1 X110.915 Y110 E.87885
G1 X110.547 Y109.5 E.89986
G1 X110.201 Y109.286 E.91363
G1 X109.887 Y109.277 E.92426
G1 X109.55 Y109.402 E.93643
G1 X109.399 Y109.553 E.94366
G1 X109.265 Y109.861 E.95503
G1 X109.734 Y110.007 E.97166
;WIDTH:0.570657
G1 X109.809 Y109.805 E.98112
G1 X110.011 Y109.731 E.99056
G1 X110.18 Y109.802 E.9986
G1 X110.335 Y110 E1.00963
G1 X110.153 Y110.222 E1.02223
G1 X109.935 Y110.268 E1.03201
G1 X109.823 Y110.182 E1.03821
;LAYER_CHANGE
;Z:10.8
;HEIGHT:0.2
G1 Z10.8 F9000
G1 X111.36 Y110.026
;TYPE:Perimeter
;WIDTH:0.449999
G1 F600
G1 X111.18 Y110.142 E1.04546
G1 X110.849 Y110.595 E1.06445
G1 X110.571 Y110.88 E1.07793
G1 X110.29 Y111.009 E1.0884
G1 X109.983 Y111.052 E1.09889
G1 X109.571 Y110.967 E1.11313
G1 X109.229 Y110.723 E1.12735
G1 X109.015 Y110.389 E1.14078
G1 X108.942 Y109.971 E1.15514
G1 X109.024 Y109.593 E1.16823
G1 X109.258 Y109.245 E1.18242
G1 X109.539 Y109.069 E1.19364
G1 X109.846 Y108.974 E1.20452
G1 X110.15 Y108.971 E1.21481
G1 X110.415 Y109.049 E1.22416
G1 X110.673 Y109.206 E1.23438
G1 X110.863 Y109.426 E1.24422
G1 X111.18 Y109.858 E1.26236
G1 X111.391 Y109.994 E1.27086
G1 X111.568 Y110.367 F9000
G1 F600
G1 X111.461 Y110.437 E1.27519
G1 X111.082 Y110.98 E1.2976
G1 X110.792 Y111.227 E1.31049
G1 X110.405 Y111.403 E1.32488
G1 X110.189 Y111.434 E1.33227
G1 X109.806 Y111.441 E1.34524
G1 X109.406 Y111.34 E1.3592
G1 X109.08 Y111.13 E1.37233
G1 X108.752 Y110.771 E1.38879
G1 X108.601 Y110.423 E1.40163
G1 X108.533 Y109.967 E1.41724
G1 X108.597 Y109.597 E1.42995
G1 X108.806 Y109.148 E1.44671
G1 X109.162 Y108.798 E1.46361
G1 X109.571 Y108.603 E1.47895
G1 X110.01 Y108.539 E1.49397
G1 X110.404 Y108.596 E1.50745
G1 X110.792 Y108.773 E1.52189
G1 X111.082 Y109.02 E1.53478
G1 X111.461 Y109.563 E1.55719
G1 X111.654 Y109.688 E1.56497
G1 X111.865 Y109.729 E1.57225
G1 X111.865 Y110.271 E1.5906
G1 X111.654 Y110.312 E1.59788
G1 X111.619 Y110.335 E1.5993
G1 X111.779 Y110.712 F9000
;TYPE:External perimeter
G1 F600
G1 X111.713 Y110.766 E1.60219
G1 X111.39 Y111.253 E1.62197
G1 X111.013 Y111.574 E1.63873
G1 X110.521 Y111.798 E1.65703
G1 X109.992 Y111.873 E1.67512
G1 X109.556 Y111.821 E1.68998
G1 X109.101 Y111.637 E1.70659
G1 X108.637 Y111.289 E1.72622
G1 X108.329 Y110.837 E1.74473
G1 X108.161 Y110.371 E1.7615
G1 X108.142 Y109.795 E1.78101
G1 X108.271 Y109.271 E1.79928
G1 X108.579 Y108.787 E1.8187
G1 X108.942 Y108.452 E1.83542
G1 X109.451 Y108.209 E1.85451
G1 X110.009 Y108.128 E1.8736
G1 X110.52 Y108.202 E1.89108
G1 X111.013 Y108.426 E1.90941
G1 X111.39 Y108.747 E1.92617
G1 X111.713 Y109.234 E1.94595
G1 X111.806 Y109.31 E1.95002
G1 X112.272 Y109.325 E1.9658
G1 X112.272 Y110.675 E2.0115
G1 X111.83 Y110.689 E2.02647
G1 X111.57 Y110.992 F9000
G1 E1.22647 F2100
G92 E0
G1 X110.01 Y109.259 F9000
G1 E.8 F2100
;TYPE:Solid infill
G1 F600
G1 X110.288 Y109.326 E.80968
G1 X110.548 Y109.501 E.82029
G1 X110.915 Y110 E.84126
G1 X110.483 Y110.554 E.86504
G1 X110.203 Y110.713 E.87594
G1 X109.9 Y110.735 E.88622
G1 X109.594 Y110.628 E.89719
G1 X109.359 Y110.386 E.90861
G1 X109.268 Y110.158 E.91692
G1 X109.265 Y109.86 E.92701
G1 X109.336 Y109.698 E.933
G1 X109.479 Y109.473 E.94202
G1 X109.683 Y109.339 E.95028
G1 X109.812 Y109.307 E.95478
G1 X109.955 Y109.739 E.97018
;WIDTH:0.570683
G1 X110.119 Y109.763 E.97745
G1 X110.335 Y110 E.99152
G1 X110.152 Y110.222 E1.00415
G1 X109.956 Y110.271 E1.01302
G1 X109.802 Y110.171 E1.02108
G1 X109.734 Y110.035 E1.02775
G1 X109.786 Y109.842 E1.03652
;LAYER_CHANGE
;Z:11
;HEIGHT:0.2
G1 Z11 F9000
G1 X111.36 Y110.026
;TYPE:Perimeter
;WIDTH:0.449999
G1 F600
G1 X111.18 Y110.142 E1.04377
G1 X110.849 Y110.594 E1.06273
G1 X110.571 Y110.881 E1.07625
G1 X110.29 Y111.009 E1.0867
G1 X109.983 Y111.052 E1.09719
G1 X109.571 Y110.967 E1.11143
G1 X109.228 Y110.722 E1.1257
G1 X109.015 Y110.39 E1.13905
G1 X108.942 Y109.97 E1.15348
G1 X109.024 Y109.594 E1.16651
G1 X109.259 Y109.245 E1.18075
G1 X109.54 Y109.069 E1.19197
G1 X109.846 Y108.974 E1.20282
G1 X110.149 Y108.971 E1.21308
G1 X110.416 Y109.049 E1.2225
G1 X110.672 Y109.206 E1.23267
G1 X110.863 Y109.426 E1.24253
G1 X111.18 Y109.858 E1.26067
G1 X111.391 Y109.994 E1.26917
G1 X111.568 Y110.367 F9000
G1 F600
G1 X111.461 Y110.437 E1.2735
G1 X111.082 Y110.979 E1.29589
G1 X110.791 Y111.227 E1.30883
G1 X110.405 Y111.404 E1.3232
G1 X110.189 Y111.434 E1.33058
G1 X109.806 Y111.441 E1.34355
G1 X109.406 Y111.341 E1.35751
G1 X109.08 Y111.13 E1.37065
G1 X108.752 Y110.772 E1.38708
G1 X108.601 Y110.424 E1.39992
G1 X108.533 Y109.966 E1.41559
G1 X108.597 Y109.596 E1.4283
G1 X108.806 Y109.147 E1.44506
G1 X109.162 Y108.798 E1.46193
G1 X109.571 Y108.603 E1.47727
G1 X110.008 Y108.539 E1.49222
G1 X110.404 Y108.596 E1.50576
G1 X110.791 Y108.773 E1.52016
G1 X111.082 Y109.021 E1.5331
G1 X111.461 Y109.563 E1.55549
G1 X111.654 Y109.688 E1.56327
G1 X111.865 Y109.729 E1.57055
G1 X111.865 Y110.271 E1.5889
G1 X111.654 Y110.312 E1.59618
G1 X111.619 Y110.335 E1.5976
G1 X111.779 Y110.712 F9000
;TYPE:External perimeter
G1 F600
G1 X111.713 Y110.766 E1.60049
G1 X111.39 Y111.252 E1.62024
G1 X111.012 Y111.574 E1.63705
G1 X110.52 Y111.798 E1.65535
G1 X109.992 Y111.873 E1.6734
G1 X109.557 Y111.821 E1.68823
G1 X109.102 Y111.637 E1.70484
G1 X108.637 Y111.288 E1.72452
G1 X108.33 Y110.838 E1.74296
G1 X108.161 Y110.372 E1.75974
G1 X108.142 Y109.793 E1.77935
G1 X108.271 Y109.272 E1.79752
G1 X108.58 Y108.786 E1.81701
G1 X108.943 Y108.452 E1.83371
G1 X109.451 Y108.209 E1.85277
G1 X110.007 Y108.127 E1.87179
G1 X110.52 Y108.202 E1.88934
G1 X111.012 Y108.426 E1.90764
G1 X111.39 Y108.748 E1.92445
G1 X111.713 Y109.234 E1.9442
G1 X111.806 Y109.31 E1.94827
G1 X112.272 Y109.325 E1.96405
G1 X112.272 Y110.675 E2.00975
G1 X111.83 Y110.689 E2.02472
G1 X111.57 Y110.992 F9000
G1 E1.22472 F2100
G92 E0
G1 X109.267 Y110.063 F9000
G1 E.8 F2100
;TYPE:Solid infill
G1 F600
G1 X109.268 Y110.159 E.80325
G1 X109.359 Y110.386 E.81153
G1 X109.594 Y110.629 E.82297
G1 X109.901 Y110.735 E.83396
G1 X110.203 Y110.713 E.84421
G1 X110.484 Y110.554 E.85514
G1 X110.915 Y110 E.8789
G1 X110.548 Y109.501 E.89987
G1 X110.201 Y109.287 E.91367
G1 X109.888 Y109.276 E.92427
G1 X109.551 Y109.402 E.93645
G1 X109.399 Y109.553 E.9437
G1 X109.265 Y109.86 E.95504
G1 X109.734 Y110.007 E.97168
;WIDTH:0.570715
G1 X109.809 Y109.804 E.98118
G1 X110.009 Y109.731 E.99052
G1 X110.18 Y109.801 E.99863
G1 X110.335 Y110 E1.0097
G1 X110.152 Y110.222 E1.02233
G1 X109.935 Y110.268 E1.03206
G1 X109.823 Y110.182 E1.03826
;LAYER_CHANGE
;Z:11.2
;HEIGHT:0.2
G1 Z11.2 F9000
G1 X111.36 Y110.026
;TYPE:Perimeter
;WIDTH:0.449999
G1 F600
G1 X111.179 Y110.142 E1.04554
G1 X110.775 Y110.706 E1.06902
G1 X110.57 Y110.881 E1.07814
G1 X110.289 Y111.009 E1.08859
G1 X109.984 Y111.052 E1.09902
G1 X109.571 Y110.967 E1.11329
G1 X109.228 Y110.722 E1.12756
G1 X109.016 Y110.39 E1.14089
G1 X108.942 Y109.969 E1.15536
G1 X109.023 Y109.595 E1.16831
G1 X109.259 Y109.244 E1.18263
G1 X109.54 Y109.069 E1.19384
G1 X109.847 Y108.974 E1.20472
G1 X110.148 Y108.971 E1.21491
G1 X110.417 Y109.049 E1.22439
G1 X110.672 Y109.206 E1.23453
G1 X110.863 Y109.426 E1.24439
G1 X111.179 Y109.858 E1.26251
G1 X111.391 Y109.994 E1.27104
G1 X111.568 Y110.367 F9000
G1 F600
G1 X111.461 Y110.437 E1.27537
G1 X111.083 Y110.979 E1.29774
G1 X110.791 Y111.228 E1.31073
G1 X110.405 Y111.404 E1.32509
G1 X110.189 Y111.434 E1.33247
G1 X109.807 Y111.441 E1.3454
G1 X109.407 Y111.341 E1.35936
G1 X109.081 Y111.131 E1.37249
G1 X108.753 Y110.773 E1.38892
G1 X108.601 Y110.425 E1.40177
G1 X108.533 Y109.965 E1.41751
G1 X108.597 Y109.596 E1.43019
G1 X108.807 Y109.147 E1.44697
G1 X109.163 Y108.798 E1.46384
G1 X109.572 Y108.602 E1.47919
G1 X110.006 Y108.539 E1.49403
G1 X110.404 Y108.596 E1.50764
G1 X110.791 Y108.772 E1.52203
G1 X111.083 Y109.021 E1.53502
G1 X111.461 Y109.563 E1.55739
G1 X111.654 Y109.688 E1.56517
G1 X111.865 Y109.729 E1.57245
G1 X111.865 Y110.271 E1.5908
G1 X111.654 Y110.312 E1.59808
G1 X111.619 Y110.335 E1.5995
G1 X111.779 Y110.712 F9000
;TYPE:External perimeter
G1 F600
G1 X111.713 Y110.766 E1.60239
G1 X111.39 Y111.252 E1.62214
G1 X111.011 Y111.575 E1.639
G1 X110.52 Y111.798 E1.65725
G1 X109.993 Y111.873 E1.67527
G1 X109.558 Y111.821 E1.6901
G1 X109.102 Y111.638 E1.70673
G1 X108.636 Y111.287 E1.72648
G1 X108.33 Y110.839 E1.74484
G1 X108.161 Y110.373 E1.76162
G1 X108.143 Y109.792 E1.7813
G1 X108.271 Y109.273 E1.79939
G1 X108.58 Y108.785 E1.81894
G1 X108.943 Y108.451 E1.83564
G1 X109.452 Y108.209 E1.85472
G1 X110.005 Y108.127 E1.87364
G1 X110.52 Y108.202 E1.89126
G1 X111.011 Y108.425 E1.90951
G1 X111.39 Y108.748 E1.92637
G1 X111.713 Y109.234 E1.94612
G1 X111.806 Y109.31 E1.95019
G1 X112.272 Y109.325 E1.96597
G1 X112.272 Y110.675 E2.01167
G1 X111.83 Y110.689 E2.02664
G1 X111.57 Y110.992 F9000
G1 E1.22664 F2100
G92 E0
G1 X110.007 Y109.259 F9000
G1 E.8 F2100
;TYPE:Solid infill
G1 F600
G1 X110.291 Y109.327 E.80988
G1 X110.548 Y109.502 E.8204
G1 X110.915 Y110 E.84134
G1 X110.484 Y110.553 E.86507
G1 X110.203 Y110.713 E.87602
G1 X109.901 Y110.735 E.88627
G1 X109.595 Y110.629 E.89723
G1 X109.359 Y110.387 E.90867
G1 X109.268 Y110.159 E.91698
G1 X109.265 Y109.859 E.92714
G1 X109.333 Y109.704 E.93287
G1 X109.479 Y109.473 E.94212
G1 X109.684 Y109.338 E.95043
G1 X109.809 Y109.307 E.95479
G1 X109.963 Y109.738 E.97028
;WIDTH:0.570745
G1 X110.151 Y109.778 E.97872
G1 X110.335 Y110 E.99137
G1 X110.151 Y110.222 E1.00402
G1 X109.956 Y110.271 E1.01284
G1 X109.803 Y110.172 E1.02084
G1 X109.734 Y110.036 E1.02753
G1 X109.789 Y109.834 E1.03672
;LAYER_CHANGE
;Z:11.4
;HEIGHT:0.2
G1 Z11.4 F9000
G1 X111.36 Y110.026
;TYPE:Perimeter
;WIDTH:0.449999
G1 F600
G1 X111.179 Y110.143 E1.04402
G1 X110.863 Y110.574 E1.06211
G1 X110.672 Y110.794 E1.07197
G1 X110.428 Y110.946 E1.0817
G1 X110.102 Y111.035 E1.09314
G1 X109.738 Y111.023 E1.10547
G1 X109.311 Y110.793 E1.12189
G1 X109.087 Y110.532 E1.13353
G1 X108.95 Y110.079 E1.14955
G1 X108.967 Y109.797 E1.15911
G1 X109.076 Y109.498 E1.16988
G1 X109.283 Y109.225 E1.18148
G1 X109.551 Y109.063 E1.19208
G1 X109.847 Y108.973 E1.20255
G1 X110.148 Y108.971 E1.21274
G1 X110.418 Y109.05 E1.22226
G1 X110.672 Y109.206 E1.23235
G1 X110.863 Y109.426 E1.24221
G1 X111.179 Y109.857 E1.2603
G1 X111.391 Y109.994 E1.26884
G1 X111.568 Y110.367 F9000
G1 F600
G1 X111.461 Y110.437 E1.27317
G1 X111.083 Y110.979 E1.29554
G1 X110.79 Y111.228 E1.30856
G1 X110.405 Y111.404 E1.32289
G1 X109.989 Y111.463 E1.33711
G1 X109.545 Y111.387 E1.35236
G1 X109.041 Y111.104 E1.37193
G1 X108.695 Y110.659 E1.39101
G1 X108.54 Y110.113 E1.41022
G1 X108.564 Y109.714 E1.42375
G1 X108.714 Y109.302 E1.43859
G1 X109.076 Y108.869 E1.45769
G1 X109.573 Y108.602 E1.47679
G1 X110.004 Y108.539 E1.49153
G1 X110.404 Y108.596 E1.50521
G1 X110.79 Y108.772 E1.51957
G1 X111.083 Y109.021 E1.53259
G1 X111.461 Y109.563 E1.55496
G1 X111.654 Y109.688 E1.56274
G1 X111.865 Y109.729 E1.57002
G1 X111.865 Y110.271 E1.58837
G1 X111.654 Y110.312 E1.59565
G1 X111.619 Y110.335 E1.59707
G1 X111.779 Y110.712 F9000
;TYPE:External perimeter
G1 F600
G1 X111.713 Y110.766 E1.59996
G1 X111.391 Y111.251 E1.61967
G1 X111.011 Y111.575 E1.63657
G1 X110.52 Y111.798 E1.65482
G1 X109.993 Y111.873 E1.67284
G1 X109.709 Y111.839 E1.68252
G1 X109.248 Y111.717 E1.69866
G1 X108.772 Y111.416 E1.71772
G1 X108.405 Y110.987 E1.73683
G1 X108.259 Y110.699 E1.74776
G1 X108.131 Y110.148 E1.76691
G1 X108.162 Y109.63 E1.78448
G1 X108.353 Y109.105 E1.80339
G1 X108.693 Y108.655 E1.82248
G1 X108.944 Y108.451 E1.83343
G1 X109.453 Y108.208 E1.85252
G1 X110.003 Y108.127 E1.87134
G1 X110.52 Y108.201 E1.88902
G1 X111.011 Y108.425 E1.90729
G1 X111.391 Y108.749 E1.92419
G1 X111.713 Y109.234 E1.9439
G1 X111.806 Y109.31 E1.94797
G1 X112.272 Y109.325 E1.96375
G1 X112.272 Y110.675 E2.00945
G1 X111.83 Y110.689 E2.02442
G1 X111.57 Y110.992 F9000
G1 E1.22442 F2100
G92 E0
G1 X109.258 Y110.053 F9000
G1 E.8 F2100
;TYPE:Solid infill
G1 F600
G1 X109.304 Y109.763 E.80994
G1 X109.493 Y109.453 E.82223
G1 X109.655 Y109.364 E.82849
G1 X109.909 Y109.273 E.83762
G1 X110.202 Y109.287 E.84755
G1 X110.549 Y109.502 E.86137
G1 X110.915 Y110 E.88229
G1 X110.549 Y110.498 E.90321
G1 X110.311 Y110.663 E.91301
G1 X109.988 Y110.743 E.92427
G1 X109.721 Y110.692 E.93347
G1 X109.518 Y110.563 E.94161
G1 X109.314 Y110.295 E.95301
G1 X109.304 Y110.251 E.95454
G1 X109.729 Y109.984 E.97153
;WIDTH:0.5677
G1 X109.805 Y109.813 E.9797
;WIDTH:0.567835
G1 X110.006 Y109.729 E.98921
G1 X110.18 Y109.8 E.99741
G1 X110.337 Y110 E1.00851
G1 X110.223 Y110.154 E1.01687
G1 X110.071 Y110.261 E1.02498
;WIDTH:0.5677
G1 X109.896 Y110.251 E1.03263
G1 X109.81 Y110.167 E1.03788
;LAYER_CHANGE
;Z:11.6
;HEIGHT:0.200001
G1 Z11.6 F9000
G1 X111.36 Y110.026
;TYPE:Perimeter
;WIDTH:0.449999
G1 F600
G1 X111.179 Y110.143 E1.04518
G1 X110.863 Y110.574 E1.06327
G1 X110.672 Y110.794 E1.07313
G1 X110.428 Y110.946 E1.08286
G1 X110.102 Y111.035 E1.0943
G1 X109.739 Y111.023 E1.10659
G1 X109.311 Y110.793 E1.12304
G1 X109.088 Y110.533 E1.13463
G1 X108.95 Y110.079 E1.15069
G1 X108.967 Y109.796 E1.16029
G1 X109.076 Y109.498 E1.17103
G1 X109.284 Y109.224 E1.18267
G1 X109.552 Y109.063 E1.19325
G1 X109.847 Y108.973 E1.20369
G1 X110.147 Y108.971 E1.21384
G1 X110.419 Y109.05 E1.22343
G1 X110.672 Y109.206 E1.23349
G1 X110.863 Y109.426 E1.24335
G1 X111.179 Y109.857 E1.26144
G1 X111.391 Y109.994 E1.26998
G1 X111.568 Y110.367 F9000
G1 F600
G1 X111.46 Y110.437 E1.27434
G1 X111.084 Y110.978 E1.29664
G1 X110.79 Y111.228 E1.3097
G1 X110.404 Y111.404 E1.32406
G1 X109.989 Y111.463 E1.33825
G1 X109.545 Y111.388 E1.35349
G1 X109.042 Y111.105 E1.37303
G1 X108.696 Y110.66 E1.39211
G1 X108.541 Y110.114 E1.41132
G1 X108.565 Y109.713 E1.42492
G1 X108.715 Y109.301 E1.43976
G1 X109.076 Y108.868 E1.45884
G1 X109.574 Y108.602 E1.47795
G1 X110.002 Y108.539 E1.49259
G1 X110.404 Y108.596 E1.50633
G1 X110.79 Y108.772 E1.52069
G1 X111.084 Y109.022 E1.53375
G1 X111.46 Y109.563 E1.55605
G1 X111.654 Y109.688 E1.56386
G1 X111.865 Y109.729 E1.57114
G1 X111.865 Y110.271 E1.58949
G1 X111.654 Y110.312 E1.59677
G1 X111.619 Y110.335 E1.59819
G1 X111.779 Y110.712 F9000
;TYPE:External perimeter
G1 F600
G1 X111.713 Y110.766 E1.60108
G1 X111.391 Y111.251 E1.62079
G1 X111.01 Y111.575 E1.63772
G1 X110.52 Y111.799 E1.65596
G1 X109.994 Y111.873 E1.67394
G1 X109.71 Y111.84 E1.68362
G1 X109.249 Y111.717 E1.69977
G1 X108.772 Y111.416 E1.71886
G1 X108.405 Y110.988 E1.73794
G1 X108.259 Y110.699 E1.7489
G1 X108.131 Y110.149 E1.76801
G1 X108.162 Y109.629 E1.78564
G1 X108.353 Y109.104 E1.80455
G1 X108.694 Y108.655 E1.82363
G1 X108.944 Y108.451 E1.83455
G1 X109.454 Y108.208 E1.85367
G1 X110.001 Y108.127 E1.87239
G1 X110.52 Y108.201 E1.89014
G1 X111.01 Y108.425 E1.90838
G1 X111.391 Y108.749 E1.92531
G1 X111.713 Y109.234 E1.94502
G1 X111.806 Y109.31 E1.94909
G1 X112.272 Y109.325 E1.96487
G1 X112.272 Y110.675 E2.01057
G1 X111.83 Y110.689 E2.02554
G1 X111.57 Y110.992 F9000
G1 E1.22554 F2100
G92 E0
G1 X110.004 Y109.259 F9000
G1 E.8 F2100
;TYPE:Solid infill
G1 F600
G1 X110.293 Y109.328 E.81006
G1 X110.549 Y109.502 E.82054
G1 X110.915 Y110 E.84146
G1 X110.485 Y110.552 E.86514
G1 X110.311 Y110.664 E.87214
G1 X109.988 Y110.743 E.8834
G1 X109.722 Y110.692 E.89257
G1 X109.518 Y110.563 E.90074
G1 X109.314 Y110.295 E.91214
G1 X109.264 Y109.956 E.92374
G1 X109.345 Y109.652 E.93439
G1 X109.564 Y109.395 E.94582
G1 X109.693 Y109.334 E.95065
G1 X109.806 Y109.307 E.95458
G1 X109.967 Y109.736 E.97009
;WIDTH:0.569157
G1 X110.151 Y109.776 E.97833
G1 X110.336 Y110 E.99104
G1 X110.182 Y110.197 E1.00198
G1 X110.071 Y110.26 E1.00756
G1 X109.897 Y110.25 E1.01519
G1 X109.746 Y110.092 E1.02475
G1 X109.731 Y109.955 E1.03078
G1 X109.801 Y109.846 E1.03645
;LAYER_CHANGE
;Z:11.8
;HEIGHT:0.2
G1 Z11.8 F9000
G1 X111.36 Y110.026
;TYPE:Perimeter
;WIDTH:0.449999
G1 F600
G1 X111.179 Y110.143 E1.04375
G1 X110.864 Y110.573 E1.06179
G1 X110.672 Y110.794 E1.0717
G1 X110.428 Y110.946 E1.08143
G1 X110.103 Y111.036 E1.09284
G1 X109.739 Y111.023 E1.10517
G1 X109.311 Y110.794 E1.1216
G1 X109.088 Y110.533 E1.13322
G1 X108.951 Y110.08 E1.14924
G1 X108.968 Y109.796 E1.15887
G1 X109.076 Y109.498 E1.1696
G1 X109.284 Y109.224 E1.18124
G1 X109.552 Y109.063 E1.19182
G1 X109.847 Y108.973 E1.20226
G1 X110.146 Y108.971 E1.21238
G1 X110.42 Y109.051 E1.22204
G1 X110.672 Y109.206 E1.23205
G1 X110.864 Y109.427 E1.24196
G1 X111.179 Y109.857 E1.26
G1 X111.391 Y109.994 E1.26854
G1 X111.568 Y110.367 F9000
G1 F600
G1 X111.46 Y110.437 E1.2729
G1 X111.084 Y110.978 E1.2952
G1 X110.789 Y111.229 E1.30831
G1 X110.404 Y111.404 E1.32262
G1 X109.989 Y111.463 E1.33681
G1 X109.546 Y111.388 E1.35202
G1 X109.042 Y111.105 E1.37159
G1 X108.696 Y110.66 E1.39067
G1 X108.541 Y110.115 E1.40985
G1 X108.565 Y109.712 E1.42352
G1 X108.715 Y109.301 E1.43833
G1 X109.076 Y108.868 E1.45741
G1 X109.574 Y108.602 E1.47652
G1 X110 Y108.539 E1.4911
G1 X110.404 Y108.596 E1.50491
G1 X110.789 Y108.771 E1.51922
G1 X111.084 Y109.022 E1.53233
G1 X111.46 Y109.563 E1.55463
G1 X111.654 Y109.688 E1.56244
G1 X111.865 Y109.729 E1.56972
G1 X111.865 Y110.271 E1.58807
G1 X111.654 Y110.312 E1.59535
G1 X111.619 Y110.335 E1.59677
G1 X111.779 Y110.712 F9000
;TYPE:External perimeter
G1 F600
G1 X111.713 Y110.766 E1.59966
G1 X111.391 Y111.251 E1.61937
G1 X111.009 Y111.576 E1.63635
G1 X110.519 Y111.799 E1.65457
G1 X109.994 Y111.873 E1.67252
G1 X109.71 Y111.84 E1.6822
G1 X109.25 Y111.718 E1.69831
G1 X108.773 Y111.417 E1.7174
G1 X108.406 Y110.988 E1.73651
G1 X108.26 Y110.7 E1.74744
G1 X108.131 Y110.15 E1.76656
G1 X108.162 Y109.628 E1.78426
G1 X108.353 Y109.104 E1.80314
G1 X108.694 Y108.654 E1.82225
G1 X108.945 Y108.45 E1.8332
G1 X109.454 Y108.208 E1.85228
G1 X109.999 Y108.127 E1.87093
G1 X110.519 Y108.201 E1.88871
G1 X111.009 Y108.424 E1.90693
G1 X111.391 Y108.749 E1.92391
G1 X111.713 Y109.234 E1.94362
G1 X111.806 Y109.31 E1.94769
G1 X112.272 Y109.325 E1.96347
G1 X112.272 Y110.675 E2.00917
G1 X111.83 Y110.689 E2.02414
G1 X111.57 Y110.992 F9000
G1 X111.11 Y110.041
;TYPE:Top solid infill
;WIDTH:0.42103
G1 F600
G1 X110.417 Y109.357 E2.05475
G1 X110.209 Y109.263 E2.06193
G1 X110.002 Y109.233 E2.06851
G1 X109.798 Y109.263 E2.07499
G1 X110.759 Y110.224 E2.11772
G1 X110.565 Y110.517 E2.12877
G1 X110.539 Y110.539 E2.12984
G1 X109.458 Y109.458 E2.1779
G1 X109.325 Y109.633 E2.18481
G1 X109.264 Y109.8 E2.1904
G1 X110.203 Y110.738 E2.23213
G1 X109.981 Y110.77 E2.23918
G1 X109.723 Y110.722 E2.24743
G1 X109.531 Y110.601 E2.25457
G1 X109.093 Y110.163 E2.27404
;LAYER_CHANGE
;Z:12
;HEIGHT:0.2
G1 E1.47404 F2100
G92 E0
G1 Z12 F9000
G1 X111.431 Y110
G1 E.8 F2100
;TYPE:Perimeter
;WIDTH:0.436836
G1 F600
G1 X111.406 Y110.043 E.80163
G1 X111.332 Y110 E.80443
G1 X111.406 Y109.957 E.80723
G1 X111.574 Y110.379 F9000
;WIDTH:0.449999
G1 F600
G1 X111.363 Y110.556 E.81655
G1 X111.147 Y110.904 E.83041
G1 X110.98 Y111.073 E.83845
G1 X110.982 Y108.928 E.91106
G1 X111.134 Y109.08 E.91834
G1 X111.363 Y109.444 E.9329
G1 X111.58 Y109.652 E.94307
G1 X111.865 Y109.729 E.95306
G1 X111.865 Y110.271 E.97141
G1 X111.654 Y110.312 E.97869
G1 X111.62 Y110.34 E.98018
G1 X111.772 Y110.715 F9000
;TYPE:External perimeter
G1 F600
G1 X111.493 Y111.119 E.9968
G1 X111.192 Y111.437 E1.01162
G1 X110.732 Y111.722 E1.02994
G1 X110.573 Y111.772 E1.03558
G1 X110.575 Y108.229 E1.15551
G1 X110.708 Y108.268 E1.1602
G1 X111.12 Y108.508 E1.17634
G1 X111.493 Y108.881 E1.1942
G1 X111.781 Y109.298 E1.21135
G1 X112.272 Y109.325 E1.22799
G1 X112.272 Y110.675 E1.27369
G1 X111.825 Y110.699 E1.28884
G1 X111.573 Y111.01 F9000
G1 E.48884 F2100
G92 E0
G1 X108.996 Y108.96 F9000
G1 E.8 F2100
;TYPE:Perimeter
;WIDTH:0.479879
G1 F600
G1 X109 Y108.954 E.80026
G1 X109.003 Y110.246 E.8472
;WIDTH:0.475141
G1 X109.003 Y111.051 E.87613
G1 X108.765 Y110.768 E.88942
G1 X108.574 Y110.29 E.90792
;WIDTH:0.479879
G1 X108.565 Y109.772 E.92674
G1 X108.731 Y109.295 E.94509
G1 X108.959 Y109.007 E.95844
G1 X109.418 Y108.224 F9000
;TYPE:External perimeter
;WIDTH:0.449999
G1 F600
G1 X109.422 Y108.222 E.95859
G1 X109.422 Y111.778 E1.07896
G1 X109.092 Y111.639 E1.09108
G1 X108.825 Y111.458 E1.102
G1 X108.558 Y111.2 E1.11457
G1 X108.282 Y110.744 E1.13261
G1 X108.177 Y110.429 E1.14385
G1 X108.128 Y109.982 E1.15907
G1 X108.216 Y109.433 E1.17789
G1 X108.347 Y109.12 E1.18938
G1 X108.534 Y108.835 E1.20092
G1 X108.773 Y108.585 E1.21263
G1 X109.057 Y108.381 E1.22447
G1 X109.363 Y108.248 E1.23576
G1 X109.427 Y108.643 F9000
;LAYER_CHANGE
;Z:12.2
;HEIGHT:0.2
G1 E.43576 F2100
G92 E0
G1 Z12.2 F9000
G1 X111.432 Y110
G1 E.8 F2100
;TYPE:Perimeter
;WIDTH:0.434808
G1 F600
G1 X111.408 Y110.042 E.80158
G1 X111.334 Y110 E.80435
G1 X111.408 Y109.958 E.80712
G1 X111.574 Y110.379 F9000
;WIDTH:0.449999
G1 F600
G1 X111.363 Y110.556 E.81644
G1 X111.152 Y110.897 E.83001
G1 X110.982 Y111.063 E.83805
G1 X110.986 Y108.933 E.91015
G1 X111.135 Y109.081 E.91726
G1 X111.363 Y109.444 E.93177
G1 X111.581 Y109.653 E.94199
G1 X111.865 Y109.729 E.95194
G1 X111.865 Y110.271 E.97029
G1 X111.654 Y110.312 E.97757
G1 X111.62 Y110.34 E.97906
G1 X111.772 Y110.715 F9000
;TYPE:External perimeter
G1 F600
G1 X111.497 Y111.112 E.99541
G1 X111.124 Y111.49 E1.01339
G1 X110.733 Y111.722 E1.02878
G1 X110.573 Y111.772 E1.03445
G1 X110.581 Y108.23 E1.15434
G1 X110.708 Y108.268 E1.15883
G1 X111.121 Y108.509 E1.17502
G1 X111.493 Y108.881 E1.19283
G1 X111.782 Y109.298 E1.21
G1 X112.272 Y109.325 E1.22661
G1 X112.272 Y110.675 E1.27231
G1 X111.825 Y110.699 E1.28746
G1 X111.573 Y111.009 F9000
G1 E.48746 F2100
G92 E0
G1 X108.997 Y108.956 F9000
G1 E.8 F2100
;TYPE:Perimeter
;WIDTH:0.479927
G1 F600
G1 X109 Y108.952 E.80018
G1 X109.003 Y110.247 E.84724
;WIDTH:0.475087
G1 X109.003 Y111.04 E.87574
G1 X108.758 Y110.755 E.88925
G1 X108.574 Y110.29 E.90722
;WIDTH:0.479927
G1 X108.565 Y109.773 E.92601
G1 X108.731 Y109.296 E.94436
G1 X108.96 Y109.004 E.95784
G1 X109.418 Y108.224 F9000
;TYPE:External perimeter
;WIDTH:0.449999
G1 F600
G1 X109.422 Y108.222 E.95799
G1 X109.422 Y111.778 E1.07836
G1 X109.066 Y111.624 E1.09149
G1 X108.748 Y111.387 E1.10491
G1 X108.377 Y110.931 E1.12481
G1 X108.178 Y110.429 E1.14309
G1 X108.128 Y109.983 E1.15828
G1 X108.215 Y109.434 E1.17709
G1 X108.347 Y109.121 E1.18859
G1 X108.589 Y108.769 E1.20305
G1 X109.028 Y108.399 E1.22248
G1 X109.363 Y108.249 E1.2349
G1 X109.427 Y108.644 F9000
;LAYER_CHANGE
;Z:12.4
;HEIGHT:0.2
G1 E.4349 F2100
G92 E0
G1 Z12.4 F9000
G1 X111.43 Y110
G1 E.8 F2100
;TYPE:Perimeter
;WIDTH:0.437854
G1 F600
G1 X111.405 Y110.043 E.80163
G1 X111.331 Y110 E.80444
G1 X111.405 Y109.957 E.80725
G1 X111.574 Y110.379 F9000
;WIDTH:0.449999
G1 F600
G1 X111.363 Y110.556 E.81657
G1 X111.152 Y110.896 E.83011
G1 X110.979 Y111.065 E.8383
G1 X110.979 Y108.926 E.9107
G1 X111.135 Y109.081 E.91814
G1 X111.363 Y109.444 E.93265
G1 X111.579 Y109.652 E.9428
G1 X111.865 Y109.729 E.95283
G1 X111.865 Y110.271 E.97118
G1 X111.654 Y110.312 E.97846
G1 X111.62 Y110.34 E.97995
G1 X111.772 Y110.715 F9000
;TYPE:External perimeter
G1 F600
G1 X111.498 Y111.111 E.99625
G1 X111.124 Y111.49 E1.01427
G1 X110.732 Y111.722 E1.02969
G1 X110.572 Y111.772 E1.03536
G1 X110.572 Y108.234 E1.15512
G1 X110.777 Y108.3 E1.16241
G1 X111.124 Y108.508 E1.1761
G1 X111.494 Y108.882 E1.19391
G1 X111.781 Y109.298 E1.21102
G1 X112.272 Y109.325 E1.22766
G1 X112.272 Y110.675 E1.27336
G1 X111.825 Y110.699 E1.28851
G1 X111.572 Y111.009 F9000
G1 E.48851 F2100
G92 E0
G1 X108.997 Y108.957 F9000
G1 E.8 F2100
;TYPE:Perimeter
;WIDTH:0.479975
G1 F600
G1 X109 Y108.952 E.80021
G1 X109.003 Y110.248 E.84731
;WIDTH:0.475036
G1 X109.003 Y111.04 E.87577
G1 X108.758 Y110.756 E.88925
G1 X108.574 Y110.291 E.90722
;WIDTH:0.479975
G1 X108.565 Y109.773 E.92605
G1 X108.731 Y109.296 E.9444
G1 X108.96 Y109.004 E.95789
G1 X109.418 Y108.224 F9000
;TYPE:External perimeter
;WIDTH:0.449999
G1 F600
G1 X109.422 Y108.222 E.95804
G1 X109.422 Y111.778 E1.07841
G1 X109.067 Y111.624 E1.09151
G1 X108.749 Y111.388 E1.10491
G1 X108.377 Y110.932 E1.12483
G1 X108.178 Y110.43 E1.14311
G1 X108.128 Y109.984 E1.1583
G1 X108.215 Y109.435 E1.17711
G1 X108.346 Y109.122 E1.1886
G1 X108.588 Y108.769 E1.20309
G1 X109.028 Y108.398 E1.22257
G1 X109.363 Y108.249 E1.23498
G1 X109.427 Y108.644 F9000
;LAYER_CHANGE
;Z:12.6
;HEIGHT:0.200001
G1 E.43498 F2100
G92 E0
G1 Z12.6 F9000
G1 X111.43 Y110
G1 E.8 F2100
;TYPE:Perimeter
;WIDTH:0.437856
G1 F600
G1 X111.405 Y110.043 E.80163
G1 X111.331 Y110 E.80444
G1 X111.405 Y109.957 E.80725
G1 X111.574 Y110.379 F9000
;WIDTH:0.449999
G1 F600
G1 X111.363 Y110.556 E.81657
G1 X111.148 Y110.903 E.83039
G1 X110.979 Y111.074 E.83853
G1 X110.979 Y108.926 E.91124
G1 X111.135 Y109.081 E.91868
G1 X111.363 Y109.444 E.93319
G1 X111.579 Y109.652 E.94334
G1 X111.865 Y109.729 E.95337
G1 X111.865 Y110.271 E.97172
G1 X111.654 Y110.312 E.979
G1 X111.62 Y110.34 E.98049
G1 X111.772 Y110.715 F9000
;TYPE:External perimeter
G1 F600
G1 X111.494 Y111.118 E.99706
G1 X111.161 Y111.468 E1.01341
G1 X110.73 Y111.722 E1.03034
G1 X110.572 Y111.772 E1.03595
G1 X110.572 Y108.234 E1.15571
G1 X110.778 Y108.3 E1.16303
G1 X111.124 Y108.509 E1.17671
G1 X111.494 Y108.882 E1.19449
G1 X111.781 Y109.298 E1.2116
G1 X112.272 Y109.325 E1.22824
G1 X112.272 Y110.675 E1.27394
G1 X111.825 Y110.699 E1.28909
G1 X111.573 Y111.01 F9000
G1 E.48909 F2100
G92 E0
G1 X108.997 Y108.957 F9000
G1 E.8 F2100
;TYPE:Perimeter
;WIDTH:0.480024
G1 F600
G1 X109 Y108.952 E.80021
G1 X109.003 Y110.248 E.84731
;WIDTH:0.474985
G1 X109.003 Y111.04 E.87576
G1 X108.759 Y110.756 E.88921
G1 X108.574 Y110.292 E.90716
;WIDTH:0.480024
G1 X108.565 Y109.774 E.92599
G1 X108.73 Y109.297 E.94433
G1 X108.96 Y109.004 E.95787
G1 X109.418 Y108.224 F9000
;TYPE:External perimeter
;WIDTH:0.449999
G1 F600
G1 X109.422 Y108.222 E.95802
G1 X109.422 Y111.778 E1.07839
G1 X109.067 Y111.625 E1.09147
G1 X108.749 Y111.388 E1.10489
G1 X108.378 Y110.932 E1.12479
G1 X108.178 Y110.431 E1.14305
G1 X108.128 Y109.985 E1.15824
G1 X108.215 Y109.436 E1.17705
G1 X108.346 Y109.123 E1.18854
G1 X108.587 Y108.77 E1.20301
G1 X109.029 Y108.398 E1.22256
G1 X109.363 Y108.249 E1.23494
G1 X109.427 Y108.644 F9000
;LAYER_CHANGE
;Z:12.8
;HEIGHT:0.2
G1 E.43494 F2100
G92 E0
G1 Z12.8 F9000
G1 X111.43 Y110
G1 E.8 F2100
;TYPE:Perimeter
;WIDTH:0.437854
G1 F600
G1 X111.405 Y110.043 E.80163
G1 X111.331 Y110 E.80444
G1 X111.405 Y109.957 E.80725
G1 X111.574 Y110.379 F9000
;WIDTH:0.449999
G1 F600
G1 X111.363 Y110.556 E.81657
G1 X111.152 Y110.896 E.83011
G1 X110.979 Y111.065 E.8383
G1 X110.979 Y108.926 E.9107
G1 X111.135 Y109.081 E.91814
G1 X111.363 Y109.444 E.93265
G1 X111.579 Y109.652 E.9428
G1 X111.865 Y109.729 E.95283
G1 X111.865 Y110.271 E.97118
G1 X111.654 Y110.312 E.97846
G1 X111.62 Y110.34 E.97995
G1 X111.772 Y110.715 F9000
;TYPE:External perimeter
G1 F600
G1 X111.465 Y111.165 E.99839
G1 X111.057 Y111.54 E1.01715
G1 X110.572 Y111.772 E1.03535
G1 X110.572 Y108.234 E1.15511
G1 X110.779 Y108.301 E1.16247
G1 X111.125 Y108.509 E1.17614
G1 X111.494 Y108.883 E1.19392
G1 X111.781 Y109.298 E1.211
G1 X112.272 Y109.325 E1.22764
G1 X112.272 Y110.675 E1.27334
G1 X111.825 Y110.699 E1.28849
G1 X111.574 Y111.011 F9000
G1 E.48849 F2100
G92 E0
G1 X108.997 Y108.957 F9000
G1 E.8 F2100
;TYPE:Perimeter
;WIDTH:0.480074
G1 F600
G1 X109 Y108.952 E.80021
G1 X109.003 Y110.249 E.84736
;WIDTH:0.474934
G1 X109.003 Y111.04 E.87577
G1 X108.759 Y110.757 E.88919
G1 X108.574 Y110.292 E.90717
;WIDTH:0.480074
G1 X108.565 Y109.775 E.92597
G1 X108.73 Y109.298 E.94432
G1 X108.96 Y109.004 E.95789
G1 X109.418 Y108.224 F9000
;TYPE:External perimeter
;WIDTH:0.449999
G1 F600
G1 X109.422 Y108.222 E.95804
G1 X109.422 Y111.778 E1.07841
G1 X109.068 Y111.625 E1.09146
G1 X108.75 Y111.389 E1.10486
G1 X108.378 Y110.933 E1.12478
G1 X108.178 Y110.432 E1.14304
G1 X108.128 Y109.985 E1.15826
G1 X108.214 Y109.437 E1.17704
G1 X108.345 Y109.124 E1.18853
G1 X108.587 Y108.771 E1.20302
G1 X109.03 Y108.397 E1.22264
G1 X109.363 Y108.249 E1.23497
G1 X109.427 Y108.643 F9000
;LAYER_CHANGE
;Z:13
;HEIGHT:0.2
G1 E.43497 F2100
G92 E0
G1 Z13 F9000
G1 X111.43 Y110
G1 E.8 F2100
;TYPE:Perimeter
;WIDTH:0.437854
G1 F600
G1 X111.405 Y110.043 E.80163
G1 X111.331 Y110 E.80444
G1 X111.405 Y109.957 E.80725
G1 X111.574 Y110.379 F9000
;WIDTH:0.449999
G1 F600
G1 X111.363 Y110.556 E.81657
G1 X111.153 Y110.895 E.83007
G1 X110.979 Y111.065 E.8383
G1 X110.979 Y108.926 E.9107
G1 X111.135 Y109.081 E.91814
G1 X111.363 Y109.444 E.93265
G1 X111.579 Y109.652 E.9428
G1 X111.865 Y109.729 E.95283
G1 X111.865 Y110.271 E.97118
G1 X111.654 Y110.312 E.97846
G1 X111.62 Y110.34 E.97995
G1 X111.772 Y110.715 F9000
;TYPE:External perimeter
G1 F600
G1 X111.465 Y111.164 E.99836
G1 X111.056 Y111.54 E1.01717
G1 X110.572 Y111.772 E1.03534
G1 X110.572 Y108.234 E1.1551
G1 X110.78 Y108.301 E1.1625
G1 X111.126 Y108.51 E1.17618
G1 X111.494 Y108.883 E1.19392
G1 X111.781 Y109.298 E1.211
G1 X112.272 Y109.325 E1.22764
G1 X112.272 Y110.675 E1.27334
G1 X111.825 Y110.699 E1.28849
G1 X111.574 Y111.011 F9000
G1 E.48849 F2100
G92 E0
G1 X108.997 Y108.957 F9000
G1 E.8 F2100
;TYPE:Perimeter
;WIDTH:0.480123
G1 F600
G1 X109 Y108.953 E.80018
G1 X109.003 Y110.249 E.84729
;WIDTH:0.474881
G1 X109.003 Y111.04 E.8757
G1 X108.759 Y110.757 E.88912
G1 X108.574 Y110.293 E.90706
;WIDTH:0.480123
G1 X108.565 Y109.775 E.92589
G1 X108.73 Y109.298 E.94424
G1 X108.96 Y109.004 E.95781
G1 X109.418 Y108.224 F9000
;TYPE:External perimeter
;WIDTH:0.449999
G1 F600
G1 X109.422 Y108.222 E.95796
G1 X109.422 Y111.778 E1.07833
G1 X109.068 Y111.625 E1.09138
G1 X108.75 Y111.39 E1.10476
G1 X108.378 Y110.934 E1.12468
G1 X108.178 Y110.433 E1.14294
G1 X108.128 Y109.986 E1.15816
G1 X108.214 Y109.438 E1.17694
G1 X108.395 Y109.037 E1.19183
G1 X108.751 Y108.604 E1.2108
G1 X109.03 Y108.397 E1.22256
G1 X109.363 Y108.249 E1.23489
G1 X109.427 Y108.643 F9000
;LAYER_CHANGE
;Z:13.2
;HEIGHT:0.2
G1 E.43489 F2100
G92 E0
G1 Z13.2 F9000
G1 X111.43 Y110
G1 E.8 F2100
;TYPE:Perimeter
;WIDTH:0.437854
G1 F600
G1 X111.405 Y110.043 E.80163
G1 X111.331 Y110 E.80444
G1 X111.405 Y109.957 E.80725
G1 X111.574 Y110.379 F9000
;WIDTH:0.449999
G1 F600
G1 X111.363 Y110.556 E.81657
G1 X111.153 Y110.895 E.83007
G1 X110.979 Y111.065 E.8383
G1 X110.979 Y108.926 E.9107
G1 X111.135 Y109.081 E.91814
G1 X111.363 Y109.444 E.93265
G1 X111.579 Y109.652 E.9428
G1 X111.865 Y109.729 E.95283
G1 X111.865 Y110.271 E.97118
G1 X111.654 Y110.312 E.97846
G1 X111.62 Y110.34 E.97995
G1 X111.772 Y110.715 F9000
;TYPE:External perimeter
G1 F600
G1 X111.465 Y111.164 E.99836
G1 X111.055 Y111.541 E1.01721
G1 X110.572 Y111.772 E1.03533
G1 X110.572 Y108.234 E1.15509
G1 X110.781 Y108.302 E1.16253
G1 X111.126 Y108.51 E1.17617
G1 X111.494 Y108.883 E1.19391
G1 X111.781 Y109.298 E1.21099
G1 X112.272 Y109.325 E1.22763
G1 X112.272 Y110.675 E1.27333
G1 X111.825 Y110.699 E1.28848
G1 X111.574 Y111.011 F9000
G1 E.48848 F2100
G92 E0
G1 X108.996 Y108.959 F9000
G1 E.8 F2100
;TYPE:Perimeter
;WIDTH:0.481517
G1 F600
G1 X108.999 Y108.955 E.80018
G1 X109.003 Y110.25 E.84741
;WIDTH:0.474829
G1 X109.003 Y111.04 E.87578
G1 X108.76 Y110.758 E.88915
G1 X108.58 Y110.312 E.90642
;WIDTH:0.481517
G1 X108.562 Y109.794 E.92532
G1 X108.722 Y109.314 E.94377
G1 X108.96 Y109.007 E.95794
G1 X109.418 Y108.224 F9000
;TYPE:External perimeter
;WIDTH:0.449999
G1 F600
G1 X109.422 Y108.222 E.95809
G1 X109.422 Y111.778 E1.07846
G1 X109.069 Y111.626 E1.09147
G1 X108.751 Y111.39 E1.10487
G1 X108.379 Y110.934 E1.12479
G1 X108.179 Y110.433 E1.14305
G1 X108.127 Y109.988 E1.15822
G1 X108.207 Y109.459 E1.17633
G1 X108.334 Y109.145 E1.18779
G1 X108.517 Y108.856 E1.19937
G1 X108.751 Y108.604 E1.21101
G1 X109.031 Y108.397 E1.2228
G1 X109.363 Y108.248 E1.23512
G1 X109.427 Y108.643 F9000
;LAYER_CHANGE
;Z:13.4
;HEIGHT:0.2
G1 E.43512 F2100
G92 E0
G1 Z13.4 F9000
G1 X111.43 Y110
G1 E.8 F2100
;TYPE:Perimeter
;WIDTH:0.437852
G1 F600
G1 X111.405 Y110.043 E.80163
G1 X111.331 Y110 E.80444
G1 X111.405 Y109.957 E.80725
G1 X111.574 Y110.379 F9000
;WIDTH:0.449999
G1 F600
G1 X111.363 Y110.556 E.81657
G1 X111.153 Y110.895 E.83007
G1 X110.979 Y111.065 E.8383
G1 X110.979 Y108.925 E.91074
G1 X111.136 Y109.082 E.91826
G1 X111.363 Y109.444 E.93272
G1 X111.579 Y109.652 E.94287
G1 X111.865 Y109.729 E.9529
G1 X111.865 Y110.271 E.97125
G1 X111.654 Y110.312 E.97853
G1 X111.62 Y110.341 E.98004
G1 X111.772 Y110.715 F9000
;TYPE:External perimeter
G1 F600
G1 X111.466 Y111.163 E.9984
G1 X111.055 Y111.541 E1.0173
G1 X110.572 Y111.772 E1.03542
G1 X110.572 Y108.235 E1.15514
G1 X110.782 Y108.302 E1.1626
G1 X111.127 Y108.511 E1.17625
G1 X111.495 Y108.883 E1.19396
G1 X111.781 Y109.298 E1.21102
G1 X112.272 Y109.325 E1.22766
G1 X112.272 Y110.675 E1.27336
G1 X111.825 Y110.699 E1.28851
G1 X111.574 Y111.011 F9000
G1 E.48851 F2100
G92 E0
G1 X108.996 Y108.959 F9000
G1 E.8 F2100
;TYPE:Perimeter
;WIDTH:0.481459
G1 F600
G1 X109 Y108.955 E.80021
G1 X109.003 Y110.25 E.84743
;WIDTH:0.474777
G1 X109.003 Y111.04 E.8758
G1 X108.76 Y110.758 E.88917
G1 X108.575 Y110.294 E.90711
;WIDTH:0.481459
G1 X108.563 Y109.793 E.92538
G1 X108.722 Y109.314 E.94378
G1 X108.96 Y109.007 E.95794
G1 X109.418 Y108.224 F9000
;TYPE:External perimeter
;WIDTH:0.449999
G1 F600
G1 X109.422 Y108.222 E.95809
G1 X109.422 Y111.778 E1.07846
G1 X109.07 Y111.626 E1.09144
G1 X108.751 Y111.391 E1.10485
G1 X108.379 Y110.935 E1.12477
G1 X108.179 Y110.434 E1.14303
G1 X108.127 Y109.989 E1.1582
G1 X108.208 Y109.458 E1.17638
G1 X108.335 Y109.144 E1.18784
G1 X108.518 Y108.856 E1.19939
G1 X108.752 Y108.603 E1.21106
G1 X109.031 Y108.396 E1.22282
G1 X109.363 Y108.248 E1.23512
G1 X109.427 Y108.643 F9000
;LAYER_CHANGE
;Z:13.6
;HEIGHT:0.200001
G1 E.43512 F2100
G92 E0
G1 Z13.6 F9000
G1 X111.43 Y110
G1 E.8 F2100
;TYPE:Perimeter
;WIDTH:0.437852
G1 F600
G1 X111.405 Y110.043 E.80163
G1 X111.331 Y110 E.80444
G1 X111.405 Y109.957 E.80725
G1 X111.574 Y110.379 F9000
;WIDTH:0.449999
G1 F600
G1 X111.363 Y110.557 E.81659
G1 X111.154 Y110.894 E.83001
G1 X110.979 Y111.064 E.83827
G1 X110.979 Y108.925 E.91067
G1 X111.136 Y109.082 E.91819
G1 X111.363 Y109.443 E.93262
G1 X111.579 Y109.652 E.94279
G1 X111.865 Y109.729 E.95282
G1 X111.865 Y110.271 E.97117
G1 X111.654 Y110.312 E.97845
G1 X111.62 Y110.341 E.97996
G1 X111.772 Y110.715 F9000
;TYPE:External perimeter
G1 F600
G1 X111.466 Y111.163 E.99832
G1 X111.054 Y111.542 E1.01727
G1 X110.572 Y111.772 E1.03535
G1 X110.572 Y108.235 E1.15507
G1 X110.783 Y108.303 E1.16257
G1 X111.128 Y108.511 E1.17621
G1 X111.495 Y108.884 E1.19392
G1 X111.781 Y109.298 E1.21095
G1 X112.272 Y109.325 E1.22759
G1 X112.272 Y110.675 E1.27329
G1 X111.825 Y110.699 E1.28844
G1 X111.574 Y111.011 F9000
G1 E.48844 F2100
G92 E0
G1 X108.996 Y108.959 F9000
G1 E.8 F2100
;TYPE:Perimeter
;WIDTH:0.481401
G1 F600
G1 X109 Y108.955 E.80021
G1 X109.003 Y110.251 E.84746
;WIDTH:0.474726
G1 X109.003 Y111.04 E.87579
G1 X108.76 Y110.759 E.88913
G1 X108.575 Y110.295 E.90707
;WIDTH:0.481401
G1 X108.563 Y109.793 E.92538
G1 X108.722 Y109.313 E.94382
G1 X108.96 Y109.007 E.95795
G1 X109.418 Y108.224 F9000
;TYPE:External perimeter
;WIDTH:0.449999
G1 F600
G1 X109.422 Y108.222 E.9581
G1 X109.422 Y111.778 E1.07847
G1 X109.07 Y111.627 E1.09143
G1 X108.752 Y111.391 E1.10483
G1 X108.38 Y110.936 E1.12472
G1 X108.179 Y110.435 E1.14299
G1 X108.127 Y109.99 E1.15816
G1 X108.208 Y109.457 E1.17641
G1 X108.335 Y109.143 E1.18787
G1 X108.518 Y108.855 E1.19942
G1 X108.753 Y108.603 E1.21108
G1 X109.032 Y108.396 E1.22284
G1 X109.363 Y108.248 E1.23511
G1 X109.427 Y108.643 F9000
;LAYER_CHANGE
;Z:13.8
;HEIGHT:0.2
G1 E.43511 F2100
G92 E0
G1 Z13.8 F9000
G1 X111.43 Y110
G1 E.8 F2100
;TYPE:Perimeter
;WIDTH:0.437852
G1 F600
G1 X111.405 Y110.043 E.80163
G1 X111.331 Y110 E.80444
G1 X111.405 Y109.957 E.80725
G1 X111.574 Y110.379 F9000
;WIDTH:0.449999
G1 F600
G1 X111.363 Y110.557 E.81659
G1 X111.154 Y110.894 E.83001
G1 X110.979 Y111.064 E.83827
G1 X110.979 Y108.925 E.91067
G1 X111.136 Y109.082 E.91819
G1 X111.363 Y109.443 E.93262
G1 X111.579 Y109.652 E.94279
G1 X111.865 Y109.729 E.95282
G1 X111.865 Y110.271 E.97117
G1 X111.654 Y110.312 E.97845
G1 X111.62 Y110.341 E.97996
G1 X111.772 Y110.715 F9000
;TYPE:External perimeter
G1 F600
G1 X111.466 Y111.163 E.99832
G1 X111.053 Y111.542 E1.01729
G1 X110.572 Y111.772 E1.03534
G1 X110.572 Y108.235 E1.15506
G1 X110.784 Y108.303 E1.1626
G1 X111.128 Y108.512 E1.17622
G1 X111.495 Y108.884 E1.19391
G1 X111.781 Y109.298 E1.21094
G1 X112.272 Y109.325 E1.22758
G1 X112.272 Y110.675 E1.27328
G1 X111.825 Y110.699 E1.28843
G1 X111.574 Y111.011 F9000
G1 E.48843 F2100
G92 E0
G1 X108.996 Y108.959 F9000
G1 E.8 F2100
;TYPE:Perimeter
;WIDTH:0.481343
G1 F600
G1 X109 Y108.955 E.80021
G1 X109.003 Y110.251 E.84746
;WIDTH:0.474675
G1 X109.003 Y111.04 E.87579
G1 X108.76 Y110.759 E.88913
G1 X108.575 Y110.295 E.90706
;WIDTH:0.481343
G1 X108.563 Y109.792 E.9254
G1 X108.722 Y109.312 E.94383
G1 X108.96 Y109.007 E.95793
G1 X109.418 Y108.224 F9000
;TYPE:External perimeter
;WIDTH:0.449999
G1 F600
G1 X109.422 Y108.222 E.95808
G1 X109.422 Y111.778 E1.07845
G1 X109.071 Y111.627 E1.09138
G1 X108.753 Y111.392 E1.10476
G1 X108.38 Y110.937 E1.12467
G1 X108.179 Y110.436 E1.14294
G1 X108.127 Y109.991 E1.15811
G1 X108.208 Y109.457 E1.17639
G1 X108.335 Y109.142 E1.18789
G1 X108.519 Y108.854 E1.19946
G1 X108.753 Y108.602 E1.2111
G1 X109.033 Y108.395 E1.22289
G1 X109.363 Y108.248 E1.23512
G1 X109.427 Y108.643 F9000
;LAYER_CHANGE
;Z:14
;HEIGHT:0.2
G1 Z14 F9000
G1 X108.996 Y108.959
;TYPE:Perimeter
;WIDTH:0.481285
G1 F600
G1 X109 Y108.955 E1.23533
G1 X109.003 Y110.252 E1.28261
;WIDTH:0.474623
G1 X109.003 Y111.04 E1.3109
G1 X108.761 Y110.76 E1.32418
G1 X108.575 Y110.296 E1.34212
;WIDTH:0.481285
G1 X108.563 Y109.791 E1.36053
G1 X108.723 Y109.312 E1.37894
G1 X108.96 Y109.007 E1.39302
G1 X109.418 Y108.224 F9000
;TYPE:External perimeter
;WIDTH:0.449999
G1 F600
G1 X109.422 Y108.222 E1.39317
G1 X109.422 Y111.778 E1.51354
G1 X109.071 Y111.627 E1.52647
G1 X108.753 Y111.392 E1.53985
G1 X108.38 Y110.937 E1.55976
G1 X108.179 Y110.437 E1.578
G1 X108.127 Y109.991 E1.5932
G1 X108.208 Y109.456 E1.61152
G1 X108.336 Y109.142 E1.623
G1 X108.519 Y108.854 E1.63455
G1 X108.754 Y108.602 E1.64621
G1 X109.033 Y108.395 E1.65797
G1 X109.363 Y108.248 E1.6702
G1 X109.427 Y108.643 F9000
G1 E.8702 F2100
G92 E0
G1 X111.43 Y110 F9000
G1 E.8 F2100
;TYPE:Perimeter
;WIDTH:0.43785
G1 F600
G1 X111.405 Y110.043 E.80163
G1 X111.331 Y110 E.80444
G1 X111.405 Y109.957 E.80725
G1 X111.574 Y110.379 F9000
;WIDTH:0.449999
G1 F600
G1 X111.363 Y110.557 E.81659
G1 X111.149 Y110.901 E.8303
G1 X110.979 Y111.075 E.83853
G1 X110.979 Y108.925 E.9113
G1 X111.136 Y109.082 E.91882
G1 X111.363 Y109.443 E.93325
G1 X111.579 Y109.652 E.94342
G1 X111.865 Y109.729 E.95345
G1 X111.865 Y110.271 E.9718
G1 X111.654 Y110.312 E.97908
G1 X111.62 Y110.341 E.98059
G1 X111.772 Y110.715 F9000
;TYPE:External perimeter
G1 F600
G1 X111.495 Y111.116 E.99709
G1 X111.166 Y111.464 E1.0133
G1 X110.727 Y111.723 E1.03055
G1 X110.572 Y111.772 E1.03605
G1 X110.572 Y108.235 E1.15577
G1 X110.785 Y108.303 E1.16334
G1 X111.129 Y108.512 E1.17696
G1 X111.495 Y108.884 E1.19462
G1 X111.781 Y109.298 E1.21165
G1 X112.272 Y109.325 E1.22829
G1 X112.272 Y110.675 E1.27399
G1 X111.825 Y110.699 E1.28914
G1 X111.573 Y111.01 F9000
;LAYER_CHANGE
;Z:14.2
;HEIGHT:0.2
G1 Z14.2 F9000
G1 X111.43 Y110
;TYPE:Perimeter
;WIDTH:0.43785
G1 F600
G1 X111.405 Y110.043 E1.29077
G1 X111.331 Y110 E1.29358
G1 X111.405 Y109.957 E1.29639
G1 X111.574 Y110.379 F9000
;WIDTH:0.449999
G1 F600
G1 X111.363 Y110.557 E1.30573
G1 X111.15 Y110.901 E1.31943
G1 X110.979 Y111.075 E1.32769
G1 X110.979 Y108.925 E1.40046
G1 X111.136 Y109.083 E1.408
G1 X111.363 Y109.443 E1.42241
G1 X111.579 Y109.652 E1.43258
G1 X111.865 Y109.729 E1.44261
G1 X111.865 Y110.271 E1.46096
G1 X111.654 Y110.312 E1.46824
G1 X111.62 Y110.341 E1.46975
G1 X111.772 Y110.715 F9000
;TYPE:External perimeter
G1 F600
G1 X111.496 Y111.115 E1.4862
G1 X111.167 Y111.463 E1.50241
G1 X110.727 Y111.724 E1.51973
G1 X110.572 Y111.772 E1.52522
G1 X110.572 Y108.235 E1.64494
G1 X110.786 Y108.304 E1.65255
G1 X111.129 Y108.513 E1.66615
G1 X111.496 Y108.885 E1.68384
G1 X111.781 Y109.298 E1.70082
G1 X112.272 Y109.325 E1.71746
G1 X112.272 Y110.675 E1.76316
G1 X111.825 Y110.699 E1.77831
G1 X111.573 Y111.01 F9000
G1 E.97831 F2100
G92 E0
G1 X108.996 Y108.959 F9000
G1 E.8 F2100
;TYPE:Perimeter
;WIDTH:0.481229
G1 F600
G1 X109 Y108.955 E.80021
G1 X109.003 Y110.252 E.84748
;WIDTH:0.474574
G1 X109.003 Y111.04 E.87576
G1 X108.761 Y110.76 E.88904
G1 X108.575 Y110.297 E.90695
;WIDTH:0.481229
G1 X108.563 Y109.79 E.92543
G1 X108.723 Y109.311 E.94384
G1 X108.96 Y109.007 E.95789
G1 X109.418 Y108.224 F9000
;TYPE:External perimeter
;WIDTH:0.449999
G1 F600
G1 X109.422 Y108.222 E.95804
G1 X109.422 Y111.778 E1.07841
G1 X109.072 Y111.628 E1.0913
G1 X108.754 Y111.393 E1.10468
G1 X108.381 Y110.938 E1.12459
G1 X108.179 Y110.437 E1.14287
G1 X108.127 Y109.992 E1.15804
G1 X108.209 Y109.455 E1.17643
G1 X108.336 Y109.141 E1.18789
G1 X108.52 Y108.853 E1.19946
G1 X108.754 Y108.601 E1.2111
G1 X109.034 Y108.395 E1.22287
G1 X109.363 Y108.248 E1.23507
G1 X109.427 Y108.643 F9000
;LAYER_CHANGE
;Z:14.4
;HEIGHT:0.2
G1 E.43507 F2100
G92 E0
G1 Z14.4 F9000
G1 X111.43 Y110
G1 E.8 F2100
;TYPE:Perimeter
;WIDTH:0.43785
G1 F600
G1 X111.405 Y110.043 E.80163
G1 X111.331 Y110 E.80444
G1 X111.405 Y109.957 E.80725
G1 X111.574 Y110.379 F9000
;WIDTH:0.449999
G1 F600
G1 X111.363 Y110.557 E.81659
G1 X111.155 Y110.893 E.82997
G1 X110.979 Y111.064 E.83828
G1 X110.979 Y108.925 E.91068
G1 X111.137 Y109.083 E.91824
G1 X111.363 Y109.443 E.93263
G1 X111.579 Y109.652 E.9428
G1 X111.865 Y109.729 E.95283
G1 X111.865 Y110.271 E.97118
G1 X111.654 Y110.312 E.97846
G1 X111.62 Y110.341 E.97997
G1 X111.779 Y110.713 F9000
;TYPE:External perimeter
G1 F600
G1 X111.709 Y110.771 E.98305
G1 X111.42 Y111.206 E1.00073
G1 X111.051 Y111.544 E1.01767
G1 X110.572 Y111.772 E1.03563
G1 X110.572 Y108.235 E1.15535
G1 X110.787 Y108.304 E1.16299
G1 X111.13 Y108.513 E1.17659
G1 X111.496 Y108.885 E1.19425
G1 X111.781 Y109.298 E1.21123
G1 X112.272 Y109.325 E1.22787
G1 X112.272 Y110.675 E1.27357
G1 X111.83 Y110.689 E1.28854
G1 X111.569 Y110.992 F9000
G1 E.48854 F2100
G92 E0
G1 X108.996 Y108.959 F9000
G1 E.8 F2100
;TYPE:Perimeter
;WIDTH:0.481171
G1 F600
G1 X109 Y108.955 E.80021
G1 X109.003 Y110.253 E.84751
;WIDTH:0.474521
G1 X109.003 Y111.04 E.87575
G1 X108.761 Y110.761 E.889
G1 X108.575 Y110.297 E.90694
;WIDTH:0.481171
G1 X108.563 Y109.79 E.92542
G1 X108.723 Y109.311 E.94382
G1 X108.96 Y109.007 E.95787
G1 X109.418 Y108.224 F9000
;TYPE:External perimeter
;WIDTH:0.449999
G1 F600
G1 X109.422 Y108.222 E.95802
G1 X109.422 Y111.778 E1.07839
G1 X109.073 Y111.628 E1.09125
G1 X108.754 Y111.393 E1.10466
G1 X108.381 Y110.939 E1.12455
G1 X108.18 Y110.438 E1.14282
G1 X108.127 Y109.993 E1.15799
G1 X108.209 Y109.454 E1.17644
G1 X108.337 Y109.14 E1.18792
G1 X108.52 Y108.852 E1.19947
G1 X108.755 Y108.601 E1.21111
G1 X109.035 Y108.394 E1.2229
G1 X109.363 Y108.248 E1.23505
G1 X109.427 Y108.643 F9000
;LAYER_CHANGE
;Z:14.6
;HEIGHT:0.200001
G1 Z14.6 F9000
G1 X108.996 Y108.959
;TYPE:Perimeter
;WIDTH:0.481113
G1 F600
G1 X109 Y108.955 E1.23526
G1 X109.003 Y110.254 E1.28259
;WIDTH:0.474472
G1 X109.003 Y111.04 E1.31079
G1 X108.762 Y110.761 E1.32402
G1 X108.575 Y110.298 E1.34194
;WIDTH:0.481113
G1 X108.563 Y109.789 E1.36049
G1 X108.724 Y109.31 E1.3789
G1 X108.96 Y109.007 E1.39289
G1 X109.418 Y108.224 F9000
;TYPE:External perimeter
;WIDTH:0.449999
G1 F600
G1 X109.422 Y108.222 E1.39304
G1 X109.422 Y111.778 E1.51341
G1 X109.073 Y111.628 E1.52627
G1 X108.755 Y111.394 E1.53963
G1 X108.382 Y110.939 E1.55954
G1 X108.18 Y110.439 E1.57779
G1 X108.127 Y109.994 E1.59296
G1 X108.209 Y109.453 E1.61148
G1 X108.337 Y109.139 E1.62296
G1 X108.521 Y108.852 E1.6345
G1 X108.755 Y108.6 E1.64614
G1 X109.035 Y108.394 E1.65791
G1 X109.363 Y108.248 E1.67006
G1 X109.427 Y108.643 F9000
G1 E.87006 F2100
G92 E0
G1 X111.43 Y110 F9000
G1 E.8 F2100
;TYPE:Perimeter
;WIDTH:0.437848
G1 F600
G1 X111.405 Y110.043 E.80163
G1 X111.331 Y110 E.80444
G1 X111.405 Y109.957 E.80725
G1 X111.574 Y110.379 F9000
;WIDTH:0.449999
G1 F600
G1 X111.363 Y110.557 E.81659
G1 X111.15 Y110.9 E.83026
G1 X110.979 Y111.075 E.83854
G1 X110.979 Y108.925 E.91131
G1 X111.137 Y109.083 E.91887
G1 X111.363 Y109.443 E.93326
G1 X111.579 Y109.652 E.94343
G1 X111.865 Y109.729 E.95346
G1 X111.865 Y110.271 E.97181
G1 X111.654 Y110.312 E.97909
G1 X111.62 Y110.341 E.9806
G1 X111.772 Y110.715 F9000
;TYPE:External perimeter
G1 F600
G1 X111.496 Y111.115 E.99705
G1 X111.168 Y111.462 E1.01321
G1 X110.726 Y111.724 E1.0306
G1 X110.572 Y111.772 E1.03606
G1 X110.572 Y108.236 E1.15575
G1 X110.797 Y108.309 E1.16376
G1 X111.131 Y108.514 E1.17703
G1 X111.496 Y108.885 E1.19465
G1 X111.781 Y109.298 E1.21163
G1 X112.272 Y109.325 E1.22827
G1 X112.272 Y110.675 E1.27397
G1 X111.825 Y110.699 E1.28912
G1 X111.573 Y111.01 F9000
;LAYER_CHANGE
;Z:14.8
;HEIGHT:0.2
G1 Z14.8 F9000
G1 X111.43 Y110
;TYPE:Perimeter
;WIDTH:0.437848
G1 F600
G1 X111.405 Y110.043 E1.29075
G1 X111.331 Y110 E1.29356
G1 X111.405 Y109.957 E1.29637
G1 X111.574 Y110.379 F9000
;WIDTH:0.449999
G1 F600
G1 X111.363 Y110.557 E1.30571
G1 X111.15 Y110.9 E1.31938
G1 X110.979 Y111.075 E1.32766
G1 X110.979 Y108.925 E1.40043
G1 X111.137 Y109.083 E1.40799
G1 X111.363 Y109.443 E1.42238
G1 X111.579 Y109.652 E1.43255
G1 X111.865 Y109.729 E1.44258
G1 X111.865 Y110.271 E1.46093
G1 X111.654 Y110.312 E1.46821
G1 X111.62 Y110.341 E1.46972
G1 X111.772 Y110.715 F9000
;TYPE:External perimeter
G1 F600
G1 X111.496 Y111.115 E1.48617
G1 X111.169 Y111.462 E1.50231
G1 X110.725 Y111.724 E1.51976
G1 X110.572 Y111.772 E1.52519
G1 X110.572 Y108.236 E1.64488
G1 X110.796 Y108.309 E1.65285
G1 X111.132 Y108.514 E1.66617
G1 X111.496 Y108.885 E1.68376
G1 X111.781 Y109.298 E1.70074
G1 X112.272 Y109.325 E1.71738
G1 X112.272 Y110.675 E1.76308
G1 X111.825 Y110.699 E1.77823
G1 X111.573 Y111.01 F9000
G1 E.97823 F2100
G92 E0
G1 X108.996 Y108.959 F9000
G1 E.8 F2100
;TYPE:Perimeter
;WIDTH:0.481055
G1 F600
G1 X109 Y108.955 E.80021
G1 X109.003 Y110.254 E.84753
;WIDTH:0.474419
G1 X109.003 Y111.04 E.87573
G1 X108.762 Y110.762 E.88893
G1 X108.575 Y110.299 E.90685
;WIDTH:0.481055
G1 X108.563 Y109.788 E.92547
G1 X108.724 Y109.31 E.94385
G1 X108.96 Y109.007 E.95784
G1 X109.418 Y108.224 F9000
;TYPE:External perimeter
;WIDTH:0.449999
G1 F600
G1 X109.422 Y108.221 E.95801
G1 X109.422 Y111.779 E1.07844
G1 X109.074 Y111.629 E1.09127
G1 X108.756 Y111.394 E1.10465
G1 X108.382 Y110.94 E1.12456
G1 X108.18 Y110.44 E1.14281
G1 X108.127 Y109.994 E1.15801
G1 X108.209 Y109.453 E1.17653
G1 X108.337 Y109.139 E1.18801
G1 X108.521 Y108.851 E1.19958
G1 X108.756 Y108.6 E1.21122
G1 X109.036 Y108.393 E1.22301
G1 X109.363 Y108.248 E1.23512
G1 X109.427 Y108.643 F9000
;LAYER_CHANGE
;Z:15
;HEIGHT:0.2
G1 Z15 F9000
G1 X108.996 Y108.959
;TYPE:Perimeter
;WIDTH:0.480997
G1 F600
G1 X109 Y108.955 E1.23533
G1 X109.003 Y110.255 E1.28268
;WIDTH:0.47437
G1 X109.003 Y111.04 E1.31084
G1 X108.762 Y110.763 E1.32401
G1 X108.575 Y110.299 E1.34196
;WIDTH:0.480997
G1 X108.563 Y109.787 E1.36062
G1 X108.724 Y109.309 E1.37899
G1 X108.96 Y109.007 E1.39295
G1 X109.418 Y108.223 F9000
;TYPE:External perimeter
;WIDTH:0.449999
G1 F600
G1 X109.422 Y108.221 E1.3931
G1 X109.422 Y111.779 E1.51353
G1 X109.074 Y111.629 E1.52636
G1 X108.756 Y111.395 E1.53972
G1 X108.382 Y110.941 E1.55963
G1 X108.18 Y110.441 E1.57788
G1 X108.127 Y109.995 E1.59308
G1 X108.21 Y109.452 E1.61167
G1 X108.338 Y109.138 E1.62315
G1 X108.522 Y108.851 E1.63469
G1 X108.757 Y108.599 E1.64635
G1 X109.037 Y108.393 E1.65812
G1 X109.363 Y108.248 E1.6702
G1 X109.427 Y108.643 F9000
G1 E.8702 F2100
G92 E0
G1 X111.43 Y110 F9000
G1 E.8 F2100
;TYPE:Perimeter
;WIDTH:0.437848
G1 F600
G1 X111.405 Y110.043 E.80163
G1 X111.331 Y110 E.80444
G1 X111.405 Y109.957 E.80725
G1 X111.574 Y110.379 F9000
;WIDTH:0.449999
G1 F600
G1 X111.363 Y110.557 E.81659
G1 X111.156 Y110.892 E.82992
G1 X110.979 Y111.064 E.83827
G1 X110.979 Y108.925 E.91067
G1 X111.137 Y109.083 E.91823
G1 X111.363 Y109.443 E.93262
G1 X111.579 Y109.652 E.94279
G1 X111.865 Y109.729 E.95282
G1 X111.865 Y110.271 E.97117
G1 X111.654 Y110.312 E.97845
G1 X111.62 Y110.341 E.97996
G1 X111.779 Y110.713 F9000
;TYPE:External perimeter
G1 F600
G1 X111.709 Y110.771 E.98304
G1 X111.421 Y111.205 E1.00067
G1 X111.049 Y111.545 E1.01773
G1 X110.572 Y111.772 E1.03561
G1 X110.572 Y108.236 E1.1553
G1 X110.796 Y108.308 E1.16326
G1 X111.132 Y108.514 E1.1766
G1 X111.496 Y108.886 E1.19422
G1 X111.781 Y109.298 E1.21118
G1 X112.272 Y109.325 E1.22782
G1 X112.272 Y110.675 E1.27352
G1 X111.83 Y110.689 E1.28849
G1 X111.569 Y110.992 F9000
;LAYER_CHANGE
;Z:15.2
;HEIGHT:0.2
G1 E.48849 F2100
G92 E0
G1 Z15.2 F9000
G1 X108.996 Y108.959
G1 E.8 F2100
;TYPE:Perimeter
;WIDTH:0.480939
G1 F600
G1 X109 Y108.955 E.80021
G1 X109.003 Y110.255 E.84756
;WIDTH:0.474318
G1 X109.003 Y111.04 E.87572
G1 X108.762 Y110.763 E.88889
G1 X108.575 Y110.3 E.9068
;WIDTH:0.480939
G1 X108.563 Y109.786 E.92553
G1 X108.724 Y109.308 E.9439
G1 X108.96 Y109.007 E.95783
G1 X109.418 Y108.223 F9000
;TYPE:External perimeter
;WIDTH:0.449999
G1 F600
G1 X109.422 Y108.221 E.95798
G1 X109.422 Y111.779 E1.07841
G1 X109.075 Y111.629 E1.09121
G1 X108.757 Y111.395 E1.10457
G1 X108.383 Y110.941 E1.12448
G1 X108.18 Y110.441 E1.14275
G1 X108.127 Y109.996 E1.15792
G1 X108.21 Y109.451 E1.17658
G1 X108.338 Y109.137 E1.18806
G1 X108.522 Y108.85 E1.1996
G1 X108.757 Y108.599 E1.21124
G1 X109.037 Y108.393 E1.22301
G1 X109.363 Y108.248 E1.23509
G1 X109.427 Y108.643 F9000
G1 E.43509 F2100
G92 E0
G1 X111.43 Y110 F9000
G1 E.8 F2100
;TYPE:Perimeter
;WIDTH:0.437848
G1 F600
G1 X111.405 Y110.043 E.80163
G1 X111.331 Y110 E.80444
G1 X111.405 Y109.957 E.80725
G1 X111.574 Y110.379 F9000
;WIDTH:0.449999
G1 F600
G1 X111.363 Y110.557 E.81659
G1 X111.156 Y110.891 E.82989
G1 X110.979 Y111.063 E.83824
G1 X110.979 Y108.925 E.91061
G1 X111.137 Y109.084 E.9182
G1 X111.363 Y109.443 E.93256
G1 X111.579 Y109.652 E.94273
G1 X111.865 Y109.729 E.95276
G1 X111.865 Y110.271 E.97111
G1 X111.654 Y110.312 E.97839
G1 X111.62 Y110.341 E.9799
G1 X111.779 Y110.713 F9000
;TYPE:External perimeter
G1 F600
G1 X111.709 Y110.771 E.98298
G1 X111.421 Y111.205 E1.00061
G1 X111.048 Y111.546 E1.01772
G1 X110.572 Y111.772 E1.03556
G1 X110.572 Y108.236 E1.15525
G1 X110.795 Y108.308 E1.16318
G1 X111.133 Y108.515 E1.1766
G1 X111.497 Y108.886 E1.19419
G1 X111.781 Y109.298 E1.21113
G1 X112.272 Y109.325 E1.22777
G1 X112.272 Y110.675 E1.27347
G1 X111.83 Y110.689 E1.28844
G1 X111.569 Y110.992 F9000
;LAYER_CHANGE
;Z:15.4
;HEIGHT:0.2
G1 Z15.4 F9000
G1 X111.43 Y110
;TYPE:Perimeter
;WIDTH:0.437846
G1 F600
G1 X111.405 Y110.043 E1.29007
G1 X111.331 Y110 E1.29288
G1 X111.405 Y109.957 E1.29569
G1 X111.574 Y110.379 F9000
;WIDTH:0.449999
G1 F600
G1 X111.363 Y110.557 E1.30503
G1 X111.151 Y110.9 E1.31868
G1 X110.979 Y111.075 E1.32699
G1 X110.979 Y108.925 E1.39976
G1 X111.138 Y109.084 E1.40737
G1 X111.363 Y109.443 E1.42171
G1 X111.579 Y109.652 E1.43188
G1 X111.865 Y109.729 E1.44191
G1 X111.865 Y110.271 E1.46026
G1 X111.654 Y110.312 E1.46754
G1 X111.62 Y110.341 E1.46905
G1 X111.772 Y110.715 F9000
;TYPE:External perimeter
G1 F600
G1 X111.497 Y111.114 E1.48545
G1 X111.171 Y111.46 E1.50154
G1 X110.724 Y111.725 E1.51913
G1 X110.572 Y111.772 E1.52452
G1 X110.572 Y108.236 E1.64421
G1 X110.795 Y108.308 E1.65214
G1 X111.133 Y108.515 E1.66556
G1 X111.497 Y108.886 E1.68315
G1 X111.781 Y109.298 E1.70009
G1 X112.272 Y109.325 E1.71673
G1 X112.272 Y110.675 E1.76243
G1 X111.825 Y110.699 E1.77758
G1 X111.573 Y111.01 F9000
G1 E.97758 F2100
G92 E0
G1 X108.996 Y108.959 F9000
G1 E.8 F2100
;TYPE:Perimeter
;WIDTH:0.480883
G1 F600
G1 X109 Y108.955 E.80021
G1 X109.003 Y110.256 E.84759
;WIDTH:0.474268
G1 X109.003 Y111.04 E.87571
G1 X108.763 Y110.764 E.88883
G1 X108.576 Y110.301 E.90674
;WIDTH:0.480883
G1 X108.563 Y109.786 E.9255
G1 X108.725 Y109.308 E.94388
G1 X108.959 Y109.006 E.95779
G1 X109.418 Y108.223 F9000
;TYPE:External perimeter
;WIDTH:0.449999
G1 F600
G1 X109.422 Y108.221 E.95794
G1 X109.422 Y111.779 E1.07837
G1 X109.076 Y111.63 E1.09112
G1 X108.757 Y111.396 E1.10451
G1 X108.383 Y110.942 E1.12442
G1 X108.181 Y110.442 E1.14267
G1 X108.127 Y109.997 E1.15784
G1 X108.21 Y109.45 E1.17657
G1 X108.338 Y109.137 E1.18802
G1 X108.522 Y108.849 E1.19959
G1 X108.758 Y108.598 E1.21125
G1 X109.038 Y108.392 E1.22302
G1 X109.363 Y108.248 E1.23505
G1 X109.427 Y108.643 F9000
;LAYER_CHANGE
;Z:15.6
;HEIGHT:0.200001
G1 Z15.6 F9000
G1 X108.996 Y108.959
;TYPE:Perimeter
;WIDTH:0.480825
G1 F600
G1 X109 Y108.955 E1.23526
G1 X109.003 Y110.256 E1.28263
;WIDTH:0.474219
G1 X109.003 Y111.04 E1.31075
G1 X108.763 Y110.764 E1.32387
G1 X108.576 Y110.301 E1.34178
;WIDTH:0.480825
G1 X108.563 Y109.785 E1.36057
G1 X108.725 Y109.307 E1.37895
G1 X108.959 Y109.006 E1.39283
G1 X109.418 Y108.223 F9000
;TYPE:External perimeter
;WIDTH:0.449999
G1 F600
G1 X109.422 Y108.221 E1.39298
G1 X109.422 Y111.779 E1.51341
G1 X109.076 Y111.63 E1.52616
G1 X108.758 Y111.396 E1.53952
G1 X108.384 Y110.943 E1.5594
G1 X108.181 Y110.443 E1.57767
G1 X108.128 Y109.997 E1.59287
G1 X108.21 Y109.45 E1.61159
G1 X108.339 Y109.136 E1.62308
G1 X108.523 Y108.849 E1.63462
G1 X108.758 Y108.598 E1.64626
G1 X109.039 Y108.392 E1.65805
G1 X109.363 Y108.248 E1.67005
G1 X109.427 Y108.643 F9000
G1 E.87005 F2100
G92 E0
G1 X111.43 Y110 F9000
G1 E.8 F2100
;TYPE:Perimeter
;WIDTH:0.437846
G1 F600
G1 X111.405 Y110.043 E.80163
G1 X111.331 Y110 E.80444
G1 X111.405 Y109.957 E.80725
G1 X111.574 Y110.379 F9000
;WIDTH:0.449999
G1 F600
G1 X111.363 Y110.557 E.81659
G1 X111.151 Y110.899 E.83021
G1 X110.979 Y111.075 E.83854
G1 X110.979 Y108.925 E.91131
G1 X111.138 Y109.084 E.91892
G1 X111.363 Y109.443 E.93326
G1 X111.579 Y109.652 E.94343
G1 X111.865 Y109.729 E.95346
G1 X111.865 Y110.271 E.97181
G1 X111.654 Y110.312 E.97909
G1 X111.62 Y110.341 E.9806
G1 X111.772 Y110.715 F9000
;TYPE:External perimeter
G1 F600
G1 X111.497 Y111.114 E.997
G1 X111.171 Y111.46 E1.01309
G1 X110.724 Y111.725 E1.03068
G1 X110.572 Y111.772 E1.03607
G1 X110.572 Y108.236 E1.15576
G1 X110.794 Y108.308 E1.16366
G1 X111.134 Y108.516 E1.17715
G1 X111.497 Y108.886 E1.19469
G1 X111.781 Y109.298 E1.21163
G1 X112.272 Y109.325 E1.22827
G1 X112.272 Y110.675 E1.27397
G1 X111.825 Y110.699 E1.28912
G1 X111.573 Y111.01 F9000
;LAYER_CHANGE
;Z:15.8
;HEIGHT:0.2
G1 E.48912 F2100
G92 E0
G1 Z15.8 F9000
G1 X108.647 Y108.984
G1 E.8 F2100
;TYPE:Perimeter
;WIDTH:0.371827
G1 F600
G1 X108.651 Y110.315 E.8364
;WIDTH:0.363804
G1 X108.651 Y111.028 E.85542
G1 X108.425 Y110.644 E.86731
G1 X108.331 Y110.333 E.87598
;WIDTH:0.371827
G1 X108.319 Y109.768 E.89144
G1 X108.395 Y109.452 E.90033
G1 X108.619 Y109.037 E.91323
G1 X109.015 Y108.186 F9000
;WIDTH:0.449999
G1 F600
G1 X109.015 Y111.814 E1.03603
G1 X108.745 Y111.641 E1.04688
G1 X108.486 Y111.404 E1.05876
G1 X108.268 Y111.124 E1.07077
G1 X108.1 Y110.809 E1.08285
G1 X107.989 Y110.467 E1.09502
G1 X107.938 Y110.108 E1.10729
G1 X107.951 Y109.746 E1.11955
G1 X108.029 Y109.391 E1.13185
G1 X108.233 Y108.937 E1.1487
G1 X108.448 Y108.637 E1.16119
G1 X108.721 Y108.378 E1.17393
G1 X108.965 Y108.218 E1.18381
G1 X109.422 Y107.774 F9000
;TYPE:External perimeter
G1 F600
G1 X109.422 Y112.226 E1.3345
;TYPE:Overhang perimeter
;WIDTH:0.4
;HEIGHT:0.4
G1 F1500
G1 X109.422 Y112.397 E1.34343
G1 X108.881 Y112.205 E1.37342
G1 X108.525 Y111.983 E1.39534
G1 X108.209 Y111.703 E1.4174
G1 X107.943 Y111.37 E1.43967
G1 X107.737 Y110.993 E1.46211
G1 X107.599 Y110.584 E1.48466
G1 X107.534 Y110.156 E1.50728
G1 X107.545 Y109.722 E1.52996
G1 X107.633 Y109.295 E1.55274
G1 X107.865 Y108.762 E1.58311
G1 X108.124 Y108.392 E1.60671
G1 X108.444 Y108.079 E1.6301
G1 X108.881 Y107.795 E1.65733
G1 X109.422 Y107.603 E1.68732
G1 X109.422 Y107.714 E1.69312
G1 X109.422 Y108.114 F9000
G1 E.89312 F2100
G92 E0
G1 X111.343 Y111.028 F9000
G1 E.8 F2100
;TYPE:Perimeter
;WIDTH:0.363801
;HEIGHT:0.2
G1 F600
G1 X111.343 Y110.315 E.81902
;WIDTH:0.37177
G1 X111.347 Y108.979 E.85555
G1 X111.601 Y109.45 E.87018
G1 X111.676 Y109.766 E.87906
G1 X111.663 Y110.333 E.89457
;WIDTH:0.363801
G1 X111.578 Y110.624 E.90266
G1 X111.374 Y110.976 E.91352
G1 X110.979 Y111.814 F9000
;WIDTH:0.449999
G1 F600
G1 X110.979 Y108.19 E1.03619
G1 X111.34 Y108.433 E1.05092
G1 X111.587 Y108.685 E1.06286
G1 X111.788 Y108.978 E1.07489
G1 X111.938 Y109.303 E1.08701
G1 X112.043 Y109.744 E1.10235
G1 X112.059 Y110.013 E1.11147
G1 X112.025 Y110.376 E1.12381
G1 X111.926 Y110.729 E1.13622
G1 X111.765 Y111.062 E1.14874
G1 X111.546 Y111.363 E1.16134
G1 X111.274 Y111.622 E1.17405
G1 X111.03 Y111.782 E1.18393
G1 X110.572 Y112.226 F9000
;TYPE:External perimeter
G1 F600
G1 X110.572 Y107.774 E1.33462
;TYPE:Overhang perimeter
;WIDTH:0.4
;HEIGHT:0.4
G1 F1500
G1 X110.572 Y107.611 E1.34314
G1 X110.86 Y107.684 E1.35866
G1 X111.236 Y107.862 E1.38039
G1 X111.58 Y108.104 E1.40236
G1 X111.88 Y108.403 E1.42449
G1 X112.127 Y108.752 E1.44683
G1 X112.196 Y108.9 E1.45536
;TYPE:External perimeter
;WIDTH:0.449999
;HEIGHT:0.2
G1 F600
G1 X112.343 Y109.214 E1.4671
G1 X112.45 Y109.721 E1.48464
G1 X112.465 Y109.989 E1.49373
G1 X112.429 Y110.424 E1.5085
G1 X112.316 Y110.847 E1.52332
G1 X112.197 Y111.1 E1.53278
;TYPE:Overhang perimeter
;WIDTH:0.4
;HEIGHT:0.4
G1 F1500
G1 X112.128 Y111.247 E1.54126
G1 X111.871 Y111.608 E1.56441
G1 X111.551 Y111.921 E1.5878
G1 X111.114 Y112.205 E1.61503
G1 X110.572 Y112.397 E1.64507
G1 X110.572 Y112.286 E1.65087
G1 X110.572 Y111.886 F9000
;LAYER_CHANGE
;Z:16
;HEIGHT:0.2
G1 E.85087 F2100
G92 E0
G1 Z16 F9000
G1 X108.647 Y108.979
G1 E.8 F2100
;TYPE:Perimeter
;WIDTH:0.371772
G1 F600
G1 X108.651 Y110.315 E.83653
;WIDTH:0.363804
G1 X108.651 Y111.028 E.85555
G1 X108.425 Y110.644 E.86744
G1 X108.331 Y110.333 E.87611
;WIDTH:0.371772
G1 X108.319 Y109.766 E.89162
G1 X108.394 Y109.45 E.9005
G1 X108.619 Y109.032 E.91348
G1 X108.995 Y108.205 F9000
;WIDTH:0.449999
G1 F600
G1 X109.015 Y108.191 E.91431
G1 X109.015 Y111.814 E1.03694
G1 X108.745 Y111.641 E1.04779
G1 X108.486 Y111.404 E1.05967
G1 X108.268 Y111.124 E1.07168
G1 X108.1 Y110.809 E1.08376
G1 X107.989 Y110.467 E1.09593
G1 X107.938 Y110.108 E1.1082
G1 X107.951 Y109.744 E1.12053
G1 X108.029 Y109.387 E1.1329
G1 X108.169 Y109.046 E1.14538
G1 X108.369 Y108.733 E1.15795
G1 X108.624 Y108.459 E1.17062
G1 X108.945 Y108.239 E1.18379
G1 X109.414 Y107.611 F9000
;TYPE:External perimeter
G1 F600
G1 X109.422 Y107.609 E1.18407
G1 X109.422 Y112.397 E1.34614
G1 X108.881 Y112.205 E1.36557
G1 X108.525 Y111.983 E1.37977
G1 X108.209 Y111.703 E1.39406
G1 X107.943 Y111.37 E1.40849
G1 X107.737 Y110.993 E1.42303
G1 X107.599 Y110.584 E1.43764
G1 X107.534 Y110.156 E1.45229
G1 X107.545 Y109.721 E1.46702
G1 X107.633 Y109.292 E1.48184
G1 X107.796 Y108.883 E1.49674
G1 X108.03 Y108.507 E1.51173
G1 X108.331 Y108.177 E1.52685
G1 X108.686 Y107.906 E1.54197
G1 X109.129 Y107.686 E1.55871
G1 X109.356 Y107.627 E1.56665
G1 X109.426 Y108.02 F9000
G1 E.76665 F2100
G92 E0
G1 X111.343 Y111.028 F9000
G1 E.8 F2100
;TYPE:Perimeter
;WIDTH:0.363801
G1 F600
G1 X111.343 Y110.315 E.81902
;WIDTH:0.37177
G1 X111.347 Y108.979 E.85555
G1 X111.601 Y109.45 E.87018
G1 X111.676 Y109.766 E.87906
G1 X111.663 Y110.333 E.89457
;WIDTH:0.363801
G1 X111.578 Y110.624 E.90266
G1 X111.374 Y110.976 E.91352
G1 X111 Y111.801 F9000
;WIDTH:0.449999
G1 F600
G1 X110.979 Y111.814 E.91436
G1 X110.979 Y108.19 E1.03703
G1 X111.34 Y108.433 E1.05176
G1 X111.587 Y108.685 E1.0637
G1 X111.788 Y108.978 E1.07573
G1 X111.938 Y109.303 E1.08785
G1 X112.043 Y109.744 E1.10319
G1 X112.059 Y110.013 E1.11231
G1 X112.025 Y110.376 E1.12465
G1 X111.926 Y110.73 E1.13709
G1 X111.765 Y111.062 E1.14958
G1 X111.546 Y111.363 E1.16218
G1 X111.274 Y111.622 E1.17489
G1 X111.05 Y111.768 E1.18394
G1 X110.577 Y112.395 F9000
;TYPE:External perimeter
G1 F600
G1 X110.572 Y112.397 E1.18412
G1 X110.572 Y107.61 E1.34615
G1 X110.86 Y107.684 E1.35622
G1 X111.236 Y107.862 E1.3703
G1 X111.58 Y108.104 E1.38454
G1 X111.88 Y108.403 E1.39888
G1 X112.127 Y108.752 E1.41335
G1 X112.343 Y109.214 E1.43061
G1 X112.45 Y109.721 E1.44815
G1 X112.465 Y109.989 E1.45724
G1 X112.429 Y110.424 E1.47201
G1 X112.316 Y110.847 E1.48683
G1 X112.128 Y111.247 E1.50179
G1 X111.871 Y111.608 E1.51679
G1 X111.551 Y111.921 E1.53194
G1 X111.114 Y112.205 E1.54958
G1 X110.634 Y112.375 E1.56682
G1 X110.569 Y111.98 F9000
;LAYER_CHANGE
;Z:16.2
;HEIGHT:0.200001
G1 E.76682 F2100
G92 E0
G1 Z16.2 F9000
G1 X108.647 Y108.979
G1 E.8 F2100
;TYPE:Perimeter
;WIDTH:0.371772
G1 F600
G1 X108.651 Y110.315 E.83653
;WIDTH:0.363804
G1 X108.651 Y111.028 E.85555
G1 X108.425 Y110.644 E.86744
G1 X108.331 Y110.333 E.87611
;WIDTH:0.371772
G1 X108.319 Y109.766 E.89162
G1 X108.394 Y109.45 E.9005
G1 X108.619 Y109.032 E.91348
G1 X108.995 Y108.203 F9000
;WIDTH:0.449999
G1 F600
G1 X109.015 Y108.19 E.91429
G1 X109.015 Y111.814 E1.03696
G1 X108.745 Y111.641 E1.04781
G1 X108.486 Y111.404 E1.05969
G1 X108.268 Y111.124 E1.0717
G1 X108.1 Y110.809 E1.08378
G1 X107.989 Y110.467 E1.09595
G1 X107.938 Y110.108 E1.10822
G1 X107.951 Y109.744 E1.12055
G1 X108.029 Y109.387 E1.13292
G1 X108.169 Y109.046 E1.1454
G1 X108.369 Y108.733 E1.15797
G1 X108.624 Y108.459 E1.17064
G1 X108.946 Y108.238 E1.18386
G1 X109.414 Y107.613 F9000
;TYPE:External perimeter
G1 F600
G1 X109.422 Y107.611 E1.18414
G1 X109.422 Y112.397 E1.34614
G1 X108.881 Y112.205 E1.36557
G1 X108.525 Y111.983 E1.37977
G1 X108.209 Y111.703 E1.39406
G1 X107.943 Y111.37 E1.40849
G1 X107.737 Y110.993 E1.42303
G1 X107.599 Y110.584 E1.43764
G1 X107.534 Y110.156 E1.45229
G1 X107.545 Y109.721 E1.46702
G1 X107.633 Y109.292 E1.48184
G1 X107.796 Y108.883 E1.49674
G1 X108.03 Y108.507 E1.51173
G1 X108.331 Y108.177 E1.52685
G1 X108.689 Y107.904 E1.54209
G1 X109.09 Y107.7 E1.55732
G1 X109.356 Y107.629 E1.56664
G1 X109.426 Y108.023 F9000
G1 E.76664 F2100
G92 E0
G1 X111.343 Y111.028 F9000
G1 E.8 F2100
;TYPE:Perimeter
;WIDTH:0.363801
G1 F600
G1 X111.343 Y110.315 E.81902
;WIDTH:0.37177
G1 X111.347 Y108.979 E.85555
G1 X111.601 Y109.45 E.87018
G1 X111.676 Y109.766 E.87906
G1 X111.663 Y110.333 E.89457
;WIDTH:0.363801
G1 X111.578 Y110.624 E.90266
G1 X111.374 Y110.976 E.91352
G1 X111 Y111.801 F9000
;WIDTH:0.449999
G1 F600
G1 X110.979 Y111.814 E.91436
G1 X110.979 Y108.19 E1.03703
G1 X111.34 Y108.433 E1.05176
G1 X111.587 Y108.685 E1.0637
G1 X111.788 Y108.978 E1.07573
G1 X111.938 Y109.303 E1.08785
G1 X112.043 Y109.744 E1.10319
G1 X112.059 Y110.013 E1.11231
G1 X112.025 Y110.376 E1.12465
G1 X111.926 Y110.73 E1.13709
G1 X111.765 Y111.062 E1.14958
G1 X111.546 Y111.363 E1.16218
G1 X111.274 Y111.622 E1.17489
G1 X111.05 Y111.768 E1.18394
G1 X110.577 Y112.395 F9000
;TYPE:External perimeter
G1 F600
G1 X110.572 Y112.397 E1.18412
G1 X110.572 Y107.61 E1.34615
G1 X110.86 Y107.684 E1.35622
G1 X111.236 Y107.862 E1.3703
G1 X111.58 Y108.104 E1.38454
G1 X111.88 Y108.403 E1.39888
G1 X112.127 Y108.752 E1.41335
G1 X112.343 Y109.214 E1.43061
G1 X112.45 Y109.721 E1.44815
G1 X112.465 Y109.989 E1.45724
G1 X112.429 Y110.424 E1.47201
G1 X112.316 Y110.847 E1.48683
G1 X112.128 Y111.247 E1.50179
G1 X111.871 Y111.608 E1.51679
G1 X111.551 Y111.921 E1.53194
G1 X111.114 Y112.205 E1.54958
G1 X110.634 Y112.375 E1.56682
G1 X110.569 Y111.98 F9000
;LAYER_CHANGE
;Z:16.4
;HEIGHT:0.199999
G1 E.76682 F2100
G92 E0
G1 Z16.4 F9000
G1 X108.647 Y108.979
G1 E.8 F2100
;TYPE:Perimeter
;WIDTH:0.371772
G1 F600
G1 X108.651 Y110.315 E.83653
;WIDTH:0.363804
G1 X108.651 Y111.028 E.85555
G1 X108.425 Y110.644 E.86744
G1 X108.331 Y110.333 E.87611
;WIDTH:0.371772
G1 X108.319 Y109.766 E.89162
G1 X108.394 Y109.45 E.9005
G1 X108.619 Y109.032 E.91348
G1 X108.997 Y108.2 F9000
;WIDTH:0.449999
G1 F600
G1 X109.015 Y108.187 E.91423
G1 X109.015 Y111.814 E1.037
G1 X108.745 Y111.641 E1.04785
G1 X108.486 Y111.404 E1.05973
G1 X108.268 Y111.124 E1.07174
G1 X108.1 Y110.809 E1.08382
G1 X107.989 Y110.467 E1.09599
G1 X107.938 Y110.108 E1.10826
G1 X107.951 Y109.744 E1.12059
G1 X108.029 Y109.387 E1.13296
G1 X108.169 Y109.046 E1.14544
G1 X108.369 Y108.733 E1.15801
G1 X108.619 Y108.465 E1.17042
G1 X108.947 Y108.235 E1.18398
G1 X109.417 Y107.605 F9000
;TYPE:External perimeter
G1 F600
G1 X109.422 Y107.603 E1.18416
G1 X109.422 Y112.397 E1.34643
G1 X108.881 Y112.205 E1.36586
G1 X108.525 Y111.983 E1.38006
G1 X108.209 Y111.703 E1.39435
G1 X107.943 Y111.37 E1.40878
G1 X107.737 Y110.993 E1.42332
G1 X107.599 Y110.584 E1.43793
G1 X107.534 Y110.156 E1.45258
G1 X107.545 Y109.721 E1.46731
G1 X107.633 Y109.292 E1.48213
G1 X107.796 Y108.883 E1.49703
G1 X108.03 Y108.507 E1.51202
G1 X108.42 Y108.102 E1.53105
G1 X108.835 Y107.821 E1.54801
G1 X109.361 Y107.626 E1.567
G1 X109.426 Y108.021 F9000
G1 E.767 F2100
G92 E0
G1 X111.343 Y111.028 F9000
G1 E.8 F2100
;TYPE:Perimeter
;WIDTH:0.363801
G1 F600
G1 X111.343 Y110.315 E.81902
;WIDTH:0.37177
G1 X111.347 Y108.979 E.85555
G1 X111.601 Y109.45 E.87018
G1 X111.676 Y109.766 E.87906
G1 X111.663 Y110.333 E.89457
;WIDTH:0.363801
G1 X111.578 Y110.624 E.90266
G1 X111.374 Y110.976 E.91352
G1 X111 Y111.801 F9000
;WIDTH:0.449999
G1 F600
G1 X110.979 Y111.814 E.91436
G1 X110.979 Y108.19 E1.03703
G1 X111.34 Y108.433 E1.05176
G1 X111.587 Y108.685 E1.0637
G1 X111.788 Y108.978 E1.07573
G1 X111.938 Y109.303 E1.08785
G1 X112.043 Y109.744 E1.10319
G1 X112.059 Y110.013 E1.11231
G1 X112.025 Y110.376 E1.12465
G1 X111.926 Y110.729 E1.13706
G1 X111.765 Y111.062 E1.14958
G1 X111.546 Y111.363 E1.16218
G1 X111.274 Y111.622 E1.17489
G1 X111.05 Y111.768 E1.18394
G1 X110.577 Y112.395 F9000
;TYPE:External perimeter
G1 F600
G1 X110.572 Y112.397 E1.18412
G1 X110.572 Y107.61 E1.34615
G1 X110.86 Y107.684 E1.35622
G1 X111.236 Y107.862 E1.3703
G1 X111.58 Y108.104 E1.38454
G1 X111.88 Y108.403 E1.39888
G1 X112.127 Y108.752 E1.41335
G1 X112.343 Y109.214 E1.43061
G1 X112.45 Y109.721 E1.44815
G1 X112.465 Y109.989 E1.45724
G1 X112.429 Y110.424 E1.47201
G1 X112.316 Y110.847 E1.48683
G1 X112.128 Y111.247 E1.50179
G1 X111.871 Y111.608 E1.51679
G1 X111.551 Y111.921 E1.53194
G1 X111.114 Y112.205 E1.54958
G1 X110.634 Y112.375 E1.56682
G1 X110.569 Y111.98 F9000
;LAYER_CHANGE
;Z:16.6
;HEIGHT:0.200001
G1 Z16.6 F9000
G1 X111.343 Y111.028
;TYPE:Perimeter
;WIDTH:0.363801
G1 F600
G1 X111.343 Y110.315 E1.58584
;WIDTH:0.37177
G1 X111.347 Y108.979 E1.62237
G1 X111.601 Y109.45 E1.637
G1 X111.676 Y109.766 E1.64588
G1 X111.663 Y110.333 E1.66139
;WIDTH:0.363801
G1 X111.578 Y110.624 E1.66948
G1 X111.374 Y110.976 E1.68034
G1 X111 Y111.801 F9000
;WIDTH:0.449999
G1 F600
G1 X110.979 Y111.814 E1.68118
G1 X110.979 Y108.19 E1.80385
G1 X111.34 Y108.433 E1.81858
G1 X111.587 Y108.685 E1.83052
G1 X111.788 Y108.978 E1.84255
G1 X111.938 Y109.303 E1.85467
G1 X112.043 Y109.744 E1.87001
G1 X112.059 Y110.013 E1.87913
G1 X112.025 Y110.376 E1.89147
G1 X111.926 Y110.729 E1.90388
G1 X111.765 Y111.062 E1.9164
G1 X111.546 Y111.363 E1.929
G1 X111.274 Y111.622 E1.94171
G1 X111.05 Y111.768 E1.95076
G1 X110.577 Y112.395 F9000
;TYPE:External perimeter
G1 F600
G1 X110.572 Y112.397 E1.95094
G1 X110.572 Y107.61 E2.11297
G1 X110.861 Y107.684 E2.12307
G1 X111.236 Y107.862 E2.13712
G1 X111.58 Y108.104 E2.15136
G1 X111.88 Y108.403 E2.1657
G1 X112.127 Y108.752 E2.18017
G1 X112.343 Y109.214 E2.19743
G1 X112.45 Y109.721 E2.21497
G1 X112.465 Y109.989 E2.22406
G1 X112.429 Y110.424 E2.23883
G1 X112.316 Y110.847 E2.25365
G1 X112.128 Y111.247 E2.26861
G1 X111.871 Y111.608 E2.28361
G1 X111.551 Y111.921 E2.29876
G1 X111.114 Y112.205 E2.3164
G1 X110.634 Y112.375 E2.33364
G1 X110.569 Y111.98 F9000
G1 E1.53364 F2100
G92 E0
G1 X108.647 Y108.979 F9000
G1 E.8 F2100
;TYPE:Perimeter
;WIDTH:0.371772
G1 F600
G1 X108.651 Y110.315 E.83653
;WIDTH:0.363804
G1 X108.651 Y111.028 E.85555
G1 X108.425 Y110.644 E.86744
G1 X108.331 Y110.333 E.87611
;WIDTH:0.371772
G1 X108.319 Y109.766 E.89162
G1 X108.394 Y109.45 E.9005
G1 X108.619 Y109.032 E.91348
G1 X108.995 Y108.199 F9000
;WIDTH:0.449999
G1 F600
G1 X109.015 Y108.186 E.91429
G1 X109.015 Y111.814 E1.03709
G1 X108.745 Y111.641 E1.04794
G1 X108.486 Y111.404 E1.05982
G1 X108.268 Y111.124 E1.07183
G1 X108.1 Y110.809 E1.08391
G1 X107.989 Y110.467 E1.09608
G1 X107.938 Y110.108 E1.10835
G1 X107.951 Y109.744 E1.12068
G1 X108.029 Y109.387 E1.13305
G1 X108.169 Y109.046 E1.14553
G1 X108.361 Y108.745 E1.15761
G1 X108.727 Y108.375 E1.17523
G1 X108.944 Y108.232 E1.18403
G1 X109.417 Y107.605 F9000
;TYPE:External perimeter
G1 F600
G1 X109.422 Y107.603 E1.18421
G1 X109.422 Y112.397 E1.34648
G1 X108.881 Y112.205 E1.36591
G1 X108.525 Y111.983 E1.38011
G1 X108.209 Y111.703 E1.3944
G1 X107.943 Y111.37 E1.40883
G1 X107.737 Y110.993 E1.42337
G1 X107.599 Y110.584 E1.43798
G1 X107.534 Y110.156 E1.45263
G1 X107.545 Y109.721 E1.46736
G1 X107.633 Y109.292 E1.48218
G1 X107.796 Y108.883 E1.49708
G1 X108.066 Y108.454 E1.51424
G1 X108.442 Y108.085 E1.53207
G1 X108.881 Y107.795 E1.54988
G1 X109.361 Y107.625 E1.56712
G1 X109.426 Y108.02 F9000
;LAYER_CHANGE
;Z:16.8
;HEIGHT:0.199999
G1 Z16.8 F9000
G1 X108.647 Y108.996
;TYPE:Perimeter
;WIDTH:0.371772
G1 F600
G1 X108.651 Y110.315 E1.60319
;WIDTH:0.363804
G1 X108.651 Y111.028 E1.62221
G1 X108.425 Y110.644 E1.6341
G1 X108.331 Y110.333 E1.64277
;WIDTH:0.371772
G1 X108.323 Y109.737 E1.65907
G1 X108.5 Y109.206 E1.67438
G1 X108.613 Y109.045 E1.67976
G1 X108.994 Y108.199 F9000
;WIDTH:0.449999
G1 F600
G1 X109.015 Y108.186 E1.6806
G1 X109.015 Y111.814 E1.8034
G1 X108.745 Y111.641 E1.81425
G1 X108.486 Y111.404 E1.82613
G1 X108.268 Y111.124 E1.83814
G1 X108.1 Y110.809 E1.85022
G1 X107.989 Y110.467 E1.86239
G1 X107.938 Y110.108 E1.87466
G1 X107.951 Y109.744 E1.88699
G1 X108.029 Y109.387 E1.89936
G1 X108.163 Y109.059 E1.91135
G1 X108.446 Y108.644 E1.92835
G1 X108.721 Y108.378 E1.9413
G1 X108.944 Y108.232 E1.95032
G1 X109.417 Y107.605 F9000
;TYPE:External perimeter
G1 F600
G1 X109.422 Y107.603 E1.9505
G1 X109.422 Y112.397 E2.11277
G1 X108.881 Y112.205 E2.1322
G1 X108.525 Y111.983 E2.1464
G1 X108.209 Y111.703 E2.16069
G1 X107.943 Y111.37 E2.17512
G1 X107.737 Y110.993 E2.18966
G1 X107.599 Y110.584 E2.20427
G1 X107.534 Y110.156 E2.21892
G1 X107.545 Y109.721 E2.23365
G1 X107.633 Y109.292 E2.24847
G1 X107.79 Y108.896 E2.26289
G1 X108.113 Y108.409 E2.28267
G1 X108.444 Y108.08 E2.29847
G1 X108.881 Y107.795 E2.31613
G1 X109.361 Y107.625 E2.33337
G1 X109.426 Y108.02 F9000
G1 E1.53337 F2100
G92 E0
G1 X111.343 Y111.028 F9000
G1 E.8 F2100
;TYPE:Perimeter
;WIDTH:0.363801
G1 F600
G1 X111.343 Y110.315 E.81902
;WIDTH:0.37177
G1 X111.347 Y108.979 E.85555
G1 X111.601 Y109.45 E.87018
G1 X111.676 Y109.766 E.87906
G1 X111.663 Y110.333 E.89457
;WIDTH:0.363801
G1 X111.578 Y110.624 E.90266
G1 X111.374 Y110.976 E.91352
G1 X111 Y111.801 F9000
;WIDTH:0.449999
G1 F600
G1 X110.979 Y111.814 E.91436
G1 X110.979 Y108.19 E1.03703
G1 X111.34 Y108.433 E1.05176
G1 X111.587 Y108.685 E1.0637
G1 X111.788 Y108.978 E1.07573
G1 X111.938 Y109.303 E1.08785
G1 X112.043 Y109.744 E1.10319
G1 X112.059 Y110.013 E1.11231
G1 X112.025 Y110.376 E1.12465
G1 X111.926 Y110.729 E1.13706
G1 X111.765 Y111.062 E1.14958
G1 X111.546 Y111.363 E1.16218
G1 X111.274 Y111.622 E1.17489
G1 X111.05 Y111.768 E1.18394
G1 X110.577 Y112.395 F9000
;TYPE:External perimeter
G1 F600
G1 X110.572 Y112.397 E1.18412
G1 X110.572 Y107.61 E1.34615
G1 X110.861 Y107.684 E1.35625
G1 X111.236 Y107.862 E1.3703
G1 X111.58 Y108.104 E1.38454
G1 X111.88 Y108.403 E1.39888
G1 X112.127 Y108.752 E1.41335
G1 X112.343 Y109.214 E1.43061
G1 X112.45 Y109.721 E1.44815
G1 X112.465 Y109.989 E1.45724
G1 X112.429 Y110.424 E1.47201
G1 X112.316 Y110.847 E1.48683
G1 X112.128 Y111.247 E1.50179
G1 X111.871 Y111.608 E1.51679
G1 X111.551 Y111.921 E1.53194
G1 X111.114 Y112.205 E1.54958
G1 X110.634 Y112.375 E1.56682
G1 X110.569 Y111.98 F9000
G1 E.76682 F2100
G92 E0
M107
;TYPE:Custom
; Filament-specific end gcode 
;END gcode for filament
M104 S0 ; turn off nozzle
M140 S0 ; turn off bed
M107 ; turn off fan
M84 ; disable motors
; objects_info = {"objects":[]}
; filament used [mm] = 302.43
; filament used [cm3] = 0.73
; filament used [g] = 0.92
; filament cost = 0.02
; total filament used [g] = 0.92
; total filament cost = 0.02
; total filament used for wipe tower [g] = 0.00
; estimated printing time (normal mode) = 8m 20s
; estimated printing time (silent mode) = 8m 26s
; estimated first layer printing time (normal mode) = 42s
; estimated first layer printing time (silent mode) = 42s

; prusaslicer_config = begin
; arc_fitting = disabled
; autoemit_temperature_commands = 1
; automatic_extrusion_widths = 0
; automatic_infill_combination = 0
; automatic_infill_combination_max_layer_height = 100%
; avoid_crossing_curled_overhangs = 0
; avoid_crossing_perimeters = 0
; avoid_crossing_perimeters_max_detour = 0
; bed_shape = 0x0,220x0,220x220,0x220
; bed_temperature = 90
; bed_temperature_extruder = 0
; before_layer_gcode = 
; between_objects_gcode = 
; binary_gcode = 0
; bottom_fill_pattern = monotonic
; bottom_solid_layers = 4
; bottom_solid_min_thickness = 0
; bridge_acceleration = 0
; bridge_angle = 0
; bridge_fan_speed = 50
; bridge_flow_ratio = 1
; bridge_speed = 25
; brim_separation = 0
; brim_type = outer_only
; brim_width = 0
; chamber_minimal_temperature = 0
; chamber_temperature = 0
; color_change_gcode = M600
; colorprint_heights = 
; complete_objects = 0
; cooling = 1
; cooling_perimeter_transition_distance = 0
; cooling_slowdown_logic = uniform_cooling
; cooling_tube_length = 5
; cooling_tube_retraction = 91.5
; custom_parameters_filament = ""
; custom_parameters_print = 
; custom_parameters_printer = 
; default_acceleration = 0
; deretract_speed = 0
; disable_fan_first_layers = 3
; dont_support_bridges = 1
; draft_shield = disabled
; duplicate_distance = 6
; elefant_foot_compensation = 0
; enable_dynamic_fan_speeds = 0
; enable_dynamic_overhang_speeds = 0
; end_filament_gcode = "; Filament-specific end gcode \n;END gcode for filament\n"
; end_gcode = M104 S0 ; turn off nozzle\nM140 S0 ; turn off bed\nM107 ; turn off fan\nM84 ; disable motors\n
; ensure_vertical_shell_thickness = enabled
; external_perimeter_acceleration = 0
; external_perimeter_extrusion_width = 0
; external_perimeter_speed = 30
; external_perimeters_first = 0
; extra_loading_move = -2
; extra_perimeters = 1
; extra_perimeters_on_overhangs = 0
; extruder_clearance_height = 20
; extruder_clearance_radius = 20
; extruder_colour = ""
; extruder_offset = 0x0
; extrusion_axis = E
; extrusion_multiplier = 1
; extrusion_width = 0
; fan_always_on = 1
; fan_below_layer_time = 60
; filament_abrasive = 0
; filament_colour = #29B2B2
; filament_cooling_final_speed = 3.4
; filament_cooling_initial_speed = 2.2
; filament_cooling_moves = 4
; filament_cost = 20
; filament_density = 1.27
; filament_diameter = 1.75
; filament_flush_speed = 0
; filament_flush_volume = 0
; filament_infill_max_crossing_speed = 0
; filament_infill_max_speed = 0
; filament_load_time = 0
; filament_loading_speed = 28
; filament_loading_speed_start = 3
; filament_max_volumetric_speed = 8
; filament_minimal_purge_on_wipe_tower = 15
; filament_multitool_ramming = 0
; filament_multitool_ramming_flow = 10
; filament_multitool_ramming_volume = 10
; filament_notes = ""
; filament_purge_multiplier = 100%
; filament_ramming_parameters = "120 100 6.6 6.8 7.2 7.6 7.9 8.2 8.7 9.4 9.9 10.0| 0.05 6.6 0.45 6.8 0.95 7.8 1.45 8.3 1.95 9.7 2.45 10 2.95 7.6 3.45 7.6 3.95 7.6 4.45 7.6 4.95 7.6"
; filament_seam_gap_distance = 15%
; filament_settings_id = ""
; filament_shrinkage_compensation_xy = 0%
; filament_shrinkage_compensation_z = 0%
; filament_soluble = 0
; filament_spool_weight = 0
; filament_stamping_distance = 0
; filament_stamping_loading_speed = 20
; filament_toolchange_delay = 0
; filament_type = PETG
; filament_unload_time = 0
; filament_unloading_speed = 90
; filament_unloading_speed_start = 100
; fill_angle = 45
; fill_density = 30%
; fill_pattern = gyroid
; first_layer_acceleration = 0
; first_layer_acceleration_over_raft = 0
; first_layer_bed_temperature = 85
; first_layer_extrusion_width = 200%
; first_layer_height = 0.2
; first_layer_infill_speed = 0
; first_layer_speed = 20
; first_layer_speed_over_raft = 30
; first_layer_temperature = 240
; full_fan_speed_layer = 0
; fuzzy_skin = none
; fuzzy_skin_point_dist = 0.8
; fuzzy_skin_thickness = 0.3
; gap_fill_enabled = 1
; gap_fill_speed = 20
; gcode_comments = 0
; gcode_flavor = marlin2
; gcode_label_objects = disabled
; gcode_resolution = 0.0125
; gcode_substitutions = 
; high_current_on_filament_swap = 0
; idle_temperature = nil
; infill_acceleration = 0
; infill_anchor = 600%
; infill_anchor_max = 50
; infill_every_layers = 1
; infill_extruder = 1
; infill_extrusion_width = 0
; infill_first = 0
; infill_overlap = 25%
; infill_speed = 50
; interface_shells = 0
; interlocking_beam = 0
; interlocking_beam_layer_count = 2
; interlocking_beam_width = 0.8
; interlocking_boundary_avoidance = 2
; interlocking_depth = 2
; interlocking_orientation = 22.5
; ironing = 0
; ironing_flowrate = 15%
; ironing_spacing = 0.1
; ironing_speed = 15
; ironing_type = top
; layer_gcode = 
; layer_height = 0.2
; machine_limits_usage = time_estimate_only
; machine_max_acceleration_e = 10000,5000
; machine_max_acceleration_extruding = 1500,1250
; machine_max_acceleration_retracting = 1500,1250
; machine_max_acceleration_travel = 1500,1250
; machine_max_acceleration_x = 9000,1000
; machine_max_acceleration_y = 9000,1000
; machine_max_acceleration_z = 500,200
; machine_max_feedrate_e = 120,120
; machine_max_feedrate_x = 500,200
; machine_max_feedrate_y = 500,200
; machine_max_feedrate_z = 12,12
; machine_max_jerk_e = 2.5,2.5
; machine_max_jerk_x = 10,10
; machine_max_jerk_y = 10,10
; machine_max_jerk_z = 0.2,0.4
; machine_max_junction_deviation = 0,0
; machine_min_extruding_rate = 0,0
; machine_min_travel_rate = 0,0
; max_fan_speed = 50
; max_layer_height = 0
; max_print_height = 250
; max_print_speed = 80
; max_volumetric_extrusion_rate_slope_negative = 0
; max_volumetric_extrusion_rate_slope_positive = 0
; max_volumetric_speed = 0
; min_bead_width = 85%
; min_fan_speed = 30
; min_feature_size = 25%
; min_layer_height = 0.07
; min_print_speed = 10
; min_skirt_length = 0
; mmu_segmented_region_interlocking_depth = 0
; mmu_segmented_region_max_width = 0
; multimaterial_purging = 140
; notes = 
; nozzle_diameter = 0.4
; nozzle_high_flow = 0
; only_one_perimeter_first_layer = 0
; only_retract_when_crossing_perimeters = 0
; ooze_prevention = 0
; output_filename_format = [input_filename_base].gcode
; over_bridge_speed = 0
; overhang_fan_speed_0 = 0
; overhang_fan_speed_1 = 0
; overhang_fan_speed_2 = 0
; overhang_fan_speed_3 = 0
; overhang_speed_0 = 15
; overhang_speed_1 = 15
; overhang_speed_2 = 20
; overhang_speed_3 = 25
; overhangs = 1
; parking_pos_retraction = 92
; pause_print_gcode = M601
; perimeter_acceleration = 0
; perimeter_extruder = 1
; perimeter_extrusion_width = 0
; perimeter_generator = arachne
; perimeter_speed = 45
; perimeters = 3
; physical_printer_settings_id = 
; post_process = 
; prefer_clockwise_movements = 0
; print_settings_id = 
; printer_model = 
; printer_notes = 
; printer_settings_id = 
; printer_technology = FFF
; raft_contact_distance = 0.1
; raft_expansion = 1.5
; raft_first_layer_density = 90%
; raft_first_layer_expansion = 3
; raft_layers = 0
; remaining_times = 0
; resolution = 0
; retract_before_travel = 2
; retract_before_wipe = 0%
; retract_layer_change = 0
; retract_length = 0.8
; retract_length_toolchange = 10
; retract_lift = 0
; retract_lift_above = 0
; retract_lift_below = 0
; retract_restart_extra = 0
; retract_restart_extra_toolchange = 0
; retract_speed = 35
; scarf_seam_entire_loop = 0
; scarf_seam_length = 20
; scarf_seam_max_segment_length = 1
; scarf_seam_on_inner_perimeters = 0
; scarf_seam_only_on_smooth = 1
; scarf_seam_placement = nowhere
; scarf_seam_start_height = 0%
; seam_gap_distance = 15%
; seam_position = aligned
; silent_mode = 1
; single_extruder_multi_material = 0
; single_extruder_multi_material_priming = 1
; skirt_distance = 6
; skirt_height = 1
; skirts = 1
; slice_closing_radius = 0.049
; slicing_mode = regular
; slowdown_below_layer_time = 5
; small_perimeter_speed = 25
; solid_infill_acceleration = 0
; solid_infill_below_area = 70
; solid_infill_every_layers = 0
; solid_infill_extruder = 1
; solid_infill_extrusion_width = 0
; solid_infill_speed = 40
; spiral_vase = 0
; staggered_inner_seams = 0
; standby_temperature_delta = -5
; start_filament_gcode = "; Filament gcode\n"
; start_gcode = G28 ; home all axes\nG1 Z5 F5000 ; lift nozzle\n
; support_material = 0
; support_material_angle = 0
; support_material_auto = 1
; support_material_bottom_contact_distance = 0
; support_material_bottom_interface_layers = -1
; support_material_buildplate_only = 0
; support_material_closing_radius = 2
; support_material_contact_distance = 0.2
; support_material_enforce_layers = 0
; support_material_extruder = 1
; support_material_extrusion_width = 0
; support_material_interface_contact_loops = 0
; support_material_interface_extruder = 1
; support_material_interface_layers = 3
; support_material_interface_pattern = rectilinear
; support_material_interface_spacing = 0
; support_material_interface_speed = 100%
; support_material_pattern = rectilinear
; support_material_spacing = 2.5
; support_material_speed = 60
; support_material_style = grid
; support_material_synchronize_layers = 0
; support_material_threshold = 0
; support_material_with_sheath = 1
; support_material_xy_spacing = 50%
; support_tree_angle = 40
; support_tree_angle_slow = 25
; support_tree_branch_diameter = 2
; support_tree_branch_diameter_angle = 5
; support_tree_branch_diameter_double_wall = 3
; support_tree_branch_distance = 1
; support_tree_tip_diameter = 0.8
; support_tree_top_rate = 15%
; temperature = 240
; template_custom_gcode = 
; thick_bridges = 1
; thin_walls = 1
; thumbnails = 
; thumbnails_format = PNG
; toolchange_gcode = 
; toolchange_ordering = optimized
; top_fill_pattern = monotonic
; top_infill_extrusion_width = 0
; top_one_perimeter_type = none
; top_solid_infill_acceleration = 0
; top_solid_infill_speed = 30
; top_solid_layers = 4
; top_solid_min_thickness = 0
; travel_acceleration = 0
; travel_lift_before_obstacle = 0
; travel_max_lift = 0
; travel_ramping_lift = 0
; travel_short_distance_acceleration = 0
; travel_slope = 0
; travel_speed = 150
; travel_speed_z = 0
; use_firmware_retraction = 0
; use_relative_e_distances = 0
; use_volumetric_e = 0
; variable_layer_height = 1
; wall_distribution_count = 1
; wall_transition_angle = 10
; wall_transition_filter_deviation = 25%
; wall_transition_length = 100%
; wipe = 0
; wipe_into_infill = 0
; wipe_into_objects = 0
; wipe_tower = 0
; wipe_tower_acceleration = 0
; wipe_tower_bridging = 10
; wipe_tower_brim_width = 2
; wipe_tower_cone_angle = 0
; wipe_tower_extra_flow = 100%
; wipe_tower_extra_spacing = 100%
; wipe_tower_extruder = 0
; wipe_tower_no_sparse_layers = 0
; wipe_tower_width = 60
; wiping_volumes_matrix = 0,140,140,140,140,140,0,140,140,140,140,140,0,140,140,140,140,140,0,140,140,140,140,140,0
; wiping_volumes_use_custom_matrix = 0
; xy_size_compensation = 0
; z_offset = 0
; prusaslicer_config = end
